OPERATEUR;ANNEE;FILIERE;CODE_IRIS_CODE;CODE_IRIS_LIBELLE;CODE_CATEGORIE_CONSOMMATION;CODE_SECTEUR_NAF2_CODE;CODE_SECTEUR_NAF2_LIBELLE;CODE_GRAND_SECTEUR;CONSO;PDL;INDQUAL;THERMOR;PART;CODE_EIC;NOM_COMMUNE
Gascogne Energies Services;2024;G;400010102;Rive Droite;PRO;;;A;429.269;6;0.5;;0;17X100B100A2002P;AIRE SUR L ADOUR
Gascogne Energies Services;2024;G;403090000;Souprosse (commune non irisée);PRO;;;A;secret;secret;0;;0;17X100B100A2002P;SOUPROSSE
Gascogne Energies Services;2024;G;400010101;Rive Gauche;PRO;;;A;71.404;7;0.14286;;0;17X100B100A2002P;AIRE SUR L ADOUR
Gascogne Energies Services;2024;G;401010000;Gaas (commune non irisée);PRO;;;A;2897.242;1;1;;0;17X100B100A2002P;GAAS
Gascogne Energies Services;2024;G;320050000;Arblade-le-Haut (commune non irisée);PRO;;;A;secret;secret;;;;17X100B100A2002P;ARBLADE LE HAUT
Gascogne Energies Services;2024;G;401860000;Misson (commune non irisée);PRO;;;A;430.029;1;1;;0;17X100B100A2002P;MISSON
Gaz de Barr;2024;G;671550000;Gertwiller (commune non irisée);PRO;;;A;102.148;4;0;;0;17X100B100B2010K;GERTWILLER
Gaz de Barr;2024;G;672950000;Mittelbergheim (commune non irisée);PRO;;;A;145.958;7;0;;0;17X100B100B2010K;MITTELBERGHEIM
Gaz de Barr;2024;G;670520000;Bœrsch (commune non irisée);PRO;;;A;267.754;1;0;;0;17X100B100B2010K;BOERSCH
Gaz de Barr;2024;G;671010000;Dorlisheim (commune non irisée);PRO;;;A;501.533;5;0;;0;17X100B100B2010K;DORLISHEIM
Gaz de Barr;2024;G;670600000;Bourgheim (commune non irisée);PRO;;;A;57.469;1;0;;0;17X100B100B2010K;BOURGHEIM
Gaz de Barr;2024;G;673000101;Nord;PRO;;;A;secret;secret;0.04713;;0;17X100B100B2010K;MOLSHEIM
Gaz de Barr;2024;G;670100000;Andlau (commune non irisée);PRO;;;A;75.132;2;0;;0;17X100B100B2010K;ANDLAU
Gaz de Barr;2024;G;670210101;Nord;PRO;;;A;338.4;9;0.1021;;0;17X100B100B2010K;BARR
Gaz de Barr;2024;G;672480000;Krautergersheim (commune non irisée);PRO;;;A;secret;secret;0;;0;17X100B100B2010K;KRAUTERGERSHEIM
Gaz de Barr;2024;G;675040000;Valff (commune non irisée);PRO;;;A;secret;secret;0;;0;17X100B100B2010K;VALFF
Gaz de Barr;2024;G;673480101;Ouest;PRO;;;A;secret;secret;0;;0;17X100B100B2010K;OBERNAI
Gaz de Barr;2024;G;671640000;Goxwiller (commune non irisée);PRO;;;A;secret;secret;0;;0;17X100B100B2010K;GOXWILLER
Gaz de Barr;2024;G;672860000;Meistratzheim (commune non irisée);PRO;;;A;231.739;2;0;;0;17X100B100B2010K;MEISTRATZHEIM
Gaz de Barr;2024;G;671890000;Heiligenstein (commune non irisée);PRO;;;A;65.595;3;0;;0;17X100B100B2010K;HEILIGENSTEIN
Gaz de Barr;2024;G;673290000;Niedernai (commune non irisée);PRO;;;A;secret;secret;0;;0;17X100B100B2010K;NIEDERNAI
Gaz de Barr;2024;G;674110000;Rosheim (commune non irisée);PRO;;;A;secret;secret;0;;0;17X100B100B2010K;ROSHEIM
Gaz de Barr;2024;G;671200000;Eichhoffen (commune non irisée);PRO;;;A;63.021;1;0.231;;0;17X100B100B2010K;EICHHOFFEN
Gaz de Barr;2024;G;675570000;Zellwiller (commune non irisée);PRO;;;A;secret;secret;0;;0;17X100B100B2010K;ZELLWILLER
Gaz de Barr;2024;G;674110000;Rosheim (commune non irisée);ENT;01;Culture et production animale, chasse et services annexes;A;354.106;1;0;;0;17X100B100B2010K;ROSHEIM
Gaz de Barr;2024;G;674810000;Stotzheim (commune non irisée);PRO;;;A;secret;secret;0;;0;17X100B100B2010K;STOTZHEIM
Gaz de Barr;2024;G;673000102;Est;PRO;;;A;secret;secret;0.2835;;0;17X100B100B2010K;MOLSHEIM
Gaz de Barr;2024;G;674290000;Saint-Pierre (commune non irisée);PRO;;;A;288.198;1;0;;0;17X100B100B2010K;SAINT PIERRE
Gaz de Barr;2024;G;673680000;Ottrott (commune non irisée);PRO;;;A;secret;secret;0;;0;17X100B100B2010K;OTTROTT
Vialis;2024;G;683650000;Wettolsheim (commune non irisée);PRO;;;A;198.655;9;0;;0;17X100A100A05473;WETTOLSHEIM
Vialis;2024;G;681460000;Houssen (commune non irisée);ENT;01;Culture et production animale, chasse et services annexes;A;425.309;1;0;;0;17X100A100A05473;HOUSSEN
Vialis;2024;G;683740101;Sud-Ouest;PRO;;;A;63.775;2;0;;0;17X100A100A05473;WINTZENHEIM
Vialis;2024;G;680660604;Saint-Joseph Mittelharth Nord;PRO;;;A;secret;secret;0;;0;17X100A100A05473;COLMAR
Vialis;2024;G;680660902;Sainte-Marie Ouest;PRO;;;A;67.908;1;0;;0;17X100A100A05473;COLMAR
Vialis;2024;G;680660301;Maraîchers;PRO;;;A;secret;secret;0;;0;17X100A100A05473;COLMAR
Vialis;2024;G;681450102;Horbourg-Wihr Nord;PRO;;;A;secret;secret;0;;0;17X100A100A05473;HORBOURG WIHR
Vialis;2024;G;681550000;Ingersheim (commune non irisée);PRO;;;A;secret;secret;0;;0;17X100A100A05473;INGERSHEIM
Vialis;2024;G;682370000;Niedermorschwihr (commune non irisée);PRO;;;A;secret;secret;0;;0;17X100A100A05473;NIEDERMORSCHWIHR
Vialis;2024;G;683740102;Centre;PRO;;;A;secret;secret;0;;0;17X100A100A05473;WINTZENHEIM
Energies Services Occitans;2024;G;810600103;Sainte-Cécile;PRO;;;A;secret;secret;1;;0;17X100B100A2026B;CARMAUX
Energies Services Occitans;2024;G;812440000;Saint-Benoît-de-Carmaux (commune non irisée);PRO;;;A;secret;secret;1;;0;17X100B100A2026B;SAINT BENOIT DE CARMAUX
Regaz Bordeaux;2024;G;335170000;Soussans (commune non irisée);PRO;;;A;55;2;0.99;;0;;SOUSSANS
Regaz Bordeaux;2024;G;331460000;Cussac-Fort-Médoc (commune non irisée);PRO;;;A;140;2;0.99;;0;;CUSSAC FORT MEDOC
Regaz Bordeaux;2024;G;332970000;Moulis-en-Médoc (commune non irisée);PRO;;;A;343;8;0.99;;0;;MOULIS EN MEDOC
Regaz Bordeaux;2024;G;330630506;Hôtel de Ville-Quinconces 6;PRO;;;A;secret;secret;0.99;;0;;BORDEAUX
Regaz Bordeaux;2024;G;333180108;Le Monteil;PRO;;;A;209;4;0.99;;0;;PESSAC
Regaz Bordeaux;2024;G;330900102;La House;PRO;;;A;secret;secret;0.99;;0;;CANEJAN
Regaz Bordeaux;2024;G;330750105;Villabois-La Hutte;PRO;;;A;secret;secret;0.99;;0;;BRUGES
Regaz Bordeaux;2024;G;330560106;Zone Industrielle;PRO;;;A;secret;secret;0.99;;0;;BLANQUEFORT
Regaz Bordeaux;2024;G;333140102;Nord;ENT;01;Culture et production animale, chasse et services annexes;A;459;1;0.99;;0;;PAUILLAC
Regaz Bordeaux;2024;G;333140102;Nord;PRO;;;A;867;10;0.99;;0;;PAUILLAC
Regaz Bordeaux;2024;G;332110000;Labarde (commune non irisée);PRO;;;A;509;9;0.99;;0;;LABARDE
Regaz Bordeaux;2024;G;330630302;Chartrons-Grand Parc 2;PRO;;;A;104;1;0.99;;0;;BORDEAUX
Regaz Bordeaux;2024;G;333180110;France;PRO;;;A;secret;secret;0.99;;0;;PESSAC
Regaz Bordeaux;2024;G;331620101;Cantinolle;ENT;01;Culture et production animale, chasse et services annexes;A;929;2;0.99;;0;;EYSINES
Regaz Bordeaux;2024;G;335500104;Peyrehaut-Carbonnieux-Trigan;PRO;;;A;63;1;0.99;;0;;VILLENAVE D ORNON
Regaz Bordeaux;2024;G;334220102;Le Las;ENT;01;Culture et production animale, chasse et services annexes;A;592;1;0.99;;0;;SAINT JEAN D ILLAC
Regaz Bordeaux;2024;G;330560102;Caychac Bourg;PRO;;;A;62;4;0.99;;0;;BLANQUEFORT
Regaz Bordeaux;2024;G;332490106;Résidences des Hauts de Lormont;PRO;;;A;secret;secret;0.99;;0;;LORMONT
Regaz Bordeaux;2024;G;333220102;Centre et Ouest;PRO;;;A;51;2;0.99;;0;;PIAN MEDOC
Regaz Bordeaux;2024;G;333120103;Est;ENT;01;Culture et production animale, chasse et services annexes;A;304;1;0.99;;0;;PAREMPUYRE
Regaz Bordeaux;2024;G;333120103;Est;PRO;;;A;244;4;0.99;;0;;PAREMPUYRE
Regaz Bordeaux;2024;G;330630905;Saint-Augustin 5;PRO;;;A;secret;secret;0.99;;0;;BORDEAUX
Regaz Bordeaux;2024;G;333180107;Les Échoppes;ENT;01;Culture et production animale, chasse et services annexes;A;36;1;0.99;;0;;PESSAC
Regaz Bordeaux;2024;G;333180107;Les Échoppes;PRO;;;A;162;4;0.99;;0;;PESSAC
Regaz Bordeaux;2024;G;330630103;Le Lac 3;PRO;;;A;secret;secret;0.99;;0;;BORDEAUX
Regaz Bordeaux;2024;G;331670104;Coteaux;PRO;;;A;132;1;0.99;;0;;FLOIRAC
Regaz Bordeaux;2024;G;330900101;Le Bourg;PRO;;;A;101;1;0.99;;0;;CANEJAN
Regaz Bordeaux;2024;G;334230000;Saint-Julien-Beychevelle (commune non irisée);ENT;01;Culture et production animale, chasse et services annexes;A;1718;4;0.99;;0;;SAINT JULIEN BEYCHEVELLE
Regaz Bordeaux;2024;G;334230000;Saint-Julien-Beychevelle (commune non irisée);PRO;;;A;1514;22;0.99;;0;;SAINT JULIEN BEYCHEVELLE
Regaz Bordeaux;2024;G;334240000;Saint-Laurent-Médoc (commune non irisée);ENT;01;Culture et production animale, chasse et services annexes;A;8310;1;0.99;;0;;SAINT LAURENT MEDOC
Regaz Bordeaux;2024;G;333970000;Sainte-Eulalie (commune non irisée);PRO;;;A;135;1;0.99;;0;;SAINTE EULALIE
Regaz Bordeaux;2024;G;330631301;Gare Saint-Jean 1;PRO;;;A;95;1;0.99;;0;;BORDEAUX
Regaz Bordeaux;2024;G;330220000;Avensan (commune non irisée);PRO;;;A;secret;secret;0.99;;0;;AVENSAN
Regaz Bordeaux;2024;G;330630507;Hôtel de Ville-Quinconces 7;PRO;;;A;secret;secret;0.99;;0;;BORDEAUX
Regaz Bordeaux;2024;G;332030000;Hourtin (commune non irisée);ENT;01;Culture et production animale, chasse et services annexes;A;2616;1;0.99;;0;;HOURTIN
Regaz Bordeaux;2024;G;335220104;Médoquine-Haut-Brion;PRO;;;A;236;4;0.99;;0;;TALENCE
Regaz Bordeaux;2024;G;332560000;Ludon-Médoc (commune non irisée);ENT;01;Culture et production animale, chasse et services annexes;A;418;1;0.99;;0;;LUDON MEDOC
Regaz Bordeaux;2024;G;332560000;Ludon-Médoc (commune non irisée);PRO;;;A;140;3;0.99;;0;;LUDON MEDOC
Regaz Bordeaux;2024;G;332620000;Macau (commune non irisée);PRO;;;A;59;1;0.99;;0;;MACAU
Regaz Bordeaux;2024;G;330630501;Hôtel de Ville-Quinconces 1;PRO;;;A;secret;secret;0.99;;0;;BORDEAUX
Regaz Bordeaux;2024;G;330630310;Chartrons-Grand Parc 10;PRO;;;A;85;2;0.99;;0;;BORDEAUX
Regaz Bordeaux;2024;G;330100000;Arcins (commune non irisée);PRO;;;A;177;3;0.99;;0;;ARCINS
Regaz Bordeaux;2024;G;330120000;Arsac (commune non irisée);ENT;01;Culture et production animale, chasse et services annexes;A;557;1;0.99;;0;;ARSAC
Regaz Bordeaux;2024;G;330120000;Arsac (commune non irisée);PRO;;;A;185;2;0.99;;0;;ARSAC
Regaz Bordeaux;2024;G;330960101;Nord;PRO;;;A;168;1;0.99;;0;;CARBON BLANC
Regaz Bordeaux;2024;G;332480000;Listrac-Médoc (commune non irisée);PRO;;;A;330;5;0.99;;0;;LISTRAC MEDOC
Regaz Bordeaux;2024;G;335500107;Hourcade-Geneste-Le Bourg-Courréjean;PRO;;;A;secret;secret;0.99;;0;;VILLENAVE D ORNON
Regaz Bordeaux;2024;G;333140101;Sud;ENT;01;Culture et production animale, chasse et services annexes;A;2654;5;0.99;;0;;PAUILLAC
Regaz Bordeaux;2024;G;333140101;Sud;PRO;;;A;717;14;0.99;;0;;PAUILLAC
Regaz Bordeaux;2024;G;333220101;Poujeau-Feydieu;PRO;;;A;121;1;0.99;;0;;PIAN MEDOC
Regaz Bordeaux;2024;G;332680000;Margaux-Cantenac (commune non irisée);ENT;01;Culture et production animale, chasse et services annexes;A;936;2;0.99;;0;;MARGAUX CANTENAC
Regaz Bordeaux;2024;G;332680000;Margaux-Cantenac (commune non irisée);PRO;;;A;1588;22;1.98;;0;;MARGAUX CANTENAC
Regaz Bordeaux;2024;G;333180116;Candau;PRO;;;A;secret;secret;0.99;;0;;PESSAC
Gedia;2024;G;283320000;Sainte-Gemme-Moronval (commune non irisée);PRO;;;A;secret;secret;0;;0;17X100A100A04388;SAINTE GEMME MORONVAL
Gedia;2024;G;282510000;Mézières-en-Drouais (commune non irisée);PRO;;;A;206.394;2;0;;0;17X100A100A04388;MEZIERES EN DROUAIS
GRDF;2024;G;751010401;Place Vendôme 1;PRO;;;A;secret;secret;;;;17X100A100A00028;PARIS 1ER ARRONDISSEMENT
GRDF;2024;G;751020802;Bonne Nouvelle 2;PRO;;;A;secret;secret;;;;17X100A100A00028;PARIS 2E ARRONDISSEMENT
GRDF;2024;G;751030903;Arts et Métiers 3;PRO;;;A;secret;secret;;;;17X100A100A00028;PARIS 3E ARRONDISSEMENT
GRDF;2024;G;751030904;Arts et Métiers 4;PRO;;;A;secret;secret;;;;17X100A100A00028;PARIS 3E ARRONDISSEMENT
GRDF;2024;G;751030905;Arts et Métiers 5;PRO;;;A;secret;secret;;;;17X100A100A00028;PARIS 3E ARRONDISSEMENT
GRDF;2024;G;751031104;Les Archives 4;PRO;;;A;secret;secret;;;;17X100A100A00028;PARIS 3E ARRONDISSEMENT
GRDF;2024;G;751041402;Saint-Gervais 2;PRO;;;A;secret;secret;;;;17X100A100A00028;PARIS 4E ARRONDISSEMENT
GRDF;2024;G;751041601;Notre-Dame 1;PRO;;;A;secret;secret;;;;17X100A100A00028;PARIS 4E ARRONDISSEMENT
GRDF;2024;G;751041602;Notre-Dame 2;PRO;;;A;secret;secret;;;;17X100A100A00028;PARIS 4E ARRONDISSEMENT
GRDF;2024;G;751051704;Saint-Victor 4;PRO;;;A;secret;secret;;;;17X100A100A00028;PARIS 5E ARRONDISSEMENT
GRDF;2024;G;751051705;Saint-Victor 5;PRO;;;A;secret;secret;;;;17X100A100A00028;PARIS 5E ARRONDISSEMENT
GRDF;2024;G;751052003;Sorbonne 3;PRO;;;A;secret;secret;;;;17X100A100A00028;PARIS 5E ARRONDISSEMENT
GRDF;2024;G;751052004;Sorbonne 4;PRO;;;A;secret;secret;;;;17X100A100A00028;PARIS 5E ARRONDISSEMENT
GRDF;2024;G;751062101;Monnaie 1;PRO;;;A;secret;secret;;;;17X100A100A00028;PARIS 6E ARRONDISSEMENT
GRDF;2024;G;751062202;Odéon 2;PRO;;;A;64.46025;2;1;;0;17X100A100A00028;PARIS 6E ARRONDISSEMENT
GRDF;2024;G;751062303;Notre-Dame des Champs 3;PRO;;;A;secret;secret;;;;17X100A100A00028;PARIS 6E ARRONDISSEMENT
GRDF;2024;G;751062304;Notre-Dame des Champs 4;PRO;;;A;secret;secret;;;;17X100A100A00028;PARIS 6E ARRONDISSEMENT
GRDF;2024;G;751062305;Notre-Dame des Champs 5;PRO;;;A;secret;secret;;;;17X100A100A00028;PARIS 6E ARRONDISSEMENT
GRDF;2024;G;751062306;Notre-Dame des Champs 6;PRO;;;A;secret;secret;;;;17X100A100A00028;PARIS 6E ARRONDISSEMENT
GRDF;2024;G;751062307;Notre-Dame des Champs 7;PRO;;;A;secret;secret;;;;17X100A100A00028;PARIS 6E ARRONDISSEMENT
GRDF;2024;G;751062308;Notre-Dame des Champs 8;PRO;;;A;secret;secret;;;;17X100A100A00028;PARIS 6E ARRONDISSEMENT
GRDF;2024;G;751062309;Notre-Dame des Champs 9;PRO;;;A;secret;secret;;;;17X100A100A00028;PARIS 6E ARRONDISSEMENT
GRDF;2024;G;751062310;Notre-Dame des Champs 10;PRO;;;A;secret;secret;;;;17X100A100A00028;PARIS 6E ARRONDISSEMENT
GRDF;2024;G;751062311;Notre-Dame des Champs 11;PRO;;;A;387.75373;2;0.0304680241244874;;0;17X100A100A00028;PARIS 6E ARRONDISSEMENT
GRDF;2024;G;751062401;Saint-Germain des Prés 1;PRO;;;A;secret;secret;;;;17X100A100A00028;PARIS 6E ARRONDISSEMENT
GRDF;2024;G;751062402;Saint-Germain des Prés 2;PRO;;;A;56.61234;4;0.470210028414299;;0;17X100A100A00028;PARIS 6E ARRONDISSEMENT
GRDF;2024;G;751072502;Saint-Thomas d'Aquin 2;PRO;;;A;68.09782;1;1;;0;17X100A100A00028;PARIS 7E ARRONDISSEMENT
GRDF;2024;G;751072504;Saint-Thomas d'Aquin 4;PRO;;;A;secret;secret;;;;17X100A100A00028;PARIS 7E ARRONDISSEMENT
GRDF;2024;G;751072505;Saint-Thomas d'Aquin 5;PRO;;;A;175.19581;2;1;;0;17X100A100A00028;PARIS 7E ARRONDISSEMENT
GRDF;2024;G;751072506;Saint-Thomas d'Aquin 6;PRO;;;A;secret;secret;;;;17X100A100A00028;PARIS 7E ARRONDISSEMENT
GRDF;2024;G;751072601;Invalides 1;PRO;;;A;secret;secret;;;;17X100A100A00028;PARIS 7E ARRONDISSEMENT
GRDF;2024;G;751072604;Invalides 4;PRO;;;A;secret;secret;;;;17X100A100A00028;PARIS 7E ARRONDISSEMENT
GRDF;2024;G;751072704;École Militaire 4;PRO;;;A;secret;secret;;;;17X100A100A00028;PARIS 7E ARRONDISSEMENT
GRDF;2024;G;751072706;École Militaire 6;PRO;;;A;secret;secret;;;;17X100A100A00028;PARIS 7E ARRONDISSEMENT
GRDF;2024;G;751072807;Gros Caillou 7;PRO;;;A;secret;secret;;;;17X100A100A00028;PARIS 7E ARRONDISSEMENT
GRDF;2024;G;751072808;Gros Caillou 8;PRO;;;A;secret;secret;;;;17X100A100A00028;PARIS 7E ARRONDISSEMENT
GRDF;2024;G;751082904;Champs Élysées 4;PRO;;;A;68.79729;1;1;;0;17X100A100A00028;PARIS 8E ARRONDISSEMENT
GRDF;2024;G;751083001;Faubourg du Roule 1;PRO;;;A;secret;secret;;;;17X100A100A00028;PARIS 8E ARRONDISSEMENT
GRDF;2024;G;751083004;Faubourg du Roule 4;PRO;;;A;secret;secret;;;;17X100A100A00028;PARIS 8E ARRONDISSEMENT
GRDF;2024;G;751083105;Madeleine 5;PRO;;;A;secret;secret;;;;17X100A100A00028;PARIS 8E ARRONDISSEMENT
GRDF;2024;G;751083206;Europe 6;PRO;;;A;secret;secret;;;;17X100A100A00028;PARIS 8E ARRONDISSEMENT
GRDF;2024;G;751083208;Europe 8;PRO;;;A;secret;secret;;;;17X100A100A00028;PARIS 8E ARRONDISSEMENT
GRDF;2024;G;751093501;Faubourg Montmartre 1;PRO;;;A;secret;secret;;;;17X100A100A00028;PARIS 9E ARRONDISSEMENT
GRDF;2024;G;751093503;Faubourg Montmartre 3;PRO;;;A;secret;secret;;;;17X100A100A00028;PARIS 9E ARRONDISSEMENT
GRDF;2024;G;751103907;Porte Saint-Martin 7;PRO;;;A;secret;secret;;;;17X100A100A00028;PARIS 10E ARRONDISSEMENT
GRDF;2024;G;751114105;Folie Méricourt 5;PRO;;;A;secret;secret;;;;17X100A100A00028;PARIS 11E ARRONDISSEMENT
GRDF;2024;G;751114107;Folie Méricourt 7;PRO;;;A;secret;secret;;;;17X100A100A00028;PARIS 11E ARRONDISSEMENT
GRDF;2024;G;751114111;Folie Méricourt 11;PRO;;;A;secret;secret;;;;17X100A100A00028;PARIS 11E ARRONDISSEMENT
GRDF;2024;G;751114115;Folie Méricourt 15;PRO;;;A;secret;secret;;;;17X100A100A00028;PARIS 11E ARRONDISSEMENT
GRDF;2024;G;751114303;Roquette 3;PRO;;;A;secret;secret;;;;17X100A100A00028;PARIS 11E ARRONDISSEMENT
GRDF;2024;G;751114410;Sainte-Marguerite 10;PRO;;;A;secret;secret;;;;17X100A100A00028;PARIS 11E ARRONDISSEMENT
GRDF;2024;G;751124506;Bel-Air 6;PRO;;;A;secret;secret;;;;17X100A100A00028;PARIS 12E ARRONDISSEMENT
GRDF;2024;G;751124512;Bel-Air 12;PRO;;;A;secret;secret;;;;17X100A100A00028;PARIS 12E ARRONDISSEMENT
GRDF;2024;G;751124620;Picpus 20;PRO;;;A;secret;secret;;;;17X100A100A00028;PARIS 12E ARRONDISSEMENT
GRDF;2024;G;751124623;Picpus 23;PRO;;;A;secret;secret;;;;17X100A100A00028;PARIS 12E ARRONDISSEMENT
GRDF;2024;G;751124807;Quinze-Vingts 7;PRO;;;A;secret;secret;;;;17X100A100A00028;PARIS 12E ARRONDISSEMENT
GRDF;2024;G;751124813;Quinze-Vingts 13;PRO;;;A;secret;secret;;;;17X100A100A00028;PARIS 12E ARRONDISSEMENT
GRDF;2024;G;751134903;Salpêtrière 3;PRO;;;A;secret;secret;;;;17X100A100A00028;PARIS 13E ARRONDISSEMENT
GRDF;2024;G;751134907;Salpêtrière 7;PRO;;;A;secret;secret;;;;17X100A100A00028;PARIS 13E ARRONDISSEMENT
GRDF;2024;G;751135024;Gare 24;PRO;;;A;secret;secret;;;;17X100A100A00028;PARIS 13E ARRONDISSEMENT
GRDF;2024;G;751135026;Gare 26;PRO;;;A;secret;secret;;;;17X100A100A00028;PARIS 13E ARRONDISSEMENT
GRDF;2024;G;751135113;Maison Blanche 13;PRO;;;A;secret;secret;;;;17X100A100A00028;PARIS 13E ARRONDISSEMENT
GRDF;2024;G;751135201;Croulebarbe 1;PRO;;;A;secret;secret;;;;17X100A100A00028;PARIS 13E ARRONDISSEMENT
GRDF;2024;G;751135207;Croulebarbe 7;PRO;;;A;secret;secret;;;;17X100A100A00028;PARIS 13E ARRONDISSEMENT
GRDF;2024;G;751145302;Montparnasse 2;PRO;;;A;secret;secret;;;;17X100A100A00028;PARIS 14E ARRONDISSEMENT
GRDF;2024;G;751145403;Parc de Montsouris 3;PRO;;;A;secret;secret;;;;17X100A100A00028;PARIS 14E ARRONDISSEMENT
GRDF;2024;G;751145505;Petit Montrouge 5;PRO;;;A;secret;secret;;;;17X100A100A00028;PARIS 14E ARRONDISSEMENT
GRDF;2024;G;751145509;Petit Montrouge 9;PRO;;;A;secret;secret;;;;17X100A100A00028;PARIS 14E ARRONDISSEMENT
GRDF;2024;G;751145511;Petit Montrouge 11;PRO;;;A;secret;secret;;;;17X100A100A00028;PARIS 14E ARRONDISSEMENT
GRDF;2024;G;751145512;Petit Montrouge 12;PRO;;;A;secret;secret;;;;17X100A100A00028;PARIS 14E ARRONDISSEMENT
GRDF;2024;G;751145516;Petit Montrouge 16;PRO;;;A;secret;secret;;;;17X100A100A00028;PARIS 14E ARRONDISSEMENT
GRDF;2024;G;751145607;Plaisance 7;PRO;;;A;secret;secret;;;;17X100A100A00028;PARIS 14E ARRONDISSEMENT
GRDF;2024;G;751145619;Plaisance 19;PRO;;;A;secret;secret;;;;17X100A100A00028;PARIS 14E ARRONDISSEMENT
GRDF;2024;G;751145624;Plaisance 24;PRO;;;A;secret;secret;;;;17X100A100A00028;PARIS 14E ARRONDISSEMENT
GRDF;2024;G;751155716;Saint-Lambert 16;PRO;;;A;secret;secret;;;;17X100A100A00028;PARIS 15E ARRONDISSEMENT
GRDF;2024;G;751155725;Saint-Lambert 25;PRO;;;A;secret;secret;;;;17X100A100A00028;PARIS 15E ARRONDISSEMENT
GRDF;2024;G;751155812;Necker 12;PRO;;;A;97.98417;1;0;;0;17X100A100A00028;PARIS 15E ARRONDISSEMENT
GRDF;2024;G;751155813;Necker 13;PRO;;;A;secret;secret;;;;17X100A100A00028;PARIS 15E ARRONDISSEMENT
GRDF;2024;G;751155814;Necker 14;PRO;;;A;secret;secret;;;;17X100A100A00028;PARIS 15E ARRONDISSEMENT
GRDF;2024;G;751155816;Necker 16;PRO;;;A;secret;secret;;;;17X100A100A00028;PARIS 15E ARRONDISSEMENT
GRDF;2024;G;751155908;Grenelle 8;PRO;;;A;52.42196;1;1;;0;17X100A100A00028;PARIS 15E ARRONDISSEMENT
GRDF;2024;G;751155917;Grenelle 17;PRO;;;A;secret;secret;;;;17X100A100A00028;PARIS 15E ARRONDISSEMENT
GRDF;2024;G;751156012;Javel 12;PRO;;;A;secret;secret;;;;17X100A100A00028;PARIS 15E ARRONDISSEMENT
GRDF;2024;G;751156015;Javel 15;PRO;;;A;secret;secret;;;;17X100A100A00028;PARIS 15E ARRONDISSEMENT
GRDF;2024;G;751156019;Javel 19;PRO;;;A;secret;secret;;;;17X100A100A00028;PARIS 15E ARRONDISSEMENT
GRDF;2024;G;751166115;Auteuil 15;PRO;;;A;secret;secret;;;;17X100A100A00028;PARIS 16E ARRONDISSEMENT
GRDF;2024;G;751166121;Auteuil 21;PRO;;;A;secret;secret;;;;17X100A100A00028;PARIS 16E ARRONDISSEMENT
GRDF;2024;G;751166123;Auteuil 23;PRO;;;A;secret;secret;;;;17X100A100A00028;PARIS 16E ARRONDISSEMENT
GRDF;2024;G;751166125;Auteuil 25;PRO;;;A;secret;secret;;;;17X100A100A00028;PARIS 16E ARRONDISSEMENT
GRDF;2024;G;751166206;Muette 6;PRO;;;A;secret;secret;;;;17X100A100A00028;PARIS 16E ARRONDISSEMENT
GRDF;2024;G;751166208;Muette 8;PRO;;;A;secret;secret;;;;17X100A100A00028;PARIS 16E ARRONDISSEMENT
GRDF;2024;G;751166215;Muette 15;PRO;;;A;secret;secret;;;;17X100A100A00028;PARIS 16E ARRONDISSEMENT
GRDF;2024;G;751166302;Porte Dauphine 2;PRO;;;A;secret;secret;;;;17X100A100A00028;PARIS 16E ARRONDISSEMENT
GRDF;2024;G;751166304;Porte Dauphine 4;PRO;;;A;secret;secret;;;;17X100A100A00028;PARIS 16E ARRONDISSEMENT
GRDF;2024;G;751166305;Porte Dauphine 5;PRO;;;A;secret;secret;;;;17X100A100A00028;PARIS 16E ARRONDISSEMENT
GRDF;2024;G;751166307;Porte Dauphine 7;PRO;;;A;106.31156;2;0.997908223715276;;0;17X100A100A00028;PARIS 16E ARRONDISSEMENT
GRDF;2024;G;751166310;Porte Dauphine 10;PRO;;;A;secret;secret;;;;17X100A100A00028;PARIS 16E ARRONDISSEMENT
GRDF;2024;G;751166401;Chaillot 1;PRO;;;A;secret;secret;;;;17X100A100A00028;PARIS 16E ARRONDISSEMENT
GRDF;2024;G;751166403;Chaillot 3;PRO;;;A;secret;secret;;;;17X100A100A00028;PARIS 16E ARRONDISSEMENT
GRDF;2024;G;751166407;Chaillot 7;PRO;;;A;secret;secret;;;;17X100A100A00028;PARIS 16E ARRONDISSEMENT
GRDF;2024;G;751166409;Chaillot 9;PRO;;;A;secret;secret;;;;17X100A100A00028;PARIS 16E ARRONDISSEMENT
GRDF;2024;G;751166412;Chaillot 12;PRO;;;A;secret;secret;;;;17X100A100A00028;PARIS 16E ARRONDISSEMENT
GRDF;2024;G;751176501;Ternes 1;PRO;;;A;secret;secret;;;;17X100A100A00028;PARIS 17E ARRONDISSEMENT
GRDF;2024;G;751176502;Ternes 2;PRO;;;A;secret;secret;;;;17X100A100A00028;PARIS 17E ARRONDISSEMENT
GRDF;2024;G;751176511;Ternes 11;PRO;;;A;58.35968;2;0.144192360204853;;0;17X100A100A00028;PARIS 17E ARRONDISSEMENT
GRDF;2024;G;751176602;Plaine Monceau 2;PRO;;;A;secret;secret;;;;17X100A100A00028;PARIS 17E ARRONDISSEMENT
GRDF;2024;G;751176603;Plaine Monceau 3;PRO;;;A;secret;secret;;;;17X100A100A00028;PARIS 17E ARRONDISSEMENT
GRDF;2024;G;751176606;Plaine Monceau 6;PRO;;;A;secret;secret;;;;17X100A100A00028;PARIS 17E ARRONDISSEMENT
GRDF;2024;G;751176608;Plaine Monceau 8;PRO;;;A;secret;secret;;;;17X100A100A00028;PARIS 17E ARRONDISSEMENT
GRDF;2024;G;751176611;Plaine Monceau 11;PRO;;;A;secret;secret;;;;17X100A100A00028;PARIS 17E ARRONDISSEMENT
GRDF;2024;G;751176613;Plaine Monceau 13;ENT;01;Culture et production animale, chasse et services annexes;A;247.88093;1;1;;0;17X100A100A00028;PARIS 17E ARRONDISSEMENT
GRDF;2024;G;751176703;Batignolles 3;PRO;;;A;secret;secret;;;;17X100A100A00028;PARIS 17E ARRONDISSEMENT
GRDF;2024;G;751176803;Épinettes 3;PRO;;;A;secret;secret;;;;17X100A100A00028;PARIS 17E ARRONDISSEMENT
GRDF;2024;G;751186923;Grandes Carrières 23;PRO;;;A;secret;secret;;;;17X100A100A00028;PARIS 18E ARRONDISSEMENT
GRDF;2024;G;751186924;Grandes Carrières 24;PRO;;;A;secret;secret;;;;17X100A100A00028;PARIS 18E ARRONDISSEMENT
GRDF;2024;G;751187007;Clignancourt 7;PRO;;;A;74.461;1;1;;0;17X100A100A00028;PARIS 18E ARRONDISSEMENT
GRDF;2024;G;751187205;Chapelle 5;PRO;;;A;159.93338;1;1;;0;17X100A100A00028;PARIS 18E ARRONDISSEMENT
GRDF;2024;G;751197402;Pont de Flandre 2;PRO;;;A;secret;secret;;;;17X100A100A00028;PARIS 19E ARRONDISSEMENT
GRDF;2024;G;751197602;Combat 2;PRO;;;A;secret;secret;;;;17X100A100A00028;PARIS 19E ARRONDISSEMENT
GRDF;2024;G;751197610;Combat 10;PRO;;;A;secret;secret;;;;17X100A100A00028;PARIS 19E ARRONDISSEMENT
GRDF;2024;G;751207805;Saint-Fargeau 5;PRO;;;A;95.53214;1;0;;0;17X100A100A00028;PARIS 20E ARRONDISSEMENT
GRDF;2024;G;751207815;Saint-Fargeau 15;PRO;;;A;secret;secret;;;;17X100A100A00028;PARIS 20E ARRONDISSEMENT
GRDF;2024;G;751207907;Père Lachaise 7;PRO;;;A;secret;secret;;;;17X100A100A00028;PARIS 20E ARRONDISSEMENT
GRDF;2024;G;751208016;Charonne 16;PRO;;;A;secret;secret;;;;17X100A100A00028;PARIS 20E ARRONDISSEMENT
GRDF;2024;G;751208023;Charonne 23;PRO;;;A;secret;secret;;;;17X100A100A00028;PARIS 20E ARRONDISSEMENT
GRDF;2024;G;773500201;Archevêché;PRO;;;A;secret;secret;;;;17X100A100A00028;OZOIR LA FERRIERE
GRDF;2024;G;774580102;Le Plateau;PRO;;;A;secret;secret;;;;17X100A100A00028;SOUPPES SUR LOING
GRDF;2024;G;770050000;Annet-sur-Marne (commune non irisée);PRO;;;A;secret;secret;;;;17X100A100A00028;ANNET SUR MARNE
GRDF;2024;G;771960000;Fresnes-sur-Marne (commune non irisée);PRO;;;A;secret;secret;;;;17X100A100A00028;FRESNES SUR MARNE
GRDF;2024;G;773440000;Oissery (commune non irisée);ENT;01;Culture et production animale, chasse et services annexes;A;11.14885;1;1;;0;17X100A100A00028;OISSERY
GRDF;2024;G;773440000;Oissery (commune non irisée);ENT;;;A;503.02517;1;1;;0;17X100A100A00028;OISSERY
GRDF;2024;G;775170000;Villevaudé (commune non irisée);PRO;;;A;secret;secret;;;;17X100A100A00028;VILLEVAUDE
GRDF;2024;G;770120000;Augers-en-Brie (commune non irisée);ENT;01;Culture et production animale, chasse et services annexes;A;122.356;1;1;;0;17X100A100A00028;AUGERS EN BRIE
GRDF;2024;G;772750000;Les Marêts (commune non irisée);ENT;01;Culture et production animale, chasse et services annexes;A;218.43221;1;1;;0;17X100A100A00028;MARETS
GRDF;2024;G;773790101;Centre-Est;PRO;;;A;secret;secret;;;;17X100A100A00028;PROVINS
GRDF;2024;G;773790102;Centre-Nord-Ouest;PRO;;;A;67.53504;4;0.969164451520277;;0;17X100A100A00028;PROVINS
GRDF;2024;G;773790103;Centre-Sud Est;PRO;;;A;secret;secret;;;;17X100A100A00028;PROVINS
GRDF;2024;G;774560000;Soisy-Bouy (commune non irisée);PRO;;;A;secret;secret;;;;17X100A100A00028;SOISY BOUY
GRDF;2024;G;773210000;Mousseaux-lès-Bray (commune non irisée);ENT;01;Culture et production animale, chasse et services annexes;A;368.60716;1;1;;0;17X100A100A00028;MOUSSEAUX LES BRAY
GRDF;2024;G;773470000;Les Ormes-sur-Voulzie (commune non irisée);PRO;;;A;secret;secret;;;;17X100A100A00028;ORMES SUR VOULZIE
GRDF;2024;G;771180101;Nord-Ouest;PRO;;;A;secret;secret;;;;17X100A100A00028;CLAYE SOUILLY
GRDF;2024;G;771230000;Compans (commune non irisée);PRO;;;A;135.68768;1;1;;0;17X100A100A00028;COMPANS
GRDF;2024;G;772910000;Le Mesnil-Amelot (commune non irisée);PRO;;;A;60.03186;1;1;;0;17X100A100A00028;MESNIL AMELOT
GRDF;2024;G;772940101;Mitry-Mory 1 Nord-Ouest;PRO;;;A;secret;secret;;;;17X100A100A00028;MITRY MORY
GRDF;2024;G;772940103;Mitry-Mory 1 Sud-Est;PRO;;;A;secret;secret;;;;17X100A100A00028;MITRY MORY
GRDF;2024;G;772940202;Mitry-Mory 2 Centre;PRO;;;A;secret;secret;;;;17X100A100A00028;MITRY MORY
GRDF;2024;G;775140301;Route Nationale 3;PRO;;;A;secret;secret;;;;17X100A100A00028;VILLEPARISIS
GRDF;2024;G;770830101;Bord de Marne;PRO;;;A;secret;secret;;;;17X100A100A00028;CHAMPS SUR MARNE
GRDF;2024;G;770830303;Descartes;PRO;;;A;secret;secret;;;;17X100A100A00028;CHAMPS SUR MARNE
GRDF;2024;G;771080601;Nord et Ouest et Sud;PRO;;;A;secret;secret;;;;17X100A100A00028;CHELLES
GRDF;2024;G;773370202;Ville Nouvelle Centre-Ouest;PRO;;;A;secret;secret;;;;17X100A100A00028;NOISIEL
GRDF;2024;G;771270000;Coubert (commune non irisée);PRO;;;A;secret;secret;;;;17X100A100A00028;COUBERT
GRDF;2024;G;771950000;Fouju (commune non irisée);PRO;;;A;57.69359;1;1;;0;17X100A100A00028;FOUJU
GRDF;2024;G;772170000;Grisy-Suisnes (commune non irisée);PRO;;;A;secret;secret;;;;17X100A100A00028;GRISY SUISNES
GRDF;2024;G;772170000;Grisy-Suisnes (commune non irisée);ENT;01;Culture et production animale, chasse et services annexes;A;241.87339;1;1;;0;17X100A100A00028;GRISY SUISNES
GRDF;2024;G;772950000;Moisenay (commune non irisée);PRO;;;A;secret;secret;;;;17X100A100A00028;MOISENAY
GRDF;2024;G;774550000;Soignolles-en-Brie (commune non irisée);PRO;;;A;secret;secret;;;;17X100A100A00028;SOIGNOLLES EN BRIE
GRDF;2024;G;770770000;Chambry (commune non irisée);PRO;;;A;secret;secret;;;;17X100A100A00028;CHAMBRY
GRDF;2024;G;772840302;Platanes Ouest;ENT;01;Culture et production animale, chasse et services annexes;A;36.62326;1;1;;0;17X100A100A00028;MEAUX
GRDF;2024;G;772840901;Centre Hôtel de Ville Sud;PRO;;;A;secret;secret;;;;17X100A100A00028;MEAUX
GRDF;2024;G;773300101;Sud;PRO;;;A;secret;secret;;;;17X100A100A00028;NANTEUIL LES MEAUX
GRDF;2024;G;773300102;Nord;PRO;;;A;secret;secret;;;;17X100A100A00028;NANTEUIL LES MEAUX
GRDF;2024;G;773580000;Penchard (commune non irisée);PRO;;;A;secret;secret;;;;17X100A100A00028;PENCHARD
GRDF;2024;G;773690000;Poincy (commune non irisée);ENT;01;Culture et production animale, chasse et services annexes;A;238.92626;1;1;;0;17X100A100A00028;POINCY
GRDF;2024;G;774370000;Saint-Soupplets (commune non irisée);PRO;;;A;72.3322;1;0;;0;17X100A100A00028;SAINT SOUPPLETS
GRDF;2024;G;770060000;Arbonne-la-Forêt (commune non irisée);PRO;;;A;secret;secret;;;;17X100A100A00028;ARBONNE LA FORET
GRDF;2024;G;770140103;Avon Ouest;PRO;;;A;secret;secret;;;;17X100A100A00028;AVON
GRDF;2024;G;770220000;Barbizon (commune non irisée);PRO;;;A;secret;secret;;;;17X100A100A00028;BARBIZON
GRDF;2024;G;770690000;Chailly-en-Bière (commune non irisée);PRO;;;A;secret;secret;;;;17X100A100A00028;CHAILLY EN BIERE
GRDF;2024;G;770690000;Chailly-en-Bière (commune non irisée);ENT;01;Culture et production animale, chasse et services annexes;A;21.667;1;1;;0;17X100A100A00028;CHAILLY EN BIERE
GRDF;2024;G;770960000;Chartrettes (commune non irisée);PRO;;;A;secret;secret;;;;17X100A100A00028;CHARTRETTES
GRDF;2024;G;771860102;Ville Sud-Ouest;ENT;01;Culture et production animale, chasse et services annexes;A;78.25829;1;1;;0;17X100A100A00028;FONTAINEBLEAU
GRDF;2024;G;771860102;Ville Sud-Ouest;ENT;02;Sylviculture et exploitation forestière;A;302.19474;1;1;;0;17X100A100A00028;FONTAINEBLEAU
GRDF;2024;G;771860106;Ville Nord;PRO;;;A;70.5964;1;1;;0;17X100A100A00028;FONTAINEBLEAU
GRDF;2024;G;771860107;Centre Ville Nord-Est;PRO;;;A;secret;secret;;;;17X100A100A00028;FONTAINEBLEAU
GRDF;2024;G;774250000;Saint-Martin-en-Bière (commune non irisée);PRO;;;A;secret;secret;;;;17X100A100A00028;SAINT MARTIN EN BIERE
GRDF;2024;G;773850000;Rebais (commune non irisée);PRO;;;A;secret;secret;;;;17X100A100A00028;REBAIS
GRDF;2024;G;774170000;Saint-Léger (commune non irisée);PRO;;;A;secret;secret;;;;17X100A100A00028;SAINT LEGER
GRDF;2024;G;770310000;Bernay-Vilbert (commune non irisée);PRO;;;A;secret;secret;;;;17X100A100A00028;BERNAY VILBERT
GRDF;2024;G;771770000;Favières (commune non irisée);ENT;01;Culture et production animale, chasse et services annexes;A;136.60989;2;1;;0;17X100A100A00028;FAVIERES
GRDF;2024;G;772290000;La Houssaye-en-Brie (commune non irisée);PRO;;;A;secret;secret;;;;17X100A100A00028;HOUSSAYE EN BRIE
GRDF;2024;G;772540000;Liverdy-en-Brie (commune non irisée);PRO;;;A;secret;secret;;;;17X100A100A00028;LIVERDY EN BRIE
GRDF;2024;G;773770000;Presles-en-Brie (commune non irisée);PRO;;;A;secret;secret;;;;17X100A100A00028;PRESLES EN BRIE
GRDF;2024;G;770420000;Boissy-le-Châtel (commune non irisée);PRO;;;A;secret;secret;;;;17X100A100A00028;BOISSY LE CHATEL
GRDF;2024;G;770420000;Boissy-le-Châtel (commune non irisée);ENT;01;Culture et production animale, chasse et services annexes;A;897.96384;2;1;;0;17X100A100A00028;BOISSY LE CHATEL
GRDF;2024;G;771280000;Couilly-Pont-aux-Dames (commune non irisée);PRO;;;A;secret;secret;;;;17X100A100A00028;COUILLY PONT AUX DAMES
GRDF;2024;G;771310101;Ville Haute Nord;PRO;;;A;secret;secret;;;;17X100A100A00028;COULOMMIERS
GRDF;2024;G;771310201;Centre Ville Sud;PRO;;;A;secret;secret;;;;17X100A100A00028;COULOMMIERS
GRDF;2024;G;771420000;Crécy-la-Chapelle (commune non irisée);PRO;;;A;138.42002;4;1;;0;17X100A100A00028;CRECY LA CHAPELLE
GRDF;2024;G;771760000;Faremoutiers (commune non irisée);ENT;01;Culture et production animale, chasse et services annexes;A;13114.071;2;1;;0;17X100A100A00028;FAREMOUTIERS
GRDF;2024;G;772380000;Jouarre (commune non irisée);PRO;;;A;secret;secret;;;;17X100A100A00028;JOUARRE
GRDF;2024;G;772810000;Mauperthuis (commune non irisée);PRO;;;A;secret;secret;;;;17X100A100A00028;MAUPERTHUIS
GRDF;2024;G;773200000;Mouroux (commune non irisée);ENT;01;Culture et production animale, chasse et services annexes;A;145.34884;1;1;;0;17X100A100A00028;MOUROUX
GRDF;2024;G;773600000;Pézarches (commune non irisée);PRO;;;A;secret;secret;;;;17X100A100A00028;PEZARCHES
GRDF;2024;G;774150000;Saint-Jean-les-Deux-Jumeaux (commune non irisée);PRO;;;A;secret;secret;;;;17X100A100A00028;SAINT JEAN LES DEUX JUMEAUX
GRDF;2024;G;774150000;Saint-Jean-les-Deux-Jumeaux (commune non irisée);ENT;01;Culture et production animale, chasse et services annexes;A;176.553;1;1;;0;17X100A100A00028;SAINT JEAN LES DEUX JUMEAUX
GRDF;2024;G;774780000;Ussy-sur-Marne (commune non irisée);PRO;;;A;secret;secret;;;;17X100A100A00028;USSY SUR MARNE
GRDF;2024;G;775290000;Voulangis (commune non irisée);PRO;;;A;secret;secret;;;;17X100A100A00028;VOULANGIS
GRDF;2024;G;773160102;Écuelles-Épisy-Montarlot;PRO;;;A;secret;secret;;;;17X100A100A00028;MORET LOING ET ORVANNE
GRDF;2024;G;775040000;Villemaréchal (commune non irisée);PRO;;;A;secret;secret;;;;17X100A100A00028;VILLEMARECHAL
GRDF;2024;G;772520000;Limoges-Fourches (commune non irisée);PRO;;;A;secret;secret;;;;17X100A100A00028;LIMOGES FOURCHES
GRDF;2024;G;772880601;Rive de Seine Sud-Nord-Est;PRO;;;A;secret;secret;;;;17X100A100A00028;MELUN
GRDF;2024;G;773890000;La Rochette (commune non irisée);PRO;;;A;secret;secret;;;;17X100A100A00028;ROCHETTE
GRDF;2024;G;774070102;Fargeau-Tilly-Wimpey;PRO;;;A;secret;secret;;;;17X100A100A00028;SAINT FARGEAU PONTHIERRY
GRDF;2024;G;774070102;Fargeau-Tilly-Wimpey;ENT;01;Culture et production animale, chasse et services annexes;A;40.31976;1;1;;0;17X100A100A00028;SAINT FARGEAU PONTHIERRY
GRDF;2024;G;774070103;Cités Leroy;PRO;;;A;secret;secret;;;;17X100A100A00028;SAINT FARGEAU PONTHIERRY
GRDF;2024;G;771260000;Congis-sur-Thérouanne (commune non irisée);PRO;;;A;secret;secret;;;;17X100A100A00028;CONGIS SUR THEROUANNE
GRDF;2024;G;772570000;Lizy-sur-Ourcq (commune non irisée);PRO;;;A;secret;secret;;;;17X100A100A00028;LIZY SUR OURCQ
GRDF;2024;G;772570000;Lizy-sur-Ourcq (commune non irisée);ENT;;;A;72.87468;1;1;;0;17X100A100A00028;LIZY SUR OURCQ
GRDF;2024;G;774900000;Vendrest (commune non irisée);ENT;01;Culture et production animale, chasse et services annexes;A;306.058;1;1;;0;17X100A100A00028;VENDREST
GRDF;2024;G;770610000;Cannes-Écluse (commune non irisée);PRO;;;A;secret;secret;;;;17X100A100A00028;CANNES ECLUSE
GRDF;2024;G;772100000;La Grande-Paroisse (commune non irisée);PRO;;;A;secret;secret;;;;17X100A100A00028;GRANDE PAROISSE
GRDF;2024;G;772930000;Misy-sur-Yonne (commune non irisée);PRO;;;A;67.88205;1;1;;0;17X100A100A00028;MISY SUR YONNE
GRDF;2024;G;773130000;Montmachoux (commune non irisée);PRO;;;A;secret;secret;;;;17X100A100A00028;MONTMACHOUX
GRDF;2024;G;774820000;Varennes-sur-Seine (commune non irisée);PRO;;;A;secret;secret;;;;17X100A100A00028;VARENNES SUR SEINE
GRDF;2024;G;775310000;Voulx (commune non irisée);PRO;;;A;69.66709;1;1;;0;17X100A100A00028;VOULX
GRDF;2024;G;771710101;Sud;PRO;;;A;secret;secret;;;;17X100A100A00028;ESBLY
GRDF;2024;G;773150000;Montry (commune non irisée);PRO;;;A;secret;secret;;;;17X100A100A00028;MONTRY
GRDF;2024;G;775100000;Villeneuve-Saint-Denis (commune non irisée);PRO;;;A;secret;secret;;;;17X100A100A00028;VILLENEUVE SAINT DENIS
GRDF;2024;G;771810000;Ferrières-en-Brie (commune non irisée);PRO;;;A;secret;secret;;;;17X100A100A00028;FERRIERES EN BRIE
GRDF;2024;G;772430301;Clemenceau-Poincaré Ouest;PRO;;;A;secret;secret;;;;17X100A100A00028;LAGNY SUR MARNE
GRDF;2024;G;772430302;Clemenceau-Poincaré Nord-Est;PRO;;;A;secret;secret;;;;17X100A100A00028;LAGNY SUR MARNE
GRDF;2024;G;772480000;Lesches (commune non irisée);PRO;;;A;secret;secret;;;;17X100A100A00028;LESCHES
GRDF;2024;G;773740000;Pontcarré (commune non irisée);PRO;;;A;secret;secret;;;;17X100A100A00028;PONTCARRE
GRDF;2024;G;774500000;Servon (commune non irisée);PRO;;;A;secret;secret;;;;17X100A100A00028;SERVON
GRDF;2024;G;770860000;La Chapelle-Gauthier (commune non irisée);PRO;;;A;79.30682;1;0;;0;17X100A100A00028;CHAPELLE GAUTHIER
GRDF;2024;G;773270101;Périphérie;PRO;;;A;secret;secret;;;;17X100A100A00028;NANGIS
GRDF;2024;G;774930000;Verneuil-l'Étang (commune non irisée);ENT;01;Culture et production animale, chasse et services annexes;A;1086.6349;1;1;;0;17X100A100A00028;VERNEUIL L ETANG
GRDF;2024;G;785750101;Rhodon Saint-Paul;PRO;;;A;93.25572;2;1;;0;17X100A100A00028;SAINT REMY LES CHEVREUSE
GRDF;2024;G;781890000;Crespières (commune non irisée);PRO;;;A;56.75426;1;1;;0;17X100A100A00028;CRESPIERES
GRDF;2024;G;783800102;Quartier Bas;PRO;;;A;secret;secret;;;;17X100A100A00028;MAULE
GRDF;2024;G;785710101;Nord;PRO;;;A;102.7148;1;1;;0;17X100A100A00028;SAINT NOM LA BRETECHE
GRDF;2024;G;785710101;Nord;ENT;01;Culture et production animale, chasse et services annexes;A;3093.44429;1;1;;0;17X100A100A00028;SAINT NOM LA BRETECHE
GRDF;2024;G;781460102;Les Landes;PRO;;;A;secret;secret;;;;17X100A100A00028;CHATOU
GRDF;2024;G;781460112;Berteaux;PRO;;;A;secret;secret;;;;17X100A100A00028;CHATOU
GRDF;2024;G;781460113;Labelonye;PRO;;;A;secret;secret;;;;17X100A100A00028;CHATOU
GRDF;2024;G;781900104;Vieux Croissy;PRO;;;A;secret;secret;;;;17X100A100A00028;CROISSY SUR SEINE
GRDF;2024;G;783110502;Réveil Matin;PRO;;;A;secret;secret;;;;17X100A100A00028;HOUILLES
GRDF;2024;G;783580107;Marine;PRO;;;A;secret;secret;;;;17X100A100A00028;MAISONS LAFFITTE
GRDF;2024;G;783580108;Charlemagne;PRO;;;A;secret;secret;;;;17X100A100A00028;MAISONS LAFFITTE
GRDF;2024;G;783720105;Quartier Ouest;ENT;01;Culture et production animale, chasse et services annexes;A;140.35551;1;1;;0;17X100A100A00028;MARLY LE ROI
GRDF;2024;G;783960102;Nord-Ouest;PRO;;;A;secret;secret;;;;17X100A100A00028;MESNIL LE ROI
GRDF;2024;G;783960103;Sud;PRO;;;A;secret;secret;;;;17X100A100A00028;MESNIL LE ROI
GRDF;2024;G;784180101;Les Rabaux;PRO;;;A;249.19939;1;0;;0;17X100A100A00028;MONTESSON
GRDF;2024;G;785510105;Iris 5;PRO;;;A;secret;secret;;;;17X100A100A00028;SAINT GERMAIN EN LAYE
GRDF;2024;G;785510106;Iris 6;PRO;;;A;77.23712;1;1;;0;17X100A100A00028;SAINT GERMAIN EN LAYE
GRDF;2024;G;785510114;Iris 14;PRO;;;A;66.4909;2;1;;0;17X100A100A00028;SAINT GERMAIN EN LAYE
GRDF;2024;G;785510118;Iris 18;PRO;;;A;secret;secret;;;;17X100A100A00028;SAINT GERMAIN EN LAYE
GRDF;2024;G;785860201;Les Dix Arpents Nord;PRO;;;A;131.65933;1;1;;0;17X100A100A00028;SARTROUVILLE
GRDF;2024;G;785861101;L'Union Nord;PRO;;;A;secret;secret;;;;17X100A100A00028;SARTROUVILLE
GRDF;2024;G;781680000;Coignières (commune non irisée);PRO;;;A;secret;secret;;;;17X100A100A00028;COIGNIERES
GRDF;2024;G;784900101;Centre Ville;PRO;;;A;secret;secret;;;;17X100A100A00028;PLAISIR
GRDF;2024;G;786210101;Centre Ouest;PRO;;;A;secret;secret;;;;17X100A100A00028;TRAPPES
GRDF;2024;G;780100000;Les Alluets-le-Roi (commune non irisée);PRO;;;A;111.57587;2;0.66526579626939;;0;17X100A100A00028;ALLUETS LE ROI
GRDF;2024;G;780290101;Élisa;PRO;;;A;secret;secret;;;;17X100A100A00028;AUBERGENVILLE
GRDF;2024;G;780310000;Auffreville-Brasseuil (commune non irisée);PRO;;;A;secret;secret;;;;17X100A100A00028;AUFFREVILLE BRASSEUIL
GRDF;2024;G;781720113;Plateau du Moulin;PRO;;;A;secret;secret;;;;17X100A100A00028;CONFLANS SAINTE HONORINE
GRDF;2024;G;782380000;Flins-sur-Seine (commune non irisée);PRO;;;A;secret;secret;;;;17X100A100A00028;FLINS SUR SEINE
GRDF;2024;G;783610103;Mozart Guynemer;PRO;;;A;secret;secret;;;;17X100A100A00028;MANTES LA JOLIE
GRDF;2024;G;783610117;Inter Marché;PRO;;;A;secret;secret;;;;17X100A100A00028;MANTES LA JOLIE
GRDF;2024;G;783610120;Les Martraits;PRO;;;A;secret;secret;;;;17X100A100A00028;MANTES LA JOLIE
GRDF;2024;G;784400103;Ferme de la Haye Nouvelle France Haye;PRO;;;A;72.16662;2;1;;0;17X100A100A00028;MUREAUX
GRDF;2024;G;786430101;Bas;PRO;;;A;69.99644;1;0;;0;17X100A100A00028;VERNOUILLET
GRDF;2024;G;786430103;Centre Haut;PRO;;;A;secret;secret;;;;17X100A100A00028;VERNOUILLET
GRDF;2024;G;786720000;Villennes-sur-Seine (commune non irisée);PRO;;;A;104.94265;2;1;;0;17X100A100A00028;VILLENNES SUR SEINE
GRDF;2024;G;780890000;Bonnières-sur-Seine (commune non irisée);PRO;;;A;secret;secret;;;;17X100A100A00028;BONNIERES SUR SEINE
GRDF;2024;G;782550000;Freneuse (commune non irisée);PRO;;;A;secret;secret;;;;17X100A100A00028;FRENEUSE
GRDF;2024;G;780030000;Ablis (commune non irisée);PRO;;;A;secret;secret;;;;17X100A100A00028;ABLIS
GRDF;2024;G;784860101;Périphérie;PRO;;;A;secret;secret;;;;17X100A100A00028;PERRAY EN YVELINES
GRDF;2024;G;785170101;Centre Forêt;PRO;;;A;58.85771;2;0.209539752735877;;0;17X100A100A00028;RAMBOUILLET
GRDF;2024;G;785170102;Dreyfus Pont Hardy;PRO;;;A;secret;secret;;;;17X100A100A00028;RAMBOUILLET
GRDF;2024;G;780480000;Bazainville (commune non irisée);PRO;;;A;secret;secret;;;;17X100A100A00028;BAZAINVILLE
GRDF;2024;G;781850000;Courgent (commune non irisée);PRO;;;A;secret;secret;;;;17X100A100A00028;COURGENT
GRDF;2024;G;784170000;Montchauvet (commune non irisée);PRO;;;A;secret;secret;;;;17X100A100A00028;MONTCHAUVET
GRDF;2024;G;784650000;Orgerus (commune non irisée);ENT;01;Culture et production animale, chasse et services annexes;A;375.26036;1;1;;0;17X100A100A00028;ORGERUS
GRDF;2024;G;781260106;La Jonchère;PRO;;;A;secret;secret;;;;17X100A100A00028;CELLE SAINT CLOUD
GRDF;2024;G;781580108;Saint-Antoine;PRO;;;A;secret;secret;;;;17X100A100A00028;CHESNAY ROCQUENCOURT
GRDF;2024;G;784550101;Le Parc et La Tuilerie;ENT;01;Culture et production animale, chasse et services annexes;A;341.60473;1;1;;0;17X100A100A00028;NOISY LE ROI
GRDF;2024;G;784550103;Les Résidences;PRO;;;A;secret;secret;;;;17X100A100A00028;NOISY LE ROI
GRDF;2024;G;785180000;Rennemoulin (commune non irisée);PRO;;;A;secret;secret;;;;17X100A100A00028;RENNEMOULIN
GRDF;2024;G;785450105;Quartier 5;PRO;;;A;secret;secret;;;;17X100A100A00028;SAINT CYR L ECOLE
GRDF;2024;G;786400103;Le Clos;PRO;;;A;secret;secret;;;;17X100A100A00028;VELIZY VILLACOUBLAY
GRDF;2024;G;786460304;Chantiers 4;PRO;;;A;secret;secret;;;;17X100A100A00028;VERSAILLES
GRDF;2024;G;786460406;Notre-Dame 6;PRO;;;A;81.63345;2;1;;0;17X100A100A00028;VERSAILLES
GRDF;2024;G;786460502;Clagny 2;PRO;;;A;80.07794;1;1;;0;17X100A100A00028;VERSAILLES
GRDF;2024;G;783890000;Méré (commune non irisée);ENT;01;Culture et production animale, chasse et services annexes;A;45.32838;1;1;;0;17X100A100A00028;MERE
GRDF;2024;G;785130000;La Queue-les-Yvelines (commune non irisée);PRO;;;A;152.87362;2;0.163282651382233;;0;17X100A100A00028;QUEUE LES YVELINES
GRDF;2024;G;912230103;Guinette 1;PRO;;;A;72.88938;1;0;;0;17X100A100A00028;ETAMPES
GRDF;2024;G;912230106;Saint-Martin Sud;PRO;;;A;secret;secret;;;;17X100A100A00028;ETAMPES
GRDF;2024;G;912230108;Saint-Martin;PRO;;;A;secret;secret;;;;17X100A100A00028;ETAMPES
GRDF;2024;G;915890111;Quartier 11;PRO;;;A;secret;secret;;;;17X100A100A00028;SAVIGNY SUR ORGE
GRDF;2024;G;912720105;Coudraies-Hacquinière-Abbaye;PRO;;;A;secret;secret;;;;17X100A100A00028;GIF SUR YVETTE
GRDF;2024;G;913450105;Émeraude;PRO;;;A;secret;secret;;;;17X100A100A00028;LONGJUMEAU
GRDF;2024;G;913630101;Ouest;PRO;;;A;secret;secret;;;;17X100A100A00028;MARCOUSSIS
GRDF;2024;G;913630102;Centre;PRO;;;A;secret;secret;;;;17X100A100A00028;MARCOUSSIS
GRDF;2024;G;913770106;Centre Ville;PRO;;;A;secret;secret;;;;17X100A100A00028;MASSY
GRDF;2024;G;914580000;Nozay (commune non irisée);PRO;;;A;secret;secret;;;;17X100A100A00028;NOZAY
GRDF;2024;G;91471XXXX;Iris fictif de la commune Orsay;PRO;;;A;secret;secret;;;;17X100A100A00028;ORSAY
GRDF;2024;G;914710103;Viaduc Est;PRO;;;A;secret;secret;;;;17X100A100A00028;ORSAY
GRDF;2024;G;914710104;Viaduc Ouest;PRO;;;A;secret;secret;;;;17X100A100A00028;ORSAY
GRDF;2024;G;914710105;Haut Guichet-Centre Ouest;PRO;;;A;64.97567;1;1;;0;17X100A100A00028;ORSAY
GRDF;2024;G;914710106;Bas Guichet Centre-Est;PRO;;;A;secret;secret;;;;17X100A100A00028;ORSAY
GRDF;2024;G;914770104;Centre Sud;PRO;;;A;secret;secret;;;;17X100A100A00028;PALAISEAU
GRDF;2024;G;914770106;Lozère;PRO;;;A;98.124;1;1;;0;17X100A100A00028;PALAISEAU
GRDF;2024;G;915340000;Saclay (commune non irisée);PRO;;;A;62.23442;4;1;;0;17X100A100A00028;SACLAY
GRDF;2024;G;915870000;Saulx-les-Chartreux (commune non irisée);PRO;;;A;secret;secret;;;;17X100A100A00028;SAULX LES CHARTREUX
GRDF;2024;G;916350000;Vauhallan (commune non irisée);PRO;;;A;173.88058;1;1;;0;17X100A100A00028;VAUHALLAN
GRDF;2024;G;916450101;Morte Rivière-Les Prés Bouchards;PRO;;;A;62.39259;1;0.789502727807901;;0;17X100A100A00028;VERRIERES LE BUISSON
GRDF;2024;G;916450103;Hôtel de Ville;PRO;;;A;secret;secret;;;;17X100A100A00028;VERRIERES LE BUISSON
GRDF;2024;G;916610103;La Roche;PRO;;;A;68.56431;3;1;;0;17X100A100A00028;VILLEBON SUR YVETTE
GRDF;2024;G;916790000;Villiers-le-Bâcle (commune non irisée);PRO;;;A;secret;secret;;;;17X100A100A00028;VILLIERS LE BACLE
GRDF;2024;G;916890000;Wissous (commune non irisée);PRO;;;A;secret;secret;;;;17X100A100A00028;WISSOUS
GRDF;2024;G;916920102;Bourgogne;PRO;;;A;secret;secret;;;;17X100A100A00028;ULIS
GRDF;2024;G;910210102;Centre;PRO;;;A;secret;secret;;;;17X100A100A00028;ARPAJON
GRDF;2024;G;910410000;Avrainville (commune non irisée);PRO;;;A;secret;secret;;;;17X100A100A00028;AVRAINVILLE
GRDF;2024;G;910410000;Avrainville (commune non irisée);ENT;01;Culture et production animale, chasse et services annexes;A;83.24082;1;1;;0;17X100A100A00028;AVRAINVILLE
GRDF;2024;G;91103XXXX;Iris fictif de la commune Brétigny-sur-Orge;ENT;01;Culture et production animale, chasse et services annexes;A;252.068;1;1;;0;17X100A100A00028;BRETIGNY SUR ORGE
GRDF;2024;G;911030103;Rosière;PRO;;;A;secret;secret;;;;17X100A100A00028;BRETIGNY SUR ORGE
GRDF;2024;G;911030104;Centre Ville;PRO;;;A;128.03646;1;1;;0;17X100A100A00028;BRETIGNY SUR ORGE
GRDF;2024;G;912350103;Prison et Reste;PRO;;;A;secret;secret;;;;17X100A100A00028;FLEURY MEROGIS
GRDF;2024;G;912920000;Guibeville (commune non irisée);PRO;;;A;secret;secret;;;;17X100A100A00028;GUIBEVILLE
GRDF;2024;G;913760000;Marolles-en-Hurepoix (commune non irisée);PRO;;;A;secret;secret;;;;17X100A100A00028;MAROLLES EN HUREPOIX
GRDF;2024;G;914340105;Compiègne;PRO;;;A;secret;secret;;;;17X100A100A00028;MORSANG SUR ORGE
GRDF;2024;G;915490104;Victor Hugo;PRO;;;A;secret;secret;;;;17X100A100A00028;SAINTE GENEVIEVE DES BOIS
GRDF;2024;G;915490109;Cocheris;PRO;;;A;secret;secret;;;;17X100A100A00028;SAINTE GENEVIEVE DES BOIS
GRDF;2024;G;915520103;Est;PRO;;;A;secret;secret;;;;17X100A100A00028;SAINT GERMAIN LES ARPAJON
GRDF;2024;G;911140102;Les Bords de L'Yerres;PRO;;;A;163.1631;1;1;;0;17X100A100A00028;BRUNOY
GRDF;2024;G;911140104;Les Deux Vallées;PRO;;;A;secret;secret;;;;17X100A100A00028;BRUNOY
GRDF;2024;G;912280118;Grand Bourg;PRO;;;A;secret;secret;;;;17X100A100A00028;EVRY COURCOURONNES
GRDF;2024;G;915210105;Centre 1;PRO;;;A;secret;secret;;;;17X100A100A00028;RIS ORANGIS
GRDF;2024;G;916000102;Le Bourg Centre;PRO;;;A;secret;secret;;;;17X100A100A00028;SOISY SUR SEINE
GRDF;2024;G;916000103;Les Bords de Seine;PRO;;;A;secret;secret;;;;17X100A100A00028;SOISY SUR SEINE
GRDF;2024;G;916170000;Tigery (commune non irisée);PRO;;;A;secret;secret;;;;17X100A100A00028;TIGERY
GRDF;2024;G;911860000;Courson-Monteloup (commune non irisée);PRO;;;A;secret;secret;;;;17X100A100A00028;COURSON MONTELOUP
GRDF;2024;G;912430000;Fontenay-lès-Briis (commune non irisée);PRO;;;A;53.9768;1;0.176332980095151;;0;17X100A100A00028;FONTENAY LES BRIIS
GRDF;2024;G;912430000;Fontenay-lès-Briis (commune non irisée);ENT;01;Culture et production animale, chasse et services annexes;A;144.46388;1;1;;0;17X100A100A00028;FONTENAY LES BRIIS
GRDF;2024;G;910690000;Boigneville (commune non irisée);PRO;;;A;66.47872;1;1;;0;17X100A100A00028;BOIGNEVILLE
GRDF;2024;G;911800000;Courances (commune non irisée);ENT;;;A;570.77647;1;1;;0;17X100A100A00028;COURANCES
GRDF;2024;G;914050000;Milly-la-Forêt (commune non irisée);PRO;;;A;71.90413;1;1;;0;17X100A100A00028;MILLY LA FORET
GRDF;2024;G;914050000;Milly-la-Forêt (commune non irisée);ENT;01;Culture et production animale, chasse et services annexes;A;688.827;1;1;;0;17X100A100A00028;MILLY LA FORET
GRDF;2024;G;915070000;Prunay-sur-Essonne (commune non irisée);ENT;01;Culture et production animale, chasse et services annexes;A;271.255;1;1;;0;17X100A100A00028;PRUNAY SUR ESSONNE
GRDF;2024;G;915990000;Soisy-sur-École (commune non irisée);ENT;01;Culture et production animale, chasse et services annexes;A;58.12674;1;1;;0;17X100A100A00028;SOISY SUR ECOLE
GRDF;2024;G;910370000;Auvernaux (commune non irisée);PRO;;;A;secret;secret;;;;17X100A100A00028;AUVERNAUX
GRDF;2024;G;910450000;Ballancourt-sur-Essonne (commune non irisée);PRO;;;A;secret;secret;;;;17X100A100A00028;BALLANCOURT SUR ESSONNE
GRDF;2024;G;911350000;Champcueil (commune non irisée);PRO;;;A;secret;secret;;;;17X100A100A00028;CHAMPCUEIL
GRDF;2024;G;912320000;La Ferté-Alais (commune non irisée);ENT;01;Culture et production animale, chasse et services annexes;A;78.77061;1;1;;0;17X100A100A00028;FERTE ALAIS
GRDF;2024;G;913860105;La Verville Ouest;PRO;;;A;secret;secret;;;;17X100A100A00028;MENNECY
GRDF;2024;G;914410000;Nainville-les-Roches (commune non irisée);PRO;;;A;secret;secret;;;;17X100A100A00028;NAINVILLE LES ROCHES
GRDF;2024;G;916480000;Vert-le-Grand (commune non irisée);PRO;;;A;secret;secret;;;;17X100A100A00028;VERT LE GRAND
GRDF;2024;G;910950000;Bouray-sur-Juine (commune non irisée);PRO;;;A;secret;secret;;;;17X100A100A00028;BOURAY SUR JUINE
GRDF;2024;G;911480000;Chauffour-lès-Étréchy (commune non irisée);PRO;;;A;secret;secret;;;;17X100A100A00028;CHAUFFOUR LES ETRECHY
GRDF;2024;G;913180000;Janville-sur-Juine (commune non irisée);PRO;;;A;secret;secret;;;;17X100A100A00028;JANVILLE SUR JUINE
GRDF;2024;G;913780000;Mauchamps (commune non irisée);PRO;;;A;secret;secret;;;;17X100A100A00028;MAUCHAMPS
GRDF;2024;G;911750000;Corbreuse (commune non irisée);PRO;;;A;secret;secret;;;;17X100A100A00028;CORBREUSE
GRDF;2024;G;912000102;La Croix Saint-Jacques;PRO;;;A;secret;secret;;;;17X100A100A00028;DOURDAN
GRDF;2024;G;912000104;Le Potelet;PRO;;;A;222.0774;1;0.443854124733088;;0;17X100A100A00028;DOURDAN
GRDF;2024;G;912840000;Les Granges-le-Roi (commune non irisée);PRO;;;A;secret;secret;;;;17X100A100A00028;GRANGES LE ROI
GRDF;2024;G;915250000;Roinville (commune non irisée);PRO;;;A;secret;secret;;;;17X100A100A00028;ROINVILLE
GRDF;2024;G;915400000;Saint-Chéron (commune non irisée);PRO;;;A;secret;secret;;;;17X100A100A00028;SAINT CHERON
GRDF;2024;G;920020102;Nouveau Cimetière;PRO;;;A;secret;secret;;;;17X100A100A00028;ANTONY
GRDF;2024;G;920020105;Croix de Berny;PRO;;;A;secret;secret;;;;17X100A100A00028;ANTONY
GRDF;2024;G;920020203;Chemin de Fer;PRO;;;A;secret;secret;;;;17X100A100A00028;ANTONY
GRDF;2024;G;920020203;Chemin de Fer;ENT;01;Culture et production animale, chasse et services annexes;A;87.48435;1;0.397785661092526;;0;17X100A100A00028;ANTONY
GRDF;2024;G;920020406;Bas Graviers;PRO;;;A;secret;secret;;;;17X100A100A00028;ANTONY
GRDF;2024;G;920040305;Philosophes III;PRO;;;A;secret;secret;;;;17X100A100A00028;ASNIERES SUR SEINE
GRDF;2024;G;920070102;Quartier 2;PRO;;;A;secret;secret;;;;17X100A100A00028;BAGNEUX
GRDF;2024;G;920190110;Voltaire;PRO;;;A;secret;secret;;;;17X100A100A00028;CHATENAY MALABRY
GRDF;2024;G;920200107;Marcel Doret;PRO;;;A;secret;secret;;;;17X100A100A00028;CHATILLON
GRDF;2024;G;920200108;Ponceau;PRO;;;A;secret;secret;;;;17X100A100A00028;CHATILLON
GRDF;2024;G;920230102;Centre Ville 2;PRO;;;A;secret;secret;;;;17X100A100A00028;CLAMART
GRDF;2024;G;920230105;Centre Ville 5;PRO;;;A;secret;secret;;;;17X100A100A00028;CLAMART
GRDF;2024;G;920230202;Percy 2;PRO;;;A;secret;secret;;;;17X100A100A00028;CLAMART
GRDF;2024;G;920230303;La Gare 3;PRO;;;A;74.74491;2;1;;0;17X100A100A00028;CLAMART
GRDF;2024;G;920230506;Petit Clamart 6;PRO;;;A;119.17607;2;1;;0;17X100A100A00028;CLAMART
GRDF;2024;G;920230507;Petit Clamart 7;PRO;;;A;137.77156;2;1;;0;17X100A100A00028;CLAMART
GRDF;2024;G;920250102;Marceau-Champarons;PRO;;;A;secret;secret;;;;17X100A100A00028;COLOMBES
GRDF;2024;G;920250109;Henri Barbusse Sud;PRO;;;A;72.63871;1;1;;0;17X100A100A00028;COLOMBES
GRDF;2024;G;920250304;Gabriel Péri-Îlot 26;PRO;;;A;secret;secret;;;;17X100A100A00028;COLOMBES
GRDF;2024;G;920260503;Essling;PRO;;;A;secret;secret;;;;17X100A100A00028;COURBEVOIE
GRDF;2024;G;920320101;Scarron;PRO;;;A;secret;secret;;;;17X100A100A00028;FONTENAY AUX ROSES
GRDF;2024;G;920320107;Pervenches;PRO;;;A;88.12901;1;1;;0;17X100A100A00028;FONTENAY AUX ROSES
GRDF;2024;G;920320110;Renards;PRO;;;A;secret;secret;;;;17X100A100A00028;FONTENAY AUX ROSES
GRDF;2024;G;920350110;Château Ridel;PRO;;;A;secret;secret;;;;17X100A100A00028;GARENNE COLOMBES
GRDF;2024;G;920400202;Espaces Jeunes;PRO;;;A;secret;secret;;;;17X100A100A00028;ISSY LES MOULINEAUX
GRDF;2024;G;920400403;Verdi;PRO;;;A;secret;secret;;;;17X100A100A00028;ISSY LES MOULINEAUX
GRDF;2024;G;920440115;Villiers-L. Michel 2;PRO;;;A;83.96459;1;1;;0;17X100A100A00028;LEVALLOIS PERRET
GRDF;2024;G;920440117;Henri Barbusse 2;PRO;;;A;secret;secret;;;;17X100A100A00028;LEVALLOIS PERRET
GRDF;2024;G;920460105;Centre;PRO;;;A;secret;secret;;;;17X100A100A00028;MALAKOFF
GRDF;2024;G;920460106;Les Fosses Rouges;PRO;;;A;secret;secret;;;;17X100A100A00028;MALAKOFF
GRDF;2024;G;920460111;Le Clos;PRO;;;A;secret;secret;;;;17X100A100A00028;MALAKOFF
GRDF;2024;G;920480102;Meudon la Forêt 2;PRO;;;A;116.45574;1;1;;0;17X100A100A00028;MEUDON
GRDF;2024;G;920480205;Le Centre 1;PRO;;;A;166.64108;1;0;;0;17X100A100A00028;MEUDON
GRDF;2024;G;920480210;Le Centre 3;PRO;;;A;109.56912;1;1;;0;17X100A100A00028;MEUDON
GRDF;2024;G;920490110;Aristide Briand;PRO;;;A;secret;secret;;;;17X100A100A00028;MONTROUGE
GRDF;2024;G;920500302;Goulvents;PRO;;;A;57.26432;1;1;;0;17X100A100A00028;NANTERRE
GRDF;2024;G;920510102;Saint-James Madrid 1;PRO;;;A;secret;secret;;;;17X100A100A00028;NEUILLY SUR SEINE
GRDF;2024;G;920510401;Parc de Neuilly 1;PRO;;;A;secret;secret;;;;17X100A100A00028;NEUILLY SUR SEINE
GRDF;2024;G;920510402;Parc de Neuilly 2;PRO;;;A;secret;secret;;;;17X100A100A00028;NEUILLY SUR SEINE
GRDF;2024;G;920510403;Parc de Neuilly 3;PRO;;;A;secret;secret;;;;17X100A100A00028;NEUILLY SUR SEINE
GRDF;2024;G;920510409;Parc de Neuilly 9;PRO;;;A;secret;secret;;;;17X100A100A00028;NEUILLY SUR SEINE
GRDF;2024;G;920620301;Wallace 3;PRO;;;A;85.67057;1;1;;0;17X100A100A00028;PUTEAUX
GRDF;2024;G;920620403;Jaurès;PRO;;;A;secret;secret;;;;17X100A100A00028;PUTEAUX
GRDF;2024;G;920640102;Val d'Or 1;PRO;;;A;secret;secret;;;;17X100A100A00028;SAINT CLOUD
GRDF;2024;G;920640109;Montretout 3;PRO;;;A;secret;secret;;;;17X100A100A00028;SAINT CLOUD
GRDF;2024;G;920720102;Bruyères Postillons Jaurès Val Allard;PRO;;;A;secret;secret;;;;17X100A100A00028;SEVRES
GRDF;2024;G;920720109;Monesse Croix Bosset;PRO;;;A;secret;secret;;;;17X100A100A00028;SEVRES
GRDF;2024;G;920760104;Château de Vaucresson;PRO;;;A;secret;secret;;;;17X100A100A00028;VAUCRESSON
GRDF;2024;G;930010902;Roosevelt;PRO;;;A;83.13492;1;1;;0;17X100A100A00028;AUBERVILLIERS
GRDF;2024;G;930011201;Victor Hugo;PRO;;;A;secret;secret;;;;17X100A100A00028;AUBERVILLIERS
GRDF;2024;G;930050304;Nonneville 4;PRO;;;A;secret;secret;;;;17X100A100A00028;AULNAY SOUS BOIS
GRDF;2024;G;930050901;Anatole France 1;PRO;;;A;secret;secret;;;;17X100A100A00028;AULNAY SOUS BOIS
GRDF;2024;G;930050902;Anatole France 2;PRO;;;A;51.53253;1;0;;0;17X100A100A00028;AULNAY SOUS BOIS
GRDF;2024;G;930060101;Iris 1;PRO;;;A;secret;secret;;;;17X100A100A00028;BAGNOLET
GRDF;2024;G;930070113;Iris 11;PRO;;;A;secret;secret;;;;17X100A100A00028;BLANC MESNIL
GRDF;2024;G;930070119;Iris 16;PRO;;;A;secret;secret;;;;17X100A100A00028;BLANC MESNIL
GRDF;2024;G;930080102;Bourse du Travail 1;PRO;;;A;secret;secret;;;;17X100A100A00028;BOBIGNY
GRDF;2024;G;930080110;Édouard Vaillant 5;PRO;;;A;59.20281;1;1;;0;17X100A100A00028;BOBIGNY
GRDF;2024;G;930140111;Iris 10;PRO;;;A;secret;secret;;;;17X100A100A00028;CLICHY SOUS BOIS
GRDF;2024;G;930140112;Iris 11;PRO;;;A;secret;secret;;;;17X100A100A00028;CLICHY SOUS BOIS
GRDF;2024;G;930290704;Petit Drancy 4;PRO;;;A;99.86877;1;1;;0;17X100A100A00028;DRANCY
GRDF;2024;G;930310104;Iris 4;PRO;;;A;secret;secret;;;;17X100A100A00028;EPINAY SUR SEINE
GRDF;2024;G;930310202;Iris 6;PRO;;;A;secret;secret;;;;17X100A100A00028;EPINAY SUR SEINE
GRDF;2024;G;930320109;Iris 0109;PRO;;;A;secret;secret;;;;17X100A100A00028;GAGNY
GRDF;2024;G;930320115;Iris 0115;PRO;;;A;secret;secret;;;;17X100A100A00028;GAGNY
GRDF;2024;G;930330103;Iris 0103;PRO;;;A;secret;secret;;;;17X100A100A00028;GOURNAY SUR MARNE
GRDF;2024;G;930390102;Centre;PRO;;;A;secret;secret;;;;17X100A100A00028;ILE SAINT DENIS
GRDF;2024;G;930450101;L'Avenir;PRO;;;A;secret;secret;;;;17X100A100A00028;LILAS
GRDF;2024;G;930450107;Jalancloud;PRO;;;A;secret;secret;;;;17X100A100A00028;LILAS
GRDF;2024;G;930460102;Iris 2;PRO;;;A;secret;secret;;;;17X100A100A00028;LIVRY GARGAN
GRDF;2024;G;930480103;Bas Montreuil Ouest 3;PRO;;;A;secret;secret;;;;17X100A100A00028;MONTREUIL
GRDF;2024;G;930480202;Bas Montreuil Est 2;PRO;;;A;secret;secret;;;;17X100A100A00028;MONTREUIL
GRDF;2024;G;930480206;Bas Montreuil Est 6;PRO;;;A;secret;secret;;;;17X100A100A00028;MONTREUIL
GRDF;2024;G;930480601;Centre Ville Jean Moulin Espoir 1;PRO;;;A;secret;secret;;;;17X100A100A00028;MONTREUIL
GRDF;2024;G;930480602;Centre Ville Jean Moulin Espoir 2;PRO;;;A;secret;secret;;;;17X100A100A00028;MONTREUIL
GRDF;2024;G;930480702;Paul Signac Murs à Pêches 2;PRO;;;A;secret;secret;;;;17X100A100A00028;MONTREUIL
GRDF;2024;G;930481001;Branly Boissière 1;PRO;;;A;62.4367;1;1;;0;17X100A100A00028;MONTREUIL
GRDF;2024;G;930490104;Bois de Neuilly;PRO;;;A;secret;secret;;;;17X100A100A00028;NEUILLY PLAISANCE
GRDF;2024;G;930490108;Église;PRO;;;A;secret;secret;;;;17X100A100A00028;NEUILLY PLAISANCE
GRDF;2024;G;930490109;Centre;PRO;;;A;secret;secret;;;;17X100A100A00028;NEUILLY PLAISANCE
GRDF;2024;G;930500113;Iris 13;PRO;;;A;secret;secret;;;;17X100A100A00028;NEUILLY SUR MARNE
GRDF;2024;G;930510101;Centre Ville 1;PRO;;;A;secret;secret;;;;17X100A100A00028;NOISY LE GRAND
GRDF;2024;G;930510502;Les Coteaux 2;PRO;;;A;secret;secret;;;;17X100A100A00028;NOISY LE GRAND
GRDF;2024;G;930530103;Merlan;PRO;;;A;secret;secret;;;;17X100A100A00028;NOISY LE SEC
GRDF;2024;G;930530117;Zone Industrielle;PRO;;;A;secret;secret;;;;17X100A100A00028;NOISY LE SEC
GRDF;2024;G;930550402;Petit Pantin;PRO;;;A;secret;secret;;;;17X100A100A00028;PANTIN
GRDF;2024;G;930550502;Quatre Chemins-Sainte-Marthe;PRO;;;A;secret;secret;;;;17X100A100A00028;PANTIN
GRDF;2024;G;930610103;Stalingrad;PRO;;;A;secret;secret;;;;17X100A100A00028;PRE SAINT GERVAIS
GRDF;2024;G;930630105;Centre;PRO;;;A;secret;secret;;;;17X100A100A00028;ROMAINVILLE
GRDF;2024;G;930630108;Grands Champs 01;PRO;;;A;58.14344;2;1;;0;17X100A100A00028;ROMAINVILLE
GRDF;2024;G;930660201;Peri Langevin Stalingrad Politzer 01;PRO;;;A;145.75967;1;0;;0;17X100A100A00028;SAINT DENIS
GRDF;2024;G;930660504;Mutuelle Champ de Courses 04;PRO;;;A;62.64762;2;0.917792088510305;;0;17X100A100A00028;SAINT DENIS
GRDF;2024;G;930700103;Secteur 3;PRO;;;A;secret;secret;;;;17X100A100A00028;SAINT OUEN SUR SEINE
GRDF;2024;G;930700108;Secteur 8;PRO;;;A;secret;secret;;;;17X100A100A00028;SAINT OUEN SUR SEINE
GRDF;2024;G;930700116;Secteur 16;PRO;;;A;secret;secret;;;;17X100A100A00028;SAINT OUEN SUR SEINE
GRDF;2024;G;930710117;Perrin 2;PRO;;;A;secret;secret;;;;17X100A100A00028;SEVRAN
GRDF;2024;G;930710119;Freinville;PRO;;;A;secret;secret;;;;17X100A100A00028;SEVRAN
GRDF;2024;G;930730101;Centre Activités Charles de Gaulle;PRO;;;A;secret;secret;;;;17X100A100A00028;TREMBLAY EN FRANCE
GRDF;2024;G;930740101;Vert Galant Grand Cerf;PRO;;;A;secret;secret;;;;17X100A100A00028;VAUJOURS
GRDF;2024;G;940010000;Ablon-sur-Seine (commune non irisée);PRO;;;A;secret;secret;;;;17X100A100A00028;ABLON SUR SEINE
GRDF;2024;G;940020101;Chinagora Berthelot;PRO;;;A;secret;secret;;;;17X100A100A00028;ALFORTVILLE
GRDF;2024;G;940020102;Tony Garnier Soladier;PRO;;;A;secret;secret;;;;17X100A100A00028;ALFORTVILLE
GRDF;2024;G;940030107;Jules Ferry 2;PRO;;;A;secret;secret;;;;17X100A100A00028;ARCUEIL
GRDF;2024;G;94004XXXX;Iris fictif de la commune Boissy-Saint-Léger;ENT;01;Culture et production animale, chasse et services annexes;A;669.01054;1;1;;0;17X100A100A00028;BOISSY SAINT LEGER
GRDF;2024;G;940040106;Bois Clary;PRO;;;A;179.19731;4;1;;0;17X100A100A00028;BOISSY SAINT LEGER
GRDF;2024;G;940110103;Haut Bonneuil;PRO;;;A;secret;secret;;;;17X100A100A00028;BONNEUIL SUR MARNE
GRDF;2024;G;940150103;Centre Ancien;PRO;;;A;secret;secret;;;;17X100A100A00028;BRY SUR MARNE
GRDF;2024;G;940160103;Coteau 1;PRO;;;A;secret;secret;;;;17X100A100A00028;CACHAN
GRDF;2024;G;940160104;Centre Ville 2;PRO;;;A;secret;secret;;;;17X100A100A00028;CACHAN
GRDF;2024;G;940160110;Grange-Ory Lumières 1;PRO;;;A;66.51829;1;1;;0;17X100A100A00028;CACHAN
GRDF;2024;G;940170201;Plant 1;PRO;;;A;53.0123;1;1;;0;17X100A100A00028;CHAMPIGNY SUR MARNE
GRDF;2024;G;940170701;Quatre Cités 1;PRO;;;A;57.37757;1;1;;0;17X100A100A00028;CHAMPIGNY SUR MARNE
GRDF;2024;G;940180101;Centre Ville;PRO;;;A;secret;secret;;;;17X100A100A00028;CHARENTON LE PONT
GRDF;2024;G;940180103;Plateau;PRO;;;A;51.51123;1;1;;0;17X100A100A00028;CHARENTON LE PONT
GRDF;2024;G;940220109;Choisy Nord I;PRO;;;A;secret;secret;;;;17X100A100A00028;CHOISY LE ROI
GRDF;2024;G;940280104;Île Sainte-Catherine;PRO;;;A;secret;secret;;;;17X100A100A00028;CRETEIL
GRDF;2024;G;940280403;Abbaye;PRO;;;A;secret;secret;;;;17X100A100A00028;CRETEIL
GRDF;2024;G;940330103;Plateau;PRO;;;A;secret;secret;;;;17X100A100A00028;FONTENAY SOUS BOIS
GRDF;2024;G;940330109;Les Alouettes;PRO;;;A;secret;secret;;;;17X100A100A00028;FONTENAY SOUS BOIS
GRDF;2024;G;940330119;Roublot 2;PRO;;;A;secret;secret;;;;17X100A100A00028;FONTENAY SOUS BOIS
GRDF;2024;G;940340108;Vallée aux Renards;PRO;;;A;secret;secret;;;;17X100A100A00028;FRESNES
GRDF;2024;G;940370103;Victor Hugo;PRO;;;A;76.28872;1;1;;0;17X100A100A00028;GENTILLY
GRDF;2024;G;940370106;Chaperon Vert;PRO;;;A;secret;secret;;;;17X100A100A00028;GENTILLY
GRDF;2024;G;940370108;Reine Blanche 2;PRO;;;A;secret;secret;;;;17X100A100A00028;GENTILLY
GRDF;2024;G;940380107;Centre 2;PRO;;;A;secret;secret;;;;17X100A100A00028;HAY LES ROSES
GRDF;2024;G;940410207;Mirabeau;PRO;;;A;secret;secret;;;;17X100A100A00028;IVRY SUR SEINE
GRDF;2024;G;940410208;Danton Ouest;PRO;;;A;secret;secret;;;;17X100A100A00028;IVRY SUR SEINE
GRDF;2024;G;940420107;Oudinot;PRO;;;A;secret;secret;;;;17X100A100A00028;JOINVILLE LE PONT
GRDF;2024;G;940440101;Les Varennes;PRO;;;A;secret;secret;;;;17X100A100A00028;LIMEIL BREVANNES
GRDF;2024;G;940460103;Centre Vert de Maison 3;PRO;;;A;55.34702;1;1;;0;17X100A100A00028;MAISONS ALFORT
GRDF;2024;G;940460104;Centre Vert de Maison 4;PRO;;;A;80.02741;1;0.181926792332776;;0;17X100A100A00028;MAISONS ALFORT
GRDF;2024;G;940470000;Mandres-les-Roses (commune non irisée);PRO;;;A;201.93698;8;0.407484602374463;;0;17X100A100A00028;MANDRES LES ROSES
GRDF;2024;G;940470000;Mandres-les-Roses (commune non irisée);ENT;01;Culture et production animale, chasse et services annexes;A;3926.99948;5;1;;0;17X100A100A00028;MANDRES LES ROSES
GRDF;2024;G;940480102;Vieux Village-Murs du Parc;PRO;;;A;537.90929;8;0.843680446567487;;0;17X100A100A00028;MAROLLES EN BRIE
GRDF;2024;G;940520107;La Sous-Préfecture;PRO;;;A;secret;secret;;;;17X100A100A00028;NOGENT SUR MARNE
GRDF;2024;G;940520108;Baltard;PRO;;;A;secret;secret;;;;17X100A100A00028;NOGENT SUR MARNE
GRDF;2024;G;940520109;Bois de Vincennes;PRO;;;A;77.74837;1;0;;0;17X100A100A00028;NOGENT SUR MARNE
GRDF;2024;G;940520111;Les Hauts de Nogent;PRO;;;A;secret;secret;;;;17X100A100A00028;NOGENT SUR MARNE
GRDF;2024;G;940550105;Ouest;PRO;;;A;secret;secret;;;;17X100A100A00028;ORMESSON SUR MARNE
GRDF;2024;G;940560000;Périgny (commune non irisée);PRO;;;A;178.26786;2;0.0762194598622544;;0;17X100A100A00028;PERIGNY
GRDF;2024;G;940560000;Périgny (commune non irisée);ENT;01;Culture et production animale, chasse et services annexes;A;287.4376;1;1;;0;17X100A100A00028;PERIGNY
GRDF;2024;G;940580103;Les Parclairs;PRO;;;A;secret;secret;;;;17X100A100A00028;PERREUX SUR MARNE
GRDF;2024;G;940580107;La Prairie des Presles;PRO;;;A;secret;secret;;;;17X100A100A00028;PERREUX SUR MARNE
GRDF;2024;G;940580109;Les Siams;PRO;;;A;secret;secret;;;;17X100A100A00028;PERREUX SUR MARNE
GRDF;2024;G;940580110;L'Orage;PRO;;;A;secret;secret;;;;17X100A100A00028;PERREUX SUR MARNE
GRDF;2024;G;940590104;Marbeau-Cœuilly;PRO;;;A;secret;secret;;;;17X100A100A00028;PLESSIS TREVISE
GRDF;2024;G;940590105;Saint-Pierre-Kiffer;PRO;;;A;secret;secret;;;;17X100A100A00028;PLESSIS TREVISE
GRDF;2024;G;940600103;L'Hermitage;PRO;;;A;secret;secret;;;;17X100A100A00028;QUEUE EN BRIE
GRDF;2024;G;940670109;Daumesnil;PRO;;;A;secret;secret;;;;17X100A100A00028;SAINT MANDE
GRDF;2024;G;940680103;Adamville 3;PRO;;;A;secret;secret;;;;17X100A100A00028;SAINT MAUR DES FOSSES
GRDF;2024;G;940680108;Adamville 8;PRO;;;A;secret;secret;;;;17X100A100A00028;SAINT MAUR DES FOSSES
GRDF;2024;G;940680109;Adamville 9;PRO;;;A;secret;secret;;;;17X100A100A00028;SAINT MAUR DES FOSSES
GRDF;2024;G;940680302;Le Parc Saint-Maur 2;PRO;;;A;secret;secret;;;;17X100A100A00028;SAINT MAUR DES FOSSES
GRDF;2024;G;940680402;Champignol 2;PRO;;;A;64.63593;2;1;;0;17X100A100A00028;SAINT MAUR DES FOSSES
GRDF;2024;G;940680504;La Varenne 4;PRO;;;A;secret;secret;;;;17X100A100A00028;SAINT MAUR DES FOSSES
GRDF;2024;G;940680505;La Varenne 5;PRO;;;A;secret;secret;;;;17X100A100A00028;SAINT MAUR DES FOSSES
GRDF;2024;G;940680601;Les Mûriers 1;PRO;;;A;secret;secret;;;;17X100A100A00028;SAINT MAUR DES FOSSES
GRDF;2024;G;940680602;Les Mûriers 2;PRO;;;A;secret;secret;;;;17X100A100A00028;SAINT MAUR DES FOSSES
GRDF;2024;G;940680702;La Pie 2;PRO;;;A;secret;secret;;;;17X100A100A00028;SAINT MAUR DES FOSSES
GRDF;2024;G;940690102;Ouest Quartier du Plateau;PRO;;;A;secret;secret;;;;17X100A100A00028;SAINT MAURICE
GRDF;2024;G;940730108;Les Saules;PRO;;;A;secret;secret;;;;17X100A100A00028;THIAIS
GRDF;2024;G;940760103;Esselières;PRO;;;A;secret;secret;;;;17X100A100A00028;VILLEJUIF
GRDF;2024;G;940760107;Zola;PRO;;;A;secret;secret;;;;17X100A100A00028;VILLEJUIF
GRDF;2024;G;940760110;Vaux de Rome;PRO;;;A;secret;secret;;;;17X100A100A00028;VILLEJUIF
GRDF;2024;G;940800101;Centre Nord 1;PRO;;;A;secret;secret;;;;17X100A100A00028;VINCENNES
GRDF;2024;G;940800104;Centre Nord 4;PRO;;;A;secret;secret;;;;17X100A100A00028;VINCENNES
GRDF;2024;G;940810211;Édouard Tremblay;PRO;;;A;secret;secret;;;;17X100A100A00028;VITRY SUR SEINE
GRDF;2024;G;950020000;Ableiges (commune non irisée);PRO;;;A;secret;secret;;;;17X100A100A00028;ABLEIGES
GRDF;2024;G;951420000;Chars (commune non irisée);PRO;;;A;secret;secret;;;;17X100A100A00028;CHARS
GRDF;2024;G;952540000;Frémécourt (commune non irisée);PRO;;;A;secret;secret;;;;17X100A100A00028;FREMECOURT
GRDF;2024;G;954590000;Nucourt (commune non irisée);PRO;;;A;secret;secret;;;;17X100A100A00028;NUCOURT
GRDF;2024;G;950190101;Cottage;PRO;;;A;67.25169;2;0.619614466194083;;0;17X100A100A00028;ARNOUVILLE
GRDF;2024;G;950190102;Gare;PRO;;;A;67.03301;1;1;;0;17X100A100A00028;ARNOUVILLE
GRDF;2024;G;952680106;Dame Blanche Ouest 1;PRO;;;A;secret;secret;;;;17X100A100A00028;GARGES LES GONESSE
GRDF;2024;G;953510103;Louvres Sud et Est;PRO;;;A;155.42559;2;1;;0;17X100A100A00028;LOUVRES
GRDF;2024;G;956120000;Le Thillay (commune non irisée);PRO;;;A;138.26865;1;1;;0;17X100A100A00028;THILLAY
GRDF;2024;G;950280000;Attainville (commune non irisée);PRO;;;A;secret;secret;;;;17X100A100A00028;ATTAINVILLE
GRDF;2024;G;950910101;Village;PRO;;;A;secret;secret;;;;17X100A100A00028;BOUFFEMONT
GRDF;2024;G;951990107;Quartier d'Ombreval;PRO;;;A;secret;secret;;;;17X100A100A00028;DOMONT
GRDF;2024;G;952290103;Gare;PRO;;;A;secret;secret;;;;17X100A100A00028;EZANVILLE
GRDF;2024;G;952880102;Hérondeaux;PRO;;;A;secret;secret;;;;17X100A100A00028;GROSLAY
GRDF;2024;G;954280203;Centre Montmorency Nord;PRO;;;A;secret;secret;;;;17X100A100A00028;MONTMORENCY
GRDF;2024;G;955390102;Centre Ville;PRO;;;A;secret;secret;;;;17X100A100A00028;SAINT BRICE SOUS FORET
GRDF;2024;G;955980107;Petit Lac-Plaine Gavinot;PRO;;;A;secret;secret;;;;17X100A100A00028;SOISY SOUS MONTMORENCY
GRDF;2024;G;950600102;Base Aérienne;PRO;;;A;73.00885;2;1;;0;17X100A100A00028;BESSANCOURT
GRDF;2024;G;951760101;Haut et Centre;PRO;;;A;secret;secret;;;;17X100A100A00028;CORMEILLES EN PARISIS
GRDF;2024;G;951760103;Carrière-Bois Rochefort;PRO;;;A;secret;secret;;;;17X100A100A00028;CORMEILLES EN PARISIS
GRDF;2024;G;951760103;Carrière-Bois Rochefort;ENT;01;Culture et production animale, chasse et services annexes;A;867.7902;1;1;;0;17X100A100A00028;CORMEILLES EN PARISIS
GRDF;2024;G;953060102;Les Courlains-Les Cailloux Gris;ENT;01;Culture et production animale, chasse et services annexes;A;391.2976;1;1;;0;17X100A100A00028;HERBLAY SUR SEINE
GRDF;2024;G;954880102;Centre Ville;PRO;;;A;secret;secret;;;;17X100A100A00028;PIERRELAYE
GRDF;2024;G;956070113;Centre Ancien Est;PRO;;;A;secret;secret;;;;17X100A100A00028;TAVERNY
GRDF;2024;G;950420000;Baillet-en-France (commune non irisée);PRO;;;A;secret;secret;;;;17X100A100A00028;BAILLET EN FRANCE
GRDF;2024;G;950550000;Bellefontaine (commune non irisée);PRO;;;A;secret;secret;;;;17X100A100A00028;BELLEFONTAINE
GRDF;2024;G;950560000;Belloy-en-France (commune non irisée);ENT;01;Culture et production animale, chasse et services annexes;A;85.45677;1;1;;0;17X100A100A00028;BELLOY EN FRANCE
GRDF;2024;G;951490000;Chaumontel (commune non irisée);PRO;;;A;secret;secret;;;;17X100A100A00028;CHAUMONTEL
GRDF;2024;G;955940000;Seugy (commune non irisée);PRO;;;A;secret;secret;;;;17X100A100A00028;SEUGY
GRDF;2024;G;956520000;Viarmes (commune non irisée);PRO;;;A;secret;secret;;;;17X100A100A00028;VIARMES
GRDF;2024;G;951270101;Clairières-Châteaux-Zone Agricole;ENT;01;Culture et production animale, chasse et services annexes;A;241.86105;1;1;;0;17X100A100A00028;CERGY
GRDF;2024;G;951270106;Port Ham-Village;PRO;;;A;secret;secret;;;;17X100A100A00028;CERGY
GRDF;2024;G;955000801;Les Cordeliers;PRO;;;A;secret;secret;;;;17X100A100A00028;PONTOISE
GRDF;2024;G;955720103;Lycée-Île-de-France-Prés Saint-Ouen;PRO;;;A;secret;secret;;;;17X100A100A00028;SAINT OUEN L AUMONE
GRDF;2024;G;951200000;Butry-sur-Oise (commune non irisée);ENT;01;Culture et production animale, chasse et services annexes;A;125.91349;1;1;;0;17X100A100A00028;BUTRY SUR OISE
GRDF;2024;G;952110000;Ennery (commune non irisée);PRO;;;A;secret;secret;;;;17X100A100A00028;ENNERY
GRDF;2024;G;952710000;Génicourt (commune non irisée);PRO;;;A;secret;secret;;;;17X100A100A00028;GENICOURT
GRDF;2024;G;950610000;Béthemont-la-Forêt (commune non irisée);PRO;;;A;secret;secret;;;;17X100A100A00028;BETHEMONT LA FORET
GRDF;2024;G;954800101;Nord;PRO;;;A;secret;secret;;;;17X100A100A00028;PARMAIN
GRDF;2024;G;950520103;Est;PRO;;;A;secret;secret;;;;17X100A100A00028;BEAUMONT SUR OISE
GRDF;2024;G;951340000;Champagne-sur-Oise (commune non irisée);PRO;;;A;secret;secret;;;;17X100A100A00028;CHAMPAGNE SUR OISE
GRDF;2024;G;953090000;Hodent (commune non irisée);ENT;01;Culture et production animale, chasse et services annexes;A;282.19877;1;1;;0;17X100A100A00028;HODENT
GRDF;2024;G;180670000;Clémont (commune non irisée);PRO;;;A;557.249;1;1;;0;17X100A100A00028;CLEMONT
GRDF;2024;G;181970102;Centre Ville;PRO;;;A;85.22714;1;1;;0;17X100A100A00028;SAINT AMAND MONTROND
GRDF;2024;G;181970104;Périphérie des Écarts;PRO;;;A;secret;secret;;;;17X100A100A00028;SAINT AMAND MONTROND
GRDF;2024;G;181450000;Menetou-Salon (commune non irisée);PRO;;;A;94.92966;2;1;;0;17X100A100A00028;MENETOU SALON
GRDF;2024;G;181580000;Moulins-sur-Yèvre (commune non irisée);ENT;01;Culture et production animale, chasse et services annexes;A;161.19655;1;0;;0;17X100A100A00028;MOULINS SUR YEVRE
GRDF;2024;G;181940000;Rians (commune non irisée);PRO;;;A;204.32929;3;1;;0;17X100A100A00028;RIANS
GRDF;2024;G;182230000;Saint-Martin-d'Auxigny (commune non irisée);PRO;;;A;secret;secret;;;;17X100A100A00028;SAINT MARTIN D AUXIGNY
GRDF;2024;G;182290000;Saint-Palais (commune non irisée);PRO;;;A;secret;secret;;;;17X100A100A00028;SAINT PALAIS
GRDF;2024;G;181340000;Lury-sur-Arnon (commune non irisée);PRO;;;A;secret;secret;;;;17X100A100A00028;LURY SUR ARNON
GRDF;2024;G;180960000;Foëcy (commune non irisée);PRO;;;A;117.92318;4;1;;0;17X100A100A00028;FOECY
GRDF;2024;G;181030000;Graçay (commune non irisée);PRO;;;A;secret;secret;;;;17X100A100A00028;GRACAY
GRDF;2024;G;181030000;Graçay (commune non irisée);ENT;01;Culture et production animale, chasse et services annexes;A;182.547;1;1;;0;17X100A100A00028;GRACAY
GRDF;2024;G;181670000;Nohant-en-Graçay (commune non irisée);PRO;;;A;secret;secret;;;;17X100A100A00028;NOHANT EN GRACAY
GRDF;2024;G;182790301;Vieux Domaine-Forges;PRO;;;A;secret;secret;;;;17X100A100A00028;VIERZON
GRDF;2024;G;182790502;Bourgneuf 2;ENT;01;Culture et production animale, chasse et services annexes;A;959.17259;1;1;;0;17X100A100A00028;VIERZON
GRDF;2024;G;182790601;Villages;PRO;;;A;secret;secret;;;;17X100A100A00028;VIERZON
GRDF;2024;G;182790701;Bois Marteau-Grelet;PRO;;;A;secret;secret;;;;17X100A100A00028;VIERZON
GRDF;2024;G;181660000;Nohant-en-Goût (commune non irisée);ENT;01;Culture et production animale, chasse et services annexes;A;1348.86732;1;1;;0;17X100A100A00028;NOHANT EN GOUT
GRDF;2024;G;182470000;Savigny-en-Septaine (commune non irisée);PRO;;;A;secret;secret;;;;17X100A100A00028;SAVIGNY EN SEPTAINE
GRDF;2024;G;182420000;Sancoins (commune non irisée);ENT;01;Culture et production animale, chasse et services annexes;A;811.36816;2;1;;0;17X100A100A00028;SANCOINS
GRDF;2024;G;181330000;Lunery (commune non irisée);PRO;;;A;263.87971;1;1;;0;17X100A100A00028;LUNERY
GRDF;2024;G;181880000;Primelles (commune non irisée);PRO;;;A;secret;secret;;;;17X100A100A00028;PRIMELLES
GRDF;2024;G;182070000;Saint-Florent-sur-Cher (commune non irisée);PRO;;;A;secret;secret;;;;17X100A100A00028;SAINT FLORENT SUR CHER
GRDF;2024;G;180331302;Val d'Auron 2;PRO;;;A;secret;secret;;;;17X100A100A00028;BOURGES
GRDF;2024;G;180331501;Asnières;PRO;;;A;secret;secret;;;;17X100A100A00028;BOURGES
GRDF;2024;G;181410000;Mehun-sur-Yèvre (commune non irisée);PRO;;;A;secret;secret;;;;17X100A100A00028;MEHUN SUR YEVRE
GRDF;2024;G;181800000;Plaimpied-Givaudins (commune non irisée);ENT;01;Culture et production animale, chasse et services annexes;A;682.047;1;1;;0;17X100A100A00028;PLAIMPIED GIVAUDINS
GRDF;2024;G;182670000;Trouy (commune non irisée);PRO;;;A;secret;secret;;;;17X100A100A00028;TROUY
GRDF;2024;G;282800102;Plateau et Écarts Est;PRO;;;A;secret;secret;;;;17X100A100A00028;NOGENT LE ROTROU
GRDF;2024;G;280850202;Comtesses Villaines;PRO;;;A;secret;secret;;;;17X100A100A00028;CHARTRES
GRDF;2024;G;280850502;Saint-Chéron;PRO;;;A;157.92879;1;0.426407813293573;;0;17X100A100A00028;CHARTRES
GRDF;2024;G;280850802;Saint-Jean Rechèvres Bourgneuf;PRO;;;A;secret;secret;;;;17X100A100A00028;CHARTRES
GRDF;2024;G;281220000;Dammarie (commune non irisée);PRO;;;A;secret;secret;;;;17X100A100A00028;DAMMARIE
GRDF;2024;G;282200101;Nord-Ouest;PRO;;;A;secret;secret;;;;17X100A100A00028;LUISANT
GRDF;2024;G;282270000;Maintenon (commune non irisée);PRO;;;A;secret;secret;;;;17X100A100A00028;MAINTENON
GRDF;2024;G;282460000;Meslay-le-Vidame (commune non irisée);PRO;;;A;secret;secret;;;;17X100A100A00028;MESLAY LE VIDAME
GRDF;2024;G;280590000;Brezolles (commune non irisée);PRO;;;A;secret;secret;;;;17X100A100A00028;BREZOLLES
GRDF;2024;G;281470000;Favières (commune non irisée);PRO;;;A;68.99472;1;1;;0;17X100A100A00028;FAVIERES
GRDF;2024;G;282390000;Marville-Moutiers-Brûlé (commune non irisée);ENT;01;Culture et production animale, chasse et services annexes;A;2.33569;1;1;;0;17X100A100A00028;MARVILLE MOUTIERS BRULE
GRDF;2024;G;283590000;Saint-Rémy-sur-Avre (commune non irisée);PRO;;;A;secret;secret;;;;17X100A100A00028;SAINT REMY SUR AVRE
GRDF;2024;G;283750000;Serville (commune non irisée);PRO;;;A;secret;secret;;;;17X100A100A00028;SERVILLE
GRDF;2024;G;283860000;Thimert-Gâtelles (commune non irisée);PRO;;;A;secret;secret;;;;17X100A100A00028;THIMERT GATELLES
GRDF;2024;G;283020000;Pontgouin (commune non irisée);PRO;;;A;138.14098;1;1;;0;17X100A100A00028;PONTGOUIN
GRDF;2024;G;280150000;Auneau-Bleury-Saint-Symphorien (commune non irisée);PRO;;;A;51.49592;2;1;;0;17X100A100A00028;AUNEAU BLEURY SAINT SYMPHORIEN
GRDF;2024;G;280150000;Auneau-Bleury-Saint-Symphorien (commune non irisée);ENT;01;Culture et production animale, chasse et services annexes;A;218.83552;1;1;;0;17X100A100A00028;AUNEAU BLEURY SAINT SYMPHORIEN
GRDF;2024;G;280230000;Bailleau-Armenonville (commune non irisée);PRO;;;A;secret;secret;;;;17X100A100A00028;BAILLEAU ARMENONVILLE
GRDF;2024;G;281400000;Épernon (commune non irisée);PRO;;;A;secret;secret;;;;17X100A100A00028;EPERNON
GRDF;2024;G;281680000;Gallardon (commune non irisée);PRO;;;A;secret;secret;;;;17X100A100A00028;GALLARDON
GRDF;2024;G;281720000;Gas (commune non irisée);PRO;;;A;secret;secret;;;;17X100A100A00028;GAS
GRDF;2024;G;281910000;Hanches (commune non irisée);PRO;;;A;secret;secret;;;;17X100A100A00028;HANCHES
GRDF;2024;G;280610000;Brou (commune non irisée);PRO;;;A;secret;secret;;;;17X100A100A00028;BROU
GRDF;2024;G;280880102;Centre Ville;PRO;;;A;secret;secret;;;;17X100A100A00028;CHATEAUDUN
GRDF;2024;G;281030000;Cloyes-les-Trois-Rivières (commune non irisée);ENT;01;Culture et production animale, chasse et services annexes;A;381.097;1;1;;0;17X100A100A00028;CLOYES LES TROIS RIVIERES
GRDF;2024;G;281320000;Donnemain-Saint-Mamès (commune non irisée);PRO;;;A;secret;secret;;;;17X100A100A00028;DONNEMAIN SAINT MAMES
GRDF;2024;G;281980000;Jallans (commune non irisée);PRO;;;A;secret;secret;;;;17X100A100A00028;JALLANS
GRDF;2024;G;282330000;Marboué (commune non irisée);PRO;;;A;secret;secret;;;;17X100A100A00028;MARBOUE
GRDF;2024;G;284240000;Yèvres (commune non irisée);PRO;;;A;secret;secret;;;;17X100A100A00028;YEVRES
GRDF;2024;G;281560000;Fontaine-Simon (commune non irisée);PRO;;;A;secret;secret;;;;17X100A100A00028;FONTAINE SIMON
GRDF;2024;G;280510000;Bonneval (commune non irisée);PRO;;;A;secret;secret;;;;17X100A100A00028;BONNEVAL
GRDF;2024;G;361820000;Saint-Benoît-du-Sault (commune non irisée);PRO;;;A;secret;secret;;;;17X100A100A00028;SAINT BENOIT DU SAULT
GRDF;2024;G;360060000;Argenton-sur-Creuse (commune non irisée);PRO;;;A;secret;secret;;;;17X100A100A00028;ARGENTON SUR CREUSE
GRDF;2024;G;361920000;Saint-Gaultier (commune non irisée);PRO;;;A;72.53031;2;1;;0;17X100A100A00028;SAINT GAULTIER
GRDF;2024;G;362000000;Saint-Marcel (commune non irisée);PRO;;;A;secret;secret;;;;17X100A100A00028;SAINT MARCEL
GRDF;2024;G;360340000;Chabris (commune non irisée);PRO;;;A;secret;secret;;;;17X100A100A00028;CHABRIS
GRDF;2024;G;360880107;Activités;PRO;;;A;secret;secret;;;;17X100A100A00028;ISSOUDUN
GRDF;2024;G;360310000;Buzançais (commune non irisée);PRO;;;A;secret;secret;;;;17X100A100A00028;BUZANCAIS
GRDF;2024;G;360180000;Le Blanc (commune non irisée);PRO;;;A;secret;secret;;;;17X100A100A00028;BLANC
GRDF;2024;G;360440101;Centre Ville Nord;PRO;;;A;secret;secret;;;;17X100A100A00028;CHATEAUROUX
GRDF;2024;G;360440102;Centre Ville Sud;PRO;;;A;secret;secret;;;;17X100A100A00028;CHATEAUROUX
GRDF;2024;G;360440302;Touvent 2;PRO;;;A;secret;secret;;;;17X100A100A00028;CHATEAUROUX
GRDF;2024;G;360440402;Les Grands Champs Ouest;PRO;;;A;secret;secret;;;;17X100A100A00028;CHATEAUROUX
GRDF;2024;G;360440501;Saint-Jean Est et Nord;PRO;;;A;secret;secret;;;;17X100A100A00028;CHATEAUROUX
GRDF;2024;G;360440502;Saint-Jean Sud 1;PRO;;;A;secret;secret;;;;17X100A100A00028;CHATEAUROUX
GRDF;2024;G;360440801;Saint-Denis Nord;PRO;;;A;secret;secret;;;;17X100A100A00028;CHATEAUROUX
GRDF;2024;G;361590102;Les Écarts;PRO;;;A;secret;secret;;;;17X100A100A00028;POINCONNET
GRDF;2024;G;360460000;La Châtre (commune non irisée);PRO;;;A;secret;secret;;;;17X100A100A00028;CHATRE
GRDF;2024;G;361630000;Pouligny-Notre-Dame (commune non irisée);PRO;;;A;164.25991;1;1;;0;17X100A100A00028;POULIGNY NOTRE DAME
GRDF;2024;G;370030101;Nord-Nord-Est;ENT;01;Culture et production animale, chasse et services annexes;A;1300.5693;1;1;;0;17X100A100A00028;AMBOISE
GRDF;2024;G;370430000;Cangey (commune non irisée);PRO;;;A;secret;secret;;;;17X100A100A00028;CANGEY
GRDF;2024;G;370600000;Chargé (commune non irisée);PRO;;;A;secret;secret;;;;17X100A100A00028;CHARGE
GRDF;2024;G;371310000;Limeray (commune non irisée);PRO;;;A;secret;secret;;;;17X100A100A00028;LIMERAY
GRDF;2024;G;371630000;Nazelles-Négron (commune non irisée);PRO;;;A;51.43061;2;1;;0;17X100A100A00028;NAZELLES NEGRON
GRDF;2024;G;371850000;Pocé-sur-Cisse (commune non irisée);PRO;;;A;secret;secret;;;;17X100A100A00028;POCE SUR CISSE
GRDF;2024;G;370110000;Avoine (commune non irisée);ENT;01;Culture et production animale, chasse et services annexes;A;47402.35113;2;1;;0;17X100A100A00028;AVOINE
GRDF;2024;G;370720000;Chinon (commune non irisée);PRO;;;A;secret;secret;;;;17X100A100A00028;CHINON
GRDF;2024;G;372420000;Savigny-en-Véron (commune non irisée);PRO;;;A;250.32397;1;1;;0;17X100A100A00028;SAVIGNY EN VERON
GRDF;2024;G;372420000;Savigny-en-Véron (commune non irisée);ENT;01;Culture et production animale, chasse et services annexes;A;88217.971;1;1;;0;17X100A100A00028;SAVIGNY EN VERON
GRDF;2024;G;370200000;Beaulieu-lès-Loches (commune non irisée);PRO;;;A;467.37978;4;1;;0;17X100A100A00028;BEAULIEU LES LOCHES
GRDF;2024;G;371320000;Loches (commune non irisée);ENT;01;Culture et production animale, chasse et services annexes;A;1057.45079;1;1;;0;17X100A100A00028;LOCHES
GRDF;2024;G;371920000;Reignac-sur-Indre (commune non irisée);ENT;01;Culture et production animale, chasse et services annexes;A;11789.169;2;1;;0;17X100A100A00028;REIGNAC SUR INDRE
GRDF;2024;G;371590000;Monts (commune non irisée);PRO;;;A;secret;secret;;;;17X100A100A00028;MONTS
GRDF;2024;G;371190000;L'Île-Bouchard (commune non irisée);ENT;;;A;2686.48072;1;1;;0;17X100A100A00028;ILE BOUCHARD
GRDF;2024;G;370620000;Château-la-Vallière (commune non irisée);PRO;;;A;secret;secret;;;;17X100A100A00028;CHATEAU LA VALLIERE
GRDF;2024;G;371230000;Langeais (commune non irisée);ENT;01;Culture et production animale, chasse et services annexes;A;8158.66584;2;1;;0;17X100A100A00028;LANGEAIS
GRDF;2024;G;372230000;Saint-Laurent-de-Lin (commune non irisée);ENT;01;Culture et production animale, chasse et services annexes;A;180.748;1;1;;0;17X100A100A00028;SAINT LAURENT DE LIN
GRDF;2024;G;371560104;Montlouis Sud et Ouest;PRO;;;A;210.09827;2;1;;0;17X100A100A00028;MONTLOUIS SUR LOIRE
GRDF;2024;G;371560104;Montlouis Sud et Ouest;ENT;01;Culture et production animale, chasse et services annexes;A;899.144;1;1;;0;17X100A100A00028;MONTLOUIS SUR LOIRE
GRDF;2024;G;372700000;Vernou-sur-Brenne (commune non irisée);PRO;;;A;secret;secret;;;;17X100A100A00028;VERNOU SUR BRENNE
GRDF;2024;G;372730000;La Ville-aux-Dames (commune non irisée);PRO;;;A;secret;secret;;;;17X100A100A00028;VILLE AUX DAMES
GRDF;2024;G;372810000;Vouvray (commune non irisée);PRO;;;A;101.28949;6;0.872580166017224;;0;17X100A100A00028;VOUVRAY
GRDF;2024;G;370180103;Est Ville;PRO;;;A;secret;secret;;;;17X100A100A00028;BALLAN MIRE
GRDF;2024;G;370540000;Chanceaux-sur-Choisille (commune non irisée);PRO;;;A;secret;secret;;;;17X100A100A00028;CHANCEAUX SUR CHOISILLE
GRDF;2024;G;371220804;Rabière Ouest;PRO;;;A;secret;secret;;;;17X100A100A00028;JOUE LES TOURS
GRDF;2024;G;371390000;Luynes (commune non irisée);PRO;;;A;secret;secret;;;;17X100A100A00028;LUYNES
GRDF;2024;G;371520000;Mettray (commune non irisée);PRO;;;A;75.72324;1;1;;0;17X100A100A00028;METTRAY
GRDF;2024;G;371790000;Parçay-Meslay (commune non irisée);PRO;;;A;secret;secret;;;;17X100A100A00028;PARCAY MESLAY
GRDF;2024;G;372030000;Rochecorbon (commune non irisée);PRO;;;A;89.5544;2;1;;0;17X100A100A00028;ROCHECORBON
GRDF;2024;G;372140102;Ouest 2;PRO;;;A;secret;secret;;;;17X100A100A00028;SAINT CYR SUR LOIRE
GRDF;2024;G;372190000;Saint-Genouph (commune non irisée);PRO;;;A;secret;secret;;;;17X100A100A00028;SAINT GENOUPH
GRDF;2024;G;372190000;Saint-Genouph (commune non irisée);ENT;01;Culture et production animale, chasse et services annexes;A;194.50429;1;1;;0;17X100A100A00028;SAINT GENOUPH
GRDF;2024;G;372330106;Est;PRO;;;A;secret;secret;;;;17X100A100A00028;SAINT PIERRE DES CORPS
GRDF;2024;G;372330107;Centre;PRO;;;A;secret;secret;;;;17X100A100A00028;SAINT PIERRE DES CORPS
GRDF;2024;G;372430000;Savonnières (commune non irisée);PRO;;;A;secret;secret;;;;17X100A100A00028;SAVONNIERES
GRDF;2024;G;372610104;Centre 4;PRO;;;A;secret;secret;;;;17X100A100A00028;TOURS
GRDF;2024;G;372610201;Grammont 1;PRO;;;A;secret;secret;;;;17X100A100A00028;TOURS
GRDF;2024;G;372610401;Lamartine 1;PRO;;;A;secret;secret;;;;17X100A100A00028;TOURS
GRDF;2024;G;372610501;Rabelais-Tonnellé 1;PRO;;;A;secret;secret;;;;17X100A100A00028;TOURS
GRDF;2024;G;372611001;La Fuye Velpeau 1;PRO;;;A;78.06457;1;1;;0;17X100A100A00028;TOURS
GRDF;2024;G;372611503;Sainte-Radegonde 1;PRO;;;A;secret;secret;;;;17X100A100A00028;TOURS
GRDF;2024;G;370270000;Bléré (commune non irisée);PRO;;;A;secret;secret;;;;17X100A100A00028;BLERE
GRDF;2024;G;370730000;Chisseaux (commune non irisée);PRO;;;A;secret;secret;;;;17X100A100A00028;CHISSEAUX
GRDF;2024;G;370790000;Civray-de-Touraine (commune non irisée);PRO;;;A;secret;secret;;;;17X100A100A00028;CIVRAY DE TOURAINE
GRDF;2024;G;372250000;Saint-Martin-le-Beau (commune non irisée);PRO;;;A;secret;secret;;;;17X100A100A00028;SAINT MARTIN LE BEAU
GRDF;2024;G;372250000;Saint-Martin-le-Beau (commune non irisée);ENT;01;Culture et production animale, chasse et services annexes;A;4486.48569;2;1;;0;17X100A100A00028;SAINT MARTIN LE BEAU
GRDF;2024;G;411060000;Lamotte-Beuvron (commune non irisée);PRO;;;A;secret;secret;;;;17X100A100A00028;LAMOTTE BEUVRON
GRDF;2024;G;411940103;Hôpital;PRO;;;A;secret;secret;;;;17X100A100A00028;ROMORANTIN LANTHENAY
GRDF;2024;G;410180501;Centre Ville 01;PRO;;;A;secret;secret;;;;17X100A100A00028;BLOIS
GRDF;2024;G;410181001;Pinconnière;PRO;;;A;secret;secret;;;;17X100A100A00028;BLOIS
GRDF;2024;G;410181202;Vienne 02;ENT;01;Culture et production animale, chasse et services annexes;A;284.82;1;1;;0;17X100A100A00028;BLOIS
GRDF;2024;G;410670000;Cour-Cheverny (commune non irisée);PRO;;;A;secret;secret;;;;17X100A100A00028;COUR CHEVERNY
GRDF;2024;G;411670000;Veuzain-sur-Loire (commune non irisée);PRO;;;A;secret;secret;;;;17X100A100A00028;VEUZAIN SUR LOIRE
GRDF;2024;G;412760000;Villebarou (commune non irisée);PRO;;;A;secret;secret;;;;17X100A100A00028;VILLEBAROU
GRDF;2024;G;412950103;Sud;PRO;;;A;secret;secret;;;;17X100A100A00028;VINEUIL
GRDF;2024;G;411750000;Pezou (commune non irisée);PRO;;;A;secret;secret;;;;17X100A100A00028;PEZOU
GRDF;2024;G;410020000;Angé (commune non irisée);PRO;;;A;secret;secret;;;;17X100A100A00028;ANGE
GRDF;2024;G;410490000;Chémery (commune non irisée);PRO;;;A;secret;secret;;;;17X100A100A00028;CHEMERY
GRDF;2024;G;410590000;Le Controis-en-Sologne (commune non irisée);PRO;;;A;secret;secret;;;;17X100A100A00028;CONTROIS EN SOLOGNE
GRDF;2024;G;410800000;Faverolles-sur-Cher (commune non irisée);PRO;;;A;196.19225;5;1;;0;17X100A100A00028;FAVEROLLES SUR CHER
GRDF;2024;G;411510000;Montrichard Val de Cher (commune non irisée);PRO;;;A;secret;secret;;;;17X100A100A00028;MONTRICHARD VAL DE CHER
GRDF;2024;G;411510000;Montrichard Val de Cher (commune non irisée);ENT;01;Culture et production animale, chasse et services annexes;A;653.46712;1;1;;0;17X100A100A00028;MONTRICHARD VAL DE CHER
GRDF;2024;G;411640000;Noyers-sur-Cher (commune non irisée);PRO;;;A;secret;secret;;;;17X100A100A00028;NOYERS SUR CHER
GRDF;2024;G;412290000;Saint-Romain-sur-Cher (commune non irisée);PRO;;;A;secret;secret;;;;17X100A100A00028;SAINT ROMAIN SUR CHER
GRDF;2024;G;412370000;Sassay (commune non irisée);PRO;;;A;secret;secret;;;;17X100A100A00028;SASSAY
GRDF;2024;G;412470000;Soings-en-Sologne (commune non irisée);PRO;;;A;267.97313;6;1;;0;17X100A100A00028;SOINGS EN SOLOGNE
GRDF;2024;G;412470000;Soings-en-Sologne (commune non irisée);ENT;01;Culture et production animale, chasse et services annexes;A;522.67231;2;1;;0;17X100A100A00028;SOINGS EN SOLOGNE
GRDF;2024;G;410010000;Ambloy (commune non irisée);PRO;;;A;secret;secret;;;;17X100A100A00028;AMBLOY
GRDF;2024;G;411580000;Naveil (commune non irisée);PRO;;;A;secret;secret;;;;17X100A100A00028;NAVEIL
GRDF;2024;G;411990000;Saint-Amand-Longpré (commune non irisée);ENT;01;Culture et production animale, chasse et services annexes;A;0.057;1;1;;0;17X100A100A00028;SAINT AMAND LONGPRE
GRDF;2024;G;412430000;Selommes (commune non irisée);PRO;;;A;secret;secret;;;;17X100A100A00028;SELOMMES
GRDF;2024;G;412690104;Z.I. Nord;ENT;01;Culture et production animale, chasse et services annexes;A;3290.87288;1;1;;0;17X100A100A00028;VENDOME
GRDF;2024;G;412690106;Bernard Hamet;PRO;;;A;secret;secret;;;;17X100A100A00028;VENDOME
GRDF;2024;G;412690106;Bernard Hamet;ENT;01;Culture et production animale, chasse et services annexes;A;24.443;1;1;;0;17X100A100A00028;VENDOME
GRDF;2024;G;412940000;Villiers-sur-Loir (commune non irisée);PRO;;;A;secret;secret;;;;17X100A100A00028;VILLIERS SUR LOIR
GRDF;2024;G;411480000;Montlivault (commune non irisée);PRO;;;A;secret;secret;;;;17X100A100A00028;MONTLIVAULT
GRDF;2024;G;412490000;Souesmes (commune non irisée);PRO;;;A;secret;secret;;;;17X100A100A00028;SOUESMES
GRDF;2024;G;451460000;La Ferté-Saint-Aubin (commune non irisée);PRO;;;A;secret;secret;;;;17X100A100A00028;FERTE SAINT AUBIN
GRDF;2024;G;450080000;Artenay (commune non irisée);PRO;;;A;secret;secret;;;;17X100A100A00028;ARTENAY
GRDF;2024;G;450460000;Boulay-les-Barres (commune non irisée);PRO;;;A;92.693;1;1;;0;17X100A100A00028;BOULAY LES BARRES
GRDF;2024;G;450550000;Bricy (commune non irisée);PRO;;;A;58.484;1;1;;0;17X100A100A00028;BRICY
GRDF;2024;G;450620000;Cercottes (commune non irisée);PRO;;;A;secret;secret;;;;17X100A100A00028;CERCOTTES
GRDF;2024;G;450930000;Chevilly (commune non irisée);PRO;;;A;secret;secret;;;;17X100A100A00028;CHEVILLY
GRDF;2024;G;451150000;Courtenay (commune non irisée);PRO;;;A;secret;secret;;;;17X100A100A00028;COURTENAY
GRDF;2024;G;451870000;Lorris (commune non irisée);PRO;;;A;secret;secret;;;;17X100A100A00028;LORRIS
GRDF;2024;G;451870000;Lorris (commune non irisée);ENT;01;Culture et production animale, chasse et services annexes;A;564.48777;1;1;;0;17X100A100A00028;LORRIS
GRDF;2024;G;450160000;Autry-le-Châtel (commune non irisée);ENT;01;Culture et production animale, chasse et services annexes;A;11868.34;1;1;;0;17X100A100A00028;AUTRY LE CHATEL
GRDF;2024;G;450530000;Briare (commune non irisée);PRO;;;A;secret;secret;;;;17X100A100A00028;BRIARE
GRDF;2024;G;452380000;Ousson-sur-Loire (commune non irisée);PRO;;;A;secret;secret;;;;17X100A100A00028;OUSSON SUR LOIRE
GRDF;2024;G;450390000;Bonnée (commune non irisée);PRO;;;A;secret;secret;;;;17X100A100A00028;BONNEE
GRDF;2024;G;451220000;Dampierre-en-Burly (commune non irisée);PRO;;;A;secret;secret;;;;17X100A100A00028;DAMPIERRE EN BURLY
GRDF;2024;G;451220000;Dampierre-en-Burly (commune non irisée);ENT;01;Culture et production animale, chasse et services annexes;A;401.33449;2;1;;0;17X100A100A00028;DAMPIERRE EN BURLY
GRDF;2024;G;451220000;Dampierre-en-Burly (commune non irisée);ENT;;;A;2.42;1;1;;0;17X100A100A00028;DAMPIERRE EN BURLY
GRDF;2024;G;452700000;Saint-Benoît-sur-Loire (commune non irisée);ENT;01;Culture et production animale, chasse et services annexes;A;6160.90549;2;1;;0;17X100A100A00028;SAINT BENOIT SUR LOIRE
GRDF;2024;G;453150000;Sully-sur-Loire (commune non irisée);PRO;;;A;secret;secret;;;;17X100A100A00028;SULLY SUR LOIRE
GRDF;2024;G;450240000;Baule (commune non irisée);PRO;;;A;166.37597;1;0;;0;17X100A100A00028;BAULE
GRDF;2024;G;450280000;Beaugency (commune non irisée);PRO;;;A;secret;secret;;;;17X100A100A00028;BEAUGENCY
GRDF;2024;G;450670000;Chaingy (commune non irisée);PRO;;;A;secret;secret;;;;17X100A100A00028;CHAINGY
GRDF;2024;G;450980000;Cléry-Saint-André (commune non irisée);PRO;;;A;secret;secret;;;;17X100A100A00028;CLERY SAINT ANDRE
GRDF;2024;G;451960000;Mareau-aux-Prés (commune non irisée);ENT;01;Culture et production animale, chasse et services annexes;A;719.51155;1;1;;0;17X100A100A00028;MAREAU AUX PRES
GRDF;2024;G;453170000;Tavers (commune non irisée);PRO;;;A;secret;secret;;;;17X100A100A00028;TAVERS
GRDF;2024;G;450610000;Cepoy (commune non irisée);PRO;;;A;secret;secret;;;;17X100A100A00028;CEPOY
GRDF;2024;G;450680104;Pontonnerie;PRO;;;A;secret;secret;;;;17X100A100A00028;CHALETTE SUR LOING
GRDF;2024;G;451040000;Corquilleroy (commune non irisée);PRO;;;A;secret;secret;;;;17X100A100A00028;CORQUILLEROY
GRDF;2024;G;452470000;Pannes (commune non irisée);PRO;;;A;secret;secret;;;;17X100A100A00028;PANNES
GRDF;2024;G;453380000;Villemandeur (commune non irisée);PRO;;;A;219.841;3;0.0949878321150285;;0;17X100A100A00028;VILLEMANDEUR
GRDF;2024;G;453380000;Villemandeur (commune non irisée);ENT;01;Culture et production animale, chasse et services annexes;A;201.19883;1;1;;0;17X100A100A00028;VILLEMANDEUR
GRDF;2024;G;451550101;Faïencerie;PRO;;;A;secret;secret;;;;17X100A100A00028;GIEN
GRDF;2024;G;451550201;Gien le Vieux;ENT;01;Culture et production animale, chasse et services annexes;A;194.25885;1;1;;0;17X100A100A00028;GIEN
GRDF;2024;G;452540000;Poilly-lez-Gien (commune non irisée);PRO;;;A;secret;secret;;;;17X100A100A00028;POILLY LEZ GIEN
GRDF;2024;G;451450000;Ferrières-en-Gâtinais (commune non irisée);PRO;;;A;secret;secret;;;;17X100A100A00028;FERRIERES EN GATINAIS
GRDF;2024;G;451230000;Darvoy (commune non irisée);PRO;;;A;109.71614;1;1;;0;17X100A100A00028;DARVOY
GRDF;2024;G;451440000;Férolles (commune non irisée);PRO;;;A;secret;secret;;;;17X100A100A00028;FEROLLES
GRDF;2024;G;451730000;Jargeau (commune non irisée);ENT;01;Culture et production animale, chasse et services annexes;A;125.25711;1;1;;0;17X100A100A00028;JARGEAU
GRDF;2024;G;452410000;Ouvrouer-les-Champs (commune non irisée);PRO;;;A;secret;secret;;;;17X100A100A00028;OUVROUER LES CHAMPS
GRDF;2024;G;453000000;Sandillon (commune non irisée);ENT;01;Culture et production animale, chasse et services annexes;A;2316.34354;1;1;;0;17X100A100A00028;SANDILLON
GRDF;2024;G;453350000;Vienne-en-Val (commune non irisée);PRO;;;A;secret;secret;;;;17X100A100A00028;VIENNE EN VAL
GRDF;2024;G;450340000;Boigny-sur-Bionne (commune non irisée);PRO;;;A;186.29126;2;1;;0;17X100A100A00028;BOIGNY SUR BIONNE
GRDF;2024;G;450750101;Nord-Ouest;PRO;;;A;secret;secret;;;;17X100A100A00028;CHAPELLE SAINT MESMIN
GRDF;2024;G;450890101;Centre Ville;PRO;;;A;secret;secret;;;;17X100A100A00028;CHECY
GRDF;2024;G;450890103;Ouest;PRO;;;A;secret;secret;;;;17X100A100A00028;CHECY
GRDF;2024;G;451940000;Mardié (commune non irisée);PRO;;;A;secret;secret;;;;17X100A100A00028;MARDIE
GRDF;2024;G;452320101;Orbelière;ENT;01;Culture et production animale, chasse et services annexes;A;5362.68161;1;1;;0;17X100A100A00028;OLIVET
GRDF;2024;G;452320301;Ouest;ENT;01;Culture et production animale, chasse et services annexes;A;0.18992;1;1;;0;17X100A100A00028;OLIVET
GRDF;2024;G;452320304;Sud-Est 2;PRO;;;A;88.37983;1;1;;0;17X100A100A00028;OLIVET
GRDF;2024;G;452340103;Bourgogne-Châtelet;PRO;;;A;secret;secret;;;;17X100A100A00028;ORLEANS
GRDF;2024;G;452340802;Bourgogne-Saint-Vincent;PRO;;;A;secret;secret;;;;17X100A100A00028;ORLEANS
GRDF;2024;G;452341102;Bannier-Médiathèque;PRO;;;A;secret;secret;;;;17X100A100A00028;ORLEANS
GRDF;2024;G;452720000;Saint-Cyr-en-Val (commune non irisée);PRO;;;A;67.74915;5;1;;0;17X100A100A00028;SAINT CYR EN VAL
GRDF;2024;G;452720000;Saint-Cyr-en-Val (commune non irisée);ENT;01;Culture et production animale, chasse et services annexes;A;8969.53013;7;1;;0;17X100A100A00028;SAINT CYR EN VAL
GRDF;2024;G;452740101;Rue de Saint-Denis;ENT;01;Culture et production animale, chasse et services annexes;A;523.49824;1;1;;0;17X100A100A00028;SAINT DENIS EN VAL
GRDF;2024;G;452740102;Le Bourg;PRO;;;A;secret;secret;;;;17X100A100A00028;SAINT DENIS EN VAL
GRDF;2024;G;452740103;Zone Éparse;PRO;;;A;227.21445;4;0.934793891849748;;0;17X100A100A00028;SAINT DENIS EN VAL
GRDF;2024;G;452740103;Zone Éparse;ENT;01;Culture et production animale, chasse et services annexes;A;51653.95143;7;1;;0;17X100A100A00028;SAINT DENIS EN VAL
GRDF;2024;G;452840302;Sainte-Marie-Diderot-Richaudière-Frédeville;PRO;;;A;secret;secret;;;;17X100A100A00028;SAINT JEAN DE BRAYE
GRDF;2024;G;452860102;Les Varennes;PRO;;;A;secret;secret;;;;17X100A100A00028;SAINT JEAN LE BLANC
GRDF;2024;G;452860104;Montission;PRO;;;A;secret;secret;;;;17X100A100A00028;SAINT JEAN LE BLANC
GRDF;2024;G;452980101;Cd-Loiret - Bel-Air;ENT;01;Culture et production animale, chasse et services annexes;A;1342.53593;1;1;;0;17X100A100A00028;SAINT PRYVE SAINT MESMIN
GRDF;2024;G;452980102;Loire-Cd - La Saussaye - Saint-Nicolas;PRO;;;A;60.08594;1;1;;0;17X100A100A00028;SAINT PRYVE SAINT MESMIN
GRDF;2024;G;453020104;Sud-Ouest;PRO;;;A;secret;secret;;;;17X100A100A00028;SARAN
GRDF;2024;G;452240000;Neuville-aux-Bois (commune non irisée);PRO;;;A;secret;secret;;;;17X100A100A00028;NEUVILLE AUX BOIS
GRDF;2024;G;453270000;Traînou (commune non irisée);PRO;;;A;secret;secret;;;;17X100A100A00028;TRAINOU
GRDF;2024;G;453330000;Vennecy (commune non irisée);PRO;;;A;secret;secret;;;;17X100A100A00028;VENNECY
GRDF;2024;G;452400000;Outarville (commune non irisée);PRO;;;A;724.89341;4;0.886316362015209;;0;17X100A100A00028;OUTARVILLE
GRDF;2024;G;212920101;Sud;PRO;;;A;secret;secret;;;;17X100A100A00028;GENLIS
GRDF;2024;G;213200000;Izier (commune non irisée);PRO;;;A;secret;secret;;;;17X100A100A00028;IZIER
GRDF;2024;G;213300000;Labergement-Foigney (commune non irisée);PRO;;;A;secret;secret;;;;17X100A100A00028;LABERGEMENT FOIGNEY
GRDF;2024;G;213530000;Longecourt-en-Plaine (commune non irisée);PRO;;;A;secret;secret;;;;17X100A100A00028;LONGECOURT EN PLAINE
GRDF;2024;G;213880000;Marliens (commune non irisée);PRO;;;A;secret;secret;;;;17X100A100A00028;MARLIENS
GRDF;2024;G;215320000;Rouvres-en-Plaine (commune non irisée);PRO;;;A;65.82035;2;1;;0;17X100A100A00028;ROUVRES EN PLAINE
GRDF;2024;G;210100000;Aloxe-Corton (commune non irisée);PRO;;;A;353.23632;8;1;;0;17X100A100A00028;ALOXE CORTON
GRDF;2024;G;210370000;Auxey-Duresses (commune non irisée);PRO;;;A;274.46147;10;1;;0;17X100A100A00028;AUXEY DURESSES
GRDF;2024;G;210540103;Porte de Beaune;PRO;;;A;325.58092;6;0.935420294285058;;0;17X100A100A00028;BEAUNE
GRDF;2024;G;210540104;Saint-Nicolas;PRO;;;A;154.85238;3;0.4618466955432;;0;17X100A100A00028;BEAUNE
GRDF;2024;G;210540105;Colbert-Gare-Colombière;PRO;;;A;93.58466;2;1;;0;17X100A100A00028;BEAUNE
GRDF;2024;G;210540106;Centre Ville;PRO;;;A;50.82723;1;1;;0;17X100A100A00028;BEAUNE
GRDF;2024;G;210540109;Les Roles-Saint Martin;PRO;;;A;secret;secret;;;;17X100A100A00028;BEAUNE
GRDF;2024;G;210540110;Blanches Fleurs;PRO;;;A;secret;secret;;;;17X100A100A00028;BEAUNE
GRDF;2024;G;210860000;Bligny-lès-Beaune (commune non irisée);PRO;;;A;61.4692;2;1;;0;17X100A100A00028;BLIGNY LES BEAUNE
GRDF;2024;G;211500000;Chassagne-Montrachet (commune non irisée);PRO;;;A;1326.03986;31;1;;0;17X100A100A00028;CHASSAGNE MONTRACHET
GRDF;2024;G;211730000;Chorey-les-Beaune (commune non irisée);PRO;;;A;663.29048;21;1;;0;17X100A100A00028;CHOREY LES BEAUNE
GRDF;2024;G;211960000;Corpeau (commune non irisée);PRO;;;A;secret;secret;;;;17X100A100A00028;CORPEAU
GRDF;2024;G;213470000;Levernois (commune non irisée);PRO;;;A;104.94905;1;1;;0;17X100A100A00028;LEVERNOIS
GRDF;2024;G;214120000;Meursault (commune non irisée);PRO;;;A;3017.73351;81;0.978789923037306;;0;17X100A100A00028;MEURSAULT
GRDF;2024;G;214120000;Meursault (commune non irisée);ENT;01;Culture et production animale, chasse et services annexes;A;181.103;2;0.649406415133929;;0;17X100A100A00028;MEURSAULT
GRDF;2024;G;214280000;Monthelie (commune non irisée);PRO;;;A;408.5141;14;1;;0;17X100A100A00028;MONTHELIE
GRDF;2024;G;214920000;Pommard (commune non irisée);PRO;;;A;1134.37751;34;0.817657351122907;;0;17X100A100A00028;POMMARD
GRDF;2024;G;215120000;Puligny-Montrachet (commune non irisée);PRO;;;A;393.33441;17;1;;0;17X100A100A00028;PULIGNY MONTRACHET
GRDF;2024;G;215580000;Sainte-Marie-la-Blanche (commune non irisée);PRO;;;A;secret;secret;;;;17X100A100A00028;SAINTE MARIE LA BLANCHE
GRDF;2024;G;215820000;Santenay (commune non irisée);PRO;;;A;1287.88231;31;1;;0;17X100A100A00028;SANTENAY
GRDF;2024;G;215900000;Savigny-lès-Beaune (commune non irisée);PRO;;;A;440.14207;12;1;;0;17X100A100A00028;SAVIGNY LES BEAUNE
GRDF;2024;G;215900000;Savigny-lès-Beaune (commune non irisée);ENT;01;Culture et production animale, chasse et services annexes;A;791.57588;1;1;;0;17X100A100A00028;SAVIGNY LES BEAUNE
GRDF;2024;G;216060000;Ladoix-Serrigny (commune non irisée);PRO;;;A;619.32381;18;1;;0;17X100A100A00028;LADOIX SERRIGNY
GRDF;2024;G;217120000;Volnay (commune non irisée);PRO;;;A;1046.07518;48;0.999858614368424;;0;17X100A100A00028;VOLNAY
GRDF;2024;G;214080000;Messigny-et-Vantoux (commune non irisée);PRO;;;A;52.64731;1;1;;0;17X100A100A00028;MESSIGNY ET VANTOUX
GRDF;2024;G;215910000;Savigny-le-Sec (commune non irisée);PRO;;;A;secret;secret;;;;17X100A100A00028;SAVIGNY LE SEC
GRDF;2024;G;210210000;Arc-sur-Tille (commune non irisée);PRO;;;A;secret;secret;;;;17X100A100A00028;ARC SUR TILLE
GRDF;2024;G;215210000;Remilly-sur-Tille (commune non irisée);PRO;;;A;secret;secret;;;;17X100A100A00028;REMILLY SUR TILLE
GRDF;2024;G;215350000;Ruffey-lès-Echirey (commune non irisée);PRO;;;A;secret;secret;;;;17X100A100A00028;RUFFEY LES ECHIREY
GRDF;2024;G;211100000;Brochon (commune non irisée);PRO;;;A;secret;secret;;;;17X100A100A00028;BROCHON
GRDF;2024;G;211330000;Chambolle-Musigny (commune non irisée);PRO;;;A;384.47867;13;0.835548744485617;;0;17X100A100A00028;CHAMBOLLE MUSIGNY
GRDF;2024;G;211860000;Comblanchien (commune non irisée);PRO;;;A;222.29002;7;1;;0;17X100A100A00028;COMBLANCHIEN
GRDF;2024;G;211940000;Corgoloin (commune non irisée);PRO;;;A;69.60261;5;1;;0;17X100A100A00028;CORGOLOIN
GRDF;2024;G;212000000;Couchey (commune non irisée);PRO;;;A;133.66267;5;1;;0;17X100A100A00028;COUCHEY
GRDF;2024;G;212650000;Fixin (commune non irisée);PRO;;;A;139.72819;6;0.78248648322146;;0;17X100A100A00028;FIXIN
GRDF;2024;G;212670000;Flagey-Echézeaux (commune non irisée);PRO;;;A;84.50149;2;1;;0;17X100A100A00028;FLAGEY ECHEZEAUX
GRDF;2024;G;212950000;Gevrey-Chambertin (commune non irisée);PRO;;;A;752.10693;24;0.884292224245294;;0;17X100A100A00028;GEVREY CHAMBERTIN
GRDF;2024;G;214420000;Morey-Saint-Denis (commune non irisée);PRO;;;A;593.55112;19;1;;0;17X100A100A00028;MOREY SAINT DENIS
GRDF;2024;G;214640101;La Côte;PRO;;;A;383.21371;20;1;;0;17X100A100A00028;NUITS SAINT GEORGES
GRDF;2024;G;214640102;La Plaine;PRO;;;A;136.89861;6;1;;0;17X100A100A00028;NUITS SAINT GEORGES
GRDF;2024;G;215060000;Premeaux-Prissey (commune non irisée);PRO;;;A;483.42534;9;1;;0;17X100A100A00028;PREMEAUX PRISSEY
GRDF;2024;G;215850000;Saulon-la-Chapelle (commune non irisée);PRO;;;A;86.6751;2;1;;0;17X100A100A00028;SAULON LA CHAPELLE
GRDF;2024;G;217140000;Vosne-Romanée (commune non irisée);PRO;;;A;1371.07086;53;0.927596929599977;;0;17X100A100A00028;VOSNE ROMANEE
GRDF;2024;G;217160000;Vougeot (commune non irisée);PRO;;;A;59.66458;2;1;;0;17X100A100A00028;VOUGEOT
GRDF;2024;G;210380102;Centre Ville-Route de Labergement;PRO;;;A;93.7132;1;1;;0;17X100A100A00028;AUXONNE
GRDF;2024;G;210380103;Quartier Neuf et Extérieurs;PRO;;;A;secret;secret;;;;17X100A100A00028;AUXONNE
GRDF;2024;G;216990000;Villers-les-Pots (commune non irisée);PRO;;;A;secret;secret;;;;17X100A100A00028;VILLERS LES POTS
GRDF;2024;G;216990000;Villers-les-Pots (commune non irisée);ENT;01;Culture et production animale, chasse et services annexes;A;415.16333;1;1;;0;17X100A100A00028;VILLERS LES POTS
GRDF;2024;G;215990000;Selongey (commune non irisée);PRO;;;A;secret;secret;;;;17X100A100A00028;SELONGEY
GRDF;2024;G;216030101;Quartier Ancien;PRO;;;A;secret;secret;;;;17X100A100A00028;SEMUR EN AUXOIS
GRDF;2024;G;214160000;Mirebeau-sur-Bèze (commune non irisée);PRO;;;A;secret;secret;;;;17X100A100A00028;MIREBEAU SUR BEZE
GRDF;2024;G;211060000;Bretenière (commune non irisée);PRO;;;A;secret;secret;;;;17X100A100A00028;BRETENIERE
GRDF;2024;G;211660102;Pétignys-Chaufferie;PRO;;;A;secret;secret;;;;17X100A100A00028;CHENOVE
GRDF;2024;G;211669801;Zone Industrielle;ENT;01;Culture et production animale, chasse et services annexes;A;33.83348;1;1;;0;17X100A100A00028;CHENOVE
GRDF;2024;G;21171XXXX;Iris fictif de la commune Chevigny-Saint-Sauveur;PRO;;;A;secret;secret;;;;17X100A100A00028;CHEVIGNY SAINT SAUVEUR
GRDF;2024;G;212310202;Jean-Jacques Rousseau;PRO;;;A;secret;secret;;;;17X100A100A00028;DIJON
GRDF;2024;G;212310301;Darcy;PRO;;;A;89.60436;2;1;;0;17X100A100A00028;DIJON
GRDF;2024;G;212310403;Docteur Lavalle;PRO;;;A;secret;secret;;;;17X100A100A00028;DIJON
GRDF;2024;G;212310704;Abattoirs;PRO;;;A;secret;secret;;;;17X100A100A00028;DIJON
GRDF;2024;G;212311002;Larrey;PRO;;;A;secret;secret;;;;17X100A100A00028;DIJON
GRDF;2024;G;212311503;Eugène Spuller;PRO;;;A;secret;secret;;;;17X100A100A00028;DIJON
GRDF;2024;G;212319801;La Toison d'Or;PRO;;;A;secret;secret;;;;17X100A100A00028;DIJON
GRDF;2024;G;212319802;Z.I. Nord-Est;PRO;;;A;secret;secret;;;;17X100A100A00028;DIJON
GRDF;2024;G;212630000;Fénay (commune non irisée);PRO;;;A;149.02465;1;1;;0;17X100A100A00028;FENAY
GRDF;2024;G;213900102;Champagne Haute;PRO;;;A;243.19916;6;1;;0;17X100A100A00028;MARSANNAY LA COTE
GRDF;2024;G;214520000;Neuilly-Crimolois (commune non irisée);PRO;;;A;secret;secret;;;;17X100A100A00028;NEUILLY CRIMOLOIS
GRDF;2024;G;214520000;Neuilly-Crimolois (commune non irisée);ENT;01;Culture et production animale, chasse et services annexes;A;1221.06781;1;1;;0;17X100A100A00028;NEUILLY CRIMOLOIS
GRDF;2024;G;215400101;Nord Village;PRO;;;A;secret;secret;;;;17X100A100A00028;SAINT APOLLINAIRE
GRDF;2024;G;216170106;Montoillots-Logis de France-Zone Artisanale;PRO;;;A;secret;secret;;;;17X100A100A00028;TALANT
GRDF;2024;G;211540101;Ouest;PRO;;;A;secret;secret;;;;17X100A100A00028;CHATILLON SUR SEINE
GRDF;2024;G;211540101;Ouest;ENT;01;Culture et production animale, chasse et services annexes;A;286.16871;1;1;;0;17X100A100A00028;CHATILLON SUR SEINE
GRDF;2024;G;211540102;Sud-Est;PRO;;;A;116.79075;2;1;;0;17X100A100A00028;CHATILLON SUR SEINE
GRDF;2024;G;211030000;Brazey-en-Plaine (commune non irisée);PRO;;;A;secret;secret;;;;17X100A100A00028;BRAZEY EN PLAINE
GRDF;2024;G;216070000;Seurre (commune non irisée);PRO;;;A;secret;secret;;;;17X100A100A00028;SEURRE
GRDF;2024;G;250310107;Pont de Gland;PRO;;;A;secret;secret;;;;17X100A100A00028;AUDINCOURT
GRDF;2024;G;250570101;Bethoncourt-Village;ENT;01;Culture et production animale, chasse et services annexes;A;671.49682;1;1;;0;17X100A100A00028;BETHONCOURT
GRDF;2024;G;251900000;Dampierre-les-Bois (commune non irisée);PRO;;;A;196.82797;1;1;;0;17X100A100A00028;DAMPIERRE LES BOIS
GRDF;2024;G;252370000;Fesches-le-Châtel (commune non irisée);PRO;;;A;secret;secret;;;;17X100A100A00028;FESCHES LE CHATEL
GRDF;2024;G;252840101;Village;PRO;;;A;66.14807;1;1;;0;17X100A100A00028;GRAND CHARMONT
GRDF;2024;G;253670101;Courcelles;ENT;01;Culture et production animale, chasse et services annexes;A;235.51851;1;0.838574513739917;;0;17X100A100A00028;MANDEURE
GRDF;2024;G;253880101;Centre Ville;PRO;;;A;127.15568;1;1;;0;17X100A100A00028;MONTBELIARD
GRDF;2024;G;254630000;Pont-de-Roide-Vermondans (commune non irisée);PRO;;;A;secret;secret;;;;17X100A100A00028;PONT DE ROIDE VERMONDANS
GRDF;2024;G;254620101;Centre Ville;PRO;;;A;57.54433;1;1;;0;17X100A100A00028;PONTARLIER
GRDF;2024;G;254620104;Les Longs Traits;PRO;;;A;secret;secret;;;;17X100A100A00028;PONTARLIER
GRDF;2024;G;250140000;Amagney (commune non irisée);PRO;;;A;56.04041;2;1;;0;17X100A100A00028;AMAGNEY
GRDF;2024;G;250140000;Amagney (commune non irisée);ENT;01;Culture et production animale, chasse et services annexes;A;92.99422;1;1;;0;17X100A100A00028;AMAGNEY
GRDF;2024;G;250560102;République;PRO;;;A;170.5501;2;1;;0;17X100A100A00028;BESANCON
GRDF;2024;G;250560102;République;ENT;01;Culture et production animale, chasse et services annexes;A;307.25168;1;1;;0;17X100A100A00028;BESANCON
GRDF;2024;G;250560302;Vieilles Perrières;PRO;;;A;90.04181;1;1;;0;17X100A100A00028;BESANCON
GRDF;2024;G;250560502;Fontaine Argent;PRO;;;A;secret;secret;;;;17X100A100A00028;BESANCON
GRDF;2024;G;250560503;Rotonde;PRO;;;A;secret;secret;;;;17X100A100A00028;BESANCON
GRDF;2024;G;250560701;Rosemont;PRO;;;A;82.26507;1;1;;0;17X100A100A00028;BESANCON
GRDF;2024;G;250561105;Vaite;PRO;;;A;secret;secret;;;;17X100A100A00028;BESANCON
GRDF;2024;G;250561210;Châteaufarine;PRO;;;A;114.51618;1;0;;0;17X100A100A00028;BESANCON
GRDF;2024;G;250561301;Tilleroyes;PRO;;;A;secret;secret;;;;17X100A100A00028;BESANCON
GRDF;2024;G;250580000;Beure (commune non irisée);PRO;;;A;secret;secret;;;;17X100A100A00028;BEURE
GRDF;2024;G;251470000;Chemaudin et Vaux (commune non irisée);PRO;;;A;secret;secret;;;;17X100A100A00028;CHEMAUDIN ET VAUX
GRDF;2024;G;252580000;Franois (commune non irisée);PRO;;;A;secret;secret;;;;17X100A100A00028;FRANOIS
GRDF;2024;G;255270000;Saint-Vit (commune non irisée);PRO;;;A;secret;secret;;;;17X100A100A00028;SAINT VIT
GRDF;2024;G;255420000;Serre-les-Sapins (commune non irisée);PRO;;;A;secret;secret;;;;17X100A100A00028;SERRE LES SAPINS
GRDF;2024;G;252400000;Les Fins (commune non irisée);PRO;;;A;secret;secret;;;;17X100A100A00028;FINS
GRDF;2024;G;253210000;Villers-le-Lac (commune non irisée);PRO;;;A;80.70487;1;1;;0;17X100A100A00028;VILLERS LE LAC
GRDF;2024;G;254110101;Sud;PRO;;;A;153.46838;2;1;;0;17X100A100A00028;MORTEAU
GRDF;2024;G;254110102;Centre;PRO;;;A;58.06353;1;1;;0;17X100A100A00028;MORTEAU
GRDF;2024;G;254110103;Nord;PRO;;;A;52.90526;1;1;;0;17X100A100A00028;MORTEAU
GRDF;2024;G;250470102;La Prairie-Cour;ENT;02;Sylviculture et exploitation forestière;A;1137.1731;1;1;;0;17X100A100A00028;BAUME LES DAMES
GRDF;2024;G;390420000;Baverans (commune non irisée);ENT;01;Culture et production animale, chasse et services annexes;A;120.48033;1;1;;0;17X100A100A00028;BAVERANS
GRDF;2024;G;390780000;Brevans (commune non irisée);PRO;;;A;secret;secret;;;;17X100A100A00028;BREVANS
GRDF;2024;G;391210000;Châtenois (commune non irisée);PRO;;;A;secret;secret;;;;17X100A100A00028;CHATENOIS
GRDF;2024;G;391890000;Damparis (commune non irisée);PRO;;;A;secret;secret;;;;17X100A100A00028;DAMPARIS
GRDF;2024;G;391980106;Paix-Wilson-Machard;PRO;;;A;80.18028;1;1;;0;17X100A100A00028;DOLE
GRDF;2024;G;391980109;Azans-La Bédugue;PRO;;;A;secret;secret;;;;17X100A100A00028;DOLE
GRDF;2024;G;391980113;Sorbiers-Mesnils Pasteur Sud;PRO;;;A;114.86198;2;1;;0;17X100A100A00028;DOLE
GRDF;2024;G;394050000;Parcey (commune non irisée);PRO;;;A;secret;secret;;;;17X100A100A00028;PARCEY
GRDF;2024;G;394760000;Saint-Aubin (commune non irisée);PRO;;;A;secret;secret;;;;17X100A100A00028;SAINT AUBIN
GRDF;2024;G;394760000;Saint-Aubin (commune non irisée);ENT;01;Culture et production animale, chasse et services annexes;A;109.73887;1;1;;0;17X100A100A00028;SAINT AUBIN
GRDF;2024;G;395260000;Tavaux (commune non irisée);PRO;;;A;89.53148;2;1;;0;17X100A100A00028;TAVAUX
GRDF;2024;G;394780101;Centre Ville Nord;PRO;;;A;secret;secret;;;;17X100A100A00028;SAINT CLAUDE
GRDF;2024;G;394780104;Capucine-Gare-Miroir;PRO;;;A;secret;secret;;;;17X100A100A00028;SAINT CLAUDE
GRDF;2024;G;395740000;Villevieux (commune non irisée);PRO;;;A;387.34647;1;1;;0;17X100A100A00028;VILLEVIEUX
GRDF;2024;G;390970104;Centre Ville-Zone Industrielle;PRO;;;A;secret;secret;;;;17X100A100A00028;CHAMPAGNOLE
GRDF;2024;G;391450000;Chille (commune non irisée);PRO;;;A;secret;secret;;;;17X100A100A00028;CHILLE
GRDF;2024;G;393000101;Sud;PRO;;;A;84.7341;2;1;;0;17X100A100A00028;LONS LE SAUNIER
GRDF;2024;G;393000108;Nord;PRO;;;A;secret;secret;;;;17X100A100A00028;LONS LE SAUNIER
GRDF;2024;G;393340000;Moiron (commune non irisée);PRO;;;A;secret;secret;;;;17X100A100A00028;MOIRON
GRDF;2024;G;394110000;Perrigny (commune non irisée);PRO;;;A;63.32396;1;1;;0;17X100A100A00028;PERRIGNY
GRDF;2024;G;395520000;Vernantois (commune non irisée);PRO;;;A;secret;secret;;;;17X100A100A00028;VERNANTOIS
GRDF;2024;G;390130000;Arbois (commune non irisée);PRO;;;A;secret;secret;;;;17X100A100A00028;ARBOIS
GRDF;2024;G;390130000;Arbois (commune non irisée);ENT;01;Culture et production animale, chasse et services annexes;A;706.84272;1;1;;0;17X100A100A00028;ARBOIS
GRDF;2024;G;393250000;Mesnay (commune non irisée);PRO;;;A;secret;secret;;;;17X100A100A00028;MESNAY
GRDF;2024;G;394340000;Poligny (commune non irisée);PRO;;;A;secret;secret;;;;17X100A100A00028;POLIGNY
GRDF;2024;G;394750000;Saint-Amour (commune non irisée);PRO;;;A;secret;secret;;;;17X100A100A00028;SAINT AMOUR
GRDF;2024;G;393680101;Morez Bas et Centre;PRO;;;A;53.03309;1;1;;0;17X100A100A00028;HAUTS DE BIENNE
GRDF;2024;G;393680103;Villedieu-Le Puits;PRO;;;A;secret;secret;;;;17X100A100A00028;HAUTS DE BIENNE
GRDF;2024;G;394870000;Saint-Laurent-en-Grandvaux (commune non irisée);PRO;;;A;71.78998;2;1;;0;17X100A100A00028;SAINT LAURENT EN GRANDVAUX
GRDF;2024;G;391280000;Chaussin (commune non irisée);PRO;;;A;secret;secret;;;;17X100A100A00028;CHAUSSIN
GRDF;2024;G;394900000;Saint-Loup (commune non irisée);PRO;;;A;secret;secret;;;;17X100A100A00028;SAINT LOUP
GRDF;2024;G;394900000;Saint-Loup (commune non irisée);ENT;01;Culture et production animale, chasse et services annexes;A;180.80922;1;1;;0;17X100A100A00028;SAINT LOUP
GRDF;2024;G;582170000;Pousseaux (commune non irisée);PRO;;;A;secret;secret;;;;17X100A100A00028;POUSSEAUX
GRDF;2024;G;582990000;Trucy-l'Orgueilleux (commune non irisée);PRO;;;A;secret;secret;;;;17X100A100A00028;TRUCY L ORGUEILLEUX
GRDF;2024;G;583040000;Varzy (commune non irisée);PRO;;;A;secret;secret;;;;17X100A100A00028;VARZY
GRDF;2024;G;582500000;Saint-Léger-des-Vignes (commune non irisée);PRO;;;A;secret;secret;;;;17X100A100A00028;SAINT LEGER DES VIGNES
GRDF;2024;G;580860101;Centre Ville;PRO;;;A;secret;secret;;;;17X100A100A00028;COSNE COURS SUR LOIRE
GRDF;2024;G;580860102;Cosne Périphérie;PRO;;;A;secret;secret;;;;17X100A100A00028;COSNE COURS SUR LOIRE
GRDF;2024;G;581020000;Donzy (commune non irisée);PRO;;;A;secret;secret;;;;17X100A100A00028;DONZY
GRDF;2024;G;581640000;Mesves-sur-Loire (commune non irisée);ENT;01;Culture et production animale, chasse et services annexes;A;411.13224;1;1;;0;17X100A100A00028;MESVES SUR LOIRE
GRDF;2024;G;581870000;Myennes (commune non irisée);PRO;;;A;secret;secret;;;;17X100A100A00028;MYENNES
GRDF;2024;G;582150000;Pouilly-sur-Loire (commune non irisée);PRO;;;A;570.89213;9;1;;0;17X100A100A00028;POUILLY SUR LOIRE
GRDF;2024;G;582480000;Saint-Laurent-l'Abbaye (commune non irisée);ENT;01;Culture et production animale, chasse et services annexes;A;471.4;1;1;;0;17X100A100A00028;SAINT LAURENT L ABBAYE
GRDF;2024;G;582560000;Saint-Martin-sur-Nohain (commune non irisée);ENT;01;Culture et production animale, chasse et services annexes;A;131.2342;1;1;;0;17X100A100A00028;SAINT MARTIN SUR NOHAIN
GRDF;2024;G;580590101;Cité Médiévale;PRO;;;A;secret;secret;;;;17X100A100A00028;CHARITE SUR LOIRE
GRDF;2024;G;582120000;Poiseux (commune non irisée);PRO;;;A;secret;secret;;;;17X100A100A00028;POISEUX
GRDF;2024;G;583020000;Varennes-lès-Narcy (commune non irisée);PRO;;;A;332.678;1;1;;0;17X100A100A00028;VARENNES LES NARCY
GRDF;2024;G;580720000;Chevenon (commune non irisée);PRO;;;A;secret;secret;;;;17X100A100A00028;CHEVENON
GRDF;2024;G;580880000;Coulanges-lès-Nevers (commune non irisée);PRO;;;A;secret;secret;;;;17X100A100A00028;COULANGES LES NEVERS
GRDF;2024;G;581600000;Marzy (commune non irisée);PRO;;;A;secret;secret;;;;17X100A100A00028;MARZY
GRDF;2024;G;58194XXXX;Iris fictif de la commune Nevers;ENT;01;Culture et production animale, chasse et services annexes;A;186.7791;1;1;;0;17X100A100A00028;NEVERS
GRDF;2024;G;581940104;Saint-Martin-Saint-Étienne;PRO;;;A;secret;secret;;;;17X100A100A00028;NEVERS
GRDF;2024;G;581940108;Le Banlay-Maréchal Leclerc;PRO;;;A;secret;secret;;;;17X100A100A00028;NEVERS
GRDF;2024;G;582140000;Pougues-les-Eaux (commune non irisée);PRO;;;A;secret;secret;;;;17X100A100A00028;POUGUES LES EAUX
GRDF;2024;G;582380000;Saint-Éloi (commune non irisée);PRO;;;A;secret;secret;;;;17X100A100A00028;SAINT ELOI
GRDF;2024;G;582780000;Sermoise-sur-Loire (commune non irisée);PRO;;;A;secret;secret;;;;17X100A100A00028;SERMOISE SUR LOIRE
GRDF;2024;G;583030102;Veninges;PRO;;;A;secret;secret;;;;17X100A100A00028;VARENNES VAUZELLES
GRDF;2024;G;702790101;Extérieur Haut;PRO;;;A;secret;secret;;;;17X100A100A00028;GRAY
GRDF;2024;G;702790102;Ville Basse et Centre Ville;PRO;;;A;secret;secret;;;;17X100A100A00028;GRAY
GRDF;2024;G;702790103;Ville Haute et Extérieur Bas;PRO;;;A;secret;secret;;;;17X100A100A00028;GRAY
GRDF;2024;G;701680000;Conflans-sur-Lanterne (commune non irisée);PRO;;;A;secret;secret;;;;17X100A100A00028;CONFLANS SUR LANTERNE
GRDF;2024;G;701680000;Conflans-sur-Lanterne (commune non irisée);ENT;01;Culture et production animale, chasse et services annexes;A;531.439;1;1;;0;17X100A100A00028;CONFLANS SUR LANTERNE
GRDF;2024;G;702400000;Fontaine-lès-Luxeuil (commune non irisée);PRO;;;A;secret;secret;;;;17X100A100A00028;FONTAINE LES LUXEUIL
GRDF;2024;G;702450000;Fougerolles-Saint-Valbert (commune non irisée);PRO;;;A;secret;secret;;;;17X100A100A00028;FOUGEROLLES SAINT VALBERT
GRDF;2024;G;704670000;Saint-Loup-sur-Semouse (commune non irisée);PRO;;;A;61.38071;1;0.5349952778324;;0;17X100A100A00028;SAINT LOUP SUR SEMOUSE
GRDF;2024;G;704330000;Quincey (commune non irisée);PRO;;;A;secret;secret;;;;17X100A100A00028;QUINCEY
GRDF;2024;G;70550XXXX;Iris fictif de la commune Vesoul;PRO;;;A;74.89247;1;1;;0;17X100A100A00028;VESOUL
GRDF;2024;G;705500105;Centre Sud;PRO;;;A;secret;secret;;;;17X100A100A00028;VESOUL
GRDF;2024;G;703100102;Mortard;PRO;;;A;64.2416;1;1;;0;17X100A100A00028;LURE
GRDF;2024;G;700960000;Brevilliers (commune non irisée);PRO;;;A;secret;secret;;;;17X100A100A00028;BREVILLIERS
GRDF;2024;G;702850104;ZUP et Nouveaux Quartiers;PRO;;;A;secret;secret;;;;17X100A100A00028;HERICOURT
GRDF;2024;G;702850105;Tavey;PRO;;;A;54.32808;1;1;;0;17X100A100A00028;HERICOURT
GRDF;2024;G;703110102;Centre Sud;PRO;;;A;secret;secret;;;;17X100A100A00028;LUXEUIL LES BAINS
GRDF;2024;G;710730102;Périphérie;PRO;;;A;secret;secret;;;;17X100A100A00028;CHAGNY
GRDF;2024;G;710850000;Change (commune non irisée);PRO;;;A;secret;secret;;;;17X100A100A00028;CHANGE
GRDF;2024;G;711740000;Dezize-lès-Maranges (commune non irisée);PRO;;;A;58.12866;3;1;;0;17X100A100A00028;DEZIZE LES MARANGES
GRDF;2024;G;711740000;Dezize-lès-Maranges (commune non irisée);ENT;01;Culture et production animale, chasse et services annexes;A;29.78797;1;1;;0;17X100A100A00028;DEZIZE LES MARANGES
GRDF;2024;G;713430000;Paris-l'Hôpital (commune non irisée);PRO;;;A;secret;secret;;;;17X100A100A00028;PARIS L HOPITAL
GRDF;2024;G;710540000;Bragny-sur-Saône (commune non irisée);PRO;;;A;secret;secret;;;;17X100A100A00028;BRAGNY SUR SAONE
GRDF;2024;G;711310000;Ciel (commune non irisée);PRO;;;A;secret;secret;;;;17X100A100A00028;CIEL
GRDF;2024;G;711310000;Ciel (commune non irisée);ENT;01;Culture et production animale, chasse et services annexes;A;5070.811;1;1;;0;17X100A100A00028;CIEL
GRDF;2024;G;713410000;Palleau (commune non irisée);PRO;;;A;secret;secret;;;;17X100A100A00028;PALLEAU
GRDF;2024;G;714050000;Saint-Didier-en-Bresse (commune non irisée);PRO;;;A;302.57311;4;0.864542358043647;;0;17X100A100A00028;SAINT DIDIER EN BRESSE
GRDF;2024;G;714620000;Saint-Maurice-en-Rivière (commune non irisée);PRO;;;A;secret;secret;;;;17X100A100A00028;SAINT MAURICE EN RIVIERE
GRDF;2024;G;715700000;Verjux (commune non irisée);PRO;;;A;secret;secret;;;;17X100A100A00028;VERJUX
GRDF;2024;G;711370000;Cluny (commune non irisée);PRO;;;A;51.55102;1;1;;0;17X100A100A00028;CLUNY
GRDF;2024;G;711730000;Devrouze (commune non irisée);PRO;;;A;secret;secret;;;;17X100A100A00028;DEVROUZE
GRDF;2024;G;714190000;Saint-Germain-du-Bois (commune non irisée);PRO;;;A;85.60581;2;1;;0;17X100A100A00028;SAINT GERMAIN DU BOIS
GRDF;2024;G;710660000;Burgy (commune non irisée);PRO;;;A;secret;secret;;;;17X100A100A00028;BURGY
GRDF;2024;G;711000000;Chardonnay (commune non irisée);PRO;;;A;secret;secret;;;;17X100A100A00028;CHARDONNAY
GRDF;2024;G;711350000;Clessé (commune non irisée);PRO;;;A;106.19748;6;1;;0;17X100A100A00028;CLESSE
GRDF;2024;G;713050000;Montbellet (commune non irisée);PRO;;;A;57.33826;2;1;;0;17X100A100A00028;MONTBELLET
GRDF;2024;G;713530000;Plottes (commune non irisée);PRO;;;A;secret;secret;;;;17X100A100A00028;PLOTTES
GRDF;2024;G;713830000;Saint-Albain (commune non irisée);PRO;;;A;secret;secret;;;;17X100A100A00028;SAINT ALBAIN
GRDF;2024;G;715430102;Périphérie;ENT;01;Culture et production animale, chasse et services annexes;A;606.41929;1;1;;0;17X100A100A00028;TOURNUS
GRDF;2024;G;715500000;Uchizy (commune non irisée);PRO;;;A;secret;secret;;;;17X100A100A00028;UCHIZY
GRDF;2024;G;715840000;Viré (commune non irisée);PRO;;;A;secret;secret;;;;17X100A100A00028;VIRE
GRDF;2024;G;710740000;Chaintré (commune non irisée);PRO;;;A;52.82546;2;1;;0;17X100A100A00028;CHAINTRE
GRDF;2024;G;710840000;Chânes (commune non irisée);PRO;;;A;secret;secret;;;;17X100A100A00028;CHANES
GRDF;2024;G;710900000;La Chapelle-de-Guinchay (commune non irisée);PRO;;;A;secret;secret;;;;17X100A100A00028;CHAPELLE DE GUINCHAY
GRDF;2024;G;711050101;La Verchère;PRO;;;A;secret;secret;;;;17X100A100A00028;CHARNAY LES MACON
GRDF;2024;G;711050103;Lévigny-Le Bourg;PRO;;;A;secret;secret;;;;17X100A100A00028;CHARNAY LES MACON
GRDF;2024;G;711500000;Crêches-sur-Saône (commune non irisée);PRO;;;A;secret;secret;;;;17X100A100A00028;CRECHES SUR SAONE
GRDF;2024;G;711500000;Crêches-sur-Saône (commune non irisée);ENT;01;Culture et production animale, chasse et services annexes;A;155.49388;1;1;;0;17X100A100A00028;CRECHES SUR SAONE
GRDF;2024;G;711690000;Davayé (commune non irisée);PRO;;;A;110.43471;4;0.93845413276315;;0;17X100A100A00028;DAVAYE
GRDF;2024;G;712100000;Fuissé (commune non irisée);PRO;;;A;130.95687;2;1;;0;17X100A100A00028;FUISSE
GRDF;2024;G;712350000;Hurigny (commune non irisée);PRO;;;A;82.38381;2;1;;0;17X100A100A00028;HURIGNY
GRDF;2024;G;712360000;Igé (commune non irisée);PRO;;;A;secret;secret;;;;17X100A100A00028;IGE
GRDF;2024;G;712700102;Flacé-Liberté;PRO;;;A;secret;secret;;;;17X100A100A00028;MACON
GRDF;2024;G;712700103;Perrières;PRO;;;A;73.87326;1;1;;0;17X100A100A00028;MACON
GRDF;2024;G;712700104;Saugeraies;PRO;;;A;secret;secret;;;;17X100A100A00028;MACON
GRDF;2024;G;712700105;Centre Nord;PRO;;;A;secret;secret;;;;17X100A100A00028;MACON
GRDF;2024;G;712700107;Centre Ville;PRO;;;A;secret;secret;;;;17X100A100A00028;MACON
GRDF;2024;G;712700109;Pillet-Champlevert;PRO;;;A;57.8663;2;0.507081323671981;;0;17X100A100A00028;MACON
GRDF;2024;G;712700112;Herriot;PRO;;;A;secret;secret;;;;17X100A100A00028;MACON
GRDF;2024;G;712700113;Loché;PRO;;;A;secret;secret;;;;17X100A100A00028;MACON
GRDF;2024;G;713720000;Romanèche-Thorins (commune non irisée);PRO;;;A;336.99697;6;0.717694850490792;;0;17X100A100A00028;ROMANECHE THORINS
GRDF;2024;G;715260000;Solutré-Pouilly (commune non irisée);PRO;;;A;140.42336;6;1;;0;17X100A100A00028;SOLUTRE POUILLY
GRDF;2024;G;715670000;Vergisson (commune non irisée);PRO;;;A;secret;secret;;;;17X100A100A00028;VERGISSON
GRDF;2024;G;715740000;Verzé (commune non irisée);PRO;;;A;secret;secret;;;;17X100A100A00028;VERZE
GRDF;2024;G;715830000;Vinzelles (commune non irisée);PRO;;;A;62.76654;2;1;;0;17X100A100A00028;VINZELLES
GRDF;2024;G;710470102;Périphérique;PRO;;;A;secret;secret;;;;17X100A100A00028;BOURBON LANCY
GRDF;2024;G;712300102;Quartier Haut;PRO;;;A;secret;secret;;;;17X100A100A00028;GUEUGNON
GRDF;2024;G;712300103;Les Gachères;PRO;;;A;secret;secret;;;;17X100A100A00028;GUEUGNON
GRDF;2024;G;712300104;Quartier Bas;PRO;;;A;secret;secret;;;;17X100A100A00028;GUEUGNON
GRDF;2024;G;712390000;Issy-l'Évêque (commune non irisée);PRO;;;A;secret;secret;;;;17X100A100A00028;ISSY L EVEQUE
GRDF;2024;G;715420000;Toulon-sur-Arroux (commune non irisée);PRO;;;A;secret;secret;;;;17X100A100A00028;TOULON SUR ARROUX
GRDF;2024;G;710140102;Individuel Saint-Pantaléon et Les Ormes;PRO;;;A;120.49151;2;0.149199391724777;;0;17X100A100A00028;AUTUN
GRDF;2024;G;710140103;Saint-Jean-Saint-André;PRO;;;A;secret;secret;;;;17X100A100A00028;AUTUN
GRDF;2024;G;710140105;Parc Nord et Saintandoche;PRO;;;A;secret;secret;;;;17X100A100A00028;AUTUN
GRDF;2024;G;710140108;Centre Ville;PRO;;;A;secret;secret;;;;17X100A100A00028;AUTUN
GRDF;2024;G;710140110;Zone d'Activités d'Autun Nord;PRO;;;A;secret;secret;;;;17X100A100A00028;AUTUN
GRDF;2024;G;710150000;Auxy (commune non irisée);PRO;;;A;secret;secret;;;;17X100A100A00028;AUXY
GRDF;2024;G;711840000;Dracy-Saint-Loup (commune non irisée);PRO;;;A;secret;secret;;;;17X100A100A00028;DRACY SAINT LOUP
GRDF;2024;G;714140000;Saint-Forgeot (commune non irisée);PRO;;;A;secret;secret;;;;17X100A100A00028;SAINT FORGEOT
GRDF;2024;G;715300000;Sully (commune non irisée);PRO;;;A;secret;secret;;;;17X100A100A00028;SULLY
GRDF;2024;G;711200000;Chauffailles (commune non irisée);PRO;;;A;secret;secret;;;;17X100A100A00028;CHAUFFAILLES
GRDF;2024;G;710180000;Bantanges (commune non irisée);ENT;01;Culture et production animale, chasse et services annexes;A;410.86322;1;1;;0;17X100A100A00028;BANTANGES
GRDF;2024;G;712130000;La Genête (commune non irisée);PRO;;;A;secret;secret;;;;17X100A100A00028;GENETE
GRDF;2024;G;712440000;Jouvençon (commune non irisée);PRO;;;A;92.31835;1;1;;0;17X100A100A00028;JOUVENCON
GRDF;2024;G;712560000;Lessard-en-Bresse (commune non irisée);ENT;01;Culture et production animale, chasse et services annexes;A;361.80586;2;1;;0;17X100A100A00028;LESSARD EN BRESSE
GRDF;2024;G;713360000;Ouroux-sur-Saône (commune non irisée);PRO;;;A;80.19654;3;1;;0;17X100A100A00028;OUROUX SUR SAONE
GRDF;2024;G;713660000;Ratenelle (commune non irisée);PRO;;;A;secret;secret;;;;17X100A100A00028;RATENELLE
GRDF;2024;G;710560000;Branges (commune non irisée);PRO;;;A;121.75732;4;1;;0;17X100A100A00028;BRANGES
GRDF;2024;G;711430000;Condal (commune non irisée);ENT;01;Culture et production animale, chasse et services annexes;A;52.31295;1;1;;0;17X100A100A00028;CONDAL
GRDF;2024;G;715280000;Sornay (commune non irisée);PRO;;;A;107.87694;3;1;;0;17X100A100A00028;SORNAY
GRDF;2024;G;711060000;Charolles (commune non irisée);PRO;;;A;secret;secret;;;;17X100A100A00028;CHAROLLES
GRDF;2024;G;713420103;Quartier Vert;PRO;;;A;138.36917;1;1;;0;17X100A100A00028;PARAY LE MONIAL
GRDF;2024;G;710400102;Nord;PRO;;;A;51.84725;1;1;;0;17X100A100A00028;BLANZY
GRDF;2024;G;711530101;Parc de la Verrerie-Quartier du Guide;PRO;;;A;127.38736;1;1;;0;17X100A100A00028;CREUSOT
GRDF;2024;G;711870000;Écuisses (commune non irisée);PRO;;;A;secret;secret;;;;17X100A100A00028;ECUISSES
GRDF;2024;G;712120000;Génelard (commune non irisée);PRO;;;A;secret;secret;;;;17X100A100A00028;GENELARD
GRDF;2024;G;713060107;Bois Roullot;PRO;;;A;secret;secret;;;;17X100A100A00028;MONTCEAU LES MINES
GRDF;2024;G;713060109;Bel-Air;PRO;;;A;secret;secret;;;;17X100A100A00028;MONTCEAU LES MINES
GRDF;2024;G;713100101;Est;PRO;;;A;249.66925;2;1;;0;17X100A100A00028;MONTCHANIN
GRDF;2024;G;713560000;Pouilloux (commune non irisée);PRO;;;A;239.51043;2;1;;0;17X100A100A00028;POUILLOUX
GRDF;2024;G;715400000;Torcy (commune non irisée);PRO;;;A;secret;secret;;;;17X100A100A00028;TORCY
GRDF;2024;G;710760105;Saint-Jean des Vignes;PRO;;;A;secret;secret;;;;17X100A100A00028;CHALON SUR SAONE
GRDF;2024;G;710760117;Centre;PRO;;;A;secret;secret;;;;17X100A100A00028;CHALON SUR SAONE
GRDF;2024;G;711170000;Châtenoy-en-Bresse (commune non irisée);PRO;;;A;secret;secret;;;;17X100A100A00028;CHATENOY EN BRESSE
GRDF;2024;G;711180102;Sud;PRO;;;A;secret;secret;;;;17X100A100A00028;CHATENOY LE ROYAL
GRDF;2024;G;711220000;Cheilly-lès-Maranges (commune non irisée);PRO;;;A;secret;secret;;;;17X100A100A00028;CHEILLY LES MARANGES
GRDF;2024;G;711700000;Demigny (commune non irisée);PRO;;;A;58.74088;2;1;;0;17X100A100A00028;DEMIGNY
GRDF;2024;G;711890000;Épervans (commune non irisée);PRO;;;A;129.73497;1;1;;0;17X100A100A00028;EPERVANS
GRDF;2024;G;711890000;Épervans (commune non irisée);ENT;01;Culture et production animale, chasse et services annexes;A;665.72354;1;1;;0;17X100A100A00028;EPERVANS
GRDF;2024;G;712020000;Fontaines (commune non irisée);PRO;;;A;secret;secret;;;;17X100A100A00028;FONTAINES
GRDF;2024;G;712150000;Gergy (commune non irisée);PRO;;;A;secret;secret;;;;17X100A100A00028;GERGY
GRDF;2024;G;712210000;Givry (commune non irisée);PRO;;;A;318.31324;12;0.996953661116955;;0;17X100A100A00028;GIVRY
GRDF;2024;G;712410000;Jambles (commune non irisée);PRO;;;A;secret;secret;;;;17X100A100A00028;JAMBLES
GRDF;2024;G;712940000;Mercurey (commune non irisée);PRO;;;A;475.18078;14;1;;0;17X100A100A00028;MERCUREY
GRDF;2024;G;712940000;Mercurey (commune non irisée);ENT;01;Culture et production animale, chasse et services annexes;A;26.23383;1;1;;0;17X100A100A00028;MERCUREY
GRDF;2024;G;713330000;Oslon (commune non irisée);PRO;;;A;110.94027;1;1;;0;17X100A100A00028;OSLON
GRDF;2024;G;713780000;Rully (commune non irisée);PRO;;;A;390.35426;7;1;;0;17X100A100A00028;RULLY
GRDF;2024;G;714430000;Saint-Loup-Géanges (commune non irisée);PRO;;;A;secret;secret;;;;17X100A100A00028;SAINT LOUP GEANGES
GRDF;2024;G;714450101;Nord;PRO;;;A;181.64685;3;1;;0;17X100A100A00028;SAINT MARCEL
GRDF;2024;G;714450101;Nord;ENT;01;Culture et production animale, chasse et services annexes;A;264.87699;1;1;;0;17X100A100A00028;SAINT MARCEL
GRDF;2024;G;714590000;Saint-Martin-sous-Montaigu (commune non irisée);PRO;;;A;80.19643;3;1;;0;17X100A100A00028;SAINT MARTIN SOUS MONTAIGU
GRDF;2024;G;714960000;Sampigny-lès-Maranges (commune non irisée);PRO;;;A;79.15805;2;1;;0;17X100A100A00028;SAMPIGNY LES MARANGES
GRDF;2024;G;712750000;Marcigny (commune non irisée);PRO;;;A;secret;secret;;;;17X100A100A00028;MARCIGNY
GRDF;2024;G;712750000;Marcigny (commune non irisée);ENT;01;Culture et production animale, chasse et services annexes;A;861.10673;2;1;;0;17X100A100A00028;MARCIGNY
GRDF;2024;G;713510000;Pierre-de-Bresse (commune non irisée);PRO;;;A;secret;secret;;;;17X100A100A00028;PIERRE DE BRESSE
GRDF;2024;G;712490000;Laives (commune non irisée);PRO;;;A;secret;secret;;;;17X100A100A00028;LAIVES
GRDF;2024;G;710700000;Buxy (commune non irisée);PRO;;;A;secret;secret;;;;17X100A100A00028;BUXY
GRDF;2024;G;713240000;Moroges (commune non irisée);PRO;;;A;68.26924;3;1;;0;17X100A100A00028;MOROGES
GRDF;2024;G;713740000;Rosey (commune non irisée);PRO;;;A;secret;secret;;;;17X100A100A00028;ROSEY
GRDF;2024;G;894230000;Tronchoy (commune non irisée);PRO;;;A;313.59674;1;1;;0;17X100A100A00028;TRONCHOY
GRDF;2024;G;890340000;Beine (commune non irisée);PRO;;;A;54.35788;2;1;;0;17X100A100A00028;BEINE
GRDF;2024;G;890680000;Chablis (commune non irisée);PRO;;;A;354.18271;12;0.945799415222725;;0;17X100A100A00028;CHABLIS
GRDF;2024;G;892270000;Ligny-le-Châtel (commune non irisée);PRO;;;A;secret;secret;;;;17X100A100A00028;LIGNY LE CHATEL
GRDF;2024;G;892380000;Mailly-le-Château (commune non irisée);PRO;;;A;secret;secret;;;;17X100A100A00028;MAILLY LE CHATEAU
GRDF;2024;G;890130000;Appoigny (commune non irisée);PRO;;;A;secret;secret;;;;17X100A100A00028;APPOIGNY
GRDF;2024;G;890240110;Les Brichères;PRO;;;A;52.78607;1;1;;0;17X100A100A00028;AUXERRE
GRDF;2024;G;890770000;Champs-sur-Yonne (commune non irisée);PRO;;;A;secret;secret;;;;17X100A100A00028;CHAMPS SUR YONNE
GRDF;2024;G;891180000;Coulanges-la-Vineuse (commune non irisée);PRO;;;A;136.0115;3;1;;0;17X100A100A00028;COULANGES LA VINEUSE
GRDF;2024;G;892020000;Irancy (commune non irisée);PRO;;;A;78.40376;3;1;;0;17X100A100A00028;IRANCY
GRDF;2024;G;892120000;Jussy (commune non irisée);PRO;;;A;secret;secret;;;;17X100A100A00028;JUSSY
GRDF;2024;G;893370000;Saint-Bris-le-Vineux (commune non irisée);PRO;;;A;164.01154;6;1;;0;17X100A100A00028;SAINT BRIS LE VINEUX
GRDF;2024;G;894380000;Venoy (commune non irisée);PRO;;;A;secret;secret;;;;17X100A100A00028;VENOY
GRDF;2024;G;892560000;Migé (commune non irisée);PRO;;;A;secret;secret;;;;17X100A100A00028;MIGE
GRDF;2024;G;891010000;Chéu (commune non irisée);PRO;;;A;secret;secret;;;;17X100A100A00028;CHEU
GRDF;2024;G;891860000;Germigny (commune non irisée);PRO;;;A;secret;secret;;;;17X100A100A00028;GERMIGNY
GRDF;2024;G;892010000;Héry (commune non irisée);PRO;;;A;secret;secret;;;;17X100A100A00028;HERY
GRDF;2024;G;892680000;Mont-Saint-Sulpice (commune non irisée);ENT;01;Culture et production animale, chasse et services annexes;A;1247.79813;3;1;;0;17X100A100A00028;MONT SAINT SULPICE
GRDF;2024;G;891950000;Gron (commune non irisée);PRO;;;A;secret;secret;;;;17X100A100A00028;GRON
GRDF;2024;G;892390000;Malay-le-Grand (commune non irisée);PRO;;;A;secret;secret;;;;17X100A100A00028;MALAY LE GRAND
GRDF;2024;G;892450000;Marsangy (commune non irisée);PRO;;;A;secret;secret;;;;17X100A100A00028;MARSANGY
GRDF;2024;G;892870101;Ru Couvert;PRO;;;A;secret;secret;;;;17X100A100A00028;PARON
GRDF;2024;G;893270000;Rousson (commune non irisée);PRO;;;A;secret;secret;;;;17X100A100A00028;ROUSSON
GRDF;2024;G;893270000;Rousson (commune non irisée);ENT;01;Culture et production animale, chasse et services annexes;A;1325.17034;1;1;;0;17X100A100A00028;ROUSSON
GRDF;2024;G;893420000;Saint-Denis-lès-Sens (commune non irisée);PRO;;;A;secret;secret;;;;17X100A100A00028;SAINT DENIS LES SENS
GRDF;2024;G;893870101;Centre Est;PRO;;;A;68.68791;2;1;;0;17X100A100A00028;SENS
GRDF;2024;G;893870102;Centre Ouest;PRO;;;A;52.69914;2;1;;0;17X100A100A00028;SENS
GRDF;2024;G;893870103;Foch Maillot;PRO;;;A;secret;secret;;;;17X100A100A00028;SENS
GRDF;2024;G;893870107;Nouveaux Quartiers;PRO;;;A;secret;secret;;;;17X100A100A00028;SENS
GRDF;2024;G;894430000;Véron (commune non irisée);PRO;;;A;secret;secret;;;;17X100A100A00028;VERON
GRDF;2024;G;894640102;Bourg et Hameaux Rive Droite;ENT;01;Culture et production animale, chasse et services annexes;A;61.66263;1;1;;0;17X100A100A00028;VILLENEUVE SUR YONNE
GRDF;2024;G;891520000;Épineau-les-Voves (commune non irisée);PRO;;;A;secret;secret;;;;17X100A100A00028;EPINEAU LES VOVES
GRDF;2024;G;892570101;Zone Industrielle;PRO;;;A;160.77853;2;1;;0;17X100A100A00028;MIGENNES
GRDF;2024;G;892570103;Vieux Migennes;PRO;;;A;secret;secret;;;;17X100A100A00028;MIGENNES
GRDF;2024;G;893840000;Senan (commune non irisée);PRO;;;A;73.34492;1;1;;0;17X100A100A00028;SENAN
GRDF;2024;G;892740000;Nailly (commune non irisée);PRO;;;A;secret;secret;;;;17X100A100A00028;NAILLY
GRDF;2024;G;891620000;Évry (commune non irisée);PRO;;;A;secret;secret;;;;17X100A100A00028;EVRY
GRDF;2024;G;893090000;Pont-sur-Yonne (commune non irisée);PRO;;;A;secret;secret;;;;17X100A100A00028;PONT SUR YONNE
GRDF;2024;G;894600000;Villeneuve-la-Guyard (commune non irisée);PRO;;;A;secret;secret;;;;17X100A100A00028;VILLENEUVE LA GUYARD
GRDF;2024;G;894650000;Villeperrot (commune non irisée);PRO;;;A;secret;secret;;;;17X100A100A00028;VILLEPERROT
GRDF;2024;G;894800000;Vinneuf (commune non irisée);PRO;;;A;secret;secret;;;;17X100A100A00028;VINNEUF
GRDF;2024;G;890630000;La Celle-Saint-Cyr (commune non irisée);PRO;;;A;secret;secret;;;;17X100A100A00028;CELLE SAINT CYR
GRDF;2024;G;890750000;Champlay (commune non irisée);PRO;;;A;secret;secret;;;;17X100A100A00028;CHAMPLAY
GRDF;2024;G;892060102;Rive Gauche;PRO;;;A;487.96543;2;1;;0;17X100A100A00028;JOIGNY
GRDF;2024;G;892060103;Le Paradis;PRO;;;A;secret;secret;;;;17X100A100A00028;JOIGNY
GRDF;2024;G;900010000;Andelnans (commune non irisée);ENT;01;Culture et production animale, chasse et services annexes;A;817.73323;1;1;;0;17X100A100A00028;ANDELNANS
GRDF;2024;G;900120000;Bessoncourt (commune non irisée);PRO;;;A;secret;secret;;;;17X100A100A00028;BESSONCOURT
GRDF;2024;G;900690000;Méziré (commune non irisée);PRO;;;A;129.90323;1;1;;0;17X100A100A00028;MEZIRE
GRDF;2024;G;900970000;Trévenans (commune non irisée);PRO;;;A;secret;secret;;;;17X100A100A00028;TREVENANS
GRDF;2024;G;900880000;Rougegoutte (commune non irisée);PRO;;;A;secret;secret;;;;17X100A100A00028;ROUGEGOUTTE
GRDF;2024;G;900090101;Sud;PRO;;;A;secret;secret;;;;17X100A100A00028;BEAUCOURT
GRDF;2024;G;900530000;Grandvillars (commune non irisée);PRO;;;A;secret;secret;;;;17X100A100A00028;GRANDVILLARS
GRDF;2024;G;141170000;Cabourg (commune non irisée);PRO;;;A;secret;secret;;;;17X100A100A00028;CABOURG
GRDF;2024;G;143380000;Houlgate (commune non irisée);PRO;;;A;62.52496;2;1;;0;17X100A100A00028;HOULGATE
GRDF;2024;G;144090000;Merville-Franceville-Plage (commune non irisée);PRO;;;A;83.20021;4;1;;0;17X100A100A00028;MERVILLE FRANCEVILLE PLAGE
GRDF;2024;G;141180501;Le Bon Sauveur;PRO;;;A;secret;secret;;;;17X100A100A00028;CAEN
GRDF;2024;G;141660000;Colleville-Montgomery (commune non irisée);PRO;;;A;secret;secret;;;;17X100A100A00028;COLLEVILLE MONTGOMERY
GRDF;2024;G;143250000;Hermanville-sur-Mer (commune non irisée);PRO;;;A;secret;secret;;;;17X100A100A00028;HERMANVILLE SUR MER
GRDF;2024;G;143270503;Hameau et Quartier de Lébisey;ENT;01;Culture et production animale, chasse et services annexes;A;399.23798;1;1;;0;17X100A100A00028;HEROUVILLE SAINT CLAIR
GRDF;2024;G;143410104;Ifs Sud;PRO;;;A;secret;secret;;;;17X100A100A00028;IFS
GRDF;2024;G;143830000;Louvigny (commune non irisée);PRO;;;A;secret;secret;;;;17X100A100A00028;LOUVIGNY
GRDF;2024;G;144370103;Vallée Barrey-Piscine-Madelaine;PRO;;;A;secret;secret;;;;17X100A100A00028;MONDEVILLE
GRDF;2024;G;144880101;Riva Bella;PRO;;;A;secret;secret;;;;17X100A100A00028;OUISTREHAM
GRDF;2024;G;140340000;Avenay (commune non irisée);ENT;01;Culture et production animale, chasse et services annexes;A;656.28999;1;1;;0;17X100A100A00028;AVENAY
GRDF;2024;G;140890000;Bougy (commune non irisée);ENT;01;Culture et production animale, chasse et services annexes;A;286.58061;1;1;;0;17X100A100A00028;BOUGY
GRDF;2024;G;142570000;Évrecy (commune non irisée);PRO;;;A;secret;secret;;;;17X100A100A00028;EVRECY
GRDF;2024;G;142770000;Fontenay-le-Marmion (commune non irisée);PRO;;;A;77.15601;3;0.524759509985029;;0;17X100A100A00028;FONTENAY LE MARMION
GRDF;2024;G;143960000;Maltot (commune non irisée);PRO;;;A;secret;secret;;;;17X100A100A00028;MALTOT
GRDF;2024;G;143420000;Isigny-sur-Mer (commune non irisée);PRO;;;A;72.24149;1;0;;0;17X100A100A00028;ISIGNY SUR MER
GRDF;2024;G;143330101;Secteur Sauvegarde;PRO;;;A;secret;secret;;;;17X100A100A00028;HONFLEUR
GRDF;2024;G;147620101;Les Vaux de Vire;PRO;;;A;104.35652;2;1;;0;17X100A100A00028;VIRE NORMANDIE
GRDF;2024;G;142000000;Creully sur Seulles (commune non irisée);ENT;01;Culture et production animale, chasse et services annexes;A;3674.49097;2;1;;0;17X100A100A00028;CREULLY SUR SEULLES
GRDF;2024;G;143660203;Lisieux Est;PRO;;;A;secret;secret;;;;17X100A100A00028;LISIEUX
GRDF;2024;G;143660601;Adeline;PRO;;;A;secret;secret;;;;17X100A100A00028;LISIEUX
GRDF;2024;G;145740000;Saint-Désir (commune non irisée);PRO;;;A;secret;secret;;;;17X100A100A00028;SAINT DESIR
GRDF;2024;G;146540000;Saint-Pierre-en-Auge (commune non irisée);PRO;;;A;secret;secret;;;;17X100A100A00028;SAINT PIERRE EN AUGE
GRDF;2024;G;140590000;Benerville-sur-Mer (commune non irisée);PRO;;;A;173.28115;1;1;;0;17X100A100A00028;BENERVILLE SUR MER
GRDF;2024;G;145570000;Saint-Arnoult (commune non irisée);PRO;;;A;secret;secret;;;;17X100A100A00028;SAINT ARNOULT
GRDF;2024;G;146990000;Touques (commune non irisée);PRO;;;A;329.46089;5;1;;0;17X100A100A00028;TOUQUES
GRDF;2024;G;147010000;Tourgéville (commune non irisée);PRO;;;A;64.54209;3;1;;0;17X100A100A00028;TOURGEVILLE
GRDF;2024;G;147150101;Aguesseau-Ville Sud;PRO;;;A;secret;secret;;;;17X100A100A00028;TROUVILLE SUR MER
GRDF;2024;G;147150102;Port Littoral-Ville Nord;PRO;;;A;secret;secret;;;;17X100A100A00028;TROUVILLE SUR MER
GRDF;2024;G;147550000;Villerville (commune non irisée);PRO;;;A;89.83827;1;0.244784878426532;;0;17X100A100A00028;VILLERVILLE
GRDF;2024;G;146300000;Saint-Martin-des-Entrées (commune non irisée);PRO;;;A;secret;secret;;;;17X100A100A00028;SAINT MARTIN DES ENTREES
GRDF;2024;G;140660000;Bernières-sur-Mer (commune non irisée);PRO;;;A;secret;secret;;;;17X100A100A00028;BERNIERES SUR MER
GRDF;2024;G;141910000;Courseulles-sur-Mer (commune non irisée);PRO;;;A;secret;secret;;;;17X100A100A00028;COURSEULLES SUR MER
GRDF;2024;G;141970000;Cresserons (commune non irisée);PRO;;;A;secret;secret;;;;17X100A100A00028;CRESSERONS
GRDF;2024;G;142280000;Douvres-la-Délivrande (commune non irisée);PRO;;;A;secret;secret;;;;17X100A100A00028;DOUVRES LA DELIVRANDE
GRDF;2024;G;143540000;Langrune-sur-Mer (commune non irisée);PRO;;;A;secret;secret;;;;17X100A100A00028;LANGRUNE SUR MER
GRDF;2024;G;145620000;Saint-Aubin-sur-Mer (commune non irisée);PRO;;;A;secret;secret;;;;17X100A100A00028;SAINT AUBIN SUR MER
GRDF;2024;G;272300000;Ézy-sur-Eure (commune non irisée);PRO;;;A;secret;secret;;;;17X100A100A00028;EZY SUR EURE
GRDF;2024;G;273550000;Ivry-la-Bataille (commune non irisée);PRO;;;A;secret;secret;;;;17X100A100A00028;IVRY LA BATAILLE
GRDF;2024;G;274670102;Centre Ville;PRO;;;A;secret;secret;;;;17X100A100A00028;PONT AUDEMER
GRDF;2024;G;274670104;Quartier de Saint-Paul;PRO;;;A;91.08735;2;1;;0;17X100A100A00028;PONT AUDEMER
GRDF;2024;G;274670104;Quartier de Saint-Paul;ENT;01;Culture et production animale, chasse et services annexes;A;459.37623;1;1;;0;17X100A100A00028;PONT AUDEMER
GRDF;2024;G;275800000;Saint-Ouen-de-Thouberville (commune non irisée);PRO;;;A;secret;secret;;;;17X100A100A00028;SAINT OUEN DE THOUBERVILLE
GRDF;2024;G;276380000;Le Thuit de l'Oison (commune non irisée);PRO;;;A;secret;secret;;;;17X100A100A00028;THUIT DE L OISON
GRDF;2024;G;270560101;Centre Ville;PRO;;;A;secret;secret;;;;17X100A100A00028;BERNAY
GRDF;2024;G;270560104;Côte de Rouen-Saint-Michel-Croix Coquet;PRO;;;A;secret;secret;;;;17X100A100A00028;BERNAY
GRDF;2024;G;271160000;Brionne (commune non irisée);PRO;;;A;secret;secret;;;;17X100A100A00028;BRIONNE
GRDF;2024;G;271160000;Brionne (commune non irisée);ENT;01;Culture et production animale, chasse et services annexes;A;484.0129;3;1;;0;17X100A100A00028;BRIONNE
GRDF;2024;G;274630000;Plasnes (commune non irisée);ENT;01;Culture et production animale, chasse et services annexes;A;278.05479;1;1;;0;17X100A100A00028;PLASNES
GRDF;2024;G;271080000;Bourth (commune non irisée);PRO;;;A;205.04867;4;1;;0;17X100A100A00028;BOURTH
GRDF;2024;G;271080000;Bourth (commune non irisée);ENT;01;Culture et production animale, chasse et services annexes;A;569.09285;1;1;;0;17X100A100A00028;BOURTH
GRDF;2024;G;271120000;Breteuil (commune non irisée);PRO;;;A;secret;secret;;;;17X100A100A00028;BRETEUIL
GRDF;2024;G;273830000;Mandres (commune non irisée);PRO;;;A;56.03857;1;1;;0;17X100A100A00028;MANDRES
GRDF;2024;G;276790101;Centre;PRO;;;A;82.13308;1;0.280493559963902;;0;17X100A100A00028;VERNEUIL D AVRE ET D ITON
GRDF;2024;G;272460000;Fleury-sur-Andelle (commune non irisée);PRO;;;A;secret;secret;;;;17X100A100A00028;FLEURY SUR ANDELLE
GRDF;2024;G;274930000;Romilly-sur-Andelle (commune non irisée);PRO;;;A;secret;secret;;;;17X100A100A00028;ROMILLY SUR ANDELLE
GRDF;2024;G;272290102;École de Musique;PRO;;;A;66.9437;2;1;;0;17X100A100A00028;EVREUX
GRDF;2024;G;272290202;Jean Rostand;PRO;;;A;secret;secret;;;;17X100A100A00028;EVREUX
GRDF;2024;G;272290302;Isambard;PRO;;;A;secret;secret;;;;17X100A100A00028;EVREUX
GRDF;2024;G;272290502;Le Clos au Duc;PRO;;;A;secret;secret;;;;17X100A100A00028;EVREUX
GRDF;2024;G;274390000;Normanville (commune non irisée);PRO;;;A;secret;secret;;;;17X100A100A00028;NORMANVILLE
GRDF;2024;G;275070000;Saint-André-de-l'Eure (commune non irisée);ENT;01;Culture et production animale, chasse et services annexes;A;33.44125;1;1;;0;17X100A100A00028;SAINT ANDRE DE L EURE
GRDF;2024;G;275480000;Saint-Germain-sur-Avre (commune non irisée);PRO;;;A;secret;secret;;;;17X100A100A00028;SAINT GERMAIN SUR AVRE
GRDF;2024;G;272840103;Quartier Sud;PRO;;;A;secret;secret;;;;17X100A100A00028;GISORS
GRDF;2024;G;272840104;Quartier Centre;PRO;;;A;secret;secret;;;;17X100A100A00028;GISORS
GRDF;2024;G;272840105;Quartier Ouest;PRO;;;A;secret;secret;;;;17X100A100A00028;GISORS
GRDF;2024;G;270160102;Le Château;PRO;;;A;secret;secret;;;;17X100A100A00028;ANDELYS
GRDF;2024;G;273970000;Ménilles (commune non irisée);PRO;;;A;secret;secret;;;;17X100A100A00028;MENILLES
GRDF;2024;G;274480000;Pacy-sur-Eure (commune non irisée);PRO;;;A;secret;secret;;;;17X100A100A00028;PACY SUR EURE
GRDF;2024;G;275540000;La Chapelle-Longueville (commune non irisée);PRO;;;A;secret;secret;;;;17X100A100A00028;CHAPELLE LONGUEVILLE
GRDF;2024;G;276810108;Saint-Lazare;PRO;;;A;secret;secret;;;;17X100A100A00028;VERNON
GRDF;2024;G;276810109;Paris-Île-de-France;PRO;;;A;54.72149;3;1;;0;17X100A100A00028;VERNON
GRDF;2024;G;270140000;Amfreville-sur-Iton (commune non irisée);PRO;;;A;secret;secret;;;;17X100A100A00028;AMFREVILLE SUR ITON
GRDF;2024;G;270150000;Andé (commune non irisée);PRO;;;A;secret;secret;;;;17X100A100A00028;ANDE
GRDF;2024;G;271420000;Champenard (commune non irisée);PRO;;;A;secret;secret;;;;17X100A100A00028;CHAMPENARD
GRDF;2024;G;271880000;Criquebeuf-sur-Seine (commune non irisée);PRO;;;A;secret;secret;;;;17X100A100A00028;CRIQUEBEUF SUR SEINE
GRDF;2024;G;271960000;Les Damps (commune non irisée);PRO;;;A;secret;secret;;;;17X100A100A00028;DAMPS
GRDF;2024;G;273510000;Incarville (commune non irisée);ENT;01;Culture et production animale, chasse et services annexes;A;969.12742;2;1;;0;17X100A100A00028;INCARVILLE
GRDF;2024;G;273650000;Léry (commune non irisée);PRO;;;A;secret;secret;;;;17X100A100A00028;LERY
GRDF;2024;G;273750107;Saint-Germain-Les Acacias;PRO;;;A;secret;secret;;;;17X100A100A00028;LOUVIERS
GRDF;2024;G;275170000;Saint-Aubin-sur-Gaillon (commune non irisée);ENT;01;Culture et production animale, chasse et services annexes;A;443.78105;1;1;;0;17X100A100A00028;SAINT AUBIN SUR GAILLON
GRDF;2024;G;276160000;La Saussaye (commune non irisée);PRO;;;A;secret;secret;;;;17X100A100A00028;SAUSSAYE
GRDF;2024;G;276970000;Vironvay (commune non irisée);PRO;;;A;secret;secret;;;;17X100A100A00028;VIRONVAY
GRDF;2024;G;270230000;Aulnay-sur-Iton (commune non irisée);PRO;;;A;secret;secret;;;;17X100A100A00028;AULNAY SUR ITON
GRDF;2024;G;271650000;Conches-en-Ouche (commune non irisée);PRO;;;A;secret;secret;;;;17X100A100A00028;CONCHES EN OUCHE
GRDF;2024;G;274280000;Le Neubourg (commune non irisée);PRO;;;A;secret;secret;;;;17X100A100A00028;NEUBOURG
GRDF;2024;G;274280000;Le Neubourg (commune non irisée);ENT;01;Culture et production animale, chasse et services annexes;A;198.46207;1;1;;0;17X100A100A00028;NEUBOURG
GRDF;2024;G;500660000;Jullouville (commune non irisée);PRO;;;A;secret;secret;;;;17X100A100A00028;JULLOUVILLE
GRDF;2024;G;500850000;Bricqueville-sur-Mer (commune non irisée);PRO;;;A;secret;secret;;;;17X100A100A00028;BRICQUEVILLE SUR MER
GRDF;2024;G;501090000;Cérences (commune non irisée);PRO;;;A;177.59317;2;1;;0;17X100A100A00028;CERENCES
GRDF;2024;G;501650000;Donville-les-Bains (commune non irisée);PRO;;;A;secret;secret;;;;17X100A100A00028;DONVILLE LES BAINS
GRDF;2024;G;502180101;Quartier Haute Ville et Centre Ville;PRO;;;A;secret;secret;;;;17X100A100A00028;GRANVILLE
GRDF;2024;G;502180102;Quartier du Lude et du Rocher;PRO;;;A;secret;secret;;;;17X100A100A00028;GRANVILLE
GRDF;2024;G;502180103;Quartier Saint-Paul;PRO;;;A;secret;secret;;;;17X100A100A00028;GRANVILLE
GRDF;2024;G;500990401;Saint-Hilaire-Petitville-Montmartin;PRO;;;A;87.3761;1;0.408855854175226;;0;17X100A100A00028;CARENTAN LES MARAIS
GRDF;2024;G;504000000;Picauville (commune non irisée);PRO;;;A;secret;secret;;;;17X100A100A00028;PICAUVILLE
GRDF;2024;G;506390000;Villedieu-les-Poêles-Rouffigny (commune non irisée);PRO;;;A;secret;secret;;;;17X100A100A00028;VILLEDIEU LES POELES ROUFFIGNY
GRDF;2024;G;500020000;Agneaux (commune non irisée);PRO;;;A;secret;secret;;;;17X100A100A00028;AGNEAUX
GRDF;2024;G;501390000;Condé-sur-Vire (commune non irisée);PRO;;;A;secret;secret;;;;17X100A100A00028;CONDE SUR VIRE
GRDF;2024;G;505020201;Zone Sud-Ouest;PRO;;;A;secret;secret;;;;17X100A100A00028;SAINT LO
GRDF;2024;G;505020202;Le Bouloir-Grimouville;PRO;;;A;secret;secret;;;;17X100A100A00028;SAINT LO
GRDF;2024;G;501470101;Centre Ville;PRO;;;A;secret;secret;;;;17X100A100A00028;COUTANCES
GRDF;2024;G;501470104;Nord-Ouest;PRO;;;A;51.59195;1;0.2871052557618;;0;17X100A100A00028;COUTANCES
GRDF;2024;G;501970000;Gavray-sur-Sienne (commune non irisée);PRO;;;A;secret;secret;;;;17X100A100A00028;GAVRAY SUR SIENNE
GRDF;2024;G;502660000;Lengronne (commune non irisée);PRO;;;A;secret;secret;;;;17X100A100A00028;LENGRONNE
GRDF;2024;G;506030000;Tourville-sur-Sienne (commune non irisée);PRO;;;A;secret;secret;;;;17X100A100A00028;TOURVILLE SUR SIENNE
GRDF;2024;G;503940000;Périers (commune non irisée);PRO;;;A;secret;secret;;;;17X100A100A00028;PERIERS
GRDF;2024;G;500820000;Bricquebec-en-Cotentin (commune non irisée);PRO;;;A;secret;secret;;;;17X100A100A00028;BRICQUEBEC EN COTENTIN
GRDF;2024;G;501290102;Divette;PRO;;;A;secret;secret;;;;17X100A100A00028;CHERBOURG EN COTENTIN
GRDF;2024;G;501290601;Octeville Bourg Nord;PRO;;;A;secret;secret;;;;17X100A100A00028;CHERBOURG EN COTENTIN
GRDF;2024;G;501291203;Querqueville Rural;PRO;;;A;secret;secret;;;;17X100A100A00028;CHERBOURG EN COTENTIN
GRDF;2024;G;501291301;Tourlaville Place;PRO;;;A;secret;secret;;;;17X100A100A00028;CHERBOURG EN COTENTIN
GRDF;2024;G;501291501;Les Mielles;PRO;;;A;secret;secret;;;;17X100A100A00028;CHERBOURG EN COTENTIN
GRDF;2024;G;505750000;Sideville (commune non irisée);PRO;;;A;secret;secret;;;;17X100A100A00028;SIDEVILLE
GRDF;2024;G;506150101;La Lande de Beaumont;ENT;01;Culture et production animale, chasse et services annexes;A;741.37369;1;1;;0;17X100A100A00028;VALOGNES
GRDF;2024;G;506150104;Centre;PRO;;;A;secret;secret;;;;17X100A100A00028;VALOGNES
GRDF;2024;G;506150106;La Victoire;PRO;;;A;66.51141;1;1;;0;17X100A100A00028;VALOGNES
GRDF;2024;G;500250101;Quartier Centre Ville;PRO;;;A;96.27282;5;1;;0;17X100A100A00028;AVRANCHES
GRDF;2024;G;500250102;Quartier Périphérique Nord-Ouest;PRO;;;A;secret;secret;;;;17X100A100A00028;AVRANCHES
GRDF;2024;G;500250201;Saint-Martin-des-Champs;PRO;;;A;secret;secret;;;;17X100A100A00028;AVRANCHES
GRDF;2024;G;500740000;Brécey (commune non irisée);ENT;;;A;72351.205;3;1;;0;17X100A100A00028;BRECEY
GRDF;2024;G;502560000;Isigny-le-Buat (commune non irisée);ENT;;;A;0.023;1;1;;0;17X100A100A00028;ISIGNY LE BUAT
GRDF;2024;G;504070000;Poilley (commune non irisée);PRO;;;A;secret;secret;;;;17X100A100A00028;POILLEY
GRDF;2024;G;504100000;Pontorson (commune non irisée);PRO;;;A;secret;secret;;;;17X100A100A00028;PONTORSON
GRDF;2024;G;504870000;Saint-James (commune non irisée);PRO;;;A;secret;secret;;;;17X100A100A00028;SAINT JAMES
GRDF;2024;G;612940000;Mortrée (commune non irisée);PRO;;;A;secret;secret;;;;17X100A100A00028;MORTREE
GRDF;2024;G;611690102;Le Pont Féron;PRO;;;A;secret;secret;;;;17X100A100A00028;FLERS
GRDF;2024;G;611690201;Paulette Duhalde;PRO;;;A;secret;secret;;;;17X100A100A00028;FLERS
GRDF;2024;G;611690301;Saint-Sauveur;PRO;;;A;secret;secret;;;;17X100A100A00028;FLERS
GRDF;2024;G;612220000;Landisacq (commune non irisée);PRO;;;A;secret;secret;;;;17X100A100A00028;LANDISACQ
GRDF;2024;G;613910000;Saint-Georges-des-Groseillers (commune non irisée);PRO;;;A;secret;secret;;;;17X100A100A00028;SAINT GEORGES DES GROSEILLERS
GRDF;2024;G;614470000;Saint-Pierre-du-Regard (commune non irisée);PRO;;;A;secret;secret;;;;17X100A100A00028;SAINT PIERRE DU REGARD
GRDF;2024;G;614830000;Bagnoles de l'Orne Normandie (commune non irisée);PRO;;;A;secret;secret;;;;17X100A100A00028;BAGNOLES DE L ORNE NORMANDIE
GRDF;2024;G;614740000;Gouffern en Auge (commune non irisée);PRO;;;A;secret;secret;;;;17X100A100A00028;GOUFFERN EN AUGE
GRDF;2024;G;612140104;La Mérilière-Hôpital Saint-Louis;PRO;;;A;secret;secret;;;;17X100A100A00028;AIGLE
GRDF;2024;G;614560000;Saint-Sulpice-sur-Risle (commune non irisée);PRO;;;A;secret;secret;;;;17X100A100A00028;SAINT SULPICE SUR RISLE
GRDF;2024;G;614570000;Saint-Symphorien-des-Bruyères (commune non irisée);ENT;;;A;1424.2046;1;1;;0;17X100A100A00028;SAINT SYMPHORIEN DES BRUYERES
GRDF;2024;G;615080000;Vimoutiers (commune non irisée);PRO;;;A;secret;secret;;;;17X100A100A00028;VIMOUTIERS
GRDF;2024;G;614840000;Val-au-Perche (commune non irisée);PRO;;;A;57.36012;1;0;;0;17X100A100A00028;VAL AU PERCHE
GRDF;2024;G;614840000;Val-au-Perche (commune non irisée);ENT;01;Culture et production animale, chasse et services annexes;A;236.6889;1;1;;0;17X100A100A00028;VAL AU PERCHE
GRDF;2024;G;61001XXXX;Iris fictif de la commune Alençon;ENT;01;Culture et production animale, chasse et services annexes;A;18493.016;1;1;;0;17X100A100A00028;ALENCON
GRDF;2024;G;610010101;Centre Ville-Saint-Léonard-Notre-Dame;PRO;;;A;secret;secret;;;;17X100A100A00028;ALENCON
GRDF;2024;G;610010102;Halle aux Toiles-Centre-Préfecture;PRO;;;A;61.10461;2;1;;0;17X100A100A00028;ALENCON
GRDF;2024;G;610010402;Lancrel;PRO;;;A;secret;secret;;;;17X100A100A00028;ALENCON
GRDF;2024;G;610010403;Lyautey-Croix Mercier;PRO;;;A;secret;secret;;;;17X100A100A00028;ALENCON
GRDF;2024;G;761140102;Bolbec Nord;PRO;;;A;secret;secret;;;;17X100A100A00028;BOLBEC
GRDF;2024;G;761140104;Bolbec Centre;PRO;;;A;66.48761;1;1;;0;17X100A100A00028;BOLBEC
GRDF;2024;G;763840103;Centre Ville;ENT;01;Culture et production animale, chasse et services annexes;A;160.73512;1;1;;0;17X100A100A00028;LILLEBONNE
GRDF;2024;G;760050000;Amfreville-la-Mi-Voie (commune non irisée);PRO;;;A;secret;secret;;;;17X100A100A00028;AMFREVILLE LA MI VOIE
GRDF;2024;G;761030102;Sud;PRO;;;A;secret;secret;;;;17X100A100A00028;BONSECOURS
GRDF;2024;G;761080104;La Bretèque;PRO;;;A;secret;secret;;;;17X100A100A00028;BOIS GUILLAUME
GRDF;2024;G;761160000;Boos (commune non irisée);PRO;;;A;75.58298;3;1;;0;17X100A100A00028;BOOS
GRDF;2024;G;762120103;Carville-Longpaon;PRO;;;A;secret;secret;;;;17X100A100A00028;DARNETAL
GRDF;2024;G;762220000;Duclair (commune non irisée);PRO;;;A;secret;secret;;;;17X100A100A00028;DUCLAIR
GRDF;2024;G;762310101;Hôtel de Ville;PRO;;;A;63.4074;2;1;;0;17X100A100A00028;ELBEUF
GRDF;2024;G;763130000;Gouy (commune non irisée);PRO;;;A;secret;secret;;;;17X100A100A00028;GOUY
GRDF;2024;G;763190101;Les Essarts;PRO;;;A;secret;secret;;;;17X100A100A00028;GRAND COURONNE
GRDF;2024;G;764020103;Centre Est et Hameaux;PRO;;;A;secret;secret;;;;17X100A100A00028;MALAUNAY
GRDF;2024;G;764290101;Centre;PRO;;;A;secret;secret;;;;17X100A100A00028;MESNIL ESNARD
GRDF;2024;G;764510303;La Vatine;PRO;;;A;137.26099;1;1;;0;17X100A100A00028;MONT SAINT AIGNAN
GRDF;2024;G;764510304;Le Village;PRO;;;A;secret;secret;;;;17X100A100A00028;MONT SAINT AIGNAN
GRDF;2024;G;764640000;La Neuville-Chant-d'Oisel (commune non irisée);PRO;;;A;secret;secret;;;;17X100A100A00028;NEUVILLE CHANT D OISEL
GRDF;2024;G;764640000;La Neuville-Chant-d'Oisel (commune non irisée);ENT;01;Culture et production animale, chasse et services annexes;A;132.5816;1;1;;0;17X100A100A00028;NEUVILLE CHANT D OISEL
GRDF;2024;G;764840101;Bel-Air-Les Oiseaux;PRO;;;A;secret;secret;;;;17X100A100A00028;OISSEL
GRDF;2024;G;764980107;L'Hôpital;PRO;;;A;secret;secret;;;;17X100A100A00028;PETIT QUEVILLY
GRDF;2024;G;765400106;Beauvoisine;PRO;;;A;secret;secret;;;;17X100A100A00028;ROUEN
GRDF;2024;G;765400302;Zone Gare Saint-Sever;PRO;;;A;52.28646;1;1;;0;17X100A100A00028;ROUEN
GRDF;2024;G;765400304;Saint-Sever Emmurées;PRO;;;A;secret;secret;;;;17X100A100A00028;ROUEN
GRDF;2024;G;765400402;Sacré-Cœur;PRO;;;A;secret;secret;;;;17X100A100A00028;ROUEN
GRDF;2024;G;765400404;Pasteur Madeleine;PRO;;;A;63.61457;2;1;;0;17X100A100A00028;ROUEN
GRDF;2024;G;765400501;Cauchoise Saint-Gervais Est;PRO;;;A;85.63094;3;0.151843247312244;;0;17X100A100A00028;ROUEN
GRDF;2024;G;765400502;Gare SNCF;PRO;;;A;secret;secret;;;;17X100A100A00028;ROUEN
GRDF;2024;G;765400801;Châtelet;PRO;;;A;secret;secret;;;;17X100A100A00028;ROUEN
GRDF;2024;G;765750903;Technopole;PRO;;;A;101.53109;1;1;;0;17X100A100A00028;SAINT ETIENNE DU ROUVRAY
GRDF;2024;G;766080000;Sainte-Marguerite-sur-Duclair (commune non irisée);PRO;;;A;secret;secret;;;;17X100A100A00028;SAINTE MARGUERITE SUR DUCLAIR
GRDF;2024;G;766810104;Toit Familial-Bruyères;PRO;;;A;secret;secret;;;;17X100A100A00028;SOTTEVILLE LES ROUEN
GRDF;2024;G;760350000;Aumale (commune non irisée);ENT;01;Culture et production animale, chasse et services annexes;A;162.85233;1;1;;0;17X100A100A00028;AUMALE
GRDF;2024;G;764600000;Nesle-Normandeuse (commune non irisée);PRO;;;A;secret;secret;;;;17X100A100A00028;NESLE NORMANDEUSE
GRDF;2024;G;762760000;Forges-les-Eaux (commune non irisée);PRO;;;A;90.52701;2;1;;0;17X100A100A00028;FORGES LES EAUX
GRDF;2024;G;763120101;Nord;PRO;;;A;secret;secret;;;;17X100A100A00028;GOURNAY EN BRAY
GRDF;2024;G;763120103;Sud;PRO;;;A;secret;secret;;;;17X100A100A00028;GOURNAY EN BRAY
GRDF;2024;G;761940000;Criquebeuf-en-Caux (commune non irisée);PRO;;;A;secret;secret;;;;17X100A100A00028;CRIQUEBEUF EN CAUX
GRDF;2024;G;762590102;Le Port;PRO;;;A;secret;secret;;;;17X100A100A00028;FECAMP
GRDF;2024;G;767350000;Veules-les-Roses (commune non irisée);PRO;;;A;secret;secret;;;;17X100A100A00028;VEULES LES ROSES
GRDF;2024;G;764620000;Neufchâtel-en-Bray (commune non irisée);PRO;;;A;301.79125;1;1;;0;17X100A100A00028;NEUFCHATEL EN BRAY
GRDF;2024;G;761250000;Bosc-le-Hard (commune non irisée);PRO;;;A;secret;secret;;;;17X100A100A00028;BOSC LE HARD
GRDF;2024;G;762710000;Fontaine-le-Bourg (commune non irisée);PRO;;;A;secret;secret;;;;17X100A100A00028;FONTAINE LE BOURG
GRDF;2024;G;765940000;Saint-Jean-du-Cardonnay (commune non irisée);PRO;;;A;secret;secret;;;;17X100A100A00028;SAINT JEAN DU CARDONNAY
GRDF;2024;G;762390000;Épretot (commune non irisée);PRO;;;A;secret;secret;;;;17X100A100A00028;EPRETOT
GRDF;2024;G;762540000;Étretat (commune non irisée);PRO;;;A;secret;secret;;;;17X100A100A00028;ETRETAT
GRDF;2024;G;762700000;Fontaine-la-Mallet (commune non irisée);PRO;;;A;secret;secret;;;;17X100A100A00028;FONTAINE LA MALLET
GRDF;2024;G;763050101;Centre Ville 1;PRO;;;A;secret;secret;;;;17X100A100A00028;GONFREVILLE L ORCHER
GRDF;2024;G;763050103;Gournay et Hameaux;PRO;;;A;secret;secret;;;;17X100A100A00028;GONFREVILLE L ORCHER
GRDF;2024;G;763050104;Mayville;PRO;;;A;secret;secret;;;;17X100A100A00028;GONFREVILLE L ORCHER
GRDF;2024;G;763410202;Beaulieu H.L.M.;PRO;;;A;secret;secret;;;;17X100A100A00028;HARFLEUR
GRDF;2024;G;763510101;Centre Ville-Saint-Michel;PRO;;;A;secret;secret;;;;17X100A100A00028;HAVRE
GRDF;2024;G;763510304;Côté Ouest Ormeaux-Funiculaire;PRO;;;A;secret;secret;;;;17X100A100A00028;HAVRE
GRDF;2024;G;763510402;Anatole France Danton-Gabriel Péri;PRO;;;A;secret;secret;;;;17X100A100A00028;HAVRE
GRDF;2024;G;763510404;Anatole France Danton-Douanes;PRO;;;A;secret;secret;;;;17X100A100A00028;HAVRE
GRDF;2024;G;763510601;Tourneville-Fort;PRO;;;A;secret;secret;;;;17X100A100A00028;HAVRE
GRDF;2024;G;763510602;Tourneville-Haut Graville;PRO;;;A;secret;secret;;;;17X100A100A00028;HAVRE
GRDF;2024;G;763510703;Côté Est Soquence-Abbaye;PRO;;;A;secret;secret;;;;17X100A100A00028;HAVRE
GRDF;2024;G;763510902;Arcole Brindeau-Humbert;PRO;;;A;secret;secret;;;;17X100A100A00028;HAVRE
GRDF;2024;G;763511102;Points Cardinaux Saint-Just;PRO;;;A;secret;secret;;;;17X100A100A00028;HAVRE
GRDF;2024;G;763511201;Bléville sous Bretonne;PRO;;;A;secret;secret;;;;17X100A100A00028;HAVRE
GRDF;2024;G;763511301;Mare Rouge Châteaudun;PRO;;;A;secret;secret;;;;17X100A100A00028;HAVRE
GRDF;2024;G;763511603;Sainte-Cécile Frileuse;PRO;;;A;secret;secret;;;;17X100A100A00028;HAVRE
GRDF;2024;G;763511704;Aplemont Saules;PRO;;;A;secret;secret;;;;17X100A100A00028;HAVRE
GRDF;2024;G;763511803;Graville Mairie;PRO;;;A;secret;secret;;;;17X100A100A00028;HAVRE
GRDF;2024;G;763511804;Graville Stade;PRO;;;A;secret;secret;;;;17X100A100A00028;HAVRE
GRDF;2024;G;763511901;Vallée Béreult-Tréfileries-Champs Barets;PRO;;;A;84.64635;2;1;;0;17X100A100A00028;HAVRE
GRDF;2024;G;763512001;Les Neiges;PRO;;;A;secret;secret;;;;17X100A100A00028;HAVRE
GRDF;2024;G;763512302;Caucriauville Quatre Sergents;PRO;;;A;140.7469;40;1;;0;17X100A100A00028;HAVRE
GRDF;2024;G;763512303;Caucriauville Eugène Varlin;PRO;;;A;secret;secret;;;;17X100A100A00028;HAVRE
GRDF;2024;G;763512304;Caucriauville Saint-Pierre;PRO;;;A;secret;secret;;;;17X100A100A00028;HAVRE
GRDF;2024;G;763512305;Caucriauville Mont Le Comte;PRO;;;A;secret;secret;;;;17X100A100A00028;HAVRE
GRDF;2024;G;763512306;Caucriauville Jules Ladoumègue;PRO;;;A;secret;secret;;;;17X100A100A00028;HAVRE
GRDF;2024;G;763512309;Caucriauville Gérard Philipe;PRO;;;A;secret;secret;;;;17X100A100A00028;HAVRE
GRDF;2024;G;764040000;Manéglise (commune non irisée);PRO;;;A;secret;secret;;;;17X100A100A00028;MANEGLISE
GRDF;2024;G;764470105;Avenue Président Wilson;PRO;;;A;secret;secret;;;;17X100A100A00028;MONTIVILLIERS
GRDF;2024;G;764470108;Centre Ville;PRO;;;A;secret;secret;;;;17X100A100A00028;MONTIVILLIERS
GRDF;2024;G;764810000;Octeville-sur-Mer (commune non irisée);PRO;;;A;89.12965;2;1;;0;17X100A100A00028;OCTEVILLE SUR MER
GRDF;2024;G;765520101;Nice Havrais;PRO;;;A;secret;secret;;;;17X100A100A00028;SAINTE ADRESSE
GRDF;2024;G;761410000;Bréauté (commune non irisée);PRO;;;A;secret;secret;;;;17X100A100A00028;BREAUTE
GRDF;2024;G;761430000;Bretteville-du-Grand-Caux (commune non irisée);PRO;;;A;secret;secret;;;;17X100A100A00028;BRETTEVILLE DU GRAND CAUX
GRDF;2024;G;762550101;Centre Ville;PRO;;;A;secret;secret;;;;17X100A100A00028;EU
GRDF;2024;G;762550101;Centre Ville;ENT;01;Culture et production animale, chasse et services annexes;A;860.02721;1;1;;0;17X100A100A00028;EU
GRDF;2024;G;767110101;Basse Ville;PRO;;;A;secret;secret;;;;17X100A100A00028;TREPORT
GRDF;2024;G;767580102;Yvetot Nord;PRO;;;A;secret;secret;;;;17X100A100A00028;YVETOT
GRDF;2024;G;762170104;Janval Château Michel Feldmann;PRO;;;A;secret;secret;;;;17X100A100A00028;DIEPPE
GRDF;2024;G;764140000;Martin-Église (commune non irisée);PRO;;;A;secret;secret;;;;17X100A100A00028;MARTIN EGLISE
GRDF;2024;G;765650000;Saint-Aubin-sur-Scie (commune non irisée);PRO;;;A;secret;secret;;;;17X100A100A00028;SAINT AUBIN SUR SCIE
GRDF;2024;G;025030000;Mont-d'Origny (commune non irisée);PRO;;;A;secret;secret;;;;17X100A100A00028;MONT D ORIGNY
GRDF;2024;G;026480000;Ribemont (commune non irisée);PRO;;;A;secret;secret;;;;17X100A100A00028;RIBEMONT
GRDF;2024;G;021570000;Chambry (commune non irisée);PRO;;;A;secret;secret;;;;17X100A100A00028;CHAMBRY
GRDF;2024;G;024080501;Plateau;PRO;;;A;secret;secret;;;;17X100A100A00028;LAON
GRDF;2024;G;024080601;Vaux;PRO;;;A;secret;secret;;;;17X100A100A00028;LAON
GRDF;2024;G;024080901;Ardon-Leuilly-Semilly;PRO;;;A;secret;secret;;;;17X100A100A00028;LAON
GRDF;2024;G;021730201;Sud-Ouest;PRO;;;A;secret;secret;;;;17X100A100A00028;CHAUNY
GRDF;2024;G;023040000;La Fère (commune non irisée);PRO;;;A;secret;secret;;;;17X100A100A00028;FERE
GRDF;2024;G;027380201;Vouel;PRO;;;A;secret;secret;;;;17X100A100A00028;TERGNIER
GRDF;2024;G;027380401;Fargniers;PRO;;;A;secret;secret;;;;17X100A100A00028;TERGNIER
GRDF;2024;G;028200000;Viry-Noureuil (commune non irisée);PRO;;;A;secret;secret;;;;17X100A100A00028;VIRY NOUREUIL
GRDF;2024;G;023150000;Flavy-le-Martel (commune non irisée);PRO;;;A;186.53748;2;1;;0;17X100A100A00028;FLAVY LE MARTEL
GRDF;2024;G;023710000;Harly (commune non irisée);PRO;;;A;secret;secret;;;;17X100A100A00028;HARLY
GRDF;2024;G;023830000;Homblières (commune non irisée);PRO;;;A;79.61857;2;1;;0;17X100A100A00028;HOMBLIERES
GRDF;2024;G;025490000;Neuville-Saint-Amand (commune non irisée);PRO;;;A;secret;secret;;;;17X100A100A00028;NEUVILLE SAINT AMAND
GRDF;2024;G;026910103;Centre Ville 3;PRO;;;A;53.34145;1;1;;0;17X100A100A00028;SAINT QUENTIN
GRDF;2024;G;026910401;Saint-Martin-Oestres 1;PRO;;;A;secret;secret;;;;17X100A100A00028;SAINT QUENTIN
GRDF;2024;G;022980000;Étreux (commune non irisée);PRO;;;A;95.52218;2;1;;0;17X100A100A00028;ETREUX
GRDF;2024;G;023610000;Guise (commune non irisée);PRO;;;A;secret;secret;;;;17X100A100A00028;GUISE
GRDF;2024;G;027690000;Vaux-Andigny (commune non irisée);PRO;;;A;secret;secret;;;;17X100A100A00028;VAUX ANDIGNY
GRDF;2024;G;027790000;Vénérolles (commune non irisée);PRO;;;A;106.1158;1;0.403964348381673;;0;17X100A100A00028;VENEROLLES
GRDF;2024;G;025140000;Montigny-Lengrain (commune non irisée);PRO;;;A;secret;secret;;;;17X100A100A00028;MONTIGNY LENGRAIN
GRDF;2024;G;026430000;Ressons-le-Long (commune non irisée);PRO;;;A;secret;secret;;;;17X100A100A00028;RESSONS LE LONG
GRDF;2024;G;026670000;Saconin-et-Breuil (commune non irisée);PRO;;;A;secret;secret;;;;17X100A100A00028;SACONIN ET BREUIL
GRDF;2024;G;020940000;Blesmes (commune non irisée);PRO;;;A;secret;secret;;;;17X100A100A00028;BLESMES
GRDF;2024;G;021140000;Brasles (commune non irisée);PRO;;;A;63.08776;2;1;;0;17X100A100A00028;BRASLES
GRDF;2024;G;022900000;Essômes-sur-Marne (commune non irisée);PRO;;;A;195.7991;8;0.764043246368343;;0;17X100A100A00028;ESSOMES SUR MARNE
GRDF;2024;G;023280000;Fossoy (commune non irisée);PRO;;;A;secret;secret;;;;17X100A100A00028;FOSSOY
GRDF;2024;G;025400000;Nesles-la-Montagne (commune non irisée);PRO;;;A;secret;secret;;;;17X100A100A00028;NESLES LA MONTAGNE
GRDF;2024;G;025540000;Nogentel (commune non irisée);ENT;01;Culture et production animale, chasse et services annexes;A;818.96042;1;1;;0;17X100A100A00028;NOGENTEL
GRDF;2024;G;025950000;Passy-sur-Marne (commune non irisée);PRO;;;A;secret;secret;;;;17X100A100A00028;PASSY SUR MARNE
GRDF;2024;G;026450000;Reuilly-Sauvigny (commune non irisée);PRO;;;A;secret;secret;;;;17X100A100A00028;REUILLY SAUVIGNY
GRDF;2024;G;027480000;Trélou-sur-Marne (commune non irisée);PRO;;;A;53.34556;3;1;;0;17X100A100A00028;TRELOU SUR MARNE
GRDF;2024;G;021410000;La Capelle (commune non irisée);PRO;;;A;secret;secret;;;;17X100A100A00028;CAPELLE
GRDF;2024;G;023120000;La Flamengrie (commune non irisée);PRO;;;A;secret;secret;;;;17X100A100A00028;FLAMENGRIE
GRDF;2024;G;025580000;Le Nouvion-en-Thiérache (commune non irisée);PRO;;;A;secret;secret;;;;17X100A100A00028;NOUVION EN THIERACHE
GRDF;2024;G;027890000;Vervins (commune non irisée);PRO;;;A;62.0988;1;1;;0;17X100A100A00028;VERVINS
GRDF;2024;G;022370000;Crécy-sur-Serre (commune non irisée);ENT;;;A;2176.74685;1;1;;0;17X100A100A00028;CRECY SUR SERRE
GRDF;2024;G;024680000;Marle (commune non irisée);PRO;;;A;secret;secret;;;;17X100A100A00028;MARLE
GRDF;2024;G;027220901;Gare;PRO;;;A;104.50318;3;1;;0;17X100A100A00028;SOISSONS
GRDF;2024;G;028050000;Villeneuve-Saint-Germain (commune non irisée);PRO;;;A;secret;secret;;;;17X100A100A00028;VILLENEUVE SAINT GERMAIN
GRDF;2024;G;023300000;Francilly-Selency (commune non irisée);PRO;;;A;secret;secret;;;;17X100A100A00028;FRANCILLY SELENCY
GRDF;2024;G;023340000;Fresnoy-le-Grand (commune non irisée);PRO;;;A;98.00909;4;0.81366218174253;;0;17X100A100A00028;FRESNOY LE GRAND
GRDF;2024;G;023520000;Gouy (commune non irisée);PRO;;;A;85.43443;2;0.95833881024313;;0;17X100A100A00028;GOUY
GRDF;2024;G;024260000;Levergies (commune non irisée);PRO;;;A;102.39133;2;0.797352666480648;;0;17X100A100A00028;LEVERGIES
GRDF;2024;G;027020000;Savy (commune non irisée);PRO;;;A;secret;secret;;;;17X100A100A00028;SAVY
GRDF;2024;G;021100000;Braine (commune non irisée);PRO;;;A;secret;secret;;;;17X100A100A00028;BRAINE
GRDF;2024;G;021630000;Charly-sur-Marne (commune non irisée);PRO;;;A;217.29349;8;0.805353303497495;;0;17X100A100A00028;CHARLY SUR MARNE
GRDF;2024;G;021860000;Chézy-sur-Marne (commune non irisée);PRO;;;A;secret;secret;;;;17X100A100A00028;CHEZY SUR MARNE
GRDF;2024;G;026530000;Romeny-sur-Marne (commune non irisée);PRO;;;A;secret;secret;;;;17X100A100A00028;ROMENY SUR MARNE
GRDF;2024;G;027010000;Saulchery (commune non irisée);PRO;;;A;89.64479;4;1;;0;17X100A100A00028;SAULCHERY
GRDF;2024;G;028180000;Villiers-Saint-Denis (commune non irisée);PRO;;;A;secret;secret;;;;17X100A100A00028;VILLIERS SAINT DENIS
GRDF;2024;G;023810101;Centre Ville;PRO;;;A;secret;secret;;;;17X100A100A00028;HIRSON
GRDF;2024;G;023810201;Champ Roland;PRO;;;A;secret;secret;;;;17X100A100A00028;HIRSON
GRDF;2024;G;023810301;Europe Futaie;PRO;;;A;secret;secret;;;;17X100A100A00028;HIRSON
GRDF;2024;G;028330000;Wimy (commune non irisée);PRO;;;A;secret;secret;;;;17X100A100A00028;WIMY
GRDF;2024;G;590750000;Béthencourt (commune non irisée);PRO;;;A;secret;secret;;;;17X100A100A00028;BETHENCOURT
GRDF;2024;G;590810000;Bévillers (commune non irisée);PRO;;;A;secret;secret;;;;17X100A100A00028;BEVILLERS
GRDF;2024;G;591020000;Boussières-en-Cambrésis (commune non irisée);PRO;;;A;83.21391;4;1;;0;17X100A100A00028;BOUSSIERES EN CAMBRESIS
GRDF;2024;G;591080000;Briastre (commune non irisée);PRO;;;A;secret;secret;;;;17X100A100A00028;BRIASTRE
GRDF;2024;G;591180000;Busigny (commune non irisée);PRO;;;A;secret;secret;;;;17X100A100A00028;BUSIGNY
GRDF;2024;G;591360102;Centre;PRO;;;A;secret;secret;;;;17X100A100A00028;CATEAU CAMBRESIS
GRDF;2024;G;591360103;Est;PRO;;;A;secret;secret;;;;17X100A100A00028;CATEAU CAMBRESIS
GRDF;2024;G;591370000;Catillon-sur-Sambre (commune non irisée);PRO;;;A;secret;secret;;;;17X100A100A00028;CATILLON SUR SAMBRE
GRDF;2024;G;591380000;Cattenières (commune non irisée);PRO;;;A;secret;secret;;;;17X100A100A00028;CATTENIERES
GRDF;2024;G;591390102;Centre 1;PRO;;;A;secret;secret;;;;17X100A100A00028;CAUDRY
GRDF;2024;G;591390105;Barbusse;PRO;;;A;secret;secret;;;;17X100A100A00028;CAUDRY
GRDF;2024;G;591400000;Caullery (commune non irisée);PRO;;;A;secret;secret;;;;17X100A100A00028;CAULLERY
GRDF;2024;G;591490000;Clary (commune non irisée);PRO;;;A;secret;secret;;;;17X100A100A00028;CLARY
GRDF;2024;G;592130000;Estourmel (commune non irisée);PRO;;;A;secret;secret;;;;17X100A100A00028;ESTOURMEL
GRDF;2024;G;593110000;Honnechy (commune non irisée);PRO;;;A;secret;secret;;;;17X100A100A00028;HONNECHY
GRDF;2024;G;593210000;Inchy (commune non irisée);PRO;;;A;55.65254;3;1;;0;17X100A100A00028;INCHY
GRDF;2024;G;593820000;Maretz (commune non irisée);PRO;;;A;72.67828;4;0.867807548555084;;0;17X100A100A00028;MARETZ
GRDF;2024;G;593940000;Maurois (commune non irisée);PRO;;;A;secret;secret;;;;17X100A100A00028;MAUROIS
GRDF;2024;G;594120000;Montay (commune non irisée);PRO;;;A;secret;secret;;;;17X100A100A00028;MONTAY
GRDF;2024;G;594130000;Montigny-en-Cambrésis (commune non irisée);PRO;;;A;secret;secret;;;;17X100A100A00028;MONTIGNY EN CAMBRESIS
GRDF;2024;G;594300000;Neuvilly (commune non irisée);PRO;;;A;secret;secret;;;;17X100A100A00028;NEUVILLY
GRDF;2024;G;594650000;Pommereuil (commune non irisée);PRO;;;A;secret;secret;;;;17X100A100A00028;POMMEREUIL
GRDF;2024;G;594980000;Reumont (commune non irisée);PRO;;;A;secret;secret;;;;17X100A100A00028;REUMONT
GRDF;2024;G;595280000;Saint-Aubert (commune non irisée);PRO;;;A;secret;secret;;;;17X100A100A00028;SAINT AUBERT
GRDF;2024;G;595450000;Saint-Souplet (commune non irisée);PRO;;;A;secret;secret;;;;17X100A100A00028;SAINT SOUPLET
GRDF;2024;G;596040000;Troisvilles (commune non irisée);PRO;;;A;secret;secret;;;;17X100A100A00028;TROISVILLES
GRDF;2024;G;596310000;Walincourt-Selvigny (commune non irisée);PRO;;;A;secret;secret;;;;17X100A100A00028;WALINCOURT SELVIGNY
GRDF;2024;G;590430101;Saint-Vaast;PRO;;;A;secret;secret;;;;17X100A100A00028;BAILLEUL
GRDF;2024;G;590430501;Nord;PRO;;;A;secret;secret;;;;17X100A100A00028;BAILLEUL
GRDF;2024;G;591350000;Cassel (commune non irisée);PRO;;;A;56.05326;1;1;;0;17X100A100A00028;CASSEL
GRDF;2024;G;594310101;Nord;ENT;01;Culture et production animale, chasse et services annexes;A;221.37476;1;1;;0;17X100A100A00028;NIEPPE
GRDF;2024;G;594540000;Oxelaëre (commune non irisée);PRO;;;A;secret;secret;;;;17X100A100A00028;OXELAERE
GRDF;2024;G;594970000;Renescure (commune non irisée);PRO;;;A;secret;secret;;;;17X100A100A00028;RENESCURE
GRDF;2024;G;594970000;Renescure (commune non irisée);ENT;01;Culture et production animale, chasse et services annexes;A;79.96827;1;1;;0;17X100A100A00028;RENESCURE
GRDF;2024;G;595460000;Saint-Sylvestre-Cappel (commune non irisée);PRO;;;A;secret;secret;;;;17X100A100A00028;SAINT SYLVESTRE CAPPEL
GRDF;2024;G;595780000;Steenbecque (commune non irisée);PRO;;;A;secret;secret;;;;17X100A100A00028;STEENBECQUE
GRDF;2024;G;595810000;Steenwerck (commune non irisée);PRO;;;A;90.23;4;1;;0;17X100A100A00028;STEENWERCK
GRDF;2024;G;596150000;Vieux-Berquin (commune non irisée);PRO;;;A;secret;secret;;;;17X100A100A00028;VIEUX BERQUIN
GRDF;2024;G;590670000;Bergues (commune non irisée);PRO;;;A;67.88992;3;1;;0;17X100A100A00028;BERGUES
GRDF;2024;G;590890000;Bollezeele (commune non irisée);PRO;;;A;secret;secret;;;;17X100A100A00028;BOLLEZEELE
GRDF;2024;G;596630101;Sud;PRO;;;A;secret;secret;;;;17X100A100A00028;WORMHOUT
GRDF;2024;G;596630102;Nord;PRO;;;A;secret;secret;;;;17X100A100A00028;WORMHOUT
GRDF;2024;G;596660000;Zegerscappel (commune non irisée);PRO;;;A;113.6327;1;0;;0;17X100A100A00028;ZEGERSCAPPEL
GRDF;2024;G;590040000;Aix-en-Pévèle (commune non irisée);PRO;;;A;secret;secret;;;;17X100A100A00028;AIX EN PEVELE
GRDF;2024;G;590220000;Attiches (commune non irisée);PRO;;;A;63.9102;1;1;;0;17X100A100A00028;ATTICHES
GRDF;2024;G;590290000;Auchy-lez-Orchies (commune non irisée);PRO;;;A;secret;secret;;;;17X100A100A00028;AUCHY LEZ ORCHIES
GRDF;2024;G;590340000;Avelin (commune non irisée);PRO;;;A;secret;secret;;;;17X100A100A00028;AVELIN
GRDF;2024;G;590710000;Bersée (commune non irisée);PRO;;;A;94.09444;4;1;;0;17X100A100A00028;BERSEE
GRDF;2024;G;590800000;Beuvry-la-Forêt (commune non irisée);PRO;;;A;secret;secret;;;;17X100A100A00028;BEUVRY LA FORET
GRDF;2024;G;590960000;Bourghelles (commune non irisée);PRO;;;A;secret;secret;;;;17X100A100A00028;BOURGHELLES
GRDF;2024;G;591050000;Bouvignies (commune non irisée);PRO;;;A;secret;secret;;;;17X100A100A00028;BOUVIGNIES
GRDF;2024;G;591230000;Camphin-en-Carembault (commune non irisée);PRO;;;A;secret;secret;;;;17X100A100A00028;CAMPHIN EN CAREMBAULT
GRDF;2024;G;591240000;Camphin-en-Pévèle (commune non irisée);PRO;;;A;secret;secret;;;;17X100A100A00028;CAMPHIN EN PEVELE
GRDF;2024;G;591290000;Cappelle-en-Pévèle (commune non irisée);PRO;;;A;501.20016;5;1;;0;17X100A100A00028;CAPPELLE EN PEVELE
GRDF;2024;G;591290000;Cappelle-en-Pévèle (commune non irisée);ENT;01;Culture et production animale, chasse et services annexes;A;2918.57092;6;1;;0;17X100A100A00028;CAPPELLE EN PEVELE
GRDF;2024;G;591450000;Chemy (commune non irisée);PRO;;;A;91.72605;4;0.308185406435794;;0;17X100A100A00028;CHEMY
GRDF;2024;G;591580000;Coutiches (commune non irisée);PRO;;;A;93.55107;3;1;;0;17X100A100A00028;COUTICHES
GRDF;2024;G;591680000;Cysoing (commune non irisée);PRO;;;A;secret;secret;;;;17X100A100A00028;CYSOING
GRDF;2024;G;592580000;Genech (commune non irisée);PRO;;;A;secret;secret;;;;17X100A100A00028;GENECH
GRDF;2024;G;592660000;Gondecourt (commune non irisée);PRO;;;A;52.1537;3;1;;0;17X100A100A00028;GONDECOURT
GRDF;2024;G;593040000;Herrin (commune non irisée);PRO;;;A;secret;secret;;;;17X100A100A00028;HERRIN
GRDF;2024;G;593300000;Landas (commune non irisée);PRO;;;A;54.88248;3;1;;0;17X100A100A00028;LANDAS
GRDF;2024;G;593980000;Mérignies (commune non irisée);PRO;;;A;secret;secret;;;;17X100A100A00028;MERIGNIES
GRDF;2024;G;594110000;Mons-en-Pévèle (commune non irisée);PRO;;;A;271.87379;5;0.555985628478567;;0;17X100A100A00028;MONS EN PEVELE
GRDF;2024;G;594110000;Mons-en-Pévèle (commune non irisée);ENT;01;Culture et production animale, chasse et services annexes;A;421.8164;2;1;;0;17X100A100A00028;MONS EN PEVELE
GRDF;2024;G;594190000;Mouchin (commune non irisée);PRO;;;A;81.97154;3;1;;0;17X100A100A00028;MOUCHIN
GRDF;2024;G;594350000;Nomain (commune non irisée);PRO;;;A;secret;secret;;;;17X100A100A00028;NOMAIN
GRDF;2024;G;594490102;Ouest;PRO;;;A;51.80682;3;1;;0;17X100A100A00028;ORCHIES
GRDF;2024;G;594620000;Phalempin (commune non irisée);PRO;;;A;secret;secret;;;;17X100A100A00028;PHALEMPIN
GRDF;2024;G;595510000;Saméon (commune non irisée);PRO;;;A;58.10962;2;0.141877713191034;;0;17X100A100A00028;SAMEON
GRDF;2024;G;595860101;Le Paradis-Les Tertres;PRO;;;A;207.68502;3;0.836614022523145;;0;17X100A100A00028;TEMPLEUVE EN PEVELE
GRDF;2024;G;596000000;Tourmignies (commune non irisée);PRO;;;A;secret;secret;;;;17X100A100A00028;TOURMIGNIES
GRDF;2024;G;596300000;Wahagnies (commune non irisée);PRO;;;A;secret;secret;;;;17X100A100A00028;WAHAGNIES
GRDF;2024;G;596380000;Wannehain (commune non irisée);PRO;;;A;secret;secret;;;;17X100A100A00028;WANNEHAIN
GRDF;2024;G;590380000;Avesnes-le-Sec (commune non irisée);PRO;;;A;secret;secret;;;;17X100A100A00028;AVESNES LE SEC
GRDF;2024;G;591000000;Bousignies (commune non irisée);PRO;;;A;secret;secret;;;;17X100A100A00028;BOUSIGNIES
GRDF;2024;G;591140000;Bruille-Saint-Amand (commune non irisée);PRO;;;A;secret;secret;;;;17X100A100A00028;BRUILLE SAINT AMAND
GRDF;2024;G;592070000;Escautpont (commune non irisée);PRO;;;A;secret;secret;;;;17X100A100A00028;ESCAUTPONT
GRDF;2024;G;592380000;Flines-lès-Mortagne (commune non irisée);PRO;;;A;secret;secret;;;;17X100A100A00028;FLINES LES MORTAGNE
GRDF;2024;G;592850000;Haspres (commune non irisée);PRO;;;A;secret;secret;;;;17X100A100A00028;HASPRES
GRDF;2024;G;592970000;Hélesmes (commune non irisée);PRO;;;A;secret;secret;;;;17X100A100A00028;HELESMES
GRDF;2024;G;593130000;Hordain (commune non irisée);PRO;;;A;secret;secret;;;;17X100A100A00028;HORDAIN
GRDF;2024;G;593350000;Lecelles (commune non irisée);PRO;;;A;secret;secret;;;;17X100A100A00028;LECELLES
GRDF;2024;G;593480000;Lieu-Saint-Amand (commune non irisée);PRO;;;A;secret;secret;;;;17X100A100A00028;LIEU SAINT AMAND
GRDF;2024;G;593870000;Marquette-en-Ostrevant (commune non irisée);PRO;;;A;77.0064;3;1;;0;17X100A100A00028;MARQUETTE EN OSTREVANT
GRDF;2024;G;593910000;Mastaing (commune non irisée);PRO;;;A;secret;secret;;;;17X100A100A00028;MASTAING
GRDF;2024;G;593930000;Maulde (commune non irisée);PRO;;;A;secret;secret;;;;17X100A100A00028;MAULDE
GRDF;2024;G;594290000;Neuville-sur-Escaut (commune non irisée);PRO;;;A;secret;secret;;;;17X100A100A00028;NEUVILLE SUR ESCAUT
GRDF;2024;G;595040000;Rœulx (commune non irisée);PRO;;;A;secret;secret;;;;17X100A100A00028;ROEULX
GRDF;2024;G;595190000;Rumegies (commune non irisée);PRO;;;A;secret;secret;;;;17X100A100A00028;RUMEGIES
GRDF;2024;G;595260104;Thermal-Mont des Bruyères;PRO;;;A;secret;secret;;;;17X100A100A00028;SAINT AMAND LES EAUX
GRDF;2024;G;595260105;Moulin des Loups;PRO;;;A;secret;secret;;;;17X100A100A00028;SAINT AMAND LES EAUX
GRDF;2024;G;595940000;Thun-Saint-Amand (commune non irisée);PRO;;;A;secret;secret;;;;17X100A100A00028;THUN SAINT AMAND
GRDF;2024;G;596030101;Est;PRO;;;A;secret;secret;;;;17X100A100A00028;TRITH SAINT LEGER
GRDF;2024;G;596320101;Ouest;PRO;;;A;54.72103;2;1;;0;17X100A100A00028;WALLERS
GRDF;2024;G;596510000;Wavrechain-sous-Denain (commune non irisée);PRO;;;A;secret;secret;;;;17X100A100A00028;WAVRECHAIN SOUS DENAIN
GRDF;2024;G;590350000;Avesnelles (commune non irisée);PRO;;;A;111.56174;3;0.528935009439616;;0;17X100A100A00028;AVESNELLES
GRDF;2024;G;590780000;Beugnies (commune non irisée);PRO;;;A;secret;secret;;;;17X100A100A00028;BEUGNIES
GRDF;2024;G;591810000;Dourlers (commune non irisée);PRO;;;A;secret;secret;;;;17X100A100A00028;DOURLERS
GRDF;2024;G;592260000;Felleries (commune non irisée);PRO;;;A;secret;secret;;;;17X100A100A00028;FELLERIES
GRDF;2024;G;592330000;Flaumont-Waudrechies (commune non irisée);PRO;;;A;secret;secret;;;;17X100A100A00028;FLAUMONT WAUDRECHIES
GRDF;2024;G;592900000;Haut-Lieu (commune non irisée);PRO;;;A;secret;secret;;;;17X100A100A00028;HAUT LIEU
GRDF;2024;G;593330000;Larouillies (commune non irisée);PRO;;;A;secret;secret;;;;17X100A100A00028;LAROUILLIES
GRDF;2024;G;593420000;Lez-Fontaine (commune non irisée);PRO;;;A;secret;secret;;;;17X100A100A00028;LEZ FONTAINE
GRDF;2024;G;593740000;Marbaix (commune non irisée);PRO;;;A;secret;secret;;;;17X100A100A00028;MARBAIX
GRDF;2024;G;595550000;Sars-Poteries (commune non irisée);PRO;;;A;57.65456;2;0.831857358724097;;0;17X100A100A00028;SARS POTERIES
GRDF;2024;G;595720000;Solre-le-Château (commune non irisée);PRO;;;A;secret;secret;;;;17X100A100A00028;SOLRE LE CHATEAU
GRDF;2024;G;590310000;Audignies (commune non irisée);PRO;;;A;secret;secret;;;;17X100A100A00028;AUDIGNIES
GRDF;2024;G;590530000;Bavay (commune non irisée);PRO;;;A;139.49744;4;0.781124800569816;;0;17X100A100A00028;BAVAY
GRDF;2024;G;590570000;Beaudignies (commune non irisée);PRO;;;A;secret;secret;;;;17X100A100A00028;BEAUDIGNIES
GRDF;2024;G;590990000;Bousies (commune non irisée);PRO;;;A;secret;secret;;;;17X100A100A00028;BOUSIES
GRDF;2024;G;591640000;Croix-Caluyau (commune non irisée);PRO;;;A;secret;secret;;;;17X100A100A00028;CROIX CALUYAU
GRDF;2024;G;592420000;Fontaine-au-Bois (commune non irisée);PRO;;;A;secret;secret;;;;17X100A100A00028;FONTAINE AU BOIS
GRDF;2024;G;592460000;Forest-en-Cambrésis (commune non irisée);PRO;;;A;secret;secret;;;;17X100A100A00028;FOREST EN CAMBRESIS
GRDF;2024;G;592510000;Frasnoy (commune non irisée);PRO;;;A;secret;secret;;;;17X100A100A00028;FRASNOY
GRDF;2024;G;592590000;Ghissignies (commune non irisée);PRO;;;A;secret;secret;;;;17X100A100A00028;GHISSIGNIES
GRDF;2024;G;592960000;Hecq (commune non irisée);PRO;;;A;secret;secret;;;;17X100A100A00028;HECQ
GRDF;2024;G;593310000;Landrecies (commune non irisée);PRO;;;A;secret;secret;;;;17X100A100A00028;LANDRECIES
GRDF;2024;G;593310000;Landrecies (commune non irisée);ENT;01;Culture et production animale, chasse et services annexes;A;362.13256;1;1;;0;17X100A100A00028;LANDRECIES
GRDF;2024;G;593570000;La Longueville (commune non irisée);PRO;;;A;secret;secret;;;;17X100A100A00028;LONGUEVILLE
GRDF;2024;G;593630000;Louvignies-Quesnoy (commune non irisée);PRO;;;A;secret;secret;;;;17X100A100A00028;LOUVIGNIES QUESNOY
GRDF;2024;G;593810000;Maresches (commune non irisée);PRO;;;A;94.23943;5;1;;0;17X100A100A00028;MARESCHES
GRDF;2024;G;593840000;Maroilles (commune non irisée);PRO;;;A;secret;secret;;;;17X100A100A00028;MAROILLES
GRDF;2024;G;594410000;Obies (commune non irisée);PRO;;;A;secret;secret;;;;17X100A100A00028;OBIES
GRDF;2024;G;594640000;Poix-du-Nord (commune non irisée);PRO;;;A;secret;secret;;;;17X100A100A00028;POIX DU NORD
GRDF;2024;G;594810000;Le Quesnoy (commune non irisée);PRO;;;A;115.80245;2;0.0674246529326452;;0;17X100A100A00028;QUESNOY
GRDF;2024;G;595030000;Robersart (commune non irisée);PRO;;;A;secret;secret;;;;17X100A100A00028;ROBERSART
GRDF;2024;G;595180000;Ruesnes (commune non irisée);PRO;;;A;secret;secret;;;;17X100A100A00028;RUESNES
GRDF;2024;G;595480000;Saint-Waast (commune non irisée);PRO;;;A;secret;secret;;;;17X100A100A00028;SAINT WAAST
GRDF;2024;G;595650000;Sepmeries (commune non irisée);PRO;;;A;secret;secret;;;;17X100A100A00028;SEPMERIES
GRDF;2024;G;595840000;Taisnières-sur-Hon (commune non irisée);PRO;;;A;110.09651;2;1;;0;17X100A100A00028;TAISNIERES SUR HON
GRDF;2024;G;596190000;Villereau (commune non irisée);PRO;;;A;secret;secret;;;;17X100A100A00028;VILLEREAU
GRDF;2024;G;596260000;Villers-Pol (commune non irisée);PRO;;;A;60.17329;4;0.768762519051226;;0;17X100A100A00028;VILLERS POL
GRDF;2024;G;596390000;Wargnies-le-Grand (commune non irisée);PRO;;;A;secret;secret;;;;17X100A100A00028;WARGNIES LE GRAND
GRDF;2024;G;590030000;Aibes (commune non irisée);PRO;;;A;secret;secret;;;;17X100A100A00028;AIBES
GRDF;2024;G;590580000;Beaufort (commune non irisée);PRO;;;A;56.59581;2;1;;0;17X100A100A00028;BEAUFORT
GRDF;2024;G;590680000;Berlaimont (commune non irisée);PRO;;;A;secret;secret;;;;17X100A100A00028;BERLAIMONT
GRDF;2024;G;591030000;Boussières-sur-Sambre (commune non irisée);PRO;;;A;secret;secret;;;;17X100A100A00028;BOUSSIERES SUR SAMBRE
GRDF;2024;G;591420000;Cerfontaine (commune non irisée);PRO;;;A;secret;secret;;;;17X100A100A00028;CERFONTAINE
GRDF;2024;G;591510000;Colleret (commune non irisée);PRO;;;A;66.24091;2;1;;0;17X100A100A00028;COLLERET
GRDF;2024;G;591900000;Élesmes (commune non irisée);PRO;;;A;secret;secret;;;;17X100A100A00028;ELESMES
GRDF;2024;G;592640000;Gognies-Chaussée (commune non irisée);PRO;;;A;secret;secret;;;;17X100A100A00028;GOGNIES CHAUSSEE
GRDF;2024;G;593510000;Limont-Fontaine (commune non irisée);PRO;;;A;secret;secret;;;;17X100A100A00028;LIMONT FONTAINE
GRDF;2024;G;593850000;Marpent (commune non irisée);PRO;;;A;secret;secret;;;;17X100A100A00028;MARPENT
GRDF;2024;G;593920101;Épinette Périphérie;PRO;;;A;secret;secret;;;;17X100A100A00028;MAUBEUGE
GRDF;2024;G;593920201;Faubourg de Mons;PRO;;;A;50.65662;2;1;;0;17X100A100A00028;MAUBEUGE
GRDF;2024;G;594830000;Quiévelon (commune non irisée);PRO;;;A;secret;secret;;;;17X100A100A00028;QUIEVELON
GRDF;2024;G;595430000;Saint-Remy-du-Nord (commune non irisée);PRO;;;A;54.77856;2;1;;0;17X100A100A00028;SAINT REMY DU NORD
GRDF;2024;G;596180000;Vieux-Reng (commune non irisée);PRO;;;A;secret;secret;;;;17X100A100A00028;VIEUX RENG
GRDF;2024;G;592290000;Féron (commune non irisée);PRO;;;A;secret;secret;;;;17X100A100A00028;FERON
GRDF;2024;G;592490103;La Concorde;PRO;;;A;52.11874;2;1;;0;17X100A100A00028;FOURMIES
GRDF;2024;G;592490105;Les Noires Terres;PRO;;;A;secret;secret;;;;17X100A100A00028;FOURMIES
GRDF;2024;G;596590000;Wignehies (commune non irisée);PRO;;;A;secret;secret;;;;17X100A100A00028;WIGNEHIES
GRDF;2024;G;590070000;Anhiers (commune non irisée);PRO;;;A;secret;secret;;;;17X100A100A00028;ANHIERS
GRDF;2024;G;590150000;Arleux (commune non irisée);PRO;;;A;51.49461;3;1;;0;17X100A100A00028;ARLEUX
GRDF;2024;G;590260000;Aubigny-au-Bac (commune non irisée);PRO;;;A;secret;secret;;;;17X100A100A00028;AUBIGNY AU BAC
GRDF;2024;G;591170000;Bugnicourt (commune non irisée);PRO;;;A;secret;secret;;;;17X100A100A00028;BUGNICOURT
GRDF;2024;G;591260000;Cantin (commune non irisée);PRO;;;A;secret;secret;;;;17X100A100A00028;CANTIN
GRDF;2024;G;591650103;Centre-Petit Cuincy;PRO;;;A;secret;secret;;;;17X100A100A00028;CUINCY
GRDF;2024;G;591700101;Faubourg Saint-Germain-La Croix de Pierre;PRO;;;A;secret;secret;;;;17X100A100A00028;DECHY
GRDF;2024;G;591780101;Hameau de Frais Marais;PRO;;;A;420.8835;4;0.509425220993457;;0;17X100A100A00028;DOUAI
GRDF;2024;G;591780103;Quartier Place Carnot;PRO;;;A;secret;secret;;;;17X100A100A00028;DOUAI
GRDF;2024;G;591780104;Quartier Place d'Armes et du Barlet;PRO;;;A;secret;secret;;;;17X100A100A00028;DOUAI
GRDF;2024;G;591780109;Quartier Sous-Préfecture;PRO;;;A;secret;secret;;;;17X100A100A00028;DOUAI
GRDF;2024;G;591780111;Quartier Faubourg de Béthune;PRO;;;A;secret;secret;;;;17X100A100A00028;DOUAI
GRDF;2024;G;591990000;Erchin (commune non irisée);PRO;;;A;secret;secret;;;;17X100A100A00028;ERCHIN
GRDF;2024;G;592220000;Faumont (commune non irisée);PRO;;;A;secret;secret;;;;17X100A100A00028;FAUMONT
GRDF;2024;G;592280000;Férin (commune non irisée);PRO;;;A;secret;secret;;;;17X100A100A00028;FERIN
GRDF;2024;G;592340102;Flers Centre;PRO;;;A;secret;secret;;;;17X100A100A00028;FLERS EN ESCREBIEUX
GRDF;2024;G;592390101;Sud-Est;PRO;;;A;90.88938;1;1;;0;17X100A100A00028;FLINES LEZ RACHES
GRDF;2024;G;592390102;Nord-Ouest;PRO;;;A;secret;secret;;;;17X100A100A00028;FLINES LEZ RACHES
GRDF;2024;G;592540000;Fressain (commune non irisée);PRO;;;A;secret;secret;;;;17X100A100A00028;FRESSAIN
GRDF;2024;G;592630000;Gœulzin (commune non irisée);PRO;;;A;93.7069;3;1;;0;17X100A100A00028;GOEULZIN
GRDF;2024;G;593270101;Nord-Ouest;PRO;;;A;secret;secret;;;;17X100A100A00028;LALLAING
GRDF;2024;G;593270103;Sud;PRO;;;A;secret;secret;;;;17X100A100A00028;LALLAING
GRDF;2024;G;593290102;Sud;PRO;;;A;50.6381;2;1;;0;17X100A100A00028;LAMBRES LEZ DOUAI
GRDF;2024;G;593340000;Lauwin-Planque (commune non irisée);PRO;;;A;secret;secret;;;;17X100A100A00028;LAUWIN PLANQUE
GRDF;2024;G;594890000;Raimbeaucourt (commune non irisée);PRO;;;A;148.83508;4;0.47656883041283;;0;17X100A100A00028;RAIMBEAUCOURT
GRDF;2024;G;595090101;Roost-Bernicourt;PRO;;;A;secret;secret;;;;17X100A100A00028;ROOST WARENDIN
GRDF;2024;G;595090102;Marais Warendin;PRO;;;A;secret;secret;;;;17X100A100A00028;ROOST WARENDIN
GRDF;2024;G;595690101;Le Marais;PRO;;;A;secret;secret;;;;17X100A100A00028;SIN LE NOBLE
GRDF;2024;G;596200000;Villers-au-Tertre (commune non irisée);PRO;;;A;52.32725;1;1;;0;17X100A100A00028;VILLERS AU TERTRE
GRDF;2024;G;596540101;Gambetta;PRO;;;A;secret;secret;;;;17X100A100A00028;WAZIERS
GRDF;2024;G;590470000;Banteux (commune non irisée);PRO;;;A;secret;secret;;;;17X100A100A00028;BANTEUX
GRDF;2024;G;590490000;Bantouzelle (commune non irisée);PRO;;;A;secret;secret;;;;17X100A100A00028;BANTOUZELLE
GRDF;2024;G;591220102;Cambrai 2;PRO;;;A;secret;secret;;;;17X100A100A00028;CAMBRAI
GRDF;2024;G;591220104;Cambrai 4;PRO;;;A;secret;secret;;;;17X100A100A00028;CAMBRAI
GRDF;2024;G;591220105;Cambrai 5;PRO;;;A;secret;secret;;;;17X100A100A00028;CAMBRAI
GRDF;2024;G;591220108;Cambrai 8;PRO;;;A;secret;secret;;;;17X100A100A00028;CAMBRAI
GRDF;2024;G;591220113;Cambrai 13;PRO;;;A;secret;secret;;;;17X100A100A00028;CAMBRAI
GRDF;2024;G;591220114;Cambrai 14;PRO;;;A;secret;secret;;;;17X100A100A00028;CAMBRAI
GRDF;2024;G;591410000;Cauroir (commune non irisée);PRO;;;A;secret;secret;;;;17X100A100A00028;CAUROIR
GRDF;2024;G;591610000;Crèvecœur-sur-l'Escaut (commune non irisée);PRO;;;A;secret;secret;;;;17X100A100A00028;CREVECOEUR SUR L ESCAUT
GRDF;2024;G;591760000;Doignies (commune non irisée);PRO;;;A;secret;secret;;;;17X100A100A00028;DOIGNIES
GRDF;2024;G;592550000;Fressies (commune non irisée);PRO;;;A;secret;secret;;;;17X100A100A00028;FRESSIES
GRDF;2024;G;592690000;Gouzeaucourt (commune non irisée);PRO;;;A;secret;secret;;;;17X100A100A00028;GOUZEAUCOURT
GRDF;2024;G;592940000;Haynecourt (commune non irisée);PRO;;;A;secret;secret;;;;17X100A100A00028;HAYNECOURT
GRDF;2024;G;593000000;Hem-Lenglet (commune non irisée);PRO;;;A;secret;secret;;;;17X100A100A00028;HEM LENGLET
GRDF;2024;G;593120000;Honnecourt-sur-Escaut (commune non irisée);PRO;;;A;secret;secret;;;;17X100A100A00028;HONNECOURT SUR ESCAUT
GRDF;2024;G;593770000;Marcoing (commune non irisée);PRO;;;A;91.3303;3;0.00541441339840118;;0;17X100A100A00028;MARCOING
GRDF;2024;G;593890000;Masnières (commune non irisée);PRO;;;A;secret;secret;;;;17X100A100A00028;MASNIERES
GRDF;2024;G;594220000;Naves (commune non irisée);PRO;;;A;secret;secret;;;;17X100A100A00028;NAVES
GRDF;2024;G;594320000;Niergnies (commune non irisée);PRO;;;A;secret;secret;;;;17X100A100A00028;NIERGNIES
GRDF;2024;G;594380000;Noyelles-sur-Escaut (commune non irisée);PRO;;;A;secret;secret;;;;17X100A100A00028;NOYELLES SUR ESCAUT
GRDF;2024;G;594760000;Proville (commune non irisée);PRO;;;A;secret;secret;;;;17X100A100A00028;PROVILLE
GRDF;2024;G;594880000;Raillencourt-Sainte-Olle (commune non irisée);PRO;;;A;52.52665;2;0.360068650865798;;0;17X100A100A00028;RAILLENCOURT SAINTE OLLE
GRDF;2024;G;595000000;Ribécourt-la-Tour (commune non irisée);PRO;;;A;secret;secret;;;;17X100A100A00028;RIBECOURT LA TOUR
GRDF;2024;G;595020000;Rieux-en-Cambrésis (commune non irisée);PRO;;;A;70.18214;5;1;;0;17X100A100A00028;RIEUX EN CAMBRESIS
GRDF;2024;G;595210000;Sailly-lez-Cambrai (commune non irisée);ENT;01;Culture et production animale, chasse et services annexes;A;39.3188;1;1;;0;17X100A100A00028;SAILLY LEZ CAMBRAI
GRDF;2024;G;595520000;Sancourt (commune non irisée);PRO;;;A;secret;secret;;;;17X100A100A00028;SANCOURT
GRDF;2024;G;595670000;Séranvillers-Forenville (commune non irisée);PRO;;;A;secret;secret;;;;17X100A100A00028;SERANVILLERS FORENVILLE
GRDF;2024;G;596220000;Villers-en-Cauchies (commune non irisée);PRO;;;A;secret;secret;;;;17X100A100A00028;VILLERS EN CAUCHIES
GRDF;2024;G;596350000;Wambaix (commune non irisée);PRO;;;A;56.60916;2;1;;0;17X100A100A00028;WAMBAIX
GRDF;2024;G;590090203;Croisure;PRO;;;A;72.87484;2;0.491035314794516;;0;17X100A100A00028;VILLENEUVE D ASCQ
GRDF;2024;G;590090405;Le Pron;PRO;;;A;secret;secret;;;;17X100A100A00028;VILLENEUVE D ASCQ
GRDF;2024;G;590090405;Le Pron;ENT;01;Culture et production animale, chasse et services annexes;A;41.72267;1;1;;0;17X100A100A00028;VILLENEUVE D ASCQ
GRDF;2024;G;590110101;Nord-Ouest;PRO;;;A;secret;secret;;;;17X100A100A00028;ANNOEULLIN
GRDF;2024;G;590110103;Sud-Est;PRO;;;A;secret;secret;;;;17X100A100A00028;ANNOEULLIN
GRDF;2024;G;590250000;Aubers (commune non irisée);PRO;;;A;secret;secret;;;;17X100A100A00028;AUBERS
GRDF;2024;G;590440000;Baisieux (commune non irisée);PRO;;;A;secret;secret;;;;17X100A100A00028;BAISIEUX
GRDF;2024;G;590560000;Beaucamps-Ligny (commune non irisée);PRO;;;A;91.18821;3;0.745049497078624;;0;17X100A100A00028;BEAUCAMPS LIGNY
GRDF;2024;G;590880000;Bois-Grenier (commune non irisée);PRO;;;A;secret;secret;;;;17X100A100A00028;BOIS GRENIER
GRDF;2024;G;590900103;Centre;PRO;;;A;secret;secret;;;;17X100A100A00028;BONDUES
GRDF;2024;G;591060000;Bouvines (commune non irisée);PRO;;;A;secret;secret;;;;17X100A100A00028;BOUVINES
GRDF;2024;G;591330000;Carnin (commune non irisée);PRO;;;A;79.48593;2;1;;0;17X100A100A00028;CARNIN
GRDF;2024;G;591430102;Le Bourg-Les Masures;PRO;;;A;secret;secret;;;;17X100A100A00028;CHAPELLE D ARMENTIERES
GRDF;2024;G;591430104;Nord;PRO;;;A;secret;secret;;;;17X100A100A00028;CHAPELLE D ARMENTIERES
GRDF;2024;G;591460000;Chéreng (commune non irisée);PRO;;;A;secret;secret;;;;17X100A100A00028;CHERENG
GRDF;2024;G;591520102;Centre Ville;ENT;01;Culture et production animale, chasse et services annexes;A;5977.419;1;1;;0;17X100A100A00028;COMINES
GRDF;2024;G;591520203;Sainte-Marguerite;PRO;;;A;secret;secret;;;;17X100A100A00028;COMINES
GRDF;2024;G;591630104;Centre 4;PRO;;;A;70.93187;1;1;;0;17X100A100A00028;CROIX
GRDF;2024;G;591630104;Centre 4;ENT;;;A;252.10146;1;1;;0;17X100A100A00028;CROIX
GRDF;2024;G;591630201;Saint-Pierre 1;PRO;;;A;secret;secret;;;;17X100A100A00028;CROIX
GRDF;2024;G;591630302;Beaumont 2;PRO;;;A;secret;secret;;;;17X100A100A00028;CROIX
GRDF;2024;G;591930000;Emmerin (commune non irisée);PRO;;;A;secret;secret;;;;17X100A100A00028;EMMERIN
GRDF;2024;G;592020000;Erquinghem-Lys (commune non irisée);PRO;;;A;secret;secret;;;;17X100A100A00028;ERQUINGHEM LYS
GRDF;2024;G;592080000;Escobecques (commune non irisée);PRO;;;A;secret;secret;;;;17X100A100A00028;ESCOBECQUES
GRDF;2024;G;592200102;Croisette;PRO;;;A;secret;secret;;;;17X100A100A00028;FACHES THUMESNIL
GRDF;2024;G;592470000;Forest-sur-Marque (commune non irisée);PRO;;;A;secret;secret;;;;17X100A100A00028;FOREST SUR MARQUE
GRDF;2024;G;592500000;Fournes-en-Weppes (commune non irisée);PRO;;;A;secret;secret;;;;17X100A100A00028;FOURNES EN WEPPES
GRDF;2024;G;592520000;Frelinghien (commune non irisée);PRO;;;A;secret;secret;;;;17X100A100A00028;FRELINGHIEN
GRDF;2024;G;592560000;Fretin (commune non irisée);PRO;;;A;secret;secret;;;;17X100A100A00028;FRETIN
GRDF;2024;G;592750000;Gruson (commune non irisée);PRO;;;A;secret;secret;;;;17X100A100A00028;GRUSON
GRDF;2024;G;592790201;Centre;PRO;;;A;secret;secret;;;;17X100A100A00028;HALLUIN
GRDF;2024;G;592790202;Forage;PRO;;;A;secret;secret;;;;17X100A100A00028;HALLUIN
GRDF;2024;G;592990202;Vieux Quartiers-Tribonnerie;PRO;;;A;secret;secret;;;;17X100A100A00028;HEM
GRDF;2024;G;592990203;Vieux Quartiers-Civron;PRO;;;A;secret;secret;;;;17X100A100A00028;HEM
GRDF;2024;G;592990204;La Vallée-Petit Lannoy;PRO;;;A;secret;secret;;;;17X100A100A00028;HEM
GRDF;2024;G;593160000;Houplin-Ancoisne (commune non irisée);PRO;;;A;87.99644;4;0.78138570151247;;0;17X100A100A00028;HOUPLIN ANCOISNE
GRDF;2024;G;593170103;Sud;ENT;01;Culture et production animale, chasse et services annexes;A;1445.9499;1;1;;0;17X100A100A00028;HOUPLINES
GRDF;2024;G;593200000;Illies (commune non irisée);PRO;;;A;secret;secret;;;;17X100A100A00028;ILLIES
GRDF;2024;G;593280302;Bourg;PRO;;;A;secret;secret;;;;17X100A100A00028;LAMBERSART
GRDF;2024;G;593500104;Lille Centre 4;PRO;;;A;secret;secret;;;;17X100A100A00028;LILLE
GRDF;2024;G;593500105;Lille Centre 5;PRO;;;A;55.53161;2;1;;0;17X100A100A00028;LILLE
GRDF;2024;G;593500111;Lille Centre 11;PRO;;;A;secret;secret;;;;17X100A100A00028;LILLE
GRDF;2024;G;593500204;Vieux Lille 4;PRO;;;A;110.57829;2;0.148798195378134;;0;17X100A100A00028;LILLE
GRDF;2024;G;593500205;Vieux Lille 5;PRO;;;A;secret;secret;;;;17X100A100A00028;LILLE
GRDF;2024;G;593500309;Lestiboudois;PRO;;;A;secret;secret;;;;17X100A100A00028;LILLE
GRDF;2024;G;593500405;Brigode;PRO;;;A;secret;secret;;;;17X100A100A00028;LILLE
GRDF;2024;G;593500406;Franklin;PRO;;;A;secret;secret;;;;17X100A100A00028;LILLE
GRDF;2024;G;593500409;Mairie;PRO;;;A;secret;secret;;;;17X100A100A00028;LILLE
GRDF;2024;G;593500709;Lopofa-Tudor;PRO;;;A;72.74163;1;1;;0;17X100A100A00028;LILLE
GRDF;2024;G;593500710;Faubourg de Douai;PRO;;;A;secret;secret;;;;17X100A100A00028;LILLE
GRDF;2024;G;593500906;Saint-Maurice des Champs;PRO;;;A;secret;secret;;;;17X100A100A00028;LILLE
GRDF;2024;G;593501001;Centre;PRO;;;A;secret;secret;;;;17X100A100A00028;LILLE
GRDF;2024;G;593520103;Est;PRO;;;A;secret;secret;;;;17X100A100A00028;LINSELLES
GRDF;2024;G;593560000;Lompret (commune non irisée);PRO;;;A;312.8532;2;1;;0;17X100A100A00028;LOMPRET
GRDF;2024;G;593600102;Parc du Château;PRO;;;A;secret;secret;;;;17X100A100A00028;LOOS
GRDF;2024;G;593680401;Grand Boulevard 1;PRO;;;A;secret;secret;;;;17X100A100A00028;MADELEINE
GRDF;2024;G;593880000;Marquillies (commune non irisée);PRO;;;A;125.89302;6;1;;0;17X100A100A00028;MARQUILLIES
GRDF;2024;G;594210101;Vauban-100 Maisons-Mairie;PRO;;;A;secret;secret;;;;17X100A100A00028;MOUVAUX
GRDF;2024;G;594210104;Hautmont-Mirabeau;ENT;01;Culture et production animale, chasse et services annexes;A;1030.19012;1;1;;0;17X100A100A00028;MOUVAUX
GRDF;2024;G;594260102;Dronckaert Risquons-Tout;PRO;;;A;447.10943;3;0.957579758494469;;0;17X100A100A00028;NEUVILLE EN FERRAIN
GRDF;2024;G;594260104;Bailly;PRO;;;A;secret;secret;;;;17X100A100A00028;NEUVILLE EN FERRAIN
GRDF;2024;G;594370000;Noyelles-lès-Seclin (commune non irisée);PRO;;;A;secret;secret;;;;17X100A100A00028;NOYELLES LES SECLIN
GRDF;2024;G;594570101;Est;PRO;;;A;99.54658;1;1;;0;17X100A100A00028;PERENCHIES
GRDF;2024;G;594570102;Nord et Ouest;PRO;;;A;secret;secret;;;;17X100A100A00028;PERENCHIES
GRDF;2024;G;594580000;Péronne-en-Mélantois (commune non irisée);PRO;;;A;secret;secret;;;;17X100A100A00028;PERONNE EN MELANTOIS
GRDF;2024;G;594700000;Prémesques (commune non irisée);PRO;;;A;189.12529;3;0.606143631028933;;0;17X100A100A00028;PREMESQUES
GRDF;2024;G;594820101;Rive Droite;PRO;;;A;secret;secret;;;;17X100A100A00028;QUESNOY SUR DEULE
GRDF;2024;G;594820102;Rive Gauche;PRO;;;A;secret;secret;;;;17X100A100A00028;QUESNOY SUR DEULE
GRDF;2024;G;594870000;Radinghem-en-Weppes (commune non irisée);PRO;;;A;secret;secret;;;;17X100A100A00028;RADINGHEM EN WEPPES
GRDF;2024;G;595070101;Petit Ronchin 1;PRO;;;A;secret;secret;;;;17X100A100A00028;RONCHIN
GRDF;2024;G;595080201;Vallée Blanc Four 1;PRO;;;A;secret;secret;;;;17X100A100A00028;RONCQ
GRDF;2024;G;595080201;Vallée Blanc Four 1;ENT;01;Culture et production animale, chasse et services annexes;A;220.52136;1;1;;0;17X100A100A00028;RONCQ
GRDF;2024;G;595120303;Cul de Four;PRO;;;A;secret;secret;;;;17X100A100A00028;ROUBAIX
GRDF;2024;G;595120803;Potennerie;PRO;;;A;secret;secret;;;;17X100A100A00028;ROUBAIX
GRDF;2024;G;595121003;Pile Nord;PRO;;;A;secret;secret;;;;17X100A100A00028;ROUBAIX
GRDF;2024;G;595121201;Linné-Chemin Neuf;PRO;;;A;secret;secret;;;;17X100A100A00028;ROUBAIX
GRDF;2024;G;595121202;Justice;PRO;;;A;secret;secret;;;;17X100A100A00028;ROUBAIX
GRDF;2024;G;595220000;Sailly-lez-Lannoy (commune non irisée);PRO;;;A;secret;secret;;;;17X100A100A00028;SAILLY LEZ LANNOY
GRDF;2024;G;595230000;Sainghin-en-Mélantois (commune non irisée);PRO;;;A;293.18935;7;0.158123922304817;;0;17X100A100A00028;SAINGHIN EN MELANTOIS
GRDF;2024;G;595240102;Nord;PRO;;;A;secret;secret;;;;17X100A100A00028;SAINGHIN EN WEPPES
GRDF;2024;G;595530101;Sud et Ouest;PRO;;;A;secret;secret;;;;17X100A100A00028;SANTES
GRDF;2024;G;595600101;Centre 1;PRO;;;A;secret;secret;;;;17X100A100A00028;SECLIN
GRDF;2024;G;595600102;Centre 2;PRO;;;A;secret;secret;;;;17X100A100A00028;SECLIN
GRDF;2024;G;595600201;Burgault Mouchonnière 1;PRO;;;A;secret;secret;;;;17X100A100A00028;SECLIN
GRDF;2024;G;595660000;Sequedin (commune non irisée);PRO;;;A;secret;secret;;;;17X100A100A00028;SEQUEDIN
GRDF;2024;G;595990503;Gare;PRO;;;A;secret;secret;;;;17X100A100A00028;TOURCOING
GRDF;2024;G;595990901;Nationale;PRO;;;A;secret;secret;;;;17X100A100A00028;TOURCOING
GRDF;2024;G;595991002;Menin;PRO;;;A;secret;secret;;;;17X100A100A00028;TOURCOING
GRDF;2024;G;596020000;Tressin (commune non irisée);ENT;01;Culture et production animale, chasse et services annexes;A;207.434;1;1;;0;17X100A100A00028;TRESSIN
GRDF;2024;G;596110000;Verlinghem (commune non irisée);PRO;;;A;secret;secret;;;;17X100A100A00028;VERLINGHEM
GRDF;2024;G;596110000;Verlinghem (commune non irisée);ENT;01;Culture et production animale, chasse et services annexes;A;179.22994;1;1;;0;17X100A100A00028;VERLINGHEM
GRDF;2024;G;596500402;Centre;PRO;;;A;secret;secret;;;;17X100A100A00028;WATTRELOS
GRDF;2024;G;596500601;Baillerie;PRO;;;A;secret;secret;;;;17X100A100A00028;WATTRELOS
GRDF;2024;G;596560000;Wervicq-Sud (commune non irisée);PRO;;;A;secret;secret;;;;17X100A100A00028;WERVICQ SUD
GRDF;2024;G;590940101;Centre;PRO;;;A;secret;secret;;;;17X100A100A00028;BOURBOURG
GRDF;2024;G;590940102;Nord;PRO;;;A;secret;secret;;;;17X100A100A00028;BOURBOURG
GRDF;2024;G;591070000;Bray-Dunes (commune non irisée);PRO;;;A;secret;secret;;;;17X100A100A00028;BRAY DUNES
GRDF;2024;G;591310103;Ouest;PRO;;;A;secret;secret;;;;17X100A100A00028;CAPPELLE LA GRANDE
GRDF;2024;G;591590000;Craywick (commune non irisée);PRO;;;A;58.42688;1;1;;0;17X100A100A00028;CRAYWICK
GRDF;2024;G;591830202;Centre;PRO;;;A;secret;secret;;;;17X100A100A00028;DUNKERQUE
GRDF;2024;G;591830203;Sud-Gare;PRO;;;A;secret;secret;;;;17X100A100A00028;DUNKERQUE
GRDF;2024;G;591830301;Malo Turenne Nord;PRO;;;A;secret;secret;;;;17X100A100A00028;DUNKERQUE
GRDF;2024;G;591830501;Malo Turenne Sud;PRO;;;A;secret;secret;;;;17X100A100A00028;DUNKERQUE
GRDF;2024;G;591830702;Zamenhoff;ENT;01;Culture et production animale, chasse et services annexes;A;268.88548;1;1;;0;17X100A100A00028;DUNKERQUE
GRDF;2024;G;591830802;Rosendael-Tente Verte;PRO;;;A;177.00961;4;0.26716905370279;;0;17X100A100A00028;DUNKERQUE
GRDF;2024;G;591830802;Rosendael-Tente Verte;ENT;01;Culture et production animale, chasse et services annexes;A;213.68632;2;1;;0;17X100A100A00028;DUNKERQUE
GRDF;2024;G;591830803;Rosendael-Maraichais;PRO;;;A;secret;secret;;;;17X100A100A00028;DUNKERQUE
GRDF;2024;G;591830803;Rosendael-Maraichais;ENT;01;Culture et production animale, chasse et services annexes;A;1470.30628;4;1;;0;17X100A100A00028;DUNKERQUE
GRDF;2024;G;591830902;Rosendael-Félix Coquelle;PRO;;;A;241.56178;6;0.355870411287745;;0;17X100A100A00028;DUNKERQUE
GRDF;2024;G;591832001;Fort-Mardyck Ouest;PRO;;;A;secret;secret;;;;17X100A100A00028;DUNKERQUE
GRDF;2024;G;592600000;Ghyvelde (commune non irisée);PRO;;;A;secret;secret;;;;17X100A100A00028;GHYVELDE
GRDF;2024;G;592720103;Banc à Groseilles;PRO;;;A;secret;secret;;;;17X100A100A00028;GRAND FORT PHILIPPE
GRDF;2024;G;592730103;Centre;PRO;;;A;secret;secret;;;;17X100A100A00028;GRAVELINES
GRDF;2024;G;592730105;Pont de Pierre-Charles Leurette;ENT;03;Pêche et aquaculture;A;131.272;1;1;;0;17X100A100A00028;GRAVELINES
GRDF;2024;G;593400102;Village;ENT;01;Culture et production animale, chasse et services annexes;A;506.94233;1;1;;0;17X100A100A00028;LEFFRINCKOUCKE
GRDF;2024;G;593590102;Grande Vacquerie;PRO;;;A;secret;secret;;;;17X100A100A00028;LOON PLAGE
GRDF;2024;G;595880102;Village Nord;PRO;;;A;secret;secret;;;;17X100A100A00028;TETEGHEM COUDEKERQUE VILLAGE
GRDF;2024;G;592120101;Est;PRO;;;A;secret;secret;;;;17X100A100A00028;ESTAIRES
GRDF;2024;G;592120102;Ouest;PRO;;;A;secret;secret;;;;17X100A100A00028;ESTAIRES
GRDF;2024;G;594000104;Sud;PRO;;;A;secret;secret;;;;17X100A100A00028;MERVILLE
GRDF;2024;G;592890000;Haussy (commune non irisée);PRO;;;A;secret;secret;;;;17X100A100A00028;HAUSSY
GRDF;2024;G;595060000;Romeries (commune non irisée);PRO;;;A;secret;secret;;;;17X100A100A00028;ROMERIES
GRDF;2024;G;595370000;Saint-Martin-sur-Écaillon (commune non irisée);PRO;;;A;55.27618;1;1;;0;17X100A100A00028;SAINT MARTIN SUR ECAILLON
GRDF;2024;G;595710101;Ouest;PRO;;;A;secret;secret;;;;17X100A100A00028;SOLESMES
GRDF;2024;G;596080000;Vendegies-sur-Écaillon (commune non irisée);PRO;;;A;secret;secret;;;;17X100A100A00028;VENDEGIES SUR ECAILLON
GRDF;2024;G;596120000;Vertain (commune non irisée);PRO;;;A;secret;secret;;;;17X100A100A00028;VERTAIN
GRDF;2024;G;596140000;Viesly (commune non irisée);PRO;;;A;secret;secret;;;;17X100A100A00028;VIESLY
GRDF;2024;G;590080102;Village Centre;PRO;;;A;secret;secret;;;;17X100A100A00028;ANICHE
GRDF;2024;G;590080102;Village Centre;ENT;01;Culture et production animale, chasse et services annexes;A;999.98905;1;1;;0;17X100A100A00028;ANICHE
GRDF;2024;G;590240000;Auberchicourt (commune non irisée);PRO;;;A;secret;secret;;;;17X100A100A00028;AUBERCHICOURT
GRDF;2024;G;591850000;Écaillon (commune non irisée);PRO;;;A;secret;secret;;;;17X100A100A00028;ECAILLON
GRDF;2024;G;593140000;Hornaing (commune non irisée);PRO;;;A;secret;secret;;;;17X100A100A00028;HORNAING
GRDF;2024;G;593450000;Lewarde (commune non irisée);PRO;;;A;secret;secret;;;;17X100A100A00028;LEWARDE
GRDF;2024;G;593750000;Marchiennes (commune non irisée);PRO;;;A;secret;secret;;;;17X100A100A00028;MARCHIENNES
GRDF;2024;G;594090000;Monchecourt (commune non irisée);PRO;;;A;83.32503;2;1;;0;17X100A100A00028;MONCHECOURT
GRDF;2024;G;594140101;Nord;PRO;;;A;secret;secret;;;;17X100A100A00028;MONTIGNY EN OSTREVENT
GRDF;2024;G;595010000;Rieulay (commune non irisée);PRO;;;A;secret;secret;;;;17X100A100A00028;RIEULAY
GRDF;2024;G;595740101;Quartier de Sessevalle;PRO;;;A;secret;secret;;;;17X100A100A00028;SOMAIN
GRDF;2024;G;595740102;Quartier du Centre Ville;PRO;;;A;secret;secret;;;;17X100A100A00028;SOMAIN
GRDF;2024;G;595740103;Quartier de Villers-Campeau;PRO;;;A;secret;secret;;;;17X100A100A00028;SOMAIN
GRDF;2024;G;596370000;Wandignies-Hamage (commune non irisée);PRO;;;A;secret;secret;;;;17X100A100A00028;WANDIGNIES HAMAGE
GRDF;2024;G;590140101;Nord-Est;PRO;;;A;secret;secret;;;;17X100A100A00028;ANZIN
GRDF;2024;G;590140104;Centre 2;PRO;;;A;secret;secret;;;;17X100A100A00028;ANZIN
GRDF;2024;G;590270000;Aubry-du-Hainaut (commune non irisée);PRO;;;A;secret;secret;;;;17X100A100A00028;AUBRY DU HAINAUT
GRDF;2024;G;591120101;Trois au Bois;PRO;;;A;secret;secret;;;;17X100A100A00028;BRUAY SUR L ESCAUT
GRDF;2024;G;591530101;Nord;PRO;;;A;secret;secret;;;;17X100A100A00028;CONDE SUR L ESCAUT
GRDF;2024;G;591530105;Est;PRO;;;A;secret;secret;;;;17X100A100A00028;CONDE SUR L ESCAUT
GRDF;2024;G;591660000;Curgies (commune non irisée);PRO;;;A;secret;secret;;;;17X100A100A00028;CURGIES
GRDF;2024;G;592150000;Estreux (commune non irisée);PRO;;;A;secret;secret;;;;17X100A100A00028;ESTREUX
GRDF;2024;G;592150000;Estreux (commune non irisée);ENT;01;Culture et production animale, chasse et services annexes;A;329.41993;1;1;;0;17X100A100A00028;ESTREUX
GRDF;2024;G;593690000;Maing (commune non irisée);PRO;;;A;secret;secret;;;;17X100A100A00028;MAING
GRDF;2024;G;594070000;Monchaux-sur-Écaillon (commune non irisée);PRO;;;A;67.15507;2;1;;0;17X100A100A00028;MONCHAUX SUR ECAILLON
GRDF;2024;G;594470104;Zone d'Activités;PRO;;;A;secret;secret;;;;17X100A100A00028;ONNAING
GRDF;2024;G;594710000;Préseau (commune non irisée);PRO;;;A;secret;secret;;;;17X100A100A00028;PRESEAU
GRDF;2024;G;594790000;Quarouble (commune non irisée);PRO;;;A;231.04343;2;1;;0;17X100A100A00028;QUAROUBLE
GRDF;2024;G;594790000;Quarouble (commune non irisée);ENT;01;Culture et production animale, chasse et services annexes;A;153.876;1;1;;0;17X100A100A00028;QUAROUBLE
GRDF;2024;G;594840101;Centre;PRO;;;A;51.62994;2;1;;0;17X100A100A00028;QUIEVRECHAIN
GRDF;2024;G;595050000;Rombies-et-Marchipont (commune non irisée);PRO;;;A;secret;secret;;;;17X100A100A00028;ROMBIES ET MARCHIPONT
GRDF;2024;G;595050000;Rombies-et-Marchipont (commune non irisée);ENT;01;Culture et production animale, chasse et services annexes;A;33.9139;1;1;;0;17X100A100A00028;ROMBIES ET MARCHIPONT
GRDF;2024;G;595440107;Saint-Saulve 2;PRO;;;A;secret;secret;;;;17X100A100A00028;SAINT SAULVE
GRDF;2024;G;595590000;Sebourg (commune non irisée);PRO;;;A;secret;secret;;;;17X100A100A00028;SEBOURG
GRDF;2024;G;596060203;Dampierre;PRO;;;A;secret;secret;;;;17X100A100A00028;VALENCIENNES
GRDF;2024;G;596100000;Verchain-Maugré (commune non irisée);PRO;;;A;secret;secret;;;;17X100A100A00028;VERCHAIN MAUGRE
GRDF;2024;G;606120501;Jardiniers;PRO;;;A;secret;secret;;;;17X100A100A00028;SENLIS
GRDF;2024;G;601590401;Saint-Germain;PRO;;;A;secret;secret;;;;17X100A100A00028;COMPIEGNE
GRDF;2024;G;601591101;Avenues;PRO;;;A;87.36953;1;1;;0;17X100A100A00028;COMPIEGNE
GRDF;2024;G;601591301;Saint-Lazare-Veneurs;PRO;;;A;secret;secret;;;;17X100A100A00028;COMPIEGNE
GRDF;2024;G;601591601;Centre Ville-Petit Margny;PRO;;;A;79.96857;3;1;;0;17X100A100A00028;COMPIEGNE
GRDF;2024;G;603380000;Lacroix-Saint-Ouen (commune non irisée);PRO;;;A;secret;secret;;;;17X100A100A00028;LACROIX SAINT OUEN
GRDF;2024;G;606650000;Venette (commune non irisée);PRO;;;A;secret;secret;;;;17X100A100A00028;VENETTE
GRDF;2024;G;606670000;Verberie (commune non irisée);PRO;;;A;55.04317;2;1;;0;17X100A100A00028;VERBERIE
GRDF;2024;G;600860000;Boran-sur-Oise (commune non irisée);PRO;;;A;108.2429;4;1;;0;17X100A100A00028;BORAN SUR OISE
GRDF;2024;G;601390101;Nord;PRO;;;A;secret;secret;;;;17X100A100A00028;CHAMBLY
GRDF;2024;G;601550000;Cires-lès-Mello (commune non irisée);PRO;;;A;secret;secret;;;;17X100A100A00028;CIRES LES MELLO
GRDF;2024;G;602590000;Fresnoy-en-Thelle (commune non irisée);ENT;01;Culture et production animale, chasse et services annexes;A;171.34579;1;1;;0;17X100A100A00028;FRESNOY EN THELLE
GRDF;2024;G;603170000;Hondainville (commune non irisée);PRO;;;A;secret;secret;;;;17X100A100A00028;HONDAINVILLE
GRDF;2024;G;604500000;Neuilly-en-Thelle (commune non irisée);PRO;;;A;secret;secret;;;;17X100A100A00028;NEUILLY EN THELLE
GRDF;2024;G;604620000;Noailles (commune non irisée);PRO;;;A;secret;secret;;;;17X100A100A00028;NOAILLES
GRDF;2024;G;600090000;Allonne (commune non irisée);PRO;;;A;secret;secret;;;;17X100A100A00028;ALLONNE
GRDF;2024;G;600290000;Auneuil (commune non irisée);PRO;;;A;58.13404;2;1;;0;17X100A100A00028;AUNEUIL
GRDF;2024;G;600570201;Préfecture;PRO;;;A;secret;secret;;;;17X100A100A00028;BEAUVAIS
GRDF;2024;G;600570201;Préfecture;ENT;01;Culture et production animale, chasse et services annexes;A;456.11259;2;1;;0;17X100A100A00028;BEAUVAIS
GRDF;2024;G;600570601;Voisinlieu;PRO;;;A;secret;secret;;;;17X100A100A00028;BEAUVAIS
GRDF;2024;G;601030000;Bresles (commune non irisée);PRO;;;A;secret;secret;;;;17X100A100A00028;BRESLES
GRDF;2024;G;605840000;Saint-Leu-d'Esserent (commune non irisée);PRO;;;A;62.98223;2;1;;0;17X100A100A00028;SAINT LEU D ESSERENT
GRDF;2024;G;603600201;Centre Est;PRO;;;A;secret;secret;;;;17X100A100A00028;LIANCOURT
GRDF;2024;G;601160000;Bury (commune non irisée);PRO;;;A;secret;secret;;;;17X100A100A00028;BURY
GRDF;2024;G;601570101;Nord;PRO;;;A;secret;secret;;;;17X100A100A00028;CLERMONT
GRDF;2024;G;604390101;Ouest;PRO;;;A;secret;secret;;;;17X100A100A00028;MOUY
GRDF;2024;G;604390201;Est;PRO;;;A;secret;secret;;;;17X100A100A00028;MOUY
GRDF;2024;G;604640000;Nointel (commune non irisée);PRO;;;A;secret;secret;;;;17X100A100A00028;NOINTEL
GRDF;2024;G;607010000;Wavignies (commune non irisée);PRO;;;A;secret;secret;;;;17X100A100A00028;WAVIGNIES
GRDF;2024;G;600100000;Amblainville (commune non irisée);PRO;;;A;293.84152;3;0.579567176211176;;0;17X100A100A00028;AMBLAINVILLE
GRDF;2024;G;600120000;Andeville (commune non irisée);PRO;;;A;55.21845;1;1;;0;17X100A100A00028;ANDEVILLE
GRDF;2024;G;600880000;Bornel (commune non irisée);PRO;;;A;secret;secret;;;;17X100A100A00028;BORNEL
GRDF;2024;G;603950101;Faubourg Nord;PRO;;;A;67.36745;2;0.163168117540444;;0;17X100A100A00028;MERU
GRDF;2024;G;602110000;Éragny-sur-Epte (commune non irisée);PRO;;;A;secret;secret;;;;17X100A100A00028;ERAGNY SUR EPTE
GRDF;2024;G;602910000;Guiscard (commune non irisée);ENT;02;Sylviculture et exploitation forestière;A;588.02555;1;1;;0;17X100A100A00028;GUISCARD
GRDF;2024;G;604710101;Centre Ville;PRO;;;A;secret;secret;;;;17X100A100A00028;NOYON
GRDF;2024;G;604710201;Ceinture Centre Ville;PRO;;;A;secret;secret;;;;17X100A100A00028;NOYON
GRDF;2024;G;604710401;Mont Saint-Siméon;PRO;;;A;secret;secret;;;;17X100A100A00028;NOYON
GRDF;2024;G;604710601;Zone Nord-Ouest;PRO;;;A;secret;secret;;;;17X100A100A00028;NOYON
GRDF;2024;G;601410101;Centre-Hôtel de Ville;PRO;;;A;92.28362;1;1;;0;17X100A100A00028;CHANTILLY
GRDF;2024;G;601410201;Centre-Gare;PRO;;;A;secret;secret;;;;17X100A100A00028;CHANTILLY
GRDF;2024;G;602820401;Sud;PRO;;;A;62.13691;2;1;;0;17X100A100A00028;GOUVIEUX
GRDF;2024;G;603460101;Est;PRO;;;A;53.18224;2;0.645855082448576;;0;17X100A100A00028;LAMORLAYE
GRDF;2024;G;602860000;Grandvilliers (commune non irisée);ENT;01;Culture et production animale, chasse et services annexes;A;427.83093;1;1;;0;17X100A100A00028;GRANDVILLIERS
GRDF;2024;G;601270000;Canny-sur-Matz (commune non irisée);PRO;;;A;secret;secret;;;;17X100A100A00028;CANNY SUR MATZ
GRDF;2024;G;601270000;Canny-sur-Matz (commune non irisée);ENT;01;Culture et production animale, chasse et services annexes;A;200.93158;1;1;;0;17X100A100A00028;CANNY SUR MATZ
GRDF;2024;G;603500000;Lassigny (commune non irisée);PRO;;;A;secret;secret;;;;17X100A100A00028;LASSIGNY
GRDF;2024;G;605330000;Ressons-sur-Matz (commune non irisée);PRO;;;A;secret;secret;;;;17X100A100A00028;RESSONS SUR MATZ
GRDF;2024;G;601760101;Hazemont-Mermont;PRO;;;A;61.90705;1;1;;0;17X100A100A00028;CREPY EN VALOIS
GRDF;2024;G;601760101;Hazemont-Mermont;ENT;01;Culture et production animale, chasse et services annexes;A;36.68459;1;1;;0;17X100A100A00028;CREPY EN VALOIS
GRDF;2024;G;606190000;Silly-le-Long (commune non irisée);PRO;;;A;235.79725;4;0.196874051754208;;0;17X100A100A00028;SILLY LE LONG
GRDF;2024;G;602540000;Francières (commune non irisée);PRO;;;A;secret;secret;;;;17X100A100A00028;FRANCIERES
GRDF;2024;G;602840000;Grandfresnoy (commune non irisée);PRO;;;A;secret;secret;;;;17X100A100A00028;GRANDFRESNOY
GRDF;2024;G;625240000;Longfossé (commune non irisée);PRO;;;A;secret;secret;;;;17X100A100A00028;LONGFOSSE
GRDF;2024;G;627730000;Samer (commune non irisée);PRO;;;A;secret;secret;;;;17X100A100A00028;SAMER
GRDF;2024;G;620040101;Vieil Achicourt;ENT;01;Culture et production animale, chasse et services annexes;A;660.46045;1;1;;0;17X100A100A00028;ACHICOURT
GRDF;2024;G;620370000;Anzin-Saint-Aubin (commune non irisée);PRO;;;A;secret;secret;;;;17X100A100A00028;ANZIN SAINT AUBIN
GRDF;2024;G;620410202;Saint-Pol 2;PRO;;;A;secret;secret;;;;17X100A100A00028;ARRAS
GRDF;2024;G;620410601;Préfecture;PRO;;;A;50.68234;1;1;;0;17X100A100A00028;ARRAS
GRDF;2024;G;620410701;Méaulens Saint-Géry;PRO;;;A;60.13152;1;1;;0;17X100A100A00028;ARRAS
GRDF;2024;G;620410801;Hyper Centre;PRO;;;A;secret;secret;;;;17X100A100A00028;ARRAS
GRDF;2024;G;620730000;Bailleul-Sir-Berthoult (commune non irisée);PRO;;;A;secret;secret;;;;17X100A100A00028;BAILLEUL SIR BERTHOULT
GRDF;2024;G;622630102;Sud-Est;PRO;;;A;secret;secret;;;;17X100A100A00028;DAINVILLE
GRDF;2024;G;623200000;Étrun (commune non irisée);PRO;;;A;secret;secret;;;;17X100A100A00028;ETRUN
GRDF;2024;G;623230000;Fampoux (commune non irisée);PRO;;;A;secret;secret;;;;17X100A100A00028;FAMPOUX
GRDF;2024;G;623310000;Feuchy (commune non irisée);PRO;;;A;secret;secret;;;;17X100A100A00028;FEUCHY
GRDF;2024;G;625570000;Marœuil (commune non irisée);PRO;;;A;53.72492;3;1;;0;17X100A100A00028;MAROEUIL
GRDF;2024;G;625680000;Mercatel (commune non irisée);PRO;;;A;secret;secret;;;;17X100A100A00028;MERCATEL
GRDF;2024;G;625820000;Monchy-le-Preux (commune non irisée);PRO;;;A;secret;secret;;;;17X100A100A00028;MONCHY LE PREUX
GRDF;2024;G;625890000;Mont-Saint-Éloi (commune non irisée);PRO;;;A;secret;secret;;;;17X100A100A00028;MONT SAINT ELOI
GRDF;2024;G;626090000;Neuville-Saint-Vaast (commune non irisée);PRO;;;A;67.1614;6;1;;0;17X100A100A00028;NEUVILLE SAINT VAAST
GRDF;2024;G;626110000;Neuville-Vitasse (commune non irisée);PRO;;;A;57.77825;3;1;;0;17X100A100A00028;NEUVILLE VITASSE
GRDF;2024;G;627140000;Roclincourt (commune non irisée);PRO;;;A;secret;secret;;;;17X100A100A00028;ROCLINCOURT
GRDF;2024;G;627530102;Est;PRO;;;A;secret;secret;;;;17X100A100A00028;SAINT LAURENT BLANGY
GRDF;2024;G;627530102;Est;ENT;01;Culture et production animale, chasse et services annexes;A;68.477;1;1;;0;17X100A100A00028;SAINT LAURENT BLANGY
GRDF;2024;G;628100000;Thélus (commune non irisée);PRO;;;A;secret;secret;;;;17X100A100A00028;THELUS
GRDF;2024;G;628170000;Tilloy-lès-Mofflaines (commune non irisée);PRO;;;A;secret;secret;;;;17X100A100A00028;TILLOY LES MOFFLAINES
GRDF;2024;G;628690000;Wailly (commune non irisée);PRO;;;A;secret;secret;;;;17X100A100A00028;WAILLY
GRDF;2024;G;620050000;Achiet-le-Grand (commune non irisée);PRO;;;A;secret;secret;;;;17X100A100A00028;ACHIET LE GRAND
GRDF;2024;G;620800000;Bapaume (commune non irisée);PRO;;;A;secret;secret;;;;17X100A100A00028;BAPAUME
GRDF;2024;G;620800000;Bapaume (commune non irisée);ENT;01;Culture et production animale, chasse et services annexes;A;350.71622;1;1;;0;17X100A100A00028;BAPAUME
GRDF;2024;G;620960000;Beaumetz-lès-Cambrai (commune non irisée);PRO;;;A;51.43814;3;1;;0;17X100A100A00028;BEAUMETZ LES CAMBRAI
GRDF;2024;G;621170000;Bertincourt (commune non irisée);PRO;;;A;secret;secret;;;;17X100A100A00028;BERTINCOURT
GRDF;2024;G;621220000;Beugny (commune non irisée);ENT;01;Culture et production animale, chasse et services annexes;A;797.79513;1;1;;0;17X100A100A00028;BEUGNY
GRDF;2024;G;622590000;Croisilles (commune non irisée);PRO;;;A;83.3215;1;1;;0;17X100A100A00028;CROISILLES
GRDF;2024;G;622850000;Écoust-Saint-Mein (commune non irisée);PRO;;;A;secret;secret;;;;17X100A100A00028;ECOUST SAINT MEIN
GRDF;2024;G;624400000;Hermies (commune non irisée);PRO;;;A;167.55189;6;0.854410177050226;;0;17X100A100A00028;HERMIES
GRDF;2024;G;624930000;Lebucquière (commune non irisée);PRO;;;A;secret;secret;;;;17X100A100A00028;LEBUCQUIERE
GRDF;2024;G;627540000;Saint-Léger (commune non irisée);PRO;;;A;secret;secret;;;;17X100A100A00028;SAINT LEGER
GRDF;2024;G;628400000;Vélu (commune non irisée);PRO;;;A;73.63724;2;1;;0;17X100A100A00028;VELU
GRDF;2024;G;620500000;Auchy-lès-Hesdin (commune non irisée);PRO;;;A;80.49743;2;1;;0;17X100A100A00028;AUCHY LES HESDIN
GRDF;2024;G;621000000;Beaurainville (commune non irisée);PRO;;;A;secret;secret;;;;17X100A100A00028;BEAURAINVILLE
GRDF;2024;G;622040000;Campagne-lès-Hesdin (commune non irisée);PRO;;;A;secret;secret;;;;17X100A100A00028;CAMPAGNE LES HESDIN
GRDF;2024;G;624470000;Hesdin (commune non irisée);PRO;;;A;secret;secret;;;;17X100A100A00028;HESDIN
GRDF;2024;G;625500000;Marconnelle (commune non irisée);PRO;;;A;secret;secret;;;;17X100A100A00028;MARCONNELLE
GRDF;2024;G;625520000;Maresquel-Ecquemicourt (commune non irisée);PRO;;;A;secret;secret;;;;17X100A100A00028;MARESQUEL ECQUEMICOURT
GRDF;2024;G;626470000;Le Parcq (commune non irisée);PRO;;;A;secret;secret;;;;17X100A100A00028;PARCQ
GRDF;2024;G;626610000;Bouin-Plumoison (commune non irisée);PRO;;;A;secret;secret;;;;17X100A100A00028;BOUIN PLUMOISON
GRDF;2024;G;627430000;Sainte-Austreberthe (commune non irisée);PRO;;;A;secret;secret;;;;17X100A100A00028;SAINTE AUSTREBERTHE
GRDF;2024;G;620390000;Arleux-en-Gohelle (commune non irisée);PRO;;;A;54.72136;3;1;;0;17X100A100A00028;ARLEUX EN GOHELLE
GRDF;2024;G;621280000;Biache-Saint-Vaast (commune non irisée);PRO;;;A;secret;secret;;;;17X100A100A00028;BIACHE SAINT VAAST
GRDF;2024;G;621450000;Boiry-Notre-Dame (commune non irisée);PRO;;;A;secret;secret;;;;17X100A100A00028;BOIRY NOTRE DAME
GRDF;2024;G;621640000;Bourlon (commune non irisée);PRO;;;A;secret;secret;;;;17X100A100A00028;BOURLON
GRDF;2024;G;621730000;Brebières (commune non irisée);PRO;;;A;52.04352;2;1;;0;17X100A100A00028;BREBIERES
GRDF;2024;G;622980000;Épinoy (commune non irisée);PRO;;;A;59.56719;3;1;;0;17X100A100A00028;EPINOY
GRDF;2024;G;623550000;Fresnes-lès-Montauban (commune non irisée);PRO;;;A;secret;secret;;;;17X100A100A00028;FRESNES LES MONTAUBAN
GRDF;2024;G;623840000;Graincourt-lès-Havrincourt (commune non irisée);PRO;;;A;secret;secret;;;;17X100A100A00028;GRAINCOURT LES HAVRINCOURT
GRDF;2024;G;624140000;Haucourt (commune non irisée);PRO;;;A;secret;secret;;;;17X100A100A00028;HAUCOURT
GRDF;2024;G;624240000;Hendecourt-lès-Cagnicourt (commune non irisée);PRO;;;A;secret;secret;;;;17X100A100A00028;HENDECOURT LES CAGNICOURT
GRDF;2024;G;624690000;Inchy-en-Artois (commune non irisée);PRO;;;A;secret;secret;;;;17X100A100A00028;INCHY EN ARTOIS
GRDF;2024;G;624760000;Izel-lès-Équerchin (commune non irisée);PRO;;;A;59.587;3;1;;0;17X100A100A00028;IZEL LES EQUERCHIN
GRDF;2024;G;624840000;Lagnicourt-Marcel (commune non irisée);PRO;;;A;51.25494;3;1;;0;17X100A100A00028;LAGNICOURT MARCEL
GRDF;2024;G;626120000;Neuvireuil (commune non irisée);PRO;;;A;secret;secret;;;;17X100A100A00028;NEUVIREUIL
GRDF;2024;G;626500000;Pelves (commune non irisée);PRO;;;A;secret;secret;;;;17X100A100A00028;PELVES
GRDF;2024;G;626710000;Pronville-en-Artois (commune non irisée);PRO;;;A;65.96756;4;1;;0;17X100A100A00028;PRONVILLE EN ARTOIS
GRDF;2024;G;626800000;Quiéry-la-Motte (commune non irisée);PRO;;;A;50.60526;4;1;;0;17X100A100A00028;QUIERY LA MOTTE
GRDF;2024;G;627390000;Sains-lès-Marquion (commune non irisée);PRO;;;A;secret;secret;;;;17X100A100A00028;SAINS LES MARQUION
GRDF;2024;G;627820000;Saudemont (commune non irisée);PRO;;;A;secret;secret;;;;17X100A100A00028;SAUDEMONT
GRDF;2024;G;628580000;Villers-lès-Cagnicourt (commune non irisée);PRO;;;A;91.73579;1;0.656002962420664;;0;17X100A100A00028;VILLERS LES CAGNICOURT
GRDF;2024;G;628640000;Vis-en-Artois (commune non irisée);PRO;;;A;241.12734;3;1;;0;17X100A100A00028;VIS EN ARTOIS
GRDF;2024;G;628650000;Vitry-en-Artois (commune non irisée);PRO;;;A;secret;secret;;;;17X100A100A00028;VITRY EN ARTOIS
GRDF;2024;G;621080103;Hôpital;PRO;;;A;secret;secret;;;;17X100A100A00028;BERCK
GRDF;2024;G;621080106;Randon;PRO;;;A;secret;secret;;;;17X100A100A00028;BERCK
GRDF;2024;G;622070000;Campigneulles-les-Petites (commune non irisée);PRO;;;A;secret;secret;;;;17X100A100A00028;CAMPIGNEULLES LES PETITES
GRDF;2024;G;622610000;Cucq (commune non irisée);ENT;01;Culture et production animale, chasse et services annexes;A;34.63779;1;1;;0;17X100A100A00028;CUCQ
GRDF;2024;G;623180101;Ville Ancienne;PRO;;;A;secret;secret;;;;17X100A100A00028;ETAPLES
GRDF;2024;G;628260101;Littoral;PRO;;;A;secret;secret;;;;17X100A100A00028;TOUQUET PARIS PLAGE
GRDF;2024;G;628490000;Verton (commune non irisée);PRO;;;A;secret;secret;;;;17X100A100A00028;VERTON
GRDF;2024;G;628660000;Waben (commune non irisée);PRO;;;A;secret;secret;;;;17X100A100A00028;WABEN
GRDF;2024;G;620400102;Rive Droite;ENT;01;Culture et production animale, chasse et services annexes;A;356.958;1;1;;0;17X100A100A00028;ARQUES
GRDF;2024;G;622970000;Éperlecques (commune non irisée);PRO;;;A;195.02287;4;0.798340317727864;;0;17X100A100A00028;EPERLECQUES
GRDF;2024;G;624230000;Helfaut (commune non irisée);PRO;;;A;secret;secret;;;;17X100A100A00028;HELFAUT
GRDF;2024;G;624520000;Heuringhem (commune non irisée);PRO;;;A;secret;secret;;;;17X100A100A00028;HEURINGHEM
GRDF;2024;G;625250104;Centre Ville-Bruyères;PRO;;;A;secret;secret;;;;17X100A100A00028;LONGUENESSE
GRDF;2024;G;625250105;Saint-Quentin-Sainte-Aldegonde;PRO;;;A;secret;secret;;;;17X100A100A00028;LONGUENESSE
GRDF;2024;G;627570000;Saint-Martin-lez-Tatinghem (commune non irisée);ENT;01;Culture et production animale, chasse et services annexes;A;49.34423;1;1;;0;17X100A100A00028;SAINT MARTIN LEZ TATINGHEM
GRDF;2024;G;627650101;Faubourgs;PRO;;;A;secret;secret;;;;17X100A100A00028;SAINT OMER
GRDF;2024;G;627650201;Saint-Exupéry Saint-Michel;PRO;;;A;secret;secret;;;;17X100A100A00028;SAINT OMER
GRDF;2024;G;627650302;Centre Ville;PRO;;;A;secret;secret;;;;17X100A100A00028;SAINT OMER
GRDF;2024;G;628190000;Tilques (commune non irisée);PRO;;;A;secret;secret;;;;17X100A100A00028;TILQUES
GRDF;2024;G;620630000;Avesnes-le-Comte (commune non irisée);PRO;;;A;secret;secret;;;;17X100A100A00028;AVESNES LE COMTE
GRDF;2024;G;621990000;Camblain-l'Abbé (commune non irisée);PRO;;;A;secret;secret;;;;17X100A100A00028;CAMBLAIN L ABBE
GRDF;2024;G;623630000;Frévin-Capelle (commune non irisée);PRO;;;A;secret;secret;;;;17X100A100A00028;FREVIN CAPELLE
GRDF;2024;G;625830000;Mondicourt (commune non irisée);PRO;;;A;secret;secret;;;;17X100A100A00028;MONDICOURT
GRDF;2024;G;620600000;Auxi-le-Château (commune non irisée);PRO;;;A;secret;secret;;;;17X100A100A00028;AUXI LE CHATEAU
GRDF;2024;G;623400000;Floringhem (commune non irisée);PRO;;;A;secret;secret;;;;17X100A100A00028;FLORINGHEM
GRDF;2024;G;626520000;Pernes (commune non irisée);PRO;;;A;secret;secret;;;;17X100A100A00028;PERNES
GRDF;2024;G;627670101;Nord;PRO;;;A;secret;secret;;;;17X100A100A00028;SAINT POL SUR TERNOISE
GRDF;2024;G;620290000;Amettes (commune non irisée);PRO;;;A;secret;secret;;;;17X100A100A00028;AMETTES
GRDF;2024;G;620480104;Centre 2;PRO;;;A;secret;secret;;;;17X100A100A00028;AUCHEL
GRDF;2024;G;620510000;Auchy-les-Mines (commune non irisée);PRO;;;A;secret;secret;;;;17X100A100A00028;AUCHY LES MINES
GRDF;2024;G;620830101;Centre;PRO;;;A;secret;secret;;;;17X100A100A00028;BARLIN
GRDF;2024;G;620830102;Cité du 7;PRO;;;A;secret;secret;;;;17X100A100A00028;BARLIN
GRDF;2024;G;621190105;Gare;PRO;;;A;65.49195;3;1;;0;17X100A100A00028;BETHUNE
GRDF;2024;G;621880000;Burbure (commune non irisée);PRO;;;A;secret;secret;;;;17X100A100A00028;BURBURE
GRDF;2024;G;621940102;Parc d'Entreprise-Brunehaut;PRO;;;A;secret;secret;;;;17X100A100A00028;CALONNE RICOUART
GRDF;2024;G;621950000;Calonne-sur-la-Lys (commune non irisée);PRO;;;A;secret;secret;;;;17X100A100A00028;CALONNE SUR LA LYS
GRDF;2024;G;621970000;Camblain-Châtelain (commune non irisée);PRO;;;A;secret;secret;;;;17X100A100A00028;CAMBLAIN CHATELAIN
GRDF;2024;G;622170000;Cauchy-à-la-Tour (commune non irisée);PRO;;;A;secret;secret;;;;17X100A100A00028;CAUCHY A LA TOUR
GRDF;2024;G;622240000;Chocques (commune non irisée);PRO;;;A;secret;secret;;;;17X100A100A00028;CHOCQUES
GRDF;2024;G;622520000;La Couture (commune non irisée);PRO;;;A;secret;secret;;;;17X100A100A00028;COUTURE
GRDF;2024;G;622620000;Cuinchy (commune non irisée);PRO;;;A;secret;secret;;;;17X100A100A00028;CUINCHY
GRDF;2024;G;622780000;Drouvin-le-Marais (commune non irisée);PRO;;;A;68.47752;2;1;;0;17X100A100A00028;DROUVIN LE MARAIS
GRDF;2024;G;623100000;Essars (commune non irisée);PRO;;;A;secret;secret;;;;17X100A100A00028;ESSARS
GRDF;2024;G;623300000;Festubert (commune non irisée);PRO;;;A;secret;secret;;;;17X100A100A00028;FESTUBERT
GRDF;2024;G;623490000;Fouquereuil (commune non irisée);PRO;;;A;secret;secret;;;;17X100A100A00028;FOUQUEREUIL
GRDF;2024;G;623730000;Givenchy-lès-la-Bassée (commune non irisée);PRO;;;A;secret;secret;;;;17X100A100A00028;GIVENCHY LES LA BASSEE
GRDF;2024;G;624010000;Haisnes (commune non irisée);PRO;;;A;206.75785;1;1;;0;17X100A100A00028;HAISNES
GRDF;2024;G;624430102;Nord;PRO;;;A;secret;secret;;;;17X100A100A00028;HERSIN COUPIGNY
GRDF;2024;G;624450000;Hesdigneul-lès-Béthune (commune non irisée);PRO;;;A;secret;secret;;;;17X100A100A00028;HESDIGNEUL LES BETHUNE
GRDF;2024;G;624540000;Hinges (commune non irisée);PRO;;;A;secret;secret;;;;17X100A100A00028;HINGES
GRDF;2024;G;624570101;Nord-Est;PRO;;;A;secret;secret;;;;17X100A100A00028;HOUDAIN
GRDF;2024;G;624570103;Sud;PRO;;;A;secret;secret;;;;17X100A100A00028;HOUDAIN
GRDF;2024;G;624570103;Sud;ENT;01;Culture et production animale, chasse et services annexes;A;237.18508;1;1;;0;17X100A100A00028;HOUDAIN
GRDF;2024;G;625160101;Centre 1;PRO;;;A;secret;secret;;;;17X100A100A00028;LILLERS
GRDF;2024;G;625160102;Centre 2;PRO;;;A;301.15066;2;1;;0;17X100A100A00028;LILLERS
GRDF;2024;G;625160103;Hameau de Rieux;PRO;;;A;secret;secret;;;;17X100A100A00028;LILLERS
GRDF;2024;G;625160104;Hameaux;PRO;;;A;secret;secret;;;;17X100A100A00028;LILLERS
GRDF;2024;G;625550101;Cité Bon Air et Centre;PRO;;;A;secret;secret;;;;17X100A100A00028;MARLES LES MINES
GRDF;2024;G;626260000;Noyelles-lès-Vermelles (commune non irisée);PRO;;;A;secret;secret;;;;17X100A100A00028;NOYELLES LES VERMELLES
GRDF;2024;G;626420000;Ourton (commune non irisée);PRO;;;A;secret;secret;;;;17X100A100A00028;OURTON
GRDF;2024;G;626930000;Rebreuve-Ranchicourt (commune non irisée);PRO;;;A;secret;secret;;;;17X100A100A00028;REBREUVE RANCHICOURT
GRDF;2024;G;627060000;Richebourg (commune non irisée);PRO;;;A;secret;secret;;;;17X100A100A00028;RICHEBOURG
GRDF;2024;G;627270000;Ruitz (commune non irisée);PRO;;;A;secret;secret;;;;17X100A100A00028;RUITZ
GRDF;2024;G;628360000;Vaudricourt (commune non irisée);PRO;;;A;secret;secret;;;;17X100A100A00028;VAUDRICOURT
GRDF;2024;G;628460000;Vermelles (commune non irisée);PRO;;;A;secret;secret;;;;17X100A100A00028;VERMELLES
GRDF;2024;G;628510000;Vieille-Chapelle (commune non irisée);PRO;;;A;secret;secret;;;;17X100A100A00028;VIEILLE CHAPELLE
GRDF;2024;G;621740000;Brêmes (commune non irisée);PRO;;;A;174.3929;1;0.456158708296037;;0;17X100A100A00028;BREMES
GRDF;2024;G;621910000;Caffiers (commune non irisée);PRO;;;A;secret;secret;;;;17X100A100A00028;CAFFIERS
GRDF;2024;G;621930101;Petit Courgain Mivoix;PRO;;;A;secret;secret;;;;17X100A100A00028;CALAIS
GRDF;2024;G;621930302;Matisse Toulouse-Lautrec;PRO;;;A;secret;secret;;;;17X100A100A00028;CALAIS
GRDF;2024;G;621931601;Van Grutten;PRO;;;A;secret;secret;;;;17X100A100A00028;CALAIS
GRDF;2024;G;621931702;Crèvecœur Massena;PRO;;;A;secret;secret;;;;17X100A100A00028;CALAIS
GRDF;2024;G;621931901;Calais Nord Notre-Dame;PRO;;;A;secret;secret;;;;17X100A100A00028;CALAIS
GRDF;2024;G;621931902;Calais Nord Esplanade;PRO;;;A;secret;secret;;;;17X100A100A00028;CALAIS
GRDF;2024;G;622440101;Ouest;PRO;;;A;secret;secret;;;;17X100A100A00028;COULOGNE
GRDF;2024;G;627740000;Sangatte (commune non irisée);PRO;;;A;secret;secret;;;;17X100A100A00028;SANGATTE
GRDF;2024;G;623380000;Fleurbaix (commune non irisée);PRO;;;A;55.46876;1;1;;0;17X100A100A00028;FLEURBAIX
GRDF;2024;G;627360000;Sailly-sur-la-Lys (commune non irisée);PRO;;;A;secret;secret;;;;17X100A100A00028;SAILLY SUR LA LYS
GRDF;2024;G;622150106;Sainte-Barbe-Magenta-Fosse 14;PRO;;;A;secret;secret;;;;17X100A100A00028;CARVIN
GRDF;2024;G;622770000;Drocourt (commune non irisée);PRO;;;A;secret;secret;;;;17X100A100A00028;DROCOURT
GRDF;2024;G;623210000;Évin-Malmaison (commune non irisée);PRO;;;A;secret;secret;;;;17X100A100A00028;EVIN MALMAISON
GRDF;2024;G;624270103;Zone d'Activités Hénin-Beaumont-Montigny;PRO;;;A;secret;secret;;;;17X100A100A00028;HENIN BEAUMONT
GRDF;2024;G;624270113;Quartier de Beaumont;PRO;;;A;75.99251;5;1;;0;17X100A100A00028;HENIN BEAUMONT
GRDF;2024;G;624970103;Nord;PRO;;;A;secret;secret;;;;17X100A100A00028;LEFOREST
GRDF;2024;G;626370101;Declercq-Bonniers-Verger;PRO;;;A;secret;secret;;;;17X100A100A00028;OIGNIES
GRDF;2024;G;626370105;Quartier Est;PRO;;;A;secret;secret;;;;17X100A100A00028;OIGNIES
GRDF;2024;G;620190000;Aix-Noulette (commune non irisée);PRO;;;A;secret;secret;;;;17X100A100A00028;AIX NOULETTE
GRDF;2024;G;620330101;Nord;PRO;;;A;secret;secret;;;;17X100A100A00028;ANNAY
GRDF;2024;G;620650103;Centre-Parc des Glissoires;PRO;;;A;secret;secret;;;;17X100A100A00028;AVION
GRDF;2024;G;620650107;Cité des Chemins d'Arleux;PRO;;;A;secret;secret;;;;17X100A100A00028;AVION
GRDF;2024;G;621860101;Cité Alouettes;PRO;;;A;secret;secret;;;;17X100A100A00028;BULLY LES MINES
GRDF;2024;G;623510101;Centre Ville;PRO;;;A;secret;secret;;;;17X100A100A00028;FOUQUIERES LES LENS
GRDF;2024;G;623710000;Givenchy-en-Gohelle (commune non irisée);PRO;;;A;secret;secret;;;;17X100A100A00028;GIVENCHY EN GOHELLE
GRDF;2024;G;624130103;Harnes 3;PRO;;;A;secret;secret;;;;17X100A100A00028;HARNES
GRDF;2024;G;624640000;Hulluch (commune non irisée);PRO;;;A;secret;secret;;;;17X100A100A00028;HULLUCH
GRDF;2024;G;624980303;Lens Est 3;PRO;;;A;secret;secret;;;;17X100A100A00028;LENS
GRDF;2024;G;624980304;Lens Est 4;PRO;;;A;secret;secret;;;;17X100A100A00028;LENS
GRDF;2024;G;625100202;Quartier Riaumont 2;PRO;;;A;secret;secret;;;;17X100A100A00028;LIEVIN
GRDF;2024;G;625280102;Sud-Ouest;PRO;;;A;secret;secret;;;;17X100A100A00028;LOOS EN GOHELLE
GRDF;2024;G;625630101;Centre;PRO;;;A;secret;secret;;;;17X100A100A00028;MAZINGARBE
GRDF;2024;G;625700102;Quartier Ouest;PRO;;;A;secret;secret;;;;17X100A100A00028;MERICOURT
GRDF;2024;G;625730000;Meurchin (commune non irisée);PRO;;;A;secret;secret;;;;17X100A100A00028;MEURCHIN
GRDF;2024;G;627710101;Quartier Nord-Ouest;PRO;;;A;secret;secret;;;;17X100A100A00028;SALLAUMINES
GRDF;2024;G;627930000;Servins (commune non irisée);PRO;;;A;secret;secret;;;;17X100A100A00028;SERVINS
GRDF;2024;G;628610000;Vimy (commune non irisée);PRO;;;A;67.80762;3;1;;0;17X100A100A00028;VIMY
GRDF;2024;G;620250000;Ambleteuse (commune non irisée);PRO;;;A;secret;secret;;;;17X100A100A00028;AMBLETEUSE
GRDF;2024;G;620560000;Audresselles (commune non irisée);PRO;;;A;secret;secret;;;;17X100A100A00028;AUDRESSELLES
GRDF;2024;G;624870000;Landrethun-le-Nord (commune non irisée);PRO;;;A;secret;secret;;;;17X100A100A00028;LANDRETHUN LE NORD
GRDF;2024;G;625600000;Marquise (commune non irisée);PRO;;;A;157.98041;2;1;;0;17X100A100A00028;MARQUISE
GRDF;2024;G;621600401;Saint-Pierre;PRO;;;A;secret;secret;;;;17X100A100A00028;BOULOGNE SUR MER
GRDF;2024;G;621600801;Vieille Ville-Dernier Sou-Vieil Âtre;PRO;;;A;secret;secret;;;;17X100A100A00028;BOULOGNE SUR MER
GRDF;2024;G;621601102;Bréquerecque Village;PRO;;;A;secret;secret;;;;17X100A100A00028;BOULOGNE SUR MER
GRDF;2024;G;624740000;Isques (commune non irisée);PRO;;;A;secret;secret;;;;17X100A100A00028;ISQUES
GRDF;2024;G;626040000;Neufchâtel-Hardelot (commune non irisée);PRO;;;A;secret;secret;;;;17X100A100A00028;NEUFCHATEL HARDELOT
GRDF;2024;G;626670102;Centre;PRO;;;A;secret;secret;;;;17X100A100A00028;PORTEL
GRDF;2024;G;626450102;Nord;PRO;;;A;secret;secret;;;;17X100A100A00028;OYE PLAGE
GRDF;2024;G;625340000;Lumbres (commune non irisée);PRO;;;A;secret;secret;;;;17X100A100A00028;LUMBRES
GRDF;2024;G;628820000;Wavrans-sur-l'Aa (commune non irisée);PRO;;;A;secret;secret;;;;17X100A100A00028;WAVRANS SUR L AA
GRDF;2024;G;801860000;Chaulnes (commune non irisée);PRO;;;A;secret;secret;;;;17X100A100A00028;CHAULNES
GRDF;2024;G;804170000;Harbonnières (commune non irisée);PRO;;;A;secret;secret;;;;17X100A100A00028;HARBONNIERES
GRDF;2024;G;806800000;Rosières-en-Santerre (commune non irisée);PRO;;;A;secret;secret;;;;17X100A100A00028;ROSIERES EN SANTERRE
GRDF;2024;G;802220000;Crécy-en-Ponthieu (commune non irisée);PRO;;;A;secret;secret;;;;17X100A100A00028;CRECY EN PONTHIEU
GRDF;2024;G;805980000;Nouvion (commune non irisée);PRO;;;A;secret;secret;;;;17X100A100A00028;NOUVION
GRDF;2024;G;806350000;Pont-Remy (commune non irisée);PRO;;;A;secret;secret;;;;17X100A100A00028;PONT REMY
GRDF;2024;G;806880000;Rue (commune non irisée);PRO;;;A;secret;secret;;;;17X100A100A00028;RUE
GRDF;2024;G;808150000;Vron (commune non irisée);PRO;;;A;secret;secret;;;;17X100A100A00028;VRON
GRDF;2024;G;801240000;Bourseville (commune non irisée);PRO;;;A;secret;secret;;;;17X100A100A00028;BOURSEVILLE
GRDF;2024;G;803080000;Feuquières-en-Vimeu (commune non irisée);ENT;02;Sylviculture et exploitation forestière;A;470.651;1;1;;0;17X100A100A00028;FEUQUIERES EN VIMEU
GRDF;2024;G;807700000;Tully (commune non irisée);PRO;;;A;secret;secret;;;;17X100A100A00028;TULLY
GRDF;2024;G;807750000;Valines (commune non irisée);PRO;;;A;117.797;1;1;;0;17X100A100A00028;VALINES
GRDF;2024;G;800710000;Beauval (commune non irisée);PRO;;;A;secret;secret;;;;17X100A100A00028;BEAUVAL
GRDF;2024;G;802530201;Nord-Est;PRO;;;A;secret;secret;;;;17X100A100A00028;DOULLENS
GRDF;2024;G;805700000;Moreuil (commune non irisée);PRO;;;A;secret;secret;;;;17X100A100A00028;MOREUIL
GRDF;2024;G;805710000;Morisel (commune non irisée);PRO;;;A;secret;secret;;;;17X100A100A00028;MORISEL
GRDF;2024;G;806850000;Roye (commune non irisée);PRO;;;A;secret;secret;;;;17X100A100A00028;ROYE
GRDF;2024;G;802740000;Eppeville (commune non irisée);PRO;;;A;secret;secret;;;;17X100A100A00028;EPPEVILLE
GRDF;2024;G;804420000;Hombleux (commune non irisée);ENT;01;Culture et production animale, chasse et services annexes;A;47.21164;1;1;;0;17X100A100A00028;HOMBLEUX
GRDF;2024;G;805420000;Mesnil-Saint-Nicaise (commune non irisée);PRO;;;A;secret;secret;;;;17X100A100A00028;MESNIL SAINT NICAISE
GRDF;2024;G;805850000;Nesle (commune non irisée);PRO;;;A;secret;secret;;;;17X100A100A00028;NESLE
GRDF;2024;G;800010401;Faubourg de la Bouvaque;PRO;;;A;secret;secret;;;;17X100A100A00028;ABBEVILLE
GRDF;2024;G;800780000;Bellancourt (commune non irisée);PRO;;;A;secret;secret;;;;17X100A100A00028;BELLANCOURT
GRDF;2024;G;801100000;Boismont (commune non irisée);PRO;;;A;secret;secret;;;;17X100A100A00028;BOISMONT
GRDF;2024;G;801820000;Cayeux-sur-Mer (commune non irisée);PRO;;;A;secret;secret;;;;17X100A100A00028;CAYEUX SUR MER
GRDF;2024;G;802680000;Épagne-Épagnette (commune non irisée);PRO;;;A;secret;secret;;;;17X100A100A00028;EPAGNE EPAGNETTE
GRDF;2024;G;807790000;Vauchelles-les-Quesnoy (commune non irisée);PRO;;;A;secret;secret;;;;17X100A100A00028;VAUCHELLES LES QUESNOY
GRDF;2024;G;807800000;Vaudricourt (commune non irisée);PRO;;;A;secret;secret;;;;17X100A100A00028;VAUDRICOURT
GRDF;2024;G;800500000;Bacouel-sur-Selle (commune non irisée);PRO;;;A;secret;secret;;;;17X100A100A00028;BACOUEL SUR SELLE
GRDF;2024;G;800240000;Argœuves (commune non irisée);PRO;;;A;secret;secret;;;;17X100A100A00028;ARGOEUVES
GRDF;2024;G;801870000;La Chaussée-Tirancourt (commune non irisée);PRO;;;A;secret;secret;;;;17X100A100A00028;CHAUSSEE TIRANCOURT
GRDF;2024;G;803180000;Flixecourt (commune non irisée);PRO;;;A;secret;secret;;;;17X100A100A00028;FLIXECOURT
GRDF;2024;G;807930000;Vignacourt (commune non irisée);PRO;;;A;secret;secret;;;;17X100A100A00028;VIGNACOURT
GRDF;2024;G;800390000;Ault (commune non irisée);PRO;;;A;secret;secret;;;;17X100A100A00028;AULT
GRDF;2024;G;802650000;Embreville (commune non irisée);PRO;;;A;56.25404;2;1;;0;17X100A100A00028;EMBREVILLE
GRDF;2024;G;807140000;Saint-Quentin-la-Motte-Croix-au-Bailly (commune non irisée);PRO;;;A;secret;secret;;;;17X100A100A00028;SAINT QUENTIN LA MOTTE CROIX AU BAILLY
GRDF;2024;G;802120000;Corbie (commune non irisée);PRO;;;A;secret;secret;;;;17X100A100A00028;CORBIE
GRDF;2024;G;803380000;Fouilloy (commune non irisée);PRO;;;A;secret;secret;;;;17X100A100A00028;FOUILLOY
GRDF;2024;G;807990000;Villers-Bretonneux (commune non irisée);PRO;;;A;secret;secret;;;;17X100A100A00028;VILLERS BRETONNEUX
GRDF;2024;G;800210301;Montières;PRO;;;A;secret;secret;;;;17X100A100A00028;AMIENS
GRDF;2024;G;800210602;Saint-Honoré-Jeanne d'Arc 2;PRO;;;A;60.44504;2;1;;0;17X100A100A00028;AMIENS
GRDF;2024;G;800210603;Saint-Honoré-Jeanne d'Arc 3;PRO;;;A;secret;secret;;;;17X100A100A00028;AMIENS
GRDF;2024;G;800210604;Saint-Honoré-Jeanne d'Arc 4;PRO;;;A;secret;secret;;;;17X100A100A00028;AMIENS
GRDF;2024;G;800210801;Sud-Est 1;PRO;;;A;secret;secret;;;;17X100A100A00028;AMIENS
GRDF;2024;G;800211002;Saint-Acheul 2;PRO;;;A;secret;secret;;;;17X100A100A00028;AMIENS
GRDF;2024;G;800211002;Saint-Acheul 2;ENT;01;Culture et production animale, chasse et services annexes;A;37.02914;1;0.171564611006358;;0;17X100A100A00028;AMIENS
GRDF;2024;G;800211101;Sainte-Anne-Faubourg Noyon 1;PRO;;;A;secret;secret;;;;17X100A100A00028;AMIENS
GRDF;2024;G;800211102;Sainte-Anne-Faubourg Noyon 2;PRO;;;A;secret;secret;;;;17X100A100A00028;AMIENS
GRDF;2024;G;800211103;Sainte-Anne-Faubourg Noyon 3;PRO;;;A;secret;secret;;;;17X100A100A00028;AMIENS
GRDF;2024;G;800211203;Henriville 3;PRO;;;A;secret;secret;;;;17X100A100A00028;AMIENS
GRDF;2024;G;800211302;Centre Ville 2;PRO;;;A;91.60028;4;1;;0;17X100A100A00028;AMIENS
GRDF;2024;G;800211401;Amiens II-La Vallée;PRO;;;A;secret;secret;;;;17X100A100A00028;AMIENS
GRDF;2024;G;800211503;Saint-Pierre 3;PRO;;;A;secret;secret;;;;17X100A100A00028;AMIENS
GRDF;2024;G;800211601;Saint-Leu;PRO;;;A;100.0539;5;1;;0;17X100A100A00028;AMIENS
GRDF;2024;G;800211701;Saint-Germain;PRO;;;A;secret;secret;;;;17X100A100A00028;AMIENS
GRDF;2024;G;800211901;Faubourg de Hem 1;PRO;;;A;secret;secret;;;;17X100A100A00028;AMIENS
GRDF;2024;G;800212002;Saint-Maurice 2;PRO;;;A;secret;secret;;;;17X100A100A00028;AMIENS
GRDF;2024;G;801640000;Camon (commune non irisée);PRO;;;A;99.01396;5;1;;0;17X100A100A00028;CAMON
GRDF;2024;G;802610000;Dury (commune non irisée);PRO;;;A;secret;secret;;;;17X100A100A00028;DURY
GRDF;2024;G;803050000;Ferrières (commune non irisée);PRO;;;A;secret;secret;;;;17X100A100A00028;FERRIERES
GRDF;2024;G;806390000;Poulainville (commune non irisée);PRO;;;A;secret;secret;;;;17X100A100A00028;POULAINVILLE
GRDF;2024;G;807240000;Saleux (commune non irisée);PRO;;;A;secret;secret;;;;17X100A100A00028;SALEUX
GRDF;2024;G;807250000;Salouël (commune non irisée);PRO;;;A;secret;secret;;;;17X100A100A00028;SALOUEL
GRDF;2024;G;807910000;Vers-sur-Selle (commune non irisée);PRO;;;A;secret;secret;;;;17X100A100A00028;VERS SUR SELLE
GRDF;2024;G;800160101;Quartier 1;PRO;;;A;secret;secret;;;;17X100A100A00028;ALBERT
GRDF;2024;G;800160301;Quartier 3;PRO;;;A;54.65258;3;0.493471488445742;;0;17X100A100A00028;ALBERT
GRDF;2024;G;801290000;Bouzincourt (commune non irisée);PRO;;;A;89.8339;4;1;;0;17X100A100A00028;BOUZINCOURT
GRDF;2024;G;082540000;Liart (commune non irisée);PRO;;;A;secret;secret;;;;17X100A100A00028;LIART
GRDF;2024;G;080030000;Aiglemont (commune non irisée);PRO;;;A;secret;secret;;;;17X100A100A00028;AIGLEMONT
GRDF;2024;G;080530000;Bazeilles (commune non irisée);PRO;;;A;97.82633;4;1;;0;17X100A100A00028;BAZEILLES
GRDF;2024;G;081050101;Villette Nord-Est;PRO;;;A;secret;secret;;;;17X100A100A00028;CHARLEVILLE MEZIERES
GRDF;2024;G;081050401;Gare Nord et Ouest;PRO;;;A;secret;secret;;;;17X100A100A00028;CHARLEVILLE MEZIERES
GRDF;2024;G;081740000;Floing (commune non irisée);PRO;;;A;secret;secret;;;;17X100A100A00028;FLOING
GRDF;2024;G;082320000;Illy (commune non irisée);PRO;;;A;secret;secret;;;;17X100A100A00028;ILLY
GRDF;2024;G;082980000;Montcy-Notre-Dame (commune non irisée);PRO;;;A;secret;secret;;;;17X100A100A00028;MONTCY NOTRE DAME
GRDF;2024;G;083280101;Ouest;PRO;;;A;secret;secret;;;;17X100A100A00028;NOUZONVILLE
GRDF;2024;G;083310000;Noyers-Pont-Maugis (commune non irisée);PRO;;;A;secret;secret;;;;17X100A100A00028;NOYERS PONT MAUGIS
GRDF;2024;G;083430000;Pouru-Saint-Remy (commune non irisée);PRO;;;A;secret;secret;;;;17X100A100A00028;POURU SAINT REMY
GRDF;2024;G;083460000;Prix-lès-Mézières (commune non irisée);PRO;;;A;secret;secret;;;;17X100A100A00028;PRIX LES MEZIERES
GRDF;2024;G;083850000;Saint-Laurent (commune non irisée);PRO;;;A;102.95275;1;1;;0;17X100A100A00028;SAINT LAURENT
GRDF;2024;G;083850000;Saint-Laurent (commune non irisée);ENT;01;Culture et production animale, chasse et services annexes;A;274.20121;1;1;;0;17X100A100A00028;SAINT LAURENT
GRDF;2024;G;084090301;Centre 1;PRO;;;A;secret;secret;;;;17X100A100A00028;SEDAN
GRDF;2024;G;084090402;Fond de Givonne;PRO;;;A;secret;secret;;;;17X100A100A00028;SEDAN
GRDF;2024;G;080240000;Asfeld (commune non irisée);PRO;;;A;55.38546;3;1;;0;17X100A100A00028;ASFELD
GRDF;2024;G;083620101;Sud;PRO;;;A;secret;secret;;;;17X100A100A00028;RETHEL
GRDF;2024;G;083620102;Nord-Ouest;PRO;;;A;secret;secret;;;;17X100A100A00028;RETHEL
GRDF;2024;G;083620103;Nord-Est;PRO;;;A;secret;secret;;;;17X100A100A00028;RETHEL
GRDF;2024;G;082060000;Ham-les-Moines (commune non irisée);PRO;;;A;secret;secret;;;;17X100A100A00028;HAM LES MOINES
GRDF;2024;G;083120000;Murtin-et-Bogny (commune non irisée);PRO;;;A;secret;secret;;;;17X100A100A00028;MURTIN ET BOGNY
GRDF;2024;G;081850101;Nord et Est;PRO;;;A;secret;secret;;;;17X100A100A00028;FUMAY
GRDF;2024;G;081850102;Sud;PRO;;;A;secret;secret;;;;17X100A100A00028;FUMAY
GRDF;2024;G;081900101;Nord-Ouest;PRO;;;A;secret;secret;;;;17X100A100A00028;GIVET
GRDF;2024;G;084870000;Vireux-Wallerand (commune non irisée);PRO;;;A;secret;secret;;;;17X100A100A00028;VIREUX WALLERAND
GRDF;2024;G;080830000;Brévilly (commune non irisée);PRO;;;A;secret;secret;;;;17X100A100A00028;BREVILLY
GRDF;2024;G;080900000;Carignan (commune non irisée);PRO;;;A;secret;secret;;;;17X100A100A00028;CARIGNAN
GRDF;2024;G;083110000;Mouzon (commune non irisée);PRO;;;A;secret;secret;;;;17X100A100A00028;MOUZON
GRDF;2024;G;083360000;Osnes (commune non irisée);PRO;;;A;secret;secret;;;;17X100A100A00028;OSNES
GRDF;2024;G;084190000;Signy-l'Abbaye (commune non irisée);PRO;;;A;secret;secret;;;;17X100A100A00028;SIGNY L ABBAYE
GRDF;2024;G;101140000;Crancey (commune non irisée);PRO;;;A;secret;secret;;;;17X100A100A00028;CRANCEY
GRDF;2024;G;102800000;Pars-lès-Romilly (commune non irisée);PRO;;;A;secret;secret;;;;17X100A100A00028;PARS LES ROMILLY
GRDF;2024;G;103230102;Romilly-sur-Seine 1 Nord-Est;PRO;;;A;130.73568;2;1;;0;17X100A100A00028;ROMILLY SUR SEINE
GRDF;2024;G;102080000;La Louptière-Thénard (commune non irisée);PRO;;;A;secret;secret;;;;17X100A100A00028;LOUPTIERE THENARD
GRDF;2024;G;102680101;Est;PRO;;;A;secret;secret;;;;17X100A100A00028;NOGENT SUR SEINE
GRDF;2024;G;104200000;Villenauxe-la-Grande (commune non irisée);PRO;;;A;secret;secret;;;;17X100A100A00028;VILLENAUXE LA GRANDE
GRDF;2024;G;100640000;Brienne-le-Château (commune non irisée);PRO;;;A;secret;secret;;;;17X100A100A00028;BRIENNE LE CHATEAU
GRDF;2024;G;100050000;Amance (commune non irisée);PRO;;;A;secret;secret;;;;17X100A100A00028;AMANCE
GRDF;2024;G;101780000;Jessains (commune non irisée);PRO;;;A;secret;secret;;;;17X100A100A00028;JESSAINS
GRDF;2024;G;103270000;La Rothière (commune non irisée);PRO;;;A;secret;secret;;;;17X100A100A00028;ROTHIERE
GRDF;2024;G;100340000;Bar-sur-Seine (commune non irisée);PRO;;;A;54.73977;2;1;;0;17X100A100A00028;BAR SUR SEINE
GRDF;2024;G;100700000;Celles-sur-Ource (commune non irisée);PRO;;;A;251.80924;9;1;;0;17X100A100A00028;CELLES SUR OURCE
GRDF;2024;G;101810000;Jully-sur-Sarce (commune non irisée);PRO;;;A;secret;secret;;;;17X100A100A00028;JULLY SUR SARCE
GRDF;2024;G;102320000;Merrey-sur-Arce (commune non irisée);PRO;;;A;114.12016;4;1;;0;17X100A100A00028;MERREY SUR ARCE
GRDF;2024;G;102950000;Polisot (commune non irisée);PRO;;;A;107.65312;5;1;;0;17X100A100A00028;POLISOT
GRDF;2024;G;102960000;Polisy (commune non irisée);PRO;;;A;58.00624;3;1;;0;17X100A100A00028;POLISY
GRDF;2024;G;103310000;Rumilly-lès-Vaudes (commune non irisée);PRO;;;A;secret;secret;;;;17X100A100A00028;RUMILLY LES VAUDES
GRDF;2024;G;104370000;Virey-sous-Bar (commune non irisée);PRO;;;A;secret;secret;;;;17X100A100A00028;VIREY SOUS BAR
GRDF;2024;G;102820000;Payns (commune non irisée);PRO;;;A;secret;secret;;;;17X100A100A00028;PAYNS
GRDF;2024;G;103250000;Rosières-près-Troyes (commune non irisée);PRO;;;A;secret;secret;;;;17X100A100A00028;ROSIERES PRES TROYES
GRDF;2024;G;103330102;Croix Blanche Nord;PRO;;;A;secret;secret;;;;17X100A100A00028;SAINT ANDRE LES VERGERS
GRDF;2024;G;103330202;Bas Clos Sud-Est;PRO;;;A;secret;secret;;;;17X100A100A00028;SAINT ANDRE LES VERGERS
GRDF;2024;G;103520000;Sainte-Maure (commune non irisée);PRO;;;A;secret;secret;;;;17X100A100A00028;SAINTE MAURE
GRDF;2024;G;103620104;Sainte-Savine Sud-Est;PRO;;;A;62.9152;1;1;;0;17X100A100A00028;SAINTE SAVINE
GRDF;2024;G;103730000;Souligny (commune non irisée);PRO;;;A;secret;secret;;;;17X100A100A00028;SOULIGNY
GRDF;2024;G;103870101;Gare;PRO;;;A;secret;secret;;;;17X100A100A00028;TROYES
GRDF;2024;G;103870201;Diderot;PRO;;;A;84.22128;1;1;;0;17X100A100A00028;TROYES
GRDF;2024;G;103870401;Vassaules-Tauxelles;PRO;;;A;61.29149;1;1;;0;17X100A100A00028;TROYES
GRDF;2024;G;103871101;Général de Gaulle;PRO;;;A;secret;secret;;;;17X100A100A00028;TROYES
GRDF;2024;G;103871102;Quatorze Juillet;PRO;;;A;secret;secret;;;;17X100A100A00028;TROYES
GRDF;2024;G;101510000;Fontaine-les-Grès (commune non irisée);PRO;;;A;secret;secret;;;;17X100A100A00028;FONTAINE LES GRES
GRDF;2024;G;100060000;Arcis-sur-Aube (commune non irisée);PRO;;;A;89.51197;5;1;;0;17X100A100A00028;ARCIS SUR AUBE
GRDF;2024;G;102720000;Ormes (commune non irisée);ENT;;;A;171.877;1;1;;0;17X100A100A00028;ORMES
GRDF;2024;G;100330101;Centre-Ouest;PRO;;;A;secret;secret;;;;17X100A100A00028;BAR SUR AUBE
GRDF;2024;G;100330102;Nord-Ouest;PRO;;;A;secret;secret;;;;17X100A100A00028;BAR SUR AUBE
GRDF;2024;G;100330103;Est;PRO;;;A;67.89882;9;1;;0;17X100A100A00028;BAR SUR AUBE
GRDF;2024;G;101500000;Fontaine (commune non irisée);PRO;;;A;secret;secret;;;;17X100A100A00028;FONTAINE
GRDF;2024;G;104260000;Ville-sous-la-Ferté (commune non irisée);PRO;;;A;secret;secret;;;;17X100A100A00028;VILLE SOUS LA FERTE
GRDF;2024;G;100030000;Aix-Villemaur-Pâlis (commune non irisée);PRO;;;A;72.64216;5;1;;0;17X100A100A00028;AIX VILLEMAUR PALIS
GRDF;2024;G;102760000;Paisy-Cosdon (commune non irisée);PRO;;;A;268.64049;2;1;;0;17X100A100A00028;PAISY COSDON
GRDF;2024;G;101240000;Dierrey-Saint-Julien (commune non irisée);PRO;;;A;54.47114;2;1;;0;17X100A100A00028;DIERREY SAINT JULIEN
GRDF;2024;G;102240000;Marigny-le-Châtel (commune non irisée);PRO;;;A;secret;secret;;;;17X100A100A00028;MARIGNY LE CHATEL
GRDF;2024;G;102370000;Mesnil-Saint-Loup (commune non irisée);PRO;;;A;116.00677;2;1;;0;17X100A100A00028;MESNIL SAINT LOUP
GRDF;2024;G;516490303;Citadelle;PRO;;;A;89.93008;2;1;;0;17X100A100A00028;VITRY LE FRANCOIS
GRDF;2024;G;515350101;Nord-Ouest-Centre;PRO;;;A;58.89516;4;1;;0;17X100A100A00028;SEZANNE
GRDF;2024;G;515350102;Est-Sud-Centre;PRO;;;A;secret;secret;;;;17X100A100A00028;SEZANNE
GRDF;2024;G;510020000;Saint-Martin-d'Ablois (commune non irisée);PRO;;;A;102.49958;5;1;;0;17X100A100A00028;SAINT MARTIN D ABLOIS
GRDF;2024;G;512040000;Damery (commune non irisée);PRO;;;A;376.01979;20;1;;0;17X100A100A00028;DAMERY
GRDF;2024;G;511080103;Mermoz;PRO;;;A;secret;secret;;;;17X100A100A00028;CHALONS EN CHAMPAGNE
GRDF;2024;G;511080105;Saint-Pierre-Lorraine;PRO;;;A;secret;secret;;;;17X100A100A00028;CHALONS EN CHAMPAGNE
GRDF;2024;G;511080304;Frison Gare;PRO;;;A;secret;secret;;;;17X100A100A00028;CHALONS EN CHAMPAGNE
GRDF;2024;G;511680000;Coolus (commune non irisée);PRO;;;A;secret;secret;;;;17X100A100A00028;COOLUS
GRDF;2024;G;512420101;Quartiers Village et Avenue Pierre Semard;PRO;;;A;secret;secret;;;;17X100A100A00028;FAGNIERES
GRDF;2024;G;513120000;Juvigny (commune non irisée);PRO;;;A;secret;secret;;;;17X100A100A00028;JUVIGNY
GRDF;2024;G;513190000;Lenharrée (commune non irisée);PRO;;;A;233.38756;4;1;;0;17X100A100A00028;LENHARREE
GRDF;2024;G;514530000;Recy (commune non irisée);PRO;;;A;secret;secret;;;;17X100A100A00028;RECY
GRDF;2024;G;515060101;Périphérie;PRO;;;A;86.64589;5;1;;0;17X100A100A00028;SAINT MEMMIE
GRDF;2024;G;510430000;Bazancourt (commune non irisée);PRO;;;A;secret;secret;;;;17X100A100A00028;BAZANCOURT
GRDF;2024;G;511050000;Cernay-lès-Reims (commune non irisée);PRO;;;A;89.11328;5;1;;0;17X100A100A00028;CERNAY LES REIMS
GRDF;2024;G;511520000;Chigny-les-Roses (commune non irisée);PRO;;;A;549.84491;24;1;;0;17X100A100A00028;CHIGNY LES ROSES
GRDF;2024;G;512500101;Sud-Est;PRO;;;A;secret;secret;;;;17X100A100A00028;FISMES
GRDF;2024;G;512500102;Nord-Ouest et Sud;PRO;;;A;secret;secret;;;;17X100A100A00028;FISMES
GRDF;2024;G;512990000;Isles-sur-Suippe (commune non irisée);PRO;;;A;secret;secret;;;;17X100A100A00028;ISLES SUR SUIPPE
GRDF;2024;G;513080000;Jonchery-sur-Vesle (commune non irisée);PRO;;;A;secret;secret;;;;17X100A100A00028;JONCHERY SUR VESLE
GRDF;2024;G;513330000;Ludes (commune non irisée);PRO;;;A;384.6349;18;1;;0;17X100A100A00028;LUDES
GRDF;2024;G;513380000;Mailly-Champagne (commune non irisée);PRO;;;A;474.55252;17;1;;0;17X100A100A00028;MAILLY CHAMPAGNE
GRDF;2024;G;514500000;Puisieulx (commune non irisée);PRO;;;A;secret;secret;;;;17X100A100A00028;PUISIEULX
GRDF;2024;G;514541001;Clairmarais;PRO;;;A;56.63803;2;1;;0;17X100A100A00028;REIMS
GRDF;2024;G;514541501;Jamin-Sud-Ouest;PRO;;;A;160.32813;2;1;;0;17X100A100A00028;REIMS
GRDF;2024;G;514541602;Cernay-Centre;PRO;;;A;secret;secret;;;;17X100A100A00028;REIMS
GRDF;2024;G;514541902;Zone de Protection des Captages;PRO;;;A;secret;secret;;;;17X100A100A00028;REIMS
GRDF;2024;G;514543102;Châtillons Centre;PRO;;;A;secret;secret;;;;17X100A100A00028;REIMS
GRDF;2024;G;514543603;Croix Rouge Université Centre-Est;PRO;;;A;secret;secret;;;;17X100A100A00028;REIMS
GRDF;2024;G;514544501;Murigny Sud-Ouest;PRO;;;A;secret;secret;;;;17X100A100A00028;REIMS
GRDF;2024;G;514544901;Neuvillette Activités;PRO;;;A;secret;secret;;;;17X100A100A00028;REIMS
GRDF;2024;G;514610000;Rilly-la-Montagne (commune non irisée);PRO;;;A;939.5948;32;0.974082551329573;;0;17X100A100A00028;RILLY LA MONTAGNE
GRDF;2024;G;514610000;Rilly-la-Montagne (commune non irisée);ENT;01;Culture et production animale, chasse et services annexes;A;30.29718;1;1;;0;17X100A100A00028;RILLY LA MONTAGNE
GRDF;2024;G;514930000;Saint-Léonard (commune non irisée);PRO;;;A;secret;secret;;;;17X100A100A00028;SAINT LEONARD
GRDF;2024;G;515360000;Sillery (commune non irisée);PRO;;;A;62.06972;3;1;;0;17X100A100A00028;SILLERY
GRDF;2024;G;515620000;Taissy (commune non irisée);PRO;;;A;secret;secret;;;;17X100A100A00028;TAISSY
GRDF;2024;G;515690000;Thillois (commune non irisée);PRO;;;A;secret;secret;;;;17X100A100A00028;THILLOIS
GRDF;2024;G;515730101;Muire;PRO;;;A;122.40859;2;1;;0;17X100A100A00028;TINQUEUX
GRDF;2024;G;515730201;Champ Paveau;PRO;;;A;secret;secret;;;;17X100A100A00028;TINQUEUX
GRDF;2024;G;515820000;Trigny (commune non irisée);PRO;;;A;257.63049;10;1;;0;17X100A100A00028;TRIGNY
GRDF;2024;G;516130000;Verzenay (commune non irisée);PRO;;;A;506.22296;16;1;;0;17X100A100A00028;VERZENAY
GRDF;2024;G;516140000;Verzy (commune non irisée);PRO;;;A;130.24579;8;1;;0;17X100A100A00028;VERZY
GRDF;2024;G;516290000;Villers-Allerand (commune non irisée);PRO;;;A;secret;secret;;;;17X100A100A00028;VILLERS ALLERAND
GRDF;2024;G;516360000;Villers-Marmery (commune non irisée);PRO;;;A;563.14693;20;1;;0;17X100A100A00028;VILLERS MARMERY
GRDF;2024;G;516620000;Witry-lès-Reims (commune non irisée);PRO;;;A;secret;secret;;;;17X100A100A00028;WITRY LES REIMS
GRDF;2024;G;515310000;Sermaize-les-Bains (commune non irisée);PRO;;;A;secret;secret;;;;17X100A100A00028;SERMAIZE LES BAINS
GRDF;2024;G;516470000;Vitry-en-Perthois (commune non irisée);PRO;;;A;secret;secret;;;;17X100A100A00028;VITRY EN PERTHOIS
GRDF;2024;G;510180000;Athis (commune non irisée);PRO;;;A;secret;secret;;;;17X100A100A00028;ATHIS
GRDF;2024;G;510290000;Avize (commune non irisée);PRO;;;A;810.49326;26;1;;0;17X100A100A00028;AVIZE
GRDF;2024;G;510490000;Bergères-lès-Vertus (commune non irisée);PRO;;;A;181.33246;9;1;;0;17X100A100A00028;BERGERES LES VERTUS
GRDF;2024;G;511530000;Chouilly (commune non irisée);PRO;;;A;235.69028;13;0.938786953793766;;0;17X100A100A00028;CHOUILLY
GRDF;2024;G;511960000;Cramant (commune non irisée);PRO;;;A;1186.18502;39;0.943351012812486;;0;17X100A100A00028;CRAMANT
GRDF;2024;G;512000000;Cuis (commune non irisée);PRO;;;A;264.72856;14;1;;0;17X100A100A00028;CUIS
GRDF;2024;G;512020000;Cumières (commune non irisée);PRO;;;A;453.45403;18;0.999693993236756;;0;17X100A100A00028;CUMIERES
GRDF;2024;G;512300101;Coteau Nord-Ouest Nord;PRO;;;A;192.80663;3;1;;0;17X100A100A00028;EPERNAY
GRDF;2024;G;512300102;Coteau Nord-Ouest Sud;PRO;;;A;183.17262;5;1;;0;17X100A100A00028;EPERNAY
GRDF;2024;G;512300201;La Villa;PRO;;;A;58.32249;2;1;;0;17X100A100A00028;EPERNAY
GRDF;2024;G;512300301;Centre Ouest;PRO;;;A;secret;secret;;;;17X100A100A00028;EPERNAY
GRDF;2024;G;512300302;Centre Est;PRO;;;A;180.24345;5;1;;0;17X100A100A00028;EPERNAY
GRDF;2024;G;512300402;Bernon-Bellenoue-Périphérie;PRO;;;A;138.77726;3;1;;0;17X100A100A00028;EPERNAY
GRDF;2024;G;512300501;Coteau Ouest-Les Forges Sud et Ouest;PRO;;;A;55.46634;1;1;;0;17X100A100A00028;EPERNAY
GRDF;2024;G;512300502;Coteau Ouest-Les Forges Est;PRO;;;A;secret;secret;;;;17X100A100A00028;EPERNAY
GRDF;2024;G;512300602;Vignes Blanches-Beausoleil Est;PRO;;;A;secret;secret;;;;17X100A100A00028;EPERNAY
GRDF;2024;G;513440000;Mardeuil (commune non irisée);PRO;;;A;330.87002;15;1;;0;17X100A100A00028;MARDEUIL
GRDF;2024;G;513670000;Le Mesnil-sur-Oger (commune non irisée);PRO;;;A;1536.25848;52;1;;0;17X100A100A00028;MESNIL SUR OGER
GRDF;2024;G;513900000;Moussy (commune non irisée);PRO;;;A;334.31593;10;1;;0;17X100A100A00028;MOUSSY
GRDF;2024;G;514310000;Pierry (commune non irisée);PRO;;;A;702.03696;15;1;;0;17X100A100A00028;PIERRY
GRDF;2024;G;514340000;Plivot (commune non irisée);PRO;;;A;secret;secret;;;;17X100A100A00028;PLIVOT
GRDF;2024;G;516120000;Blancs-Coteaux (commune non irisée);PRO;;;A;1252.64303;43;1;;0;17X100A100A00028;BLANCS COTEAUX
GRDF;2024;G;516430000;Vinay (commune non irisée);PRO;;;A;107.30183;5;1;;0;17X100A100A00028;VINAY
GRDF;2024;G;510070000;Ambonnay (commune non irisée);PRO;;;A;542.99087;20;0.99690055562076;;0;17X100A100A00028;AMBONNAY
GRDF;2024;G;510280000;Avenay-Val-d'Or (commune non irisée);PRO;;;A;222.03103;10;1;;0;17X100A100A00028;AVENAY VAL D OR
GRDF;2024;G;510300000;Aÿ-Champagne (commune non irisée);PRO;;;A;988.07365;35;0.945944525491596;;0;17X100A100A00028;AY CHAMPAGNE
GRDF;2024;G;510790000;Bouzy (commune non irisée);PRO;;;A;664.0862;20;1;;0;17X100A100A00028;BOUZY
GRDF;2024;G;512100000;Dizy (commune non irisée);PRO;;;A;235.29136;6;1;;0;17X100A100A00028;DIZY
GRDF;2024;G;515760000;Tours-sur-Marne (commune non irisée);PRO;;;A;102.18634;3;1;;0;17X100A100A00028;TOURS SUR MARNE
GRDF;2024;G;513800000;Montmirail (commune non irisée);PRO;;;A;secret;secret;;;;17X100A100A00028;MONTMIRAIL
GRDF;2024;G;512480000;Fère-Champenoise (commune non irisée);PRO;;;A;secret;secret;;;;17X100A100A00028;FERE CHAMPENOISE
GRDF;2024;G;522120000;Fronville (commune non irisée);PRO;;;A;secret;secret;;;;17X100A100A00028;FRONVILLE
GRDF;2024;G;522500000;Joinville (commune non irisée);PRO;;;A;secret;secret;;;;17X100A100A00028;JOINVILLE
GRDF;2024;G;521210103;Centre-Faubourgs-Sud;PRO;;;A;secret;secret;;;;17X100A100A00028;CHAUMONT
GRDF;2024;G;521210104;Faubourgs Ouest;PRO;;;A;secret;secret;;;;17X100A100A00028;CHAUMONT
GRDF;2024;G;521210301;Val Anne Marie;PRO;;;A;52.20315;1;1;;0;17X100A100A00028;CHAUMONT
GRDF;2024;G;520450000;Bettancourt-la-Ferrée (commune non irisée);PRO;;;A;secret;secret;;;;17X100A100A00028;BETTANCOURT LA FERREE
GRDF;2024;G;522440000;Humbécourt (commune non irisée);ENT;01;Culture et production animale, chasse et services annexes;A;29.18748;1;1;;0;17X100A100A00028;HUMBECOURT
GRDF;2024;G;524480106;Vert-Bois Sud-Est;PRO;;;A;61.12357;1;1;;0;17X100A100A00028;SAINT DIZIER
GRDF;2024;G;524480202;Centre-Gigny-Noue Centre;PRO;;;A;secret;secret;;;;17X100A100A00028;SAINT DIZIER
GRDF;2024;G;524480401;Clos Mortier-Marnaval Sud;PRO;;;A;secret;secret;;;;17X100A100A00028;SAINT DIZIER
GRDF;2024;G;525100000;Vaux-sur-Blaise (commune non irisée);PRO;;;A;secret;secret;;;;17X100A100A00028;VAUX SUR BLAISE
GRDF;2024;G;520600000;Bourbonne-les-Bains (commune non irisée);PRO;;;A;secret;secret;;;;17X100A100A00028;BOURBONNE LES BAINS
GRDF;2024;G;521970000;Fayl-Billot (commune non irisée);PRO;;;A;secret;secret;;;;17X100A100A00028;FAYL BILLOT
GRDF;2024;G;523740000;Le Pailly (commune non irisée);PRO;;;A;secret;secret;;;;17X100A100A00028;PAILLY
GRDF;2024;G;522690101;Secteur Sauvegardé;PRO;;;A;124.58206;2;1;;0;17X100A100A00028;LANGRES
GRDF;2024;G;523320000;Val-de-Meuse (commune non irisée);PRO;;;A;51.54165;1;1;;0;17X100A100A00028;VAL DE MEUSE
GRDF;2024;G;523320000;Val-de-Meuse (commune non irisée);ENT;01;Culture et production animale, chasse et services annexes;A;1774.534;1;1;;0;17X100A100A00028;VAL DE MEUSE
GRDF;2024;G;540600000;Belleville (commune non irisée);PRO;;;A;secret;secret;;;;17X100A100A00028;BELLEVILLE
GRDF;2024;G;540490000;Baslieux (commune non irisée);PRO;;;A;secret;secret;;;;17X100A100A00028;BASLIEUX
GRDF;2024;G;541520000;Damelevières (commune non irisée);PRO;;;A;secret;secret;;;;17X100A100A00028;DAMELEVIERES
GRDF;2024;G;542220000;Gerbéviller (commune non irisée);ENT;01;Culture et production animale, chasse et services annexes;A;282.78704;1;1;;0;17X100A100A00028;GERBEVILLER
GRDF;2024;G;540400000;Badonviller (commune non irisée);PRO;;;A;124.70473;4;1;;0;17X100A100A00028;BADONVILLER
GRDF;2024;G;541610000;Domèvre-sur-Vezouze (commune non irisée);PRO;;;A;secret;secret;;;;17X100A100A00028;DOMEVRE SUR VEZOUZE
GRDF;2024;G;540290000;Audun-le-Roman (commune non irisée);PRO;;;A;secret;secret;;;;17X100A100A00028;AUDUN LE ROMAN
GRDF;2024;G;545330000;Trieux (commune non irisée);PRO;;;A;secret;secret;;;;17X100A100A00028;TRIEUX
GRDF;2024;G;540380000;Azerailles (commune non irisée);PRO;;;A;secret;secret;;;;17X100A100A00028;AZERAILLES
GRDF;2024;G;540390000;Baccarat (commune non irisée);PRO;;;A;160.18173;1;0;;0;17X100A100A00028;BACCARAT
GRDF;2024;G;542600000;Hériménil (commune non irisée);PRO;;;A;secret;secret;;;;17X100A100A00028;HERIMENIL
GRDF;2024;G;543030000;Laronxe (commune non irisée);PRO;;;A;52.54437;1;1;;0;17X100A100A00028;LARONXE
GRDF;2024;G;543290101;Lunéville Nord-Nord-Ouest Saint-Léopold;PRO;;;A;73.77049;1;1;;0;17X100A100A00028;LUNEVILLE
GRDF;2024;G;543290102;Lunéville-Château Champ de Mars;PRO;;;A;secret;secret;;;;17X100A100A00028;LUNEVILLE
GRDF;2024;G;543290104;Vezouze Graffigny;PRO;;;A;secret;secret;;;;17X100A100A00028;LUNEVILLE
GRDF;2024;G;543290106;Ménil Boffrand;PRO;;;A;secret;secret;;;;17X100A100A00028;LUNEVILLE
GRDF;2024;G;543290106;Ménil Boffrand;ENT;01;Culture et production animale, chasse et services annexes;A;182.79785;1;1;;0;17X100A100A00028;LUNEVILLE
GRDF;2024;G;544490000;Rehainviller (commune non irisée);PRO;;;A;secret;secret;;;;17X100A100A00028;REHAINVILLER
GRDF;2024;G;545570000;Bois-de-Haye (commune non irisée);PRO;;;A;51.16027;1;0;;0;17X100A100A00028;BOIS DE HAYE
GRDF;2024;G;541100000;Cerville (commune non irisée);PRO;;;A;secret;secret;;;;17X100A100A00028;CERVILLE
GRDF;2024;G;541130000;Champenoux (commune non irisée);ENT;01;Culture et production animale, chasse et services annexes;A;1421.50572;1;1;;0;17X100A100A00028;CHAMPENOUX
GRDF;2024;G;543110000;Lenoncourt (commune non irisée);PRO;;;A;secret;secret;;;;17X100A100A00028;LENONCOURT
GRDF;2024;G;540280000;Auboué (commune non irisée);PRO;;;A;secret;secret;;;;17X100A100A00028;AUBOUE
GRDF;2024;G;542270000;Giraumont (commune non irisée);PRO;;;A;secret;secret;;;;17X100A100A00028;GIRAUMONT
GRDF;2024;G;542860000;Labry (commune non irisée);PRO;;;A;secret;secret;;;;17X100A100A00028;LABRY
GRDF;2024;G;540430000;Bainville-sur-Madon (commune non irisée);PRO;;;A;secret;secret;;;;17X100A100A00028;BAINVILLE SUR MADON
GRDF;2024;G;543970000;Neuves-Maisons (commune non irisée);PRO;;;A;secret;secret;;;;17X100A100A00028;NEUVES MAISONS
GRDF;2024;G;541590102;Embanie à la Corée;PRO;;;A;secret;secret;;;;17X100A100A00028;DOMBASLE SUR MEURTHE
GRDF;2024;G;544620000;Rosières-aux-Salines (commune non irisée);PRO;;;A;secret;secret;;;;17X100A100A00028;ROSIERES AUX SALINES
GRDF;2024;G;544620000;Rosières-aux-Salines (commune non irisée);ENT;01;Culture et production animale, chasse et services annexes;A;30.03847;1;1;;0;17X100A100A00028;ROSIERES AUX SALINES
GRDF;2024;G;542610000;Herserange (commune non irisée);PRO;;;A;secret;secret;;;;17X100A100A00028;HERSERANGE
GRDF;2024;G;543820103;Gare Gambetta Piedmont;PRO;;;A;102.66214;2;1;;0;17X100A100A00028;MONT SAINT MARTIN
GRDF;2024;G;544930000;Saulnes (commune non irisée);PRO;;;A;secret;secret;;;;17X100A100A00028;SAULNES
GRDF;2024;G;540460000;Barisey-au-Plain (commune non irisée);PRO;;;A;secret;secret;;;;17X100A100A00028;BARISEY AU PLAIN
GRDF;2024;G;544960000;Saulxures-lès-Vannes (commune non irisée);PRO;;;A;secret;secret;;;;17X100A100A00028;SAULXURES LES VANNES
GRDF;2024;G;545480000;Vannes-le-Châtel (commune non irisée);PRO;;;A;secret;secret;;;;17X100A100A00028;VANNES LE CHATEL
GRDF;2024;G;543690000;Millery (commune non irisée);PRO;;;A;secret;secret;;;;17X100A100A00028;MILLERY
GRDF;2024;G;544900000;Saizerais (commune non irisée);PRO;;;A;secret;secret;;;;17X100A100A00028;SAIZERAIS
GRDF;2024;G;543000000;Laneuveville-devant-Nancy (commune non irisée);PRO;;;A;secret;secret;;;;17X100A100A00028;LANEUVEVILLE DEVANT NANCY
GRDF;2024;G;543040109;Curie Zola Ouest;PRO;;;A;secret;secret;;;;17X100A100A00028;LAXOU
GRDF;2024;G;543280101;Le Village;PRO;;;A;secret;secret;;;;17X100A100A00028;LUDRES
GRDF;2024;G;54339XXXX;Iris fictif de la commune Malzéville;PRO;;;A;secret;secret;;;;17X100A100A00028;MALZEVILLE
GRDF;2024;G;543390101;Centre Ville Bord de Meurthe;PRO;;;A;68.76976;2;1;;0;17X100A100A00028;MALZEVILLE
GRDF;2024;G;543950401;Préville Patton;PRO;;;A;76.52839;2;1;;0;17X100A100A00028;NANCY
GRDF;2024;G;543950402;Santifontaine;PRO;;;A;63.13386;2;1;;0;17X100A100A00028;NANCY
GRDF;2024;G;543950602;Vauban Nord Placieux Parc Sainte-Marie;PRO;;;A;secret;secret;;;;17X100A100A00028;NANCY
GRDF;2024;G;543951101;Cours Léopold;PRO;;;A;secret;secret;;;;17X100A100A00028;NANCY
GRDF;2024;G;543951102;Pépinière Vieille Ville;PRO;;;A;secret;secret;;;;17X100A100A00028;NANCY
GRDF;2024;G;543951201;Keller Metz Joli Cœur;PRO;;;A;secret;secret;;;;17X100A100A00028;NANCY
GRDF;2024;G;543951203;Virginie Mauvais Vayringe Crosne;PRO;;;A;121.91933;3;0.56731414124405;;0;17X100A100A00028;NANCY
GRDF;2024;G;544820103;Quartier Jean XXIII;PRO;;;A;53.02731;1;1;;0;17X100A100A00028;SAINT MAX
GRDF;2024;G;544950000;Saulxures-lès-Nancy (commune non irisée);PRO;;;A;secret;secret;;;;17X100A100A00028;SAULXURES LES NANCY
GRDF;2024;G;545260102;Paix Jartom;PRO;;;A;secret;secret;;;;17X100A100A00028;TOMBLAINE
GRDF;2024;G;545470103;Vélodrome-Reclus Callot;PRO;;;A;secret;secret;;;;17X100A100A00028;VANDOEUVRE LES NANCY
GRDF;2024;G;545470104;Village Haut de Penoy Les Cheminots;PRO;;;A;88.04593;1;0.24168147238606;;0;17X100A100A00028;VANDOEUVRE LES NANCY
GRDF;2024;G;545470114;Tourtel;PRO;;;A;secret;secret;;;;17X100A100A00028;VANDOEUVRE LES NANCY
GRDF;2024;G;541760000;Einville-au-Jard (commune non irisée);PRO;;;A;72.37588;3;1;;0;17X100A100A00028;EINVILLE AU JARD
GRDF;2024;G;543350000;Maixe (commune non irisée);PRO;;;A;secret;secret;;;;17X100A100A00028;MAIXE
GRDF;2024;G;545800102;Verdun;PRO;;;A;83.23941;1;1;;0;17X100A100A00028;VILLERUPT
GRDF;2024;G;550290102;Marbeaumont Gare Fédération;PRO;;;A;secret;secret;;;;17X100A100A00028;BAR LE DUC
GRDF;2024;G;550290104;La Libération;PRO;;;A;88.5645;2;0.0938153549108277;;0;17X100A100A00028;BAR LE DUC
GRDF;2024;G;550290106;Centre Ville;PRO;;;A;secret;secret;;;;17X100A100A00028;BAR LE DUC
GRDF;2024;G;554760000;Savonnières-devant-Bar (commune non irisée);PRO;;;A;secret;secret;;;;17X100A100A00028;SAVONNIERES DEVANT BAR
GRDF;2024;G;555190000;Tronville-en-Barrois (commune non irisée);PRO;;;A;secret;secret;;;;17X100A100A00028;TRONVILLE EN BARROIS
GRDF;2024;G;555450101;Glorieux Saint-Barthélemy;PRO;;;A;secret;secret;;;;17X100A100A00028;VERDUN
GRDF;2024;G;555450102;Centre Ville-Cité Verte;PRO;;;A;secret;secret;;;;17X100A100A00028;VERDUN
GRDF;2024;G;555450103;Au Pré l'Évêque Anthouard;PRO;;;A;secret;secret;;;;17X100A100A00028;VERDUN
GRDF;2024;G;555450104;Centre Ville-Est;PRO;;;A;secret;secret;;;;17X100A100A00028;VERDUN
GRDF;2024;G;555450106;Les Planchettes Champ Claudine;PRO;;;A;83.55177;1;0;;0;17X100A100A00028;VERDUN
GRDF;2024;G;555020000;Stenay (commune non irisée);PRO;;;A;59.23575;3;1;;0;17X100A100A00028;STENAY
GRDF;2024;G;551220000;Commercy (commune non irisée);PRO;;;A;secret;secret;;;;17X100A100A00028;COMMERCY
GRDF;2024;G;550090000;Ancemont (commune non irisée);PRO;;;A;130.36913;1;1;;0;17X100A100A00028;ANCEMONT
GRDF;2024;G;551450000;Damvillers (commune non irisée);PRO;;;A;secret;secret;;;;17X100A100A00028;DAMVILLERS
GRDF;2024;G;553120000;Maizey (commune non irisée);PRO;;;A;secret;secret;;;;17X100A100A00028;MAIZEY
GRDF;2024;G;553120000;Maizey (commune non irisée);ENT;01;Culture et production animale, chasse et services annexes;A;19457.581;1;1;;0;17X100A100A00028;MAIZEY
GRDF;2024;G;554010000;Les Paroches (commune non irisée);PRO;;;A;144.354;1;1;;0;17X100A100A00028;PAROCHES
GRDF;2024;G;554270000;Revigny-sur-Ornain (commune non irisée);PRO;;;A;secret;secret;;;;17X100A100A00028;REVIGNY SUR ORNAIN
GRDF;2024;G;554270000;Revigny-sur-Ornain (commune non irisée);ENT;01;Culture et production animale, chasse et services annexes;A;375.26377;1;1;;0;17X100A100A00028;REVIGNY SUR ORNAIN
GRDF;2024;G;551810000;Étain (commune non irisée);PRO;;;A;secret;secret;;;;17X100A100A00028;ETAIN
GRDF;2024;G;553510000;Montmédy (commune non irisée);ENT;01;Culture et production animale, chasse et services annexes;A;431.26458;1;1;;0;17X100A100A00028;MONTMEDY
GRDF;2024;G;573850000;Laquenexy (commune non irisée);PRO;;;A;secret;secret;;;;17X100A100A00028;LAQUENEXY
GRDF;2024;G;574520000;La Maxe (commune non irisée);ENT;01;Culture et production animale, chasse et services annexes;A;9563.23381;2;1;;0;17X100A100A00028;MAXE
GRDF;2024;G;574630102;Devant les Ponts-Roussel-Sous les Vignes;PRO;;;A;secret;secret;;;;17X100A100A00028;METZ
GRDF;2024;G;574630103;Devant les Ponts-Paquet-Petite Île;PRO;;;A;secret;secret;;;;17X100A100A00028;METZ
GRDF;2024;G;574630201;Patrotte Route de Thionville;ENT;01;Culture et production animale, chasse et services annexes;A;219.27598;1;1;;0;17X100A100A00028;METZ
GRDF;2024;G;574630401;Metz Centre Esplanade;PRO;;;A;secret;secret;;;;17X100A100A00028;METZ
GRDF;2024;G;574630403;Ancienne Ville Nord;PRO;;;A;secret;secret;;;;17X100A100A00028;METZ
GRDF;2024;G;574630404;Ancienne Ville Sud;PRO;;;A;secret;secret;;;;17X100A100A00028;METZ
GRDF;2024;G;574630602;Vallières Dunant Mélèzes;PRO;;;A;84.5677;2;0.147434777107571;;0;17X100A100A00028;METZ
GRDF;2024;G;574630803;Saint-Livier Dom Calmet;PRO;;;A;65.05545;1;1;;0;17X100A100A00028;METZ
GRDF;2024;G;574800102;Friches;PRO;;;A;secret;secret;;;;17X100A100A00028;MONTIGNY LES METZ
GRDF;2024;G;574800108;Militaire Saint-André Jérusalem;PRO;;;A;secret;secret;;;;17X100A100A00028;MONTIGNY LES METZ
GRDF;2024;G;574800109;Blory Vacons Horgne;PRO;;;A;secret;secret;;;;17X100A100A00028;MONTIGNY LES METZ
GRDF;2024;G;575340000;Peltre (commune non irisée);PRO;;;A;secret;secret;;;;17X100A100A00028;PELTRE
GRDF;2024;G;576160000;Saint-Julien-lès-Metz (commune non irisée);PRO;;;A;secret;secret;;;;17X100A100A00028;SAINT JULIEN LES METZ
GRDF;2024;G;576420000;Scy-Chazelles (commune non irisée);PRO;;;A;secret;secret;;;;17X100A100A00028;SCY CHAZELLES
GRDF;2024;G;574330101;Routes de Metz-Thionville Ouest;PRO;;;A;secret;secret;;;;17X100A100A00028;MAIZIERES LES METZ
GRDF;2024;G;574740101;Le Vieux Mondelange;PRO;;;A;72.09558;2;1;;0;17X100A100A00028;MONDELANGE
GRDF;2024;G;576450000;Semécourt (commune non irisée);PRO;;;A;secret;secret;;;;17X100A100A00028;SEMECOURT
GRDF;2024;G;574590000;Merschweiller (commune non irisée);PRO;;;A;secret;secret;;;;17X100A100A00028;MERSCHWEILLER
GRDF;2024;G;576500000;Sierck-les-Bains (commune non irisée);PRO;;;A;secret;secret;;;;17X100A100A00028;SIERCK LES BAINS
GRDF;2024;G;577000000;Vaudreching (commune non irisée);PRO;;;A;secret;secret;;;;17X100A100A00028;VAUDRECHING
GRDF;2024;G;571230000;Carling (commune non irisée);PRO;;;A;secret;secret;;;;17X100A100A00028;CARLING
GRDF;2024;G;574830000;Morhange (commune non irisée);PRO;;;A;secret;secret;;;;17X100A100A00028;MORHANGE
GRDF;2024;G;575500000;Porcelette (commune non irisée);PRO;;;A;secret;secret;;;;17X100A100A00028;PORCELETTE
GRDF;2024;G;572960000;Hargarten-aux-Mines (commune non irisée);PRO;;;A;secret;secret;;;;17X100A100A00028;HARGARTEN AUX MINES
GRDF;2024;G;571550000;Courcelles-Chaussy (commune non irisée);PRO;;;A;secret;secret;;;;17X100A100A00028;COURCELLES CHAUSSY
GRDF;2024;G;572000000;Les Étangs (commune non irisée);PRO;;;A;secret;secret;;;;17X100A100A00028;ETANGS
GRDF;2024;G;576300104;Hôpital Militaire Caserne Gérôme;ENT;01;Culture et production animale, chasse et services annexes;A;270.87734;1;1;;0;17X100A100A00028;SARREBOURG
GRDF;2024;G;570890102;Ouest;PRO;;;A;secret;secret;;;;17X100A100A00028;BITCHE
GRDF;2024;G;573300000;Holving (commune non irisée);PRO;;;A;secret;secret;;;;17X100A100A00028;HOLVING
GRDF;2024;G;574190000;Loupershouse (commune non irisée);PRO;;;A;secret;secret;;;;17X100A100A00028;LOUPERSHOUSE
GRDF;2024;G;575560000;Puttelange-aux-Lacs (commune non irisée);PRO;;;A;secret;secret;;;;17X100A100A00028;PUTTELANGE AUX LACS
GRDF;2024;G;575710000;Rémering-lès-Puttelange (commune non irisée);PRO;;;A;160.67341;1;0.829836498771016;;0;17X100A100A00028;REMERING LES PUTTELANGE
GRDF;2024;G;575980000;Rouhling (commune non irisée);PRO;;;A;secret;secret;;;;17X100A100A00028;ROUHLING
GRDF;2024;G;576280000;Sarralbe (commune non irisée);PRO;;;A;76.02392;3;1;;0;17X100A100A00028;SARRALBE
GRDF;2024;G;576310103;Beausoleil;PRO;;;A;secret;secret;;;;17X100A100A00028;SARREGUEMINES
GRDF;2024;G;577450000;Wiesviller (commune non irisée);PRO;;;A;secret;secret;;;;17X100A100A00028;WIESVILLER
GRDF;2024;G;577520000;Woustviller (commune non irisée);PRO;;;A;secret;secret;;;;17X100A100A00028;WOUSTVILLER
GRDF;2024;G;572090102;Sud;PRO;;;A;secret;secret;;;;17X100A100A00028;FAULQUEMONT
GRDF;2024;G;575490000;Pontpierre (commune non irisée);PRO;;;A;325.046;1;0.823467447684327;;0;17X100A100A00028;PONTPIERRE
GRDF;2024;G;570130000;Alsting (commune non irisée);PRO;;;A;56.35449;1;1;;0;17X100A100A00028;ALSTING
GRDF;2024;G;572270102;Marienau Ouest-Kobenberg;PRO;;;A;85.33228;1;1;;0;17X100A100A00028;FORBACH
GRDF;2024;G;572270107;Cité du Kreutzberg;PRO;;;A;secret;secret;;;;17X100A100A00028;FORBACH
GRDF;2024;G;572270108;Bellevue 2;PRO;;;A;secret;secret;;;;17X100A100A00028;FORBACH
GRDF;2024;G;572270109;Centre;ENT;01;Culture et production animale, chasse et services annexes;A;35.74956;1;1;;0;17X100A100A00028;FORBACH
GRDF;2024;G;574840000;Morsbach (commune non irisée);ENT;01;Culture et production animale, chasse et services annexes;A;16.53751;1;1;;0;17X100A100A00028;MORSBACH
GRDF;2024;G;576600104;Habsterdick Ouest;PRO;;;A;secret;secret;;;;17X100A100A00028;STIRING WENDEL
GRDF;2024;G;570610000;Béning-lès-Saint-Avold (commune non irisée);PRO;;;A;secret;secret;;;;17X100A100A00028;BENING LES SAINT AVOLD
GRDF;2024;G;572070101;Sud;PRO;;;A;secret;secret;;;;17X100A100A00028;FAREBERSVILLER
GRDF;2024;G;572400104;Quartier Sainte-Marie Hessellach;PRO;;;A;74.29448;1;1;;0;17X100A100A00028;FREYMING MERLEBACH
GRDF;2024;G;571040000;Boust (commune non irisée);PRO;;;A;secret;secret;;;;17X100A100A00028;BOUST
GRDF;2024;G;571090000;Breistroff-la-Grande (commune non irisée);PRO;;;A;secret;secret;;;;17X100A100A00028;BREISTROFF LA GRANDE
GRDF;2024;G;571990000;Escherange (commune non irisée);PRO;;;A;89.38053;1;1;;0;17X100A100A00028;ESCHERANGE
GRDF;2024;G;573230103;Sud-Est;PRO;;;A;secret;secret;;;;17X100A100A00028;HETTANGE GRANDE
GRDF;2024;G;575880000;Rodemack (commune non irisée);PRO;;;A;70.20114;1;0.430091306209557;;0;17X100A100A00028;RODEMACK
GRDF;2024;G;577640000;Zoufftgen (commune non irisée);PRO;;;A;81.47822;1;0.600862291787915;;0;17X100A100A00028;ZOUFFTGEN
GRDF;2024;G;576960000;Varsberg (commune non irisée);ENT;01;Culture et production animale, chasse et services annexes;A;1.588;1;1;;0;17X100A100A00028;VARSBERG
GRDF;2024;G;570110000;Albestroff (commune non irisée);PRO;;;A;secret;secret;;;;17X100A100A00028;ALBESTROFF
GRDF;2024;G;570110000;Albestroff (commune non irisée);ENT;01;Culture et production animale, chasse et services annexes;A;386.23138;1;1;;0;17X100A100A00028;ALBESTROFF
GRDF;2024;G;570180000;Amelécourt (commune non irisée);ENT;01;Culture et production animale, chasse et services annexes;A;304.569;1;1;;0;17X100A100A00028;AMELECOURT
GRDF;2024;G;571320000;Château-Salins (commune non irisée);PRO;;;A;secret;secret;;;;17X100A100A00028;CHATEAU SALINS
GRDF;2024;G;571770000;Dieuze (commune non irisée);PRO;;;A;secret;secret;;;;17X100A100A00028;DIEUZE
GRDF;2024;G;571770000;Dieuze (commune non irisée);ENT;01;Culture et production animale, chasse et services annexes;A;499.11793;1;1;;0;17X100A100A00028;DIEUZE
GRDF;2024;G;577120000;Vic-sur-Seille (commune non irisée);PRO;;;A;secret;secret;;;;17X100A100A00028;VIC SUR SEILLE
GRDF;2024;G;570120000;Algrange (commune non irisée);PRO;;;A;secret;secret;;;;17X100A100A00028;ALGRANGE
GRDF;2024;G;572060103;Rémelange Ouest;PRO;;;A;secret;secret;;;;17X100A100A00028;FAMECK
GRDF;2024;G;573060103;Marspich La Vierge;PRO;;;A;secret;secret;;;;17X100A100A00028;HAYANGE
GRDF;2024;G;576830000;Uckange (commune non irisée);PRO;;;A;secret;secret;;;;17X100A100A00028;UCKANGE
GRDF;2024;G;574430102;Marange;PRO;;;A;secret;secret;;;;17X100A100A00028;MARANGE SILVANGE
GRDF;2024;G;574910102;Centre Ville Gare Cité Gargan;PRO;;;A;secret;secret;;;;17X100A100A00028;MOYEUVRE GRANDE
GRDF;2024;G;575430000;Pierrevillers (commune non irisée);PRO;;;A;secret;secret;;;;17X100A100A00028;PIERREVILLERS
GRDF;2024;G;575910101;Centre Ville Mairie Ville Basse;PRO;;;A;189.10471;1;1;;0;17X100A100A00028;ROMBAS
GRDF;2024;G;570670000;Bertrange (commune non irisée);PRO;;;A;63.57197;1;1;;0;17X100A100A00028;BERTRANGE
GRDF;2024;G;572870000;Basse-Ham (commune non irisée);PRO;;;A;secret;secret;;;;17X100A100A00028;BASSE HAM
GRDF;2024;G;573430000;Illange (commune non irisée);PRO;;;A;secret;secret;;;;17X100A100A00028;ILLANGE
GRDF;2024;G;574410000;Manom (commune non irisée);PRO;;;A;secret;secret;;;;17X100A100A00028;MANOM
GRDF;2024;G;576720105;Charlemagne;PRO;;;A;50.4092;1;1;;0;17X100A100A00028;THIONVILLE
GRDF;2024;G;576720106;Centre Ville;PRO;;;A;secret;secret;;;;17X100A100A00028;THIONVILLE
GRDF;2024;G;576720108;Libération;PRO;;;A;secret;secret;;;;17X100A100A00028;THIONVILLE
GRDF;2024;G;576720111;Guentrange Tafeld Val Marie;PRO;;;A;96.95068;1;1;;0;17X100A100A00028;THIONVILLE
GRDF;2024;G;576720115;Beauregard;PRO;;;A;61.00592;1;1;;0;17X100A100A00028;THIONVILLE
GRDF;2024;G;576780000;Tressange (commune non irisée);PRO;;;A;secret;secret;;;;17X100A100A00028;TRESSANGE
GRDF;2024;G;570380000;Audun-le-Tiche (commune non irisée);PRO;;;A;secret;secret;;;;17X100A100A00028;AUDUN LE TICHE
GRDF;2024;G;575290000;Ottange (commune non irisée);PRO;;;A;secret;secret;;;;17X100A100A00028;OTTANGE
GRDF;2024;G;576030000;Russange (commune non irisée);PRO;;;A;secret;secret;;;;17X100A100A00028;RUSSANGE
GRDF;2024;G;670110000;Artolsheim (commune non irisée);PRO;;;A;121.90651;3;1;;0;17X100A100A00028;ARTOLSHEIM
GRDF;2024;G;670110000;Artolsheim (commune non irisée);ENT;01;Culture et production animale, chasse et services annexes;A;574.62498;1;1;;0;17X100A100A00028;ARTOLSHEIM
GRDF;2024;G;670400000;Bindernheim (commune non irisée);PRO;;;A;secret;secret;;;;17X100A100A00028;BINDERNHEIM
GRDF;2024;G;671210000;Elsenheim (commune non irisée);PRO;;;A;secret;secret;;;;17X100A100A00028;ELSENHEIM
GRDF;2024;G;672810000;Marckolsheim (commune non irisée);PRO;;;A;secret;secret;;;;17X100A100A00028;MARCKOLSHEIM
GRDF;2024;G;673600000;Ohnenheim (commune non irisée);PRO;;;A;secret;secret;;;;17X100A100A00028;OHNENHEIM
GRDF;2024;G;673600000;Ohnenheim (commune non irisée);ENT;01;Culture et production animale, chasse et services annexes;A;255.974;1;1;;0;17X100A100A00028;OHNENHEIM
GRDF;2024;G;675470000;Wittisheim (commune non irisée);PRO;;;A;secret;secret;;;;17X100A100A00028;WITTISHEIM
GRDF;2024;G;670840000;Dambach-la-Ville (commune non irisée);PRO;;;A;secret;secret;;;;17X100A100A00028;DAMBACH LA VILLE
GRDF;2024;G;671250000;Epfig (commune non irisée);PRO;;;A;160.72229;6;0.834270342962385;;0;17X100A100A00028;EPFIG
GRDF;2024;G;673390000;Betschdorf (commune non irisée);PRO;;;A;secret;secret;;;;17X100A100A00028;BETSCHDORF
GRDF;2024;G;670250000;Beinheim (commune non irisée);PRO;;;A;secret;secret;;;;17X100A100A00028;BEINHEIM
GRDF;2024;G;672610000;Lauterbourg (commune non irisée);PRO;;;A;secret;secret;;;;17X100A100A00028;LAUTERBOURG
GRDF;2024;G;673050000;Mothern (commune non irisée);PRO;;;A;290.231;1;1;;0;17X100A100A00028;MOTHERN
GRDF;2024;G;673080000;Munchhausen (commune non irisée);PRO;;;A;secret;secret;;;;17X100A100A00028;MUNCHHAUSEN
GRDF;2024;G;674630000;Seltz (commune non irisée);PRO;;;A;secret;secret;;;;17X100A100A00028;SELTZ
GRDF;2024;G;674050000;Rœschwoog (commune non irisée);PRO;;;A;258.57851;1;1;;0;17X100A100A00028;ROESCHWOOG
GRDF;2024;G;674180000;Rountzenheim-Auenheim (commune non irisée);PRO;;;A;secret;secret;;;;17X100A100A00028;ROUNTZENHEIM AUENHEIM
GRDF;2024;G;674180000;Rountzenheim-Auenheim (commune non irisée);ENT;01;Culture et production animale, chasse et services annexes;A;380.349;1;1;;0;17X100A100A00028;ROUNTZENHEIM AUENHEIM
GRDF;2024;G;674720000;Soufflenheim (commune non irisée);PRO;;;A;secret;secret;;;;17X100A100A00028;SOUFFLENHEIM
GRDF;2024;G;674760000;Stattmatten (commune non irisée);PRO;;;A;secret;secret;;;;17X100A100A00028;STATTMATTEN
GRDF;2024;G;672220000;Ingwiller (commune non irisée);PRO;;;A;secret;secret;;;;17X100A100A00028;INGWILLER
GRDF;2024;G;670950000;Diemeringen (commune non irisée);PRO;;;A;80.53936;1;1;;0;17X100A100A00028;DIEMERINGEN
GRDF;2024;G;671910000;Herbitzheim (commune non irisée);PRO;;;A;secret;secret;;;;17X100A100A00028;HERBITZHEIM
GRDF;2024;G;670460101;Sud-Est;PRO;;;A;secret;secret;;;;17X100A100A00028;BISCHWILLER
GRDF;2024;G;670460102;Nord-Est;PRO;;;A;secret;secret;;;;17X100A100A00028;BISCHWILLER
GRDF;2024;G;670460103;Sud;PRO;;;A;secret;secret;;;;17X100A100A00028;BISCHWILLER
GRDF;2024;G;671800102;Centre Ville Est;PRO;;;A;101.37184;1;1;;0;17X100A100A00028;HAGUENAU
GRDF;2024;G;671800201;Bildstoeckel Ouest;PRO;;;A;secret;secret;;;;17X100A100A00028;HAGUENAU
GRDF;2024;G;671800204;Z.A. Aérodrome;PRO;;;A;secret;secret;;;;17X100A100A00028;HAGUENAU
GRDF;2024;G;671800205;Ceinture Forêt Nord;PRO;;;A;secret;secret;;;;17X100A100A00028;HAGUENAU
GRDF;2024;G;671800403;Les Pins Saint-Gérard;PRO;;;A;secret;secret;;;;17X100A100A00028;HAGUENAU
GRDF;2024;G;673590000;Ohlungen (commune non irisée);PRO;;;A;206.80521;2;0.395639452216895;;0;17X100A100A00028;OHLUNGEN
GRDF;2024;G;674490000;Schirrhein (commune non irisée);PRO;;;A;secret;secret;;;;17X100A100A00028;SCHIRRHEIN
GRDF;2024;G;670550000;Boofzheim (commune non irisée);PRO;;;A;secret;secret;;;;17X100A100A00028;BOOFZHEIM
GRDF;2024;G;670550000;Boofzheim (commune non irisée);ENT;01;Culture et production animale, chasse et services annexes;A;36.2127;1;1;;0;17X100A100A00028;BOOFZHEIM
GRDF;2024;G;672460000;Kogenheim (commune non irisée);PRO;;;A;secret;secret;;;;17X100A100A00028;KOGENHEIM
GRDF;2024;G;673380000;Obenheim (commune non irisée);PRO;;;A;secret;secret;;;;17X100A100A00028;OBENHEIM
GRDF;2024;G;673970000;Rhinau (commune non irisée);PRO;;;A;secret;secret;;;;17X100A100A00028;RHINAU
GRDF;2024;G;674640000;Sermersheim (commune non irisée);PRO;;;A;secret;secret;;;;17X100A100A00028;SERMERSHEIM
GRDF;2024;G;670890000;Dettwiller (commune non irisée);PRO;;;A;secret;secret;;;;17X100A100A00028;DETTWILLER
GRDF;2024;G;672830000;Marmoutier (commune non irisée);PRO;;;A;secret;secret;;;;17X100A100A00028;MARMOUTIER
GRDF;2024;G;673670000;Otterswiller (commune non irisée);PRO;;;A;secret;secret;;;;17X100A100A00028;OTTERSWILLER
GRDF;2024;G;674780000;Steinbourg (commune non irisée);PRO;;;A;67.30549;1;1;;0;17X100A100A00028;STEINBOURG
GRDF;2024;G;670220000;Bassemberg (commune non irisée);PRO;;;A;secret;secret;;;;17X100A100A00028;BASSEMBERG
GRDF;2024;G;675070000;Villé (commune non irisée);PRO;;;A;secret;secret;;;;17X100A100A00028;VILLE
GRDF;2024;G;675440101;Centre;PRO;;;A;75.7292;2;1;;0;17X100A100A00028;WISSEMBOURG
GRDF;2024;G;672020000;Hochfelden (commune non irisée);PRO;;;A;secret;secret;;;;17X100A100A00028;HOCHFELDEN
GRDF;2024;G;672020000;Hochfelden (commune non irisée);ENT;01;Culture et production animale, chasse et services annexes;A;710.592;1;1;;0;17X100A100A00028;HOCHFELDEN
GRDF;2024;G;670730000;Châtenois (commune non irisée);PRO;;;A;221.91442;6;1;;0;17X100A100A00028;CHATENOIS
GRDF;2024;G;671150000;Ebersheim (commune non irisée);PRO;;;A;secret;secret;;;;17X100A100A00028;EBERSHEIM
GRDF;2024;G;672390000;Kintzheim (commune non irisée);PRO;;;A;75.84239;3;1;;0;17X100A100A00028;KINTZHEIM
GRDF;2024;G;673100000;Mussig (commune non irisée);ENT;01;Culture et production animale, chasse et services annexes;A;614.43783;1;1;;0;17X100A100A00028;MUSSIG
GRDF;2024;G;674450000;Scherwiller (commune non irisée);PRO;;;A;secret;secret;;;;17X100A100A00028;SCHERWILLER
GRDF;2024;G;674620102;Centre Est;PRO;;;A;125.53721;2;1;;0;17X100A100A00028;SELESTAT
GRDF;2024;G;674620103;Centre Ouest;PRO;;;A;secret;secret;;;;17X100A100A00028;SELESTAT
GRDF;2024;G;674620104;Centre Nord;PRO;;;A;secret;secret;;;;17X100A100A00028;SELESTAT
GRDF;2024;G;674620104;Centre Nord;ENT;01;Culture et production animale, chasse et services annexes;A;294.00403;1;1;;0;17X100A100A00028;SELESTAT
GRDF;2024;G;674620105;Centre Sud;PRO;;;A;secret;secret;;;;17X100A100A00028;SELESTAT
GRDF;2024;G;674620109;Sud-Est;PRO;;;A;secret;secret;;;;17X100A100A00028;SELESTAT
GRDF;2024;G;671740000;Gumbrechtshoffen (commune non irisée);ENT;01;Culture et production animale, chasse et services annexes;A;211.711;1;1;;0;17X100A100A00028;GUMBRECHTSHOFFEN
GRDF;2024;G;671760000;Gundershoffen (commune non irisée);PRO;;;A;secret;secret;;;;17X100A100A00028;GUNDERSHOFFEN
GRDF;2024;G;673880101;Nord;PRO;;;A;secret;secret;;;;17X100A100A00028;REICHSHOFFEN
GRDF;2024;G;673880102;Sud;PRO;;;A;secret;secret;;;;17X100A100A00028;REICHSHOFFEN
GRDF;2024;G;680630102;Centre;PRO;;;A;secret;secret;;;;17X100A100A00028;CERNAY
GRDF;2024;G;680630104;Sud-Est;PRO;;;A;secret;secret;;;;17X100A100A00028;CERNAY
GRDF;2024;G;683340104;Nord-Ouest;PRO;;;A;secret;secret;;;;17X100A100A00028;THANN
GRDF;2024;G;680200000;Bantzenheim (commune non irisée);PRO;;;A;351.20233;1;1;;0;17X100A100A00028;BANTZENHEIM
GRDF;2024;G;680320000;Berrwiller (commune non irisée);PRO;;;A;secret;secret;;;;17X100A100A00028;BERRWILLER
GRDF;2024;G;680560201;Didenheim;ENT;01;Culture et production animale, chasse et services annexes;A;981.20275;1;1;;0;17X100A100A00028;BRUNSTATT DIDENHEIM
GRDF;2024;G;681180000;Habsheim (commune non irisée);PRO;;;A;289.89432;2;1;;0;17X100A100A00028;HABSHEIM
GRDF;2024;G;681290000;Heimsbrunn (commune non irisée);PRO;;;A;secret;secret;;;;17X100A100A00028;HEIMSBRUNN
GRDF;2024;G;681440000;Hombourg (commune non irisée);PRO;;;A;secret;secret;;;;17X100A100A00028;HOMBOURG
GRDF;2024;G;681440000;Hombourg (commune non irisée);ENT;01;Culture et production animale, chasse et services annexes;A;957.44;1;1;;0;17X100A100A00028;HOMBOURG
GRDF;2024;G;682180000;Morschwiller-le-Bas (commune non irisée);PRO;;;A;163.47128;5;1;;0;17X100A100A00028;MORSCHWILLER LE BAS
GRDF;2024;G;682240101;Centre Historique Ouest;PRO;;;A;secret;secret;;;;17X100A100A00028;MULHOUSE
GRDF;2024;G;682240102;Centre Historique Est;PRO;;;A;secret;secret;;;;17X100A100A00028;MULHOUSE
GRDF;2024;G;682240402;Europe Nouveau Bassin Centre;PRO;;;A;secret;secret;;;;17X100A100A00028;MULHOUSE
GRDF;2024;G;682240501;Drouot Barbanègre Nord;PRO;;;A;171.6658;2;0.63432687232984;;0;17X100A100A00028;MULHOUSE
GRDF;2024;G;682240601;Nordfeld Nord;PRO;;;A;secret;secret;;;;17X100A100A00028;MULHOUSE
GRDF;2024;G;682241001;Dornach Ouest;PRO;;;A;81.45687;2;1;;0;17X100A100A00028;MULHOUSE
GRDF;2024;G;682241402;Wolf Wagner Centre;PRO;;;A;secret;secret;;;;17X100A100A00028;MULHOUSE
GRDF;2024;G;682241601;Doller Nord;PRO;;;A;secret;secret;;;;17X100A100A00028;MULHOUSE
GRDF;2024;G;682241703;Bourtzwiller Sud-Ouest;PRO;;;A;58.61;1;1;;0;17X100A100A00028;MULHOUSE
GRDF;2024;G;682670000;Reiningue (commune non irisée);PRO;;;A;secret;secret;;;;17X100A100A00028;REININGUE
GRDF;2024;G;682780101;Sud;PRO;;;A;secret;secret;;;;17X100A100A00028;RIXHEIM
GRDF;2024;G;682890000;Ruelisheim (commune non irisée);PRO;;;A;secret;secret;;;;17X100A100A00028;RUELISHEIM
GRDF;2024;G;683210000;Staffelfelden (commune non irisée);ENT;01;Culture et production animale, chasse et services annexes;A;319.89818;1;1;;0;17X100A100A00028;STAFFELFELDEN
GRDF;2024;G;683750102;Nord-Est;PRO;;;A;76.40982;1;1;;0;17X100A100A00028;WITTELSHEIM
GRDF;2024;G;683750105;Nord-Ouest;PRO;;;A;secret;secret;;;;17X100A100A00028;WITTELSHEIM
GRDF;2024;G;683750105;Nord-Ouest;ENT;01;Culture et production animale, chasse et services annexes;A;1790.863;1;1;;0;17X100A100A00028;WITTELSHEIM
GRDF;2024;G;683760101;Sud-Ouest;PRO;;;A;secret;secret;;;;17X100A100A00028;WITTENHEIM
GRDF;2024;G;683760105;Nord-Ouest;PRO;;;A;secret;secret;;;;17X100A100A00028;WITTENHEIM
GRDF;2024;G;683860000;Zimmersheim (commune non irisée);PRO;;;A;secret;secret;;;;17X100A100A00028;ZIMMERSHEIM
GRDF;2024;G;680160000;Balgau (commune non irisée);PRO;;;A;secret;secret;;;;17X100A100A00028;BALGAU
GRDF;2024;G;680360000;Biesheim (commune non irisée);PRO;;;A;secret;secret;;;;17X100A100A00028;BIESHEIM
GRDF;2024;G;680360000;Biesheim (commune non irisée);ENT;01;Culture et production animale, chasse et services annexes;A;6946.405;1;1;;0;17X100A100A00028;BIESHEIM
GRDF;2024;G;680410000;Blodelsheim (commune non irisée);PRO;;;A;303.47908;2;1;;0;17X100A100A00028;BLODELSHEIM
GRDF;2024;G;683520000;Volgelsheim (commune non irisée);PRO;;;A;92.76473;1;1;;0;17X100A100A00028;VOLGELSHEIM
GRDF;2024;G;683790000;Wolfgantzen (commune non irisée);PRO;;;A;secret;secret;;;;17X100A100A00028;WOLFGANTZEN
GRDF;2024;G;681070000;Gommersdorf (commune non irisée);PRO;;;A;secret;secret;;;;17X100A100A00028;GOMMERSDORF
GRDF;2024;G;680040101;Est;PRO;;;A;secret;secret;;;;17X100A100A00028;ALTKIRCH
GRDF;2024;G;680040102;Ouest;PRO;;;A;secret;secret;;;;17X100A100A00028;ALTKIRCH
GRDF;2024;G;680620000;Carspach (commune non irisée);PRO;;;A;secret;secret;;;;17X100A100A00028;CARSPACH
GRDF;2024;G;680620000;Carspach (commune non irisée);ENT;01;Culture et production animale, chasse et services annexes;A;1934.178;1;1;;0;17X100A100A00028;CARSPACH
GRDF;2024;G;681380000;Hirsingue (commune non irisée);PRO;;;A;secret;secret;;;;17X100A100A00028;HIRSINGUE
GRDF;2024;G;681410000;Hochstatt (commune non irisée);ENT;01;Culture et production animale, chasse et services annexes;A;650.51943;1;1;;0;17X100A100A00028;HOCHSTATT
GRDF;2024;G;681520000;Illfurth (commune non irisée);PRO;;;A;secret;secret;;;;17X100A100A00028;ILLFURTH
GRDF;2024;G;683470000;Vieux-Ferrette (commune non irisée);PRO;;;A;secret;secret;;;;17X100A100A00028;VIEUX FERRETTE
GRDF;2024;G;683550000;Waldighofen (commune non irisée);PRO;;;A;secret;secret;;;;17X100A100A00028;WALDIGHOFEN
GRDF;2024;G;680420000;Blotzheim (commune non irisée);PRO;;;A;secret;secret;;;;17X100A100A00028;BLOTZHEIM
GRDF;2024;G;680890000;Fellering (commune non irisée);PRO;;;A;secret;secret;;;;17X100A100A00028;FELLERING
GRDF;2024;G;681710000;Kruth (commune non irisée);PRO;;;A;secret;secret;;;;17X100A100A00028;KRUTH
GRDF;2024;G;682940000;Sainte-Croix-aux-Mines (commune non irisée);PRO;;;A;secret;secret;;;;17X100A100A00028;SAINTE CROIX AUX MINES
GRDF;2024;G;682980101;Centre;PRO;;;A;143.91612;2;0.929085358888219;;0;17X100A100A00028;SAINTE MARIE AUX MINES
GRDF;2024;G;680820000;Ensisheim (commune non irisée);PRO;;;A;secret;secret;;;;17X100A100A00028;ENSISHEIM
GRDF;2024;G;682660000;Réguisheim (commune non irisée);PRO;;;A;50.64502;1;1;;0;17X100A100A00028;REGUISHEIM
GRDF;2024;G;682660000;Réguisheim (commune non irisée);ENT;01;Culture et production animale, chasse et services annexes;A;2363.599;1;1;;0;17X100A100A00028;REGUISHEIM
GRDF;2024;G;680780000;Eguisheim (commune non irisée);PRO;;;A;339.84532;9;0.983172020729901;;0;17X100A100A00028;EGUISHEIM
GRDF;2024;G;681110000;Gueberschwihr (commune non irisée);PRO;;;A;92.69412;3;1;;0;17X100A100A00028;GUEBERSCHWIHR
GRDF;2024;G;682440000;Obermorschwihr (commune non irisée);PRO;;;A;secret;secret;;;;17X100A100A00028;OBERMORSCHWIHR
GRDF;2024;G;682550000;Pfaffenheim (commune non irisée);PRO;;;A;secret;secret;;;;17X100A100A00028;PFAFFENHEIM
GRDF;2024;G;682870000;Rouffach (commune non irisée);PRO;;;A;secret;secret;;;;17X100A100A00028;ROUFFACH
GRDF;2024;G;683500000;Vœgtlinshoffen (commune non irisée);PRO;;;A;secret;secret;;;;17X100A100A00028;VOEGTLINSHOFFEN
GRDF;2024;G;680050000;Ammerschwihr (commune non irisée);PRO;;;A;436.92032;18;1;;0;17X100A100A00028;AMMERSCHWIHR
GRDF;2024;G;681610000;Katzenthal (commune non irisée);PRO;;;A;323.54829;9;1;;0;17X100A100A00028;KATZENTHAL
GRDF;2024;G;681620000;Kaysersberg Vignoble (commune non irisée);PRO;;;A;339.6965;17;0.977617755849707;;0;17X100A100A00028;KAYSERSBERG VIGNOBLE
GRDF;2024;G;681750000;Lapoutroie (commune non irisée);PRO;;;A;secret;secret;;;;17X100A100A00028;LAPOUTROIE
GRDF;2024;G;680230000;Beblenheim (commune non irisée);PRO;;;A;123.4072;7;1;;0;17X100A100A00028;BEBLENHEIM
GRDF;2024;G;680260000;Bennwihr (commune non irisée);PRO;;;A;72.90153;4;1;;0;17X100A100A00028;BENNWIHR
GRDF;2024;G;680280000;Bergheim (commune non irisée);PRO;;;A;175.72772;2;1;;0;17X100A100A00028;BERGHEIM
GRDF;2024;G;681130000;Guémar (commune non irisée);ENT;01;Culture et production animale, chasse et services annexes;A;599.952;1;1;;0;17X100A100A00028;GUEMAR
GRDF;2024;G;681470000;Hunawihr (commune non irisée);PRO;;;A;285.32385;7;1;;0;17X100A100A00028;HUNAWIHR
GRDF;2024;G;682090000;Mittelwihr (commune non irisée);PRO;;;A;209.20062;11;1;;0;17X100A100A00028;MITTELWIHR
GRDF;2024;G;682520000;Ostheim (commune non irisée);PRO;;;A;105.72762;6;1;;0;17X100A100A00028;OSTHEIM
GRDF;2024;G;682690000;Ribeauvillé (commune non irisée);PRO;;;A;225.04089;7;1;;0;17X100A100A00028;RIBEAUVILLE
GRDF;2024;G;682770000;Riquewihr (commune non irisée);PRO;;;A;253.81436;7;0.937771133201446;;0;17X100A100A00028;RIQUEWIHR
GRDF;2024;G;682960000;Saint-Hippolyte (commune non irisée);PRO;;;A;218.32057;10;1;;0;17X100A100A00028;SAINT HIPPOLYTE
GRDF;2024;G;683830000;Zellenberg (commune non irisée);PRO;;;A;68.38493;3;1;;0;17X100A100A00028;ZELLENBERG
GRDF;2024;G;682260000;Munster (commune non irisée);PRO;;;A;secret;secret;;;;17X100A100A00028;MUNSTER
GRDF;2024;G;683290000;Stosswihr (commune non irisée);PRO;;;A;157.91777;3;1;;0;17X100A100A00028;STOSSWIHR
GRDF;2024;G;680590000;Burnhaupt-le-Bas (commune non irisée);PRO;;;A;64.05612;1;1;;0;17X100A100A00028;BURNHAUPT LE BAS
GRDF;2024;G;680600000;Burnhaupt-le-Haut (commune non irisée);PRO;;;A;139.40587;1;1;;0;17X100A100A00028;BURNHAUPT LE HAUT
GRDF;2024;G;680600000;Burnhaupt-le-Haut (commune non irisée);ENT;01;Culture et production animale, chasse et services annexes;A;535.794;1;1;;0;17X100A100A00028;BURNHAUPT LE HAUT
GRDF;2024;G;680070000;Andolsheim (commune non irisée);PRO;;;A;241.41136;4;0.940381678807492;;0;17X100A100A00028;ANDOLSHEIM
GRDF;2024;G;681340000;Herrlisheim-près-Colmar (commune non irisée);PRO;;;A;secret;secret;;;;17X100A100A00028;HERRLISHEIM PRES COLMAR
GRDF;2024;G;681570000;Jebsheim (commune non irisée);PRO;;;A;132.83756;2;1;;0;17X100A100A00028;JEBSHEIM
GRDF;2024;G;683310000;Sundhoffen (commune non irisée);PRO;;;A;secret;secret;;;;17X100A100A00028;SUNDHOFFEN
GRDF;2024;G;883670000;Rambervillers (commune non irisée);PRO;;;A;133.37805;2;1;;0;17X100A100A00028;RAMBERVILLERS
GRDF;2024;G;883690000;Ramonchamp (commune non irisée);PRO;;;A;secret;secret;;;;17X100A100A00028;RAMONCHAMP
GRDF;2024;G;880780000;Bruyères (commune non irisée);PRO;;;A;secret;secret;;;;17X100A100A00028;BRUYERES
GRDF;2024;G;882660000;Lépanges-sur-Vologne (commune non irisée);PRO;;;A;secret;secret;;;;17X100A100A00028;LEPANGES SUR VOLOGNE
GRDF;2024;G;883040101;Ouest;PRO;;;A;secret;secret;;;;17X100A100A00028;MIRECOURT
GRDF;2024;G;883040102;Nord;ENT;01;Culture et production animale, chasse et services annexes;A;891.71475;1;1;;0;17X100A100A00028;MIRECOURT
GRDF;2024;G;881480000;Dommartin-lès-Remiremont (commune non irisée);PRO;;;A;secret;secret;;;;17X100A100A00028;DOMMARTIN LES REMIREMONT
GRDF;2024;G;883830101;Gare Vieux Moulins Joncherie;PRO;;;A;secret;secret;;;;17X100A100A00028;REMIREMONT
GRDF;2024;G;883830102;Champ de Mars Le Calvaire La Magdelaine;PRO;;;A;secret;secret;;;;17X100A100A00028;REMIREMONT
GRDF;2024;G;884150000;Saint-Étienne-lès-Remiremont (commune non irisée);PRO;;;A;169.8229;1;1;;0;17X100A100A00028;SAINT ETIENNE LES REMIREMONT
GRDF;2024;G;880950000;Châtenois (commune non irisée);PRO;;;A;secret;secret;;;;17X100A100A00028;CHATENOIS
GRDF;2024;G;883210101;Centre;PRO;;;A;secret;secret;;;;17X100A100A00028;NEUFCHATEAU
GRDF;2024;G;880790000;Bulgnéville (commune non irisée);PRO;;;A;secret;secret;;;;17X100A100A00028;BULGNEVILLE
GRDF;2024;G;881140000;Contrexéville (commune non irisée);ENT;01;Culture et production animale, chasse et services annexes;A;34.98219;1;1;;0;17X100A100A00028;CONTREXEVILLE
GRDF;2024;G;880900000;Charmes (commune non irisée);PRO;;;A;secret;secret;;;;17X100A100A00028;CHARMES
GRDF;2024;G;881260000;Darnieulles (commune non irisée);PRO;;;A;secret;secret;;;;17X100A100A00028;DARNIEULLES
GRDF;2024;G;881600107;Centre Ville Rive Droite;PRO;;;A;65.25544;2;1;;0;17X100A100A00028;EPINAL
GRDF;2024;G;881600111;Centre Ville Rive Gauche La Madeleine;PRO;;;A;secret;secret;;;;17X100A100A00028;EPINAL
GRDF;2024;G;881600113;Épinal Ouest Notre-Dame de Lorette;PRO;;;A;secret;secret;;;;17X100A100A00028;EPINAL
GRDF;2024;G;883270000;Nomexy (commune non irisée);ENT;02;Sylviculture et exploitation forestière;A;307.48843;2;1;;0;17X100A100A00028;NOMEXY
GRDF;2024;G;883550000;Portieux (commune non irisée);PRO;;;A;60.46665;3;1;;0;17X100A100A00028;PORTIEUX
GRDF;2024;G;884650000;Thaon-les-Vosges (commune non irisée);PRO;;;A;secret;secret;;;;17X100A100A00028;THAON LES VOSGES
GRDF;2024;G;880540000;Bertrimoutier (commune non irisée);PRO;;;A;secret;secret;;;;17X100A100A00028;BERTRIMOUTIER
GRDF;2024;G;880540000;Bertrimoutier (commune non irisée);ENT;01;Culture et production animale, chasse et services annexes;A;569.65201;1;1;;0;17X100A100A00028;BERTRIMOUTIER
GRDF;2024;G;881810000;Fraize (commune non irisée);PRO;;;A;secret;secret;;;;17X100A100A00028;FRAIZE
GRDF;2024;G;883190000;Moyenmoutier (commune non irisée);ENT;02;Sylviculture et exploitation forestière;A;286.87295;1;1;;0;17X100A100A00028;MOYENMOUTIER
GRDF;2024;G;884130110;Centre Ville;PRO;;;A;52.26028;2;1;;0;17X100A100A00028;SAINT DIE DES VOSGES
GRDF;2024;G;884240000;Sainte-Marguerite (commune non irisée);PRO;;;A;64.10765;1;1;;0;17X100A100A00028;SAINTE MARGUERITE
GRDF;2024;G;881960101;Centre Ville;PRO;;;A;secret;secret;;;;17X100A100A00028;GERARDMER
GRDF;2024;G;881960103;Écarts et Coteaux;PRO;;;A;118.46478;2;0.211778808857788;;0;17X100A100A00028;GERARDMER
GRDF;2024;G;441610000;Saint-Gildas-des-Bois (commune non irisée);PRO;;;A;secret;secret;;;;17X100A100A00028;SAINT GILDAS DES BOIS
GRDF;2024;G;441610000;Saint-Gildas-des-Bois (commune non irisée);ENT;01;Culture et production animale, chasse et services annexes;A;3560.91006;2;1;;0;17X100A100A00028;SAINT GILDAS DES BOIS
GRDF;2024;G;441640000;Saint-Hilaire-de-Chaléons (commune non irisée);PRO;;;A;secret;secret;;;;17X100A100A00028;SAINT HILAIRE DE CHALEONS
GRDF;2024;G;440220000;Boussay (commune non irisée);ENT;01;Culture et production animale, chasse et services annexes;A;118.49961;1;1;;0;17X100A100A00028;BOUSSAY
Trois Frontières Distribution Gaz;2024;G;681490101;Nord;PRO;;;A;secret;secret;0;;0;;HUNINGUE
Trois Frontières Distribution Gaz;2024;G;683490000;Village-Neuf (commune non irisée);PRO;;;A;7824.715;1;1;;0;;VILLAGE NEUF
GRDF;2024;G;381500102;Le Bourg-Les Chenevières-Chantavot-Zone Industrielle;PRO;;;A;secret;secret;;;;17X100A100A00028;DOMENE
GRDF;2024;G;381510104;Ouest Sud;PRO;;;A;secret;secret;;;;17X100A100A00028;ECHIROLLES
GRDF;2024;G;381510202;Centre;ENT;02;Sylviculture et exploitation forestière;A;11.98892;1;1;;0;17X100A100A00028;ECHIROLLES
GRDF;2024;G;381690101;Aristide Briand;PRO;;;A;secret;secret;;;;17X100A100A00028;FONTAINE
GRDF;2024;G;381690110;Poya-Plans;PRO;;;A;secret;secret;;;;17X100A100A00028;FONTAINE
GRDF;2024;G;382290101;Béalières;PRO;;;A;109.74665;2;1;;0;17X100A100A00028;MEYLAN
GRDF;2024;G;383820103;Champaviotte;PRO;;;A;secret;secret;;;;17X100A100A00028;SAINT EGREVE
GRDF;2024;G;384230102;Nord-Est;PRO;;;A;secret;secret;;;;17X100A100A00028;SAINT MARTIN LE VINOUX
GRDF;2024;G;384860103;Le Village;PRO;;;A;secret;secret;;;;17X100A100A00028;SEYSSINS
GRDF;2024;G;385450101;Centre Ville;PRO;;;A;secret;secret;;;;17X100A100A00028;VIF
GRDF;2024;G;381300000;La Côte-Saint-André (commune non irisée);PRO;;;A;secret;secret;;;;17X100A100A00028;COTE SAINT ANDRE
GRDF;2024;G;381300000;La Côte-Saint-André (commune non irisée);ENT;01;Culture et production animale, chasse et services annexes;A;1056.34462;1;1;;0;17X100A100A00028;COTE SAINT ANDRE
GRDF;2024;G;381800000;Gillonnay (commune non irisée);PRO;;;A;secret;secret;;;;17X100A100A00028;GILLONNAY
GRDF;2024;G;382180000;Marcilloles (commune non irisée);PRO;;;A;secret;secret;;;;17X100A100A00028;MARCILLOLES
GRDF;2024;G;384900000;Sillans (commune non irisée);PRO;;;A;secret;secret;;;;17X100A100A00028;SILLANS
GRDF;2024;G;385540000;Villemoirieu (commune non irisée);PRO;;;A;secret;secret;;;;17X100A100A00028;VILLEMOIRIEU
GRDF;2024;G;380760000;La Chapelle-de-la-Tour (commune non irisée);PRO;;;A;secret;secret;;;;17X100A100A00028;CHAPELLE DE LA TOUR
GRDF;2024;G;384870000;Seyssuel (commune non irisée);PRO;;;A;secret;secret;;;;17X100A100A00028;SEYSSUEL
GRDF;2024;G;385440201;Salle-des-Fêtes;PRO;;;A;secret;secret;;;;17X100A100A00028;VIENNE
GRDF;2024;G;384680000;Salaise-sur-Sanne (commune non irisée);PRO;;;A;secret;secret;;;;17X100A100A00028;SALAISE SUR SANNE
GRDF;2024;G;384680000;Salaise-sur-Sanne (commune non irisée);ENT;01;Culture et production animale, chasse et services annexes;A;34.36872;1;1;;0;17X100A100A00028;SALAISE SUR SANNE
GRDF;2024;G;380530301;Pré Bénit;PRO;;;A;secret;secret;;;;17X100A100A00028;BOURGOIN JALLIEU
GRDF;2024;G;381930106;Le Village-Coteaux de Chasse Nord;PRO;;;A;secret;secret;;;;17X100A100A00028;ISLE D ABEAU
GRDF;2024;G;384550000;Saint-Savin (commune non irisée);PRO;;;A;secret;secret;;;;17X100A100A00028;SAINT SAVIN
GRDF;2024;G;381970000;Janneyrias (commune non irisée);PRO;;;A;600.62766;2;1;;0;17X100A100A00028;JANNEYRIAS
GRDF;2024;G;381050000;Chirens (commune non irisée);PRO;;;A;secret;secret;;;;17X100A100A00028;CHIRENS
GRDF;2024;G;381330000;Coublevie (commune non irisée);PRO;;;A;secret;secret;;;;17X100A100A00028;COUBLEVIE
GRDF;2024;G;382390101;Les Îles;ENT;01;Culture et production animale, chasse et services annexes;A;79.94101;1;1;;0;17X100A100A00028;MOIRANS
GRDF;2024;G;384000000;Saint-Jean-de-Moirans (commune non irisée);PRO;;;A;secret;secret;;;;17X100A100A00028;SAINT JEAN DE MOIRANS
GRDF;2024;G;385630108;Criel-Champfeuillet;PRO;;;A;secret;secret;;;;17X100A100A00028;VOIRON
GRDF;2024;G;383320000;Renage (commune non irisée);PRO;;;A;secret;secret;;;;17X100A100A00028;RENAGE
GRDF;2024;G;420520000;Charlieu (commune non irisée);ENT;01;Culture et production animale, chasse et services annexes;A;271.5893;1;1;;0;17X100A100A00028;CHARLIEU
GRDF;2024;G;423380000;Vougy (commune non irisée);PRO;;;A;118.42402;3;0.570088145969035;;0;17X100A100A00028;VOUGY
GRDF;2024;G;423380000;Vougy (commune non irisée);ENT;01;Culture et production animale, chasse et services annexes;A;372.72844;1;1;;0;17X100A100A00028;VOUGY
GRDF;2024;G;420030000;Ambierle (commune non irisée);PRO;;;A;secret;secret;;;;17X100A100A00028;AMBIERLE
GRDF;2024;G;420690000;Commelle-Vernay (commune non irisée);PRO;;;A;secret;secret;;;;17X100A100A00028;COMMELLE VERNAY
GRDF;2024;G;421820000;Renaison (commune non irisée);PRO;;;A;secret;secret;;;;17X100A100A00028;RENAISON
GRDF;2024;G;421840101;Le Pontet;PRO;;;A;secret;secret;;;;17X100A100A00028;RIORGES
GRDF;2024;G;421870202;Centre Ville-Varenne;PRO;;;A;secret;secret;;;;17X100A100A00028;ROANNE
GRDF;2024;G;421870702;Mulsant Nord;PRO;;;A;secret;secret;;;;17X100A100A00028;ROANNE
GRDF;2024;G;421870802;Clermont Est;PRO;;;A;secret;secret;;;;17X100A100A00028;ROANNE
GRDF;2024;G;421870901;Halage;PRO;;;A;secret;secret;;;;17X100A100A00028;ROANNE
GRDF;2024;G;421990000;Saint-André-d'Apchon (commune non irisée);PRO;;;A;secret;secret;;;;17X100A100A00028;SAINT ANDRE D APCHON
GRDF;2024;G;422840000;Saint-Romain-la-Motte (commune non irisée);PRO;;;A;secret;secret;;;;17X100A100A00028;SAINT ROMAIN LA MOTTE
GRDF;2024;G;423320000;Villerest (commune non irisée);PRO;;;A;secret;secret;;;;17X100A100A00028;VILLEREST
GRDF;2024;G;420190000;Boën-sur-Lignon (commune non irisée);PRO;;;A;secret;secret;;;;17X100A100A00028;BOEN SUR LIGNON
GRDF;2024;G;421190000;Leigneux (commune non irisée);PRO;;;A;secret;secret;;;;17X100A100A00028;LEIGNEUX
GRDF;2024;G;421470201;Moingt;ENT;;;A;165.49601;1;1;;0;17X100A100A00028;MONTBRISON
GRDF;2024;G;421470202;Les Purelles;PRO;;;A;secret;secret;;;;17X100A100A00028;MONTBRISON
GRDF;2024;G;421470301;Maupas Survaure;PRO;;;A;secret;secret;;;;17X100A100A00028;MONTBRISON
GRDF;2024;G;420100000;Aveizieux (commune non irisée);PRO;;;A;58.20711;2;1;;0;17X100A100A00028;AVEIZIEUX
GRDF;2024;G;420110000;Balbigny (commune non irisée);PRO;;;A;secret;secret;;;;17X100A100A00028;BALBIGNY
GRDF;2024;G;420730000;Cottance (commune non irisée);PRO;;;A;secret;secret;;;;17X100A100A00028;COTTANCE
GRDF;2024;G;420940103;Sud;PRO;;;A;secret;secret;;;;17X100A100A00028;FEURS
GRDF;2024;G;421930000;Rozier-en-Donzy (commune non irisée);PRO;;;A;secret;secret;;;;17X100A100A00028;ROZIER EN DONZY
GRDF;2024;G;420230000;Bourg-Argental (commune non irisée);PRO;;;A;57.89599;2;1;;0;17X100A100A00028;BOURG ARGENTAL
GRDF;2024;G;422930000;Saint-Victor-sur-Rhins (commune non irisée);PRO;;;A;secret;secret;;;;17X100A100A00028;SAINT VICTOR SUR RHINS
GRDF;2024;G;420050101;La Chapelle;PRO;;;A;secret;secret;;;;17X100A100A00028;ANDREZIEUX BOUTHEON
GRDF;2024;G;420430000;Chambœuf (commune non irisée);PRO;;;A;secret;secret;;;;17X100A100A00028;CHAMBOEUF
GRDF;2024;G;420440101;Centre Ville Ouest;PRO;;;A;93.08906;1;1;;0;17X100A100A00028;CHAMBON FEUGEROLLES
GRDF;2024;G;420440103;Nord;PRO;;;A;secret;secret;;;;17X100A100A00028;CHAMBON FEUGEROLLES
GRDF;2024;G;421830104;Périphérie;PRO;;;A;secret;secret;;;;17X100A100A00028;RICAMARIE
GRDF;2024;G;421830104;Périphérie;ENT;01;Culture et production animale, chasse et services annexes;A;380.98892;1;1;;0;17X100A100A00028;RICAMARIE
GRDF;2024;G;421860102;Mouillon-Vernes-Tochissonne;PRO;;;A;secret;secret;;;;17X100A100A00028;RIVE DE GIER
GRDF;2024;G;421860103;Centre;PRO;;;A;60.55553;2;1;;0;17X100A100A00028;RIVE DE GIER
GRDF;2024;G;421860105;Le Grand Pont;PRO;;;A;85.20307;1;1;;0;17X100A100A00028;RIVE DE GIER
GRDF;2024;G;421860106;Versant Sud;PRO;;;A;secret;secret;;;;17X100A100A00028;RIVE DE GIER
GRDF;2024;G;422070105;La Gare;ENT;01;Culture et production animale, chasse et services annexes;A;395.03588;1;1;;0;17X100A100A00028;SAINT CHAMOND
GRDF;2024;G;422070402;Bourg Pilat Coin;PRO;;;A;secret;secret;;;;17X100A100A00028;SAINT CHAMOND
GRDF;2024;G;422180101;République;PRO;;;A;secret;secret;;;;17X100A100A00028;SAINT ETIENNE
GRDF;2024;G;422180102;Peuple-Boivin-Saint-Jacques;PRO;;;A;92.47017;1;1;;0;17X100A100A00028;SAINT ETIENNE
GRDF;2024;G;422180104;Marengo;PRO;;;A;secret;secret;;;;17X100A100A00028;SAINT ETIENNE
GRDF;2024;G;422180204;Préfecture;PRO;;;A;secret;secret;;;;17X100A100A00028;SAINT ETIENNE
GRDF;2024;G;422180301;Crêt de Roc Ouest;PRO;;;A;secret;secret;;;;17X100A100A00028;SAINT ETIENNE
GRDF;2024;G;422180302;Crêt de Roc Est;PRO;;;A;secret;secret;;;;17X100A100A00028;SAINT ETIENNE
GRDF;2024;G;422180401;Chavanelle;PRO;;;A;secret;secret;;;;17X100A100A00028;SAINT ETIENNE
GRDF;2024;G;422180404;Saint-Roch;PRO;;;A;secret;secret;;;;17X100A100A00028;SAINT ETIENNE
GRDF;2024;G;422180901;Le Marais Méons Grange-Neuve;PRO;;;A;secret;secret;;;;17X100A100A00028;SAINT ETIENNE
GRDF;2024;G;422181104;Monthieu;PRO;;;A;secret;secret;;;;17X100A100A00028;SAINT ETIENNE
GRDF;2024;G;422181403;Fauriel-Le Platon;PRO;;;A;secret;secret;;;;17X100A100A00028;SAINT ETIENNE
GRDF;2024;G;422181404;Fauriel-Rond-Point;PRO;;;A;secret;secret;;;;17X100A100A00028;SAINT ETIENNE
GRDF;2024;G;422181405;La Vivaraise;PRO;;;A;secret;secret;;;;17X100A100A00028;SAINT ETIENNE
GRDF;2024;G;422181701;Bel-Air-Momey-Le Golf;PRO;;;A;secret;secret;;;;17X100A100A00028;SAINT ETIENNE
GRDF;2024;G;422181902;Terrenoire Centre;PRO;;;A;secret;secret;;;;17X100A100A00028;SAINT ETIENNE
GRDF;2024;G;422181903;Terrenoire Sud;ENT;01;Culture et production animale, chasse et services annexes;A;234.41134;1;1;;0;17X100A100A00028;SAINT ETIENNE
GRDF;2024;G;422182103;Valfuret-Crêt du Loup-Le Bernay;PRO;;;A;secret;secret;;;;17X100A100A00028;SAINT ETIENNE
GRDF;2024;G;422370103;Nord-Est;ENT;01;Culture et production animale, chasse et services annexes;A;757.91437;1;1;;0;17X100A100A00028;SAINT JEAN BONNEFONDS
GRDF;2024;G;422710000;Saint-Paul-en-Jarez (commune non irisée);PRO;;;A;secret;secret;;;;17X100A100A00028;SAINT PAUL EN JAREZ
GRDF;2024;G;422750101;Est;PRO;;;A;57.32786;1;1;;0;17X100A100A00028;SAINT PRIEST EN JAREZ
GRDF;2024;G;423050103;La Talaudière Sud;PRO;;;A;secret;secret;;;;17X100A100A00028;TALAUDIERE
GRDF;2024;G;423160105;Nord;PRO;;;A;55.08008;2;1;;0;17X100A100A00028;UNIEUX
GRDF;2024;G;431480000;Paulhaguet (commune non irisée);PRO;;;A;secret;secret;;;;17X100A100A00028;PAULHAGUET
GRDF;2024;G;432000000;Saint-Julien-Chapteuil (commune non irisée);PRO;;;A;secret;secret;;;;17X100A100A00028;SAINT JULIEN CHAPTEUIL
GRDF;2024;G;430410000;Brives-Charensac (commune non irisée);PRO;;;A;55.27033;1;0;;0;17X100A100A00028;BRIVES CHARENSAC
GRDF;2024;G;430780000;Coubon (commune non irisée);PRO;;;A;54.97919;1;0;;0;17X100A100A00028;COUBON
GRDF;2024;G;431570102;Zone Verte Ours-Mons;PRO;;;A;secret;secret;;;;17X100A100A00028;PUY EN VELAY
GRDF;2024;G;431570103;Taulhac;PRO;;;A;secret;secret;;;;17X100A100A00028;PUY EN VELAY
GRDF;2024;G;431570106;Carnot-Capucins;PRO;;;A;secret;secret;;;;17X100A100A00028;PUY EN VELAY
GRDF;2024;G;431570107;Centre Historique;PRO;;;A;secret;secret;;;;17X100A100A00028;PUY EN VELAY
GRDF;2024;G;432160000;Saint-Paulien (commune non irisée);PRO;;;A;secret;secret;;;;17X100A100A00028;SAINT PAULIEN
GRDF;2024;G;432110000;Saint-Maurice-de-Lignon (commune non irisée);PRO;;;A;secret;secret;;;;17X100A100A00028;SAINT MAURICE DE LIGNON
GRDF;2024;G;432680101;Nord;PRO;;;A;153.06853;2;0.656617790737259;;0;17X100A100A00028;YSSINGEAUX
GRDF;2024;G;432680102;Sud;PRO;;;A;secret;secret;;;;17X100A100A00028;YSSINGEAUX
GRDF;2024;G;431840000;Saint-Ferréol-d'Auroure (commune non irisée);PRO;;;A;secret;secret;;;;17X100A100A00028;SAINT FERREOL D AUROURE
GRDF;2024;G;630400000;Billom (commune non irisée);PRO;;;A;secret;secret;;;;17X100A100A00028;BILLOM
GRDF;2024;G;631060000;Chauriat (commune non irisée);PRO;;;A;secret;secret;;;;17X100A100A00028;CHAURIAT
GRDF;2024;G;630210000;Authezat (commune non irisée);ENT;01;Culture et production animale, chasse et services annexes;A;237.99269;2;1;;0;17X100A100A00028;AUTHEZAT
GRDF;2024;G;631230000;Cournols (commune non irisée);PRO;;;A;secret;secret;;;;17X100A100A00028;COURNOLS
GRDF;2024;G;633020000;La Roche-Blanche (commune non irisée);PRO;;;A;secret;secret;;;;17X100A100A00028;ROCHE BLANCHE
GRDF;2024;G;633960000;Saint-Saturnin (commune non irisée);PRO;;;A;secret;secret;;;;17X100A100A00028;SAINT SATURNIN
GRDF;2024;G;634570000;Vic-le-Comte (commune non irisée);PRO;;;A;secret;secret;;;;17X100A100A00028;VIC LE COMTE
GRDF;2024;G;630520000;Le Breuil-sur-Couze (commune non irisée);PRO;;;A;secret;secret;;;;17X100A100A00028;BREUIL SUR COUZE
GRDF;2024;G;631780101;Centre;PRO;;;A;secret;secret;;;;17X100A100A00028;ISSOIRE
GRDF;2024;G;631780103;Quartier Sud;ENT;01;Culture et production animale, chasse et services annexes;A;244.39488;1;1;;0;17X100A100A00028;ISSOIRE
GRDF;2024;G;631780108;Zone Est;PRO;;;A;secret;secret;;;;17X100A100A00028;ISSOIRE
GRDF;2024;G;632750000;Perrier (commune non irisée);PRO;;;A;secret;secret;;;;17X100A100A00028;PERRIER
GRDF;2024;G;630660000;Celles-sur-Durolle (commune non irisée);PRO;;;A;secret;secret;;;;17X100A100A00028;CELLES SUR DUROLLE
GRDF;2024;G;632310000;La Monnerie-le-Montel (commune non irisée);PRO;;;A;secret;secret;;;;17X100A100A00028;MONNERIE LE MONTEL
GRDF;2024;G;634300101;Lycées;PRO;;;A;secret;secret;;;;17X100A100A00028;THIERS
GRDF;2024;G;634300103;Centre;PRO;;;A;90.65685;1;1;;0;17X100A100A00028;THIERS
GRDF;2024;G;630890000;Chappes (commune non irisée);PRO;;;A;314.3781;2;0.451179105669256;;0;17X100A100A00028;CHAPPES
GRDF;2024;G;631030101;Est Village;PRO;;;A;secret;secret;;;;17X100A100A00028;CHATEL GUYON
GRDF;2024;G;631030102;Ouest Thermal;PRO;;;A;secret;secret;;;;17X100A100A00028;CHATEL GUYON
GRDF;2024;G;631080000;Le Cheix (commune non irisée);PRO;;;A;secret;secret;;;;17X100A100A00028;CHEIX
GRDF;2024;G;631120000;Clerlande (commune non irisée);PRO;;;A;65.71634;1;1;;0;17X100A100A00028;CLERLANDE
GRDF;2024;G;631480000;Ennezat (commune non irisée);PRO;;;A;374.95116;5;1;;0;17X100A100A00028;ENNEZAT
GRDF;2024;G;631490000;Entraigues (commune non irisée);PRO;;;A;secret;secret;;;;17X100A100A00028;ENTRAIGUES
GRDF;2024;G;632780000;Pessat-Villeneuve (commune non irisée);PRO;;;A;secret;secret;;;;17X100A100A00028;PESSAT VILLENEUVE
GRDF;2024;G;633220000;Saint-Beauzire (commune non irisée);PRO;;;A;113.585;1;1;;0;17X100A100A00028;SAINT BEAUZIRE
GRDF;2024;G;633810000;Saint-Ours (commune non irisée);PRO;;;A;secret;secret;;;;17X100A100A00028;SAINT OURS
GRDF;2024;G;634700000;Volvic (commune non irisée);PRO;;;A;secret;secret;;;;17X100A100A00028;VOLVIC
GRDF;2024;G;630030101;Nord;PRO;;;A;secret;secret;;;;17X100A100A00028;AMBERT
GRDF;2024;G;630030102;Sud;PRO;;;A;83.67421;3;1;;0;17X100A100A00028;AMBERT
GRDF;2024;G;632580000;Olliergues (commune non irisée);PRO;;;A;secret;secret;;;;17X100A100A00028;OLLIERGUES
GRDF;2024;G;634340000;Tours-sur-Meymont (commune non irisée);PRO;;;A;secret;secret;;;;17X100A100A00028;TOURS SUR MEYMONT
GRDF;2024;G;634340000;Tours-sur-Meymont (commune non irisée);ENT;01;Culture et production animale, chasse et services annexes;A;17.82297;1;1;;0;17X100A100A00028;TOURS SUR MEYMONT
GRDF;2024;G;630010000;Aigueperse (commune non irisée);PRO;;;A;159.69246;2;1;;0;17X100A100A00028;AIGUEPERSE
GRDF;2024;G;630120000;Artonne (commune non irisée);PRO;;;A;97.28231;2;1;;0;17X100A100A00028;ARTONNE
GRDF;2024;G;630900000;Chaptuzat (commune non irisée);PRO;;;A;secret;secret;;;;17X100A100A00028;CHAPTUZAT
GRDF;2024;G;631430000;Effiat (commune non irisée);PRO;;;A;secret;secret;;;;17X100A100A00028;EFFIAT
GRDF;2024;G;631430000;Effiat (commune non irisée);ENT;01;Culture et production animale, chasse et services annexes;A;312.75801;1;1;;0;17X100A100A00028;EFFIAT
GRDF;2024;G;632400000;Montpensier (commune non irisée);ENT;01;Culture et production animale, chasse et services annexes;A;380.02894;1;1;;0;17X100A100A00028;MONTPENSIER
GRDF;2024;G;634320000;Thuret (commune non irisée);ENT;01;Culture et production animale, chasse et services annexes;A;380.98886;1;1;;0;17X100A100A00028;THURET
GRDF;2024;G;630850000;Chapdes-Beaufort (commune non irisée);PRO;;;A;secret;secret;;;;17X100A100A00028;CHAPDES BEAUFORT
GRDF;2024;G;632850000;Pontgibaud (commune non irisée);PRO;;;A;secret;secret;;;;17X100A100A00028;PONTGIBAUD
GRDF;2024;G;631160000;Combronde (commune non irisée);PRO;;;A;secret;secret;;;;17X100A100A00028;COMBRONDE
GRDF;2024;G;632060000;Manzat (commune non irisée);PRO;;;A;secret;secret;;;;17X100A100A00028;MANZAT
GRDF;2024;G;633490000;Saint-Georges-de-Mons (commune non irisée);PRO;;;A;secret;secret;;;;17X100A100A00028;SAINT GEORGES DE MONS
GRDF;2024;G;633790000;Saint-Myon (commune non irisée);ENT;01;Culture et production animale, chasse et services annexes;A;54.57802;1;1;;0;17X100A100A00028;SAINT MYON
GRDF;2024;G;630140101;Ville Centre;PRO;;;A;secret;secret;;;;17X100A100A00028;AUBIERE
GRDF;2024;G;630420000;Blanzat (commune non irisée);PRO;;;A;secret;secret;;;;17X100A100A00028;BLANZAT
GRDF;2024;G;630750102;Montjoly;PRO;;;A;54.86623;1;0;;0;17X100A100A00028;CHAMALIERES
GRDF;2024;G;630750104;Les Galoubies;PRO;;;A;secret;secret;;;;17X100A100A00028;CHAMALIERES
GRDF;2024;G;630750105;Les Roches;PRO;;;A;secret;secret;;;;17X100A100A00028;CHAMALIERES
GRDF;2024;G;630990000;Châteaugay (commune non irisée);PRO;;;A;secret;secret;;;;17X100A100A00028;CHATEAUGAY
GRDF;2024;G;631130202;Charras;PRO;;;A;secret;secret;;;;17X100A100A00028;CLERMONT FERRAND
GRDF;2024;G;631130401;Jaude;PRO;;;A;secret;secret;;;;17X100A100A00028;CLERMONT FERRAND
GRDF;2024;G;631130402;Le Port;PRO;;;A;secret;secret;;;;17X100A100A00028;CLERMONT FERRAND
GRDF;2024;G;631130701;Montferrand;PRO;;;A;secret;secret;;;;17X100A100A00028;CLERMONT FERRAND
GRDF;2024;G;631131501;Poncillon;PRO;;;A;secret;secret;;;;17X100A100A00028;CLERMONT FERRAND
GRDF;2024;G;631240104;Zone d'Activités;ENT;01;Culture et production animale, chasse et services annexes;A;104.27337;1;1;;0;17X100A100A00028;COURNON D AUVERGNE
GRDF;2024;G;631640105;Zone Verte;ENT;01;Culture et production animale, chasse et services annexes;A;110.88384;1;1;;0;17X100A100A00028;GERZAT
GRDF;2024;G;631930101;Centre;PRO;;;A;secret;secret;;;;17X100A100A00028;LEMPDES
GRDF;2024;G;632840101;Vieux Pont-du-Château;PRO;;;A;secret;secret;;;;17X100A100A00028;PONT DU CHATEAU
GRDF;2024;G;633080000;Royat (commune non irisée);PRO;;;A;127.53972;3;1;;0;17X100A100A00028;ROYAT
GRDF;2024;G;690060101;Centre;PRO;;;A;secret;secret;;;;17X100A100A00028;AMPLEPUIS
GRDF;2024;G;690060102;Contour;PRO;;;A;secret;secret;;;;17X100A100A00028;AMPLEPUIS
GRDF;2024;G;690660000;Cours (commune non irisée);PRO;;;A;96.17901;2;1;;0;17X100A100A00028;COURS
GRDF;2024;G;691570000;Vindry-sur-Turdine (commune non irisée);PRO;;;A;secret;secret;;;;17X100A100A00028;VINDRY SUR TURDINE
GRDF;2024;G;691600000;Poule-les-Écharmeaux (commune non irisée);PRO;;;A;secret;secret;;;;17X100A100A00028;POULE LES ECHARMEAUX
GRDF;2024;G;692000000;Saint-Forgeux (commune non irisée);PRO;;;A;secret;secret;;;;17X100A100A00028;SAINT FORGEUX
GRDF;2024;G;692430102;Nord-Ouest;PRO;;;A;secret;secret;;;;17X100A100A00028;TARARE
GRDF;2024;G;690090000;Anse (commune non irisée);PRO;;;A;secret;secret;;;;17X100A100A00028;ANSE
GRDF;2024;G;690240000;Val d'Oingt (commune non irisée);PRO;;;A;secret;secret;;;;17X100A100A00028;VAL D OINGT
GRDF;2024;G;690490000;Chasselay (commune non irisée);PRO;;;A;secret;secret;;;;17X100A100A00028;CHASSELAY
GRDF;2024;G;690500000;Châtillon (commune non irisée);PRO;;;A;secret;secret;;;;17X100A100A00028;CHATILLON
GRDF;2024;G;690520000;Chazay-d'Azergues (commune non irisée);PRO;;;A;57.87845;1;1;;0;17X100A100A00028;CHAZAY D AZERGUES
GRDF;2024;G;690550000;Les Chères (commune non irisée);ENT;03;Pêche et aquaculture;A;327.79028;1;1;;0;17X100A100A00028;CHERES
GRDF;2024;G;691060000;Lachassagne (commune non irisée);PRO;;;A;secret;secret;;;;17X100A100A00028;LACHASSAGNE
GRDF;2024;G;691110000;Légny (commune non irisée);PRO;;;A;secret;secret;;;;17X100A100A00028;LEGNY
GRDF;2024;G;691110000;Légny (commune non irisée);ENT;01;Culture et production animale, chasse et services annexes;A;78.18293;1;1;;0;17X100A100A00028;LEGNY
GRDF;2024;G;691210000;Lozanne (commune non irisée);PRO;;;A;secret;secret;;;;17X100A100A00028;LOZANNE
GRDF;2024;G;691220000;Lucenay (commune non irisée);PRO;;;A;secret;secret;;;;17X100A100A00028;LUCENAY
GRDF;2024;G;691220000;Lucenay (commune non irisée);ENT;01;Culture et production animale, chasse et services annexes;A;2082.73866;1;1;;0;17X100A100A00028;LUCENAY
GRDF;2024;G;691560000;Pommiers (commune non irisée);PRO;;;A;secret;secret;;;;17X100A100A00028;POMMIERS
GRDF;2024;G;690920102;Ouilly Les Rousses Chervinges;PRO;;;A;secret;secret;;;;17X100A100A00028;GLEIZE
GRDF;2024;G;691150000;Limas (commune non irisée);PRO;;;A;secret;secret;;;;17X100A100A00028;LIMAS
GRDF;2024;G;692640102;Zone d'Activités Est 2;ENT;01;Culture et production animale, chasse et services annexes;A;384.20008;1;1;;0;17X100A100A00028;VILLEFRANCHE SUR SAONE
GRDF;2024;G;690290103;Dubœuf-Camille Rousset;PRO;;;A;secret;secret;;;;17X100A100A00028;BRON
GRDF;2024;G;690330000;Cailloux-sur-Fontaines (commune non irisée);PRO;;;A;secret;secret;;;;17X100A100A00028;CAILLOUX SUR FONTAINES
GRDF;2024;G;690340403;Bissardon;PRO;;;A;84.76812;2;1;;0;17X100A100A00028;CALUIRE ET CUIRE
GRDF;2024;G;690340501;Pasteur;PRO;;;A;secret;secret;;;;17X100A100A00028;CALUIRE ET CUIRE
GRDF;2024;G;690340701;Perica-Caluire;ENT;;;A;466.61209;1;1;;0;17X100A100A00028;CALUIRE ET CUIRE
GRDF;2024;G;690460000;Charly (commune non irisée);PRO;;;A;secret;secret;;;;17X100A100A00028;CHARLY
GRDF;2024;G;690810202;Centre;PRO;;;A;secret;secret;;;;17X100A100A00028;ECULLY
GRDF;2024;G;690810302;Valvert;PRO;;;A;127.19651;1;1;;0;17X100A100A00028;ECULLY
GRDF;2024;G;690850000;Fleurieu-sur-Saône (commune non irisée);ENT;01;Culture et production animale, chasse et services annexes;A;583.58305;1;1;;0;17X100A100A00028;FLEURIEU SUR SAONE
GRDF;2024;G;690890201;Francheville-Le Bas Sud;PRO;;;A;69.64652;1;1;;0;17X100A100A00028;FRANCHEVILLE
GRDF;2024;G;690960101;Centre Ville;PRO;;;A;132.55479;1;1;;0;17X100A100A00028;GRIGNY
GRDF;2024;G;691000102;Yvours;PRO;;;A;secret;secret;;;;17X100A100A00028;IRIGNY
GRDF;2024;G;691000103;Venières;PRO;;;A;secret;secret;;;;17X100A100A00028;IRIGNY
GRDF;2024;G;691160000;Limonest (commune non irisée);ENT;01;Culture et production animale, chasse et services annexes;A;311.98009;1;1;;0;17X100A100A00028;LIMONEST
GRDF;2024;G;69149XXXX;Iris fictif de la commune Oullins-Pierre-Bénite;PRO;;;A;80.7297;1;1;;0;17X100A100A00028;OULLINS PIERRE BENITE
GRDF;2024;G;691630000;Quincieux (commune non irisée);PRO;;;A;secret;secret;;;;17X100A100A00028;QUINCIEUX
GRDF;2024;G;691940102;Centre et Sud-Est;PRO;;;A;secret;secret;;;;17X100A100A00028;SAINT DIDIER AU MONT D OR
GRDF;2024;G;692020103;Plan du Loup;PRO;;;A;secret;secret;;;;17X100A100A00028;SAINTE FOY LES LYON
GRDF;2024;G;692040301;Centre-Bourg;PRO;;;A;secret;secret;;;;17X100A100A00028;SAINT GENIS LAVAL
GRDF;2024;G;692440201;Centre Ville;PRO;;;A;56.86384;1;0;;0;17X100A100A00028;TASSIN LA DEMI LUNE
GRDF;2024;G;692560702;Dumas-Genas;PRO;;;A;secret;secret;;;;17X100A100A00028;VAULX EN VELIN
GRDF;2024;G;692590203;Charréard;PRO;;;A;secret;secret;;;;17X100A100A00028;VENISSIEUX
GRDF;2024;G;692590601;Moulin à Vent;PRO;;;A;secret;secret;;;;17X100A100A00028;VENISSIEUX
GRDF;2024;G;692600000;Vernaison (commune non irisée);ENT;01;Culture et production animale, chasse et services annexes;A;125.37422;1;1;;0;17X100A100A00028;VERNAISON
GRDF;2024;G;692660101;Charmettes;PRO;;;A;secret;secret;;;;17X100A100A00028;VILLEURBANNE
GRDF;2024;G;692660501;Croix Luizet Ouest;PRO;;;A;secret;secret;;;;17X100A100A00028;VILLEURBANNE
GRDF;2024;G;692661101;Gratte-Ciel;PRO;;;A;secret;secret;;;;17X100A100A00028;VILLEURBANNE
GRDF;2024;G;692661201;République;PRO;;;A;secret;secret;;;;17X100A100A00028;VILLEURBANNE
GRDF;2024;G;692661205;Tolstoï Nord;PRO;;;A;secret;secret;;;;17X100A100A00028;VILLEURBANNE
GRDF;2024;G;692830101;Mions Nord;PRO;;;A;secret;secret;;;;17X100A100A00028;MIONS
GRDF;2024;G;692930000;Sathonay-Village (commune non irisée);PRO;;;A;secret;secret;;;;17X100A100A00028;SATHONAY VILLAGE
GRDF;2024;G;692960000;Solaize (commune non irisée);PRO;;;A;secret;secret;;;;17X100A100A00028;SOLAIZE
GRDF;2024;G;693810202;Capucins-Griffon;PRO;;;A;secret;secret;;;;17X100A100A00028;LYON 1ER ARRONDISSEMENT
GRDF;2024;G;693820504;Sainte-Blandine-Casimir Perier;PRO;;;A;secret;secret;;;;17X100A100A00028;LYON 2E ARRONDISSEMENT
GRDF;2024;G;693830102;Jussieu;PRO;;;A;secret;secret;;;;17X100A100A00028;LYON 3E ARRONDISSEMENT
GRDF;2024;G;693830405;Saint-Anne de Baraban;PRO;;;A;secret;secret;;;;17X100A100A00028;LYON 3E ARRONDISSEMENT
GRDF;2024;G;693830502;Paul Bert-Maisons Neuves;PRO;;;A;secret;secret;;;;17X100A100A00028;LYON 3E ARRONDISSEMENT
GRDF;2024;G;693830602;Dauphiné-Montluc;PRO;;;A;secret;secret;;;;17X100A100A00028;LYON 3E ARRONDISSEMENT
GRDF;2024;G;693840103;Commandant Arnaud-Dumont d'Urville;PRO;;;A;60.22358;1;1;;0;17X100A100A00028;LYON 4E ARRONDISSEMENT
GRDF;2024;G;693840401;Saint-Exupéry-Popy;PRO;;;A;secret;secret;;;;17X100A100A00028;LYON 4E ARRONDISSEMENT
GRDF;2024;G;693850104;Quarantaine-Les Étroits;PRO;;;A;secret;secret;;;;17X100A100A00028;LYON 5E ARRONDISSEMENT
GRDF;2024;G;693860103;Les Belges;PRO;;;A;148.1583;1;1;;0;17X100A100A00028;LYON 6E ARRONDISSEMENT
GRDF;2024;G;693860401;Molière;PRO;;;A;secret;secret;;;;17X100A100A00028;LYON 6E ARRONDISSEMENT
GRDF;2024;G;693860403;Edgard Quinet;PRO;;;A;secret;secret;;;;17X100A100A00028;LYON 6E ARRONDISSEMENT
GRDF;2024;G;693870101;Pasteur;PRO;;;A;secret;secret;;;;17X100A100A00028;LYON 7E ARRONDISSEMENT
GRDF;2024;G;693870501;Jules Brunard;PRO;;;A;secret;secret;;;;17X100A100A00028;LYON 7E ARRONDISSEMENT
GRDF;2024;G;693870701;L'Artillerie-La Gare;PRO;;;A;secret;secret;;;;17X100A100A00028;LYON 7E ARRONDISSEMENT
GRDF;2024;G;693880301;Laennec;PRO;;;A;secret;secret;;;;17X100A100A00028;LYON 8E ARRONDISSEMENT
GRDF;2024;G;691840000;Sainte-Catherine (commune non irisée);PRO;;;A;secret;secret;;;;17X100A100A00028;SAINTE CATHERINE
GRDF;2024;G;692200000;Saint-Laurent-de-Chamousset (commune non irisée);PRO;;;A;secret;secret;;;;17X100A100A00028;SAINT LAURENT DE CHAMOUSSET
GRDF;2024;G;690180000;Beaujeu (commune non irisée);PRO;;;A;106.89756;1;1;;0;17X100A100A00028;BEAUJEU
GRDF;2024;G;690190201;Saint-Jean-d'Ardières;PRO;;;A;secret;secret;;;;17X100A100A00028;BELLEVILLE EN BEAUJOLAIS
GRDF;2024;G;690450000;Charentay (commune non irisée);PRO;;;A;secret;secret;;;;17X100A100A00028;CHARENTAY
GRDF;2024;G;690840000;Fleurie (commune non irisée);PRO;;;A;75.75894;4;1;;0;17X100A100A00028;FLEURIE
GRDF;2024;G;691620000;Quincié-en-Beaujolais (commune non irisée);PRO;;;A;secret;secret;;;;17X100A100A00028;QUINCIE EN BEAUJOLAIS
GRDF;2024;G;691650000;Régnié-Durette (commune non irisée);PRO;;;A;secret;secret;;;;17X100A100A00028;REGNIE DURETTE
GRDF;2024;G;692180000;Saint-Lager (commune non irisée);PRO;;;A;115.53641;3;0.676768388424047;;0;17X100A100A00028;SAINT LAGER
GRDF;2024;G;692420000;Taponas (commune non irisée);ENT;01;Culture et production animale, chasse et services annexes;A;614.096;1;1;;0;17X100A100A00028;TAPONAS
GRDF;2024;G;692670000;Villié-Morgon (commune non irisée);PRO;;;A;secret;secret;;;;17X100A100A00028;VILLIE MORGON
GRDF;2024;G;690070000;Ampuis (commune non irisée);PRO;;;A;secret;secret;;;;17X100A100A00028;AMPUIS
GRDF;2024;G;690070000;Ampuis (commune non irisée);ENT;01;Culture et production animale, chasse et services annexes;A;23.37741;1;1;;0;17X100A100A00028;AMPUIS
GRDF;2024;G;690640000;Condrieu (commune non irisée);PRO;;;A;secret;secret;;;;17X100A100A00028;CONDRIEU
GRDF;2024;G;692770103;Azieu;PRO;;;A;secret;secret;;;;17X100A100A00028;GENAS
GRDF;2024;G;692770103;Azieu;ENT;01;Culture et production animale, chasse et services annexes;A;209.28995;1;1;;0;17X100A100A00028;GENAS
GRDF;2024;G;692850000;Pusignan (commune non irisée);PRO;;;A;secret;secret;;;;17X100A100A00028;PUSIGNAN
GRDF;2024;G;692870101;Plein Soleil Zone Industrielle;PRO;;;A;secret;secret;;;;17X100A100A00028;SAINT BONNET DE MURE
GRDF;2024;G;692890000;Saint-Pierre-de-Chandieu (commune non irisée);PRO;;;A;secret;secret;;;;17X100A100A00028;SAINT PIERRE DE CHANDIEU
GRDF;2024;G;690100101;Sud;PRO;;;A;secret;secret;;;;17X100A100A00028;ARBRESLE
GRDF;2024;G;690280000;Brindas (commune non irisée);PRO;;;A;secret;secret;;;;17X100A100A00028;BRINDAS
GRDF;2024;G;690940000;Grézieu-la-Varenne (commune non irisée);PRO;;;A;secret;secret;;;;17X100A100A00028;GREZIEU LA VARENNE
GRDF;2024;G;691310000;Messimy (commune non irisée);PRO;;;A;secret;secret;;;;17X100A100A00028;MESSIMY
GRDF;2024;G;691790000;Beauvallon (commune non irisée);PRO;;;A;secret;secret;;;;17X100A100A00028;BEAUVALLON
GRDF;2024;G;690270102;Nord-Est;PRO;;;A;secret;secret;;;;17X100A100A00028;BRIGNAIS
GRDF;2024;G;690270105;Ouest;ENT;01;Culture et production animale, chasse et services annexes;A;327.80483;1;1;;0;17X100A100A00028;BRIGNAIS
GRDF;2024;G;690430101;Zone Centrale;PRO;;;A;secret;secret;;;;17X100A100A00028;CHAPONOST
GRDF;2024;G;692700000;Chaponnay (commune non irisée);PRO;;;A;secret;secret;;;;17X100A100A00028;CHAPONNAY
GRDF;2024;G;692720000;Communay (commune non irisée);PRO;;;A;secret;secret;;;;17X100A100A00028;COMMUNAY
GRDF;2024;G;692810000;Marennes (commune non irisée);ENT;01;Culture et production animale, chasse et services annexes;A;36.75534;1;1;;0;17X100A100A00028;MARENNES
GRDF;2024;G;692940000;Sérézin-du-Rhône (commune non irisée);PRO;;;A;secret;secret;;;;17X100A100A00028;SEREZIN DU RHONE
GRDF;2024;G;692970000;Ternay (commune non irisée);PRO;;;A;secret;secret;;;;17X100A100A00028;TERNAY
GRDF;2024;G;731510000;Porte-de-Savoie (commune non irisée);PRO;;;A;secret;secret;;;;17X100A100A00028;PORTE DE SAVOIE
GRDF;2024;G;731590000;Les Mollettes (commune non irisée);PRO;;;A;113.77556;1;0;;0;17X100A100A00028;MOLLETTES
GRDF;2024;G;732150000;Valgelon-La Rochette (commune non irisée);PRO;;;A;82.145;1;1;;0;17X100A100A00028;VALGELON LA ROCHETTE
GRDF;2024;G;732700000;Saint-Pierre-d'Albigny (commune non irisée);PRO;;;A;57.82386;2;1;;0;17X100A100A00028;SAINT PIERRE D ALBIGNY
GRDF;2024;G;730080101;Centre Ville-Nord;PRO;;;A;secret;secret;;;;17X100A100A00028;AIX LES BAINS
GRDF;2024;G;730080202;Rondeau-Bord du Lac;PRO;;;A;secret;secret;;;;17X100A100A00028;AIX LES BAINS
GRDF;2024;G;730080401;Tir aux Pigeons;PRO;;;A;secret;secret;;;;17X100A100A00028;AIX LES BAINS
GRDF;2024;G;730080401;Tir aux Pigeons;ENT;01;Culture et production animale, chasse et services annexes;A;167.26871;1;1;;0;17X100A100A00028;AIX LES BAINS
GRDF;2024;G;730080401;Tir aux Pigeons;ENT;;;A;168.0735;1;1;;0;17X100A100A00028;AIX LES BAINS
GRDF;2024;G;730100000;Entrelacs (commune non irisée);ENT;01;Culture et production animale, chasse et services annexes;A;158.7654;1;1;;0;17X100A100A00028;ENTRELACS
GRDF;2024;G;731030000;Drumettaz-Clarafond (commune non irisée);PRO;;;A;secret;secret;;;;17X100A100A00028;DRUMETTAZ CLARAFOND
GRDF;2024;G;733000000;Tresserve (commune non irisée);PRO;;;A;secret;secret;;;;17X100A100A00028;TRESSERVE
GRDF;2024;G;733280000;Viviers-du-Lac (commune non irisée);PRO;;;A;secret;secret;;;;17X100A100A00028;VIVIERS DU LAC
GRDF;2024;G;733290000;Voglans (commune non irisée);PRO;;;A;189.95569;2;1;;0;17X100A100A00028;VOGLANS
GRDF;2024;G;730110101;Conflans;ENT;01;Culture et production animale, chasse et services annexes;A;503.03731;1;1;;0;17X100A100A00028;ALBERTVILLE
GRDF;2024;G;730110103;Saint-Sigismond;PRO;;;A;secret;secret;;;;17X100A100A00028;ALBERTVILLE
GRDF;2024;G;730110106;Plaine d'Albertville;PRO;;;A;secret;secret;;;;17X100A100A00028;ALBERTVILLE
GRDF;2024;G;730320000;La Bâthie (commune non irisée);PRO;;;A;secret;secret;;;;17X100A100A00028;BATHIE
GRDF;2024;G;731300000;Grignon (commune non irisée);PRO;;;A;secret;secret;;;;17X100A100A00028;GRIGNON
GRDF;2024;G;732980000;Tours-en-Savoie (commune non irisée);PRO;;;A;334.46229;1;0.225368157348919;;0;17X100A100A00028;TOURS EN SAVOIE
GRDF;2024;G;733030103;Hameaux et Héry-Ugine;PRO;;;A;secret;secret;;;;17X100A100A00028;UGINE
GRDF;2024;G;730310000;Bassens (commune non irisée);ENT;01;Culture et production animale, chasse et services annexes;A;341.10726;1;1;;0;17X100A100A00028;BASSENS
GRDF;2024;G;730640000;Challes-les-Eaux (commune non irisée);PRO;;;A;secret;secret;;;;17X100A100A00028;CHALLES LES EAUX
GRDF;2024;G;730650301;Stade 1;PRO;;;A;58.19779;1;1;;0;17X100A100A00028;CHAMBERY
GRDF;2024;G;730650303;Stade 3;PRO;;;A;210.1668;2;1;;0;17X100A100A00028;CHAMBERY
GRDF;2024;G;730870101;Nord;PRO;;;A;secret;secret;;;;17X100A100A00028;COGNIN
GRDF;2024;G;730870102;Sud;PRO;;;A;secret;secret;;;;17X100A100A00028;COGNIN
GRDF;2024;G;732130103;Ouest;PRO;;;A;secret;secret;;;;17X100A100A00028;RAVOIRE
GRDF;2024;G;732220102;Nord;PRO;;;A;secret;secret;;;;17X100A100A00028;SAINT ALBAN LEYSSE
GRDF;2024;G;732490000;Saint-Jeoire-Prieuré (commune non irisée);PRO;;;A;secret;secret;;;;17X100A100A00028;SAINT JEOIRE PRIEURE
GRDF;2024;G;732480102;Centre Ville;PRO;;;A;149.03101;1;1;;0;17X100A100A00028;SAINT JEAN DE MAURIENNE
GRDF;2024;G;732240000;Saint-Avre (commune non irisée);PRO;;;A;131.96964;1;1;;0;17X100A100A00028;SAINT AVRE
GRDF;2024;G;732040000;Le Pont-de-Beauvoisin (commune non irisée);PRO;;;A;152.74203;1;1;;0;17X100A100A00028;PONT DE BEAUVOISIN
GRDF;2024;G;732120000;Val-d'Arc (commune non irisée);PRO;;;A;72.06209;1;0;;0;17X100A100A00028;VAL D ARC
GRDF;2024;G;740870000;Contamine-sur-Arve (commune non irisée);PRO;;;A;105.01125;1;1;;0;17X100A100A00028;CONTAMINE SUR ARVE
GRDF;2024;G;741640101;Sud;PRO;;;A;237.93071;1;0;;0;17X100A100A00028;MARIGNIER
GRDF;2024;G;740080101;Ouest;PRO;;;A;secret;secret;;;;17X100A100A00028;AMBILLY
GRDF;2024;G;74012XXXX;Iris fictif de la commune Annemasse;PRO;;;A;secret;secret;;;;17X100A100A00028;ANNEMASSE
GRDF;2024;G;740120301;Romagny;PRO;;;A;59.23761;1;1;;0;17X100A100A00028;ANNEMASSE
GRDF;2024;G;740120501;Vernand;PRO;;;A;108.58075;2;0.605352790434768;;0;17X100A100A00028;ANNEMASSE
GRDF;2024;G;740940000;Cranves-Sales (commune non irisée);PRO;;;A;secret;secret;;;;17X100A100A00028;CRANVES SALES
GRDF;2024;G;741330101;Les Terreaux-Vernaz;PRO;;;A;secret;secret;;;;17X100A100A00028;GAILLARD
GRDF;2024;G;741330101;Les Terreaux-Vernaz;ENT;01;Culture et production animale, chasse et services annexes;A;176.66934;1;1;;0;17X100A100A00028;GAILLARD
GRDF;2024;G;741330102;Centre;PRO;;;A;secret;secret;;;;17X100A100A00028;GAILLARD
GRDF;2024;G;741330103;Moëllesulaz-Pont Noir;PRO;;;A;70.53074;1;0;;0;17X100A100A00028;GAILLARD
GRDF;2024;G;741330104;Plaine et Châtelet;PRO;;;A;498.2557;4;0.536979888037407;;0;17X100A100A00028;GAILLARD
GRDF;2024;G;741330104;Plaine et Châtelet;ENT;01;Culture et production animale, chasse et services annexes;A;7544.15827;5;1;;0;17X100A100A00028;GAILLARD
GRDF;2024;G;742980101;Nord;PRO;;;A;170.30403;1;1;;0;17X100A100A00028;VETRAZ MONTHOUX
GRDF;2024;G;740560101;Les Bossons-Les Moussoux;PRO;;;A;309.95045;2;0.712691948019433;;0;17X100A100A00028;CHAMONIX MONT BLANC
GRDF;2024;G;740560103;Chamonix Sud Bois du Bouchet;PRO;;;A;73.69871;1;1;;0;17X100A100A00028;CHAMONIX MONT BLANC
GRDF;2024;G;740140000;Arâches-la-Frasse (commune non irisée);PRO;;;A;secret;secret;;;;17X100A100A00028;ARACHES LA FRASSE
GRDF;2024;G;740810102;La Serdagne Est;ENT;01;Culture et production animale, chasse et services annexes;A;138.80367;1;1;;0;17X100A100A00028;CLUSES
GRDF;2024;G;740810401;Centre Ville;PRO;;;A;78.91127;1;1;;0;17X100A100A00028;CLUSES
GRDF;2024;G;740100402;Salomons;PRO;;;A;secret;secret;;;;17X100A100A00028;ANNECY
GRDF;2024;G;740100503;Genève;PRO;;;A;secret;secret;;;;17X100A100A00028;ANNECY
GRDF;2024;G;740100801;Clarines;PRO;;;A;secret;secret;;;;17X100A100A00028;ANNECY
GRDF;2024;G;740100902;Lachat;PRO;;;A;secret;secret;;;;17X100A100A00028;ANNECY
GRDF;2024;G;740100903;Mont-Veyrier;PRO;;;A;secret;secret;;;;17X100A100A00028;ANNECY
GRDF;2024;G;740101002;Le Vernay;PRO;;;A;secret;secret;;;;17X100A100A00028;ANNECY
GRDF;2024;G;740101504;Croix Rouge-Césière;PRO;;;A;secret;secret;;;;17X100A100A00028;ANNECY
GRDF;2024;G;740190000;Argonay (commune non irisée);PRO;;;A;secret;secret;;;;17X100A100A00028;ARGONAY
GRDF;2024;G;741120000;Epagny Metz-Tessy (commune non irisée);PRO;;;A;secret;secret;;;;17X100A100A00028;EPAGNY METZ TESSY
GRDF;2024;G;742130101;Centre;PRO;;;A;secret;secret;;;;17X100A100A00028;POISY
GRDF;2024;G;740430000;Bons-en-Chablais (commune non irisée);PRO;;;A;secret;secret;;;;17X100A100A00028;BONS EN CHABLAIS
GRDF;2024;G;741630000;Margencel (commune non irisée);PRO;;;A;secret;secret;;;;17X100A100A00028;MARGENCEL
GRDF;2024;G;742630000;Sciez (commune non irisée);PRO;;;A;secret;secret;;;;17X100A100A00028;SCIEZ
GRDF;2024;G;742810102;Rives-Concise;PRO;;;A;104.30331;2;1;;0;17X100A100A00028;THONON LES BAINS
GRDF;2024;G;742810103;Ripaille-Vongy;PRO;;;A;secret;secret;;;;17X100A100A00028;THONON LES BAINS
GRDF;2024;G;742810104;Tully-Châtelard;PRO;;;A;54.45953;1;1;;0;17X100A100A00028;THONON LES BAINS
GRDF;2024;G;742810201;Centre Ville Ouest;PRO;;;A;secret;secret;;;;17X100A100A00028;THONON LES BAINS
GRDF;2024;G;742810203;Corzent-Marclaz;PRO;;;A;50.16518;2;1;;0;17X100A100A00028;THONON LES BAINS
GRDF;2024;G;742810204;Collonges;PRO;;;A;secret;secret;;;;17X100A100A00028;THONON LES BAINS
GRDF;2024;G;742930000;Veigy-Foncenex (commune non irisée);PRO;;;A;secret;secret;;;;17X100A100A00028;VEIGY FONCENEX
GRDF;2024;G;741190101;Bord du Lac;PRO;;;A;80.99764;1;0;;0;17X100A100A00028;EVIAN LES BAINS
GRDF;2024;G;741270000;Féternes (commune non irisée);PRO;;;A;secret;secret;;;;17X100A100A00028;FETERNES
GRDF;2024;G;741540000;Lugrin (commune non irisée);PRO;;;A;69.2068;2;1;;0;17X100A100A00028;LUGRIN
GRDF;2024;G;741660000;Marin (commune non irisée);PRO;;;A;103.01321;1;1;;0;17X100A100A00028;MARIN
GRDF;2024;G;742000000;Neuvecelle (commune non irisée);PRO;;;A;secret;secret;;;;17X100A100A00028;NEUVECELLE
GRDF;2024;G;742180000;Publier (commune non irisée);PRO;;;A;170.82847;1;1;;0;17X100A100A00028;PUBLIER
GRDF;2024;G;742490000;Saint-Paul-en-Chablais (commune non irisée);PRO;;;A;96.04118;1;1;;0;17X100A100A00028;SAINT PAUL EN CHABLAIS
GRDF;2024;G;740960000;Cruseilles (commune non irisée);PRO;;;A;secret;secret;;;;17X100A100A00028;CRUSEILLES
GRDF;2024;G;740210000;Arthaz-Pont-Notre-Dame (commune non irisée);PRO;;;A;secret;secret;;;;17X100A100A00028;ARTHAZ PONT NOTRE DAME
GRDF;2024;G;741850000;Monnetier-Mornex (commune non irisée);PRO;;;A;secret;secret;;;;17X100A100A00028;MONNETIER MORNEX
GRDF;2024;G;742200101;Nord;ENT;01;Culture et production animale, chasse et services annexes;A;434.57805;1;1;;0;17X100A100A00028;REIGNIER ESERY
GRDF;2024;G;742200102;Sud;PRO;;;A;secret;secret;;;;17X100A100A00028;REIGNIER ESERY
GRDF;2024;G;740310000;Beaumont (commune non irisée);PRO;;;A;secret;secret;;;;17X100A100A00028;BEAUMONT
GRDF;2024;G;740440000;Bossey (commune non irisée);PRO;;;A;52.75656;1;0;;0;17X100A100A00028;BOSSEY
GRDF;2024;G;740820000;Collonges-sous-Salève (commune non irisée);PRO;;;A;142.05334;1;1;;0;17X100A100A00028;COLLONGES SOUS SALEVE
GRDF;2024;G;742010000;Neydens (commune non irisée);PRO;;;A;secret;secret;;;;17X100A100A00028;NEYDENS
GRDF;2024;G;742010000;Neydens (commune non irisée);ENT;01;Culture et production animale, chasse et services annexes;A;105.72512;1;1;;0;17X100A100A00028;NEYDENS
GRDF;2024;G;742160000;Présilly (commune non irisée);PRO;;;A;secret;secret;;;;17X100A100A00028;PRESILLY
GRDF;2024;G;742430102;Nord-Est;ENT;01;Culture et production animale, chasse et services annexes;A;230.59733;1;1;;0;17X100A100A00028;SAINT JULIEN EN GENEVOIS
GRDF;2024;G;740070000;Amancy (commune non irisée);PRO;;;A;secret;secret;;;;17X100A100A00028;AMANCY
GRDF;2024;G;742240101;Sud;PRO;;;A;secret;secret;;;;17X100A100A00028;ROCHE SUR FORON
GRDF;2024;G;742240102;Centre;PRO;;;A;77.38928;1;0;;0;17X100A100A00028;ROCHE SUR FORON
GRDF;2024;G;742500101;Ouest;PRO;;;A;229.45054;4;0.174131296444105;;0;17X100A100A00028;SAINT PIERRE EN FAUCIGNY
GRDF;2024;G;040940000;Gréoux-les-Bains (commune non irisée);PRO;;;A;secret;secret;;;;17X100A100A00028;GREOUX LES BAINS
GRDF;2024;G;041970000;Sainte-Tulle (commune non irisée);PRO;;;A;secret;secret;;;;17X100A100A00028;SAINTE TULLE
GRDF;2024;G;040700108;Ville Nord;PRO;;;A;65.73738;1;1;;0;17X100A100A00028;DIGNE LES BAINS
GRDF;2024;G;041160000;Les Mées (commune non irisée);PRO;;;A;secret;secret;;;;17X100A100A00028;MEES
GRDF;2024;G;042090102;Les Plantiers-Route de Marseille;PRO;;;A;75.03172;2;1;;0;17X100A100A00028;SISTERON
GRDF;2024;G;042090103;Quartiers Nord-Les Chaumianes-Le Thor;PRO;;;A;56.01262;1;1;;0;17X100A100A00028;SISTERON
GRDF;2024;G;040880000;Forcalquier (commune non irisée);PRO;;;A;secret;secret;;;;17X100A100A00028;FORCALQUIER
GRDF;2024;G;050610104;Périphérie Nord;PRO;;;A;121.584;1;1;;0;17X100A100A00028;GAP
GRDF;2024;G;050610105;La Gare;PRO;;;A;secret;secret;;;;17X100A100A00028;GAP
GRDF;2024;G;050610106;Rochasson Bonneval;PRO;;;A;90.68736;1;1;;0;17X100A100A00028;GAP
GRDF;2024;G;050700000;Laragne-Montéglin (commune non irisée);PRO;;;A;secret;secret;;;;17X100A100A00028;LARAGNE MONTEGLIN
GRDF;2024;G;060270101;Le Centre-Le Haut de Cagnes;PRO;;;A;secret;secret;;;;17X100A100A00028;CAGNES SUR MER
GRDF;2024;G;060270109;Les Vespins;PRO;;;A;secret;secret;;;;17X100A100A00028;CAGNES SUR MER
GRDF;2024;G;060320000;Cap-d'Ail (commune non irisée);PRO;;;A;107.01247;1;1;;0;17X100A100A00028;CAP D AIL
GRDF;2024;G;06033XXXX;Iris fictif de la commune Carros;ENT;01;Culture et production animale, chasse et services annexes;A;383.52684;2;1;;0;17X100A100A00028;CARROS
GRDF;2024;G;060330105;Les Écarts-Village-Plans de Carros;PRO;;;A;secret;secret;;;;17X100A100A00028;CARROS
GRDF;2024;G;060640000;Gattières (commune non irisée);PRO;;;A;101.90178;2;1;;0;17X100A100A00028;GATTIERES
GRDF;2024;G;060880402;Carnot;PRO;;;A;secret;secret;;;;17X100A100A00028;NICE
GRDF;2024;G;060880502;Saint-Jean d'Angély;PRO;;;A;121.28962;1;0;;0;17X100A100A00028;NICE
GRDF;2024;G;060880508;Pierre Semard;PRO;;;A;secret;secret;;;;17X100A100A00028;NICE
GRDF;2024;G;060881004;Cap de Croix;PRO;;;A;103.82817;1;0.319488150470146;;0;17X100A100A00028;NICE
GRDF;2024;G;060882603;Baumettes;PRO;;;A;secret;secret;;;;17X100A100A00028;NICE
GRDF;2024;G;060883201;Fabron-Terron-Archet;PRO;;;A;secret;secret;;;;17X100A100A00028;NICE
GRDF;2024;G;060883301;Lingostière-Saint-Isidore;PRO;;;A;secret;secret;;;;17X100A100A00028;NICE
GRDF;2024;G;060883602;Costière;PRO;;;A;secret;secret;;;;17X100A100A00028;NICE
GRDF;2024;G;061210000;Saint-Jean-Cap-Ferrat (commune non irisée);PRO;;;A;secret;secret;;;;17X100A100A00028;SAINT JEAN CAP FERRAT
GRDF;2024;G;061230110;Tuilière-La Tour-Les Iscles-Les Crottes;ENT;01;Culture et production animale, chasse et services annexes;A;14.94787;1;1;;0;17X100A100A00028;SAINT LAURENT DU VAR
GRDF;2024;G;061230111;Le Grimond-Plateaux Fleuris-Vallière;PRO;;;A;87.13014;1;1;;0;17X100A100A00028;SAINT LAURENT DU VAR
GRDF;2024;G;061590102;Le Port;PRO;;;A;secret;secret;;;;17X100A100A00028;VILLEFRANCHE SUR MER
GRDF;2024;G;060690108;Saint-Claude (canton Sud);PRO;;;A;83.60351;1;1;;0;17X100A100A00028;GRASSE
GRDF;2024;G;060690111;Secteur Sauvegardé;PRO;;;A;secret;secret;;;;17X100A100A00028;GRASSE
GRDF;2024;G;060690113;Les Aspres;PRO;;;A;79.14719;2;0.477796748058901;;0;17X100A100A00028;GRASSE
GRDF;2024;G;061080000;La Roquette-sur-Siagne (commune non irisée);PRO;;;A;106.45693;1;0;;0;17X100A100A00028;ROQUETTE SUR SIAGNE
GRDF;2024;G;061400000;Le Tignet (commune non irisée);PRO;;;A;secret;secret;;;;17X100A100A00028;TIGNET
GRDF;2024;G;060290101;Moure Rouge;PRO;;;A;secret;secret;;;;17X100A100A00028;CANNES
GRDF;2024;G;060290103;La Californie;PRO;;;A;secret;secret;;;;17X100A100A00028;CANNES
GRDF;2024;G;060290111;Croisette-Palm-Beach;PRO;;;A;secret;secret;;;;17X100A100A00028;CANNES
GRDF;2024;G;060290114;Broussailles;PRO;;;A;secret;secret;;;;17X100A100A00028;CANNES
GRDF;2024;G;060290117;Le Vieux Port-Les îles;PRO;;;A;secret;secret;;;;17X100A100A00028;CANNES
GRDF;2024;G;060290122;Font de Veyre;ENT;01;Culture et production animale, chasse et services annexes;A;45.16889;1;1;;0;17X100A100A00028;CANNES
GRDF;2024;G;060300110;Europe;PRO;;;A;secret;secret;;;;17X100A100A00028;CANNET
GRDF;2024;G;060300114;Sainte-Catherine;PRO;;;A;secret;secret;;;;17X100A100A00028;CANNET
GRDF;2024;G;060300116;Vieux Cannet;PRO;;;A;secret;secret;;;;17X100A100A00028;CANNET
GRDF;2024;G;060790109;Les Termes;PRO;;;A;secret;secret;;;;17X100A100A00028;MANDELIEU LA NAPOULE
GRDF;2024;G;060830101;Madone-Carnoles;PRO;;;A;secret;secret;;;;17X100A100A00028;MENTON
GRDF;2024;G;060830103;Bioves-Casino;PRO;;;A;58.27848;1;1;;0;17X100A100A00028;MENTON
GRDF;2024;G;060830104;Hôtel de Ville;PRO;;;A;secret;secret;;;;17X100A100A00028;MENTON
GRDF;2024;G;060040101;Les Trois Moulins;PRO;;;A;80.51079;3;0.672760632456842;;0;17X100A100A00028;ANTIBES
GRDF;2024;G;060040105;La Constance-Le Puy;PRO;;;A;secret;secret;;;;17X100A100A00028;ANTIBES
GRDF;2024;G;060040114;Lagare;PRO;;;A;secret;secret;;;;17X100A100A00028;ANTIBES
GRDF;2024;G;060040115;Vieille Ville;PRO;;;A;secret;secret;;;;17X100A100A00028;ANTIBES
GRDF;2024;G;060040122;Saint-Maymes-Lauvert;PRO;;;A;secret;secret;;;;17X100A100A00028;ANTIBES
GRDF;2024;G;060040124;Ponteil;PRO;;;A;65.4908;1;1;;0;17X100A100A00028;ANTIBES
GRDF;2024;G;060440102;Village Centre;PRO;;;A;164.56114;1;1;;0;17X100A100A00028;COLLE SUR LOUP
GRDF;2024;G;061550107;Les Paluds-Lauvert;PRO;;;A;secret;secret;;;;17X100A100A00028;VALLAURIS
GRDF;2024;G;061550109;La Mer-Le Puadon-Cannes Eden;PRO;;;A;secret;secret;;;;17X100A100A00028;VALLAURIS
GRDF;2024;G;061550110;La Maure-Super Cannes;PRO;;;A;secret;secret;;;;17X100A100A00028;VALLAURIS
GRDF;2024;G;061610104;Les Bouches du Loup;PRO;;;A;secret;secret;;;;17X100A100A00028;VILLENEUVE LOUBET
GRDF;2024;G;061610107;Plan;PRO;;;A;secret;secret;;;;17X100A100A00028;VILLENEUVE LOUBET
GRDF;2024;G;060480102;Contes Nord et Hameaux;PRO;;;A;secret;secret;;;;17X100A100A00028;CONTES
GRDF;2024;G;130180000;Cabannes (commune non irisée);ENT;01;Culture et production animale, chasse et services annexes;A;10.069;1;1;;0;17X100A100A00028;CABANNES
GRDF;2024;G;130270101;Ouest;PRO;;;A;secret;secret;;;;17X100A100A00028;CHATEAURENARD
GRDF;2024;G;130270101;Ouest;ENT;01;Culture et production animale, chasse et services annexes;A;191.688;2;1;;0;17X100A100A00028;CHATEAURENARD
GRDF;2024;G;130270102;Nord;ENT;01;Culture et production animale, chasse et services annexes;A;192.311;1;1;;0;17X100A100A00028;CHATEAURENARD
GRDF;2024;G;130270102;Nord;ENT;;;A;158.99209;1;1;;0;17X100A100A00028;CHATEAURENARD
GRDF;2024;G;130270106;Sud;PRO;;;A;216.55109;1;0;;0;17X100A100A00028;CHATEAURENARD
GRDF;2024;G;130270106;Sud;ENT;01;Culture et production animale, chasse et services annexes;A;6043.99722;3;1;;0;17X100A100A00028;CHATEAURENARD
GRDF;2024;G;130360000;Eyragues (commune non irisée);PRO;;;A;secret;secret;;;;17X100A100A00028;EYRAGUES
GRDF;2024;G;130360000;Eyragues (commune non irisée);ENT;01;Culture et production animale, chasse et services annexes;A;5317.17903;11;1;;0;17X100A100A00028;EYRAGUES
GRDF;2024;G;130360000;Eyragues (commune non irisée);ENT;;;A;212.19022;1;1;;0;17X100A100A00028;EYRAGUES
GRDF;2024;G;130520000;Maillane (commune non irisée);ENT;01;Culture et production animale, chasse et services annexes;A;3528.63578;2;1;;0;17X100A100A00028;MAILLANE
GRDF;2024;G;130760000;Plan-d'Orgon (commune non irisée);PRO;;;A;secret;secret;;;;17X100A100A00028;PLAN D ORGON
GRDF;2024;G;130830000;Rognonas (commune non irisée);PRO;;;A;secret;secret;;;;17X100A100A00028;ROGNONAS
GRDF;2024;G;130830000;Rognonas (commune non irisée);ENT;01;Culture et production animale, chasse et services annexes;A;4412.08053;5;1;;0;17X100A100A00028;ROGNONAS
GRDF;2024;G;130010101;Mazarin;PRO;;;A;59.28839;1;1;;0;17X100A100A00028;AIX EN PROVENCE
GRDF;2024;G;130010304;Val Saint-André;PRO;;;A;secret;secret;;;;17X100A100A00028;AIX EN PROVENCE
GRDF;2024;G;130010401;La Torse;PRO;;;A;secret;secret;;;;17X100A100A00028;AIX EN PROVENCE
GRDF;2024;G;130010901;Pont de l'Arc-La Parade;PRO;;;A;122.57909;1;1;;0;17X100A100A00028;AIX EN PROVENCE
GRDF;2024;G;130050101;Beaumond;PRO;;;A;secret;secret;;;;17X100A100A00028;AUBAGNE
GRDF;2024;G;130050302;Ceinture Est;PRO;;;A;102.68593;1;1;;0;17X100A100A00028;AUBAGNE
GRDF;2024;G;130050302;Ceinture Est;ENT;01;Culture et production animale, chasse et services annexes;A;113.199;1;1;;0;17X100A100A00028;AUBAGNE
GRDF;2024;G;13014XXXX;Iris fictif de la commune Berre-l'Étang;ENT;01;Culture et production animale, chasse et services annexes;A;409.61061;2;1;;0;17X100A100A00028;BERRE L ETANG
GRDF;2024;G;130140101;Centre Ville;PRO;;;A;secret;secret;;;;17X100A100A00028;BERRE L ETANG
GRDF;2024;G;130140106;Secteur Rural-Hameaux;PRO;;;A;96.04055;4;1;;0;17X100A100A00028;BERRE L ETANG
GRDF;2024;G;130140106;Secteur Rural-Hameaux;ENT;01;Culture et production animale, chasse et services annexes;A;1758.08523;11;1;;0;17X100A100A00028;BERRE L ETANG
GRDF;2024;G;130150105;Nord;PRO;;;A;secret;secret;;;;17X100A100A00028;BOUC BEL AIR
GRDF;2024;G;130220102;Petite Couronne;PRO;;;A;secret;secret;;;;17X100A100A00028;CASSIS
GRDF;2024;G;130220103;Grande Couronne;PRO;;;A;secret;secret;;;;17X100A100A00028;CASSIS
GRDF;2024;G;130220104;Périphérie;PRO;;;A;secret;secret;;;;17X100A100A00028;CASSIS
GRDF;2024;G;130260101;Plaine Est;PRO;;;A;60.45301;1;1;;0;17X100A100A00028;CHATEAUNEUF LES MARTIGUES
GRDF;2024;G;130280101;Centre Ville;PRO;;;A;secret;secret;;;;17X100A100A00028;CIOTAT
GRDF;2024;G;130280103;Les Calanques;PRO;;;A;174.9132;2;0.064915798235925;;0;17X100A100A00028;CIOTAT
GRDF;2024;G;130320103;Centre Ancien-Cros-Lotins;PRO;;;A;secret;secret;;;;17X100A100A00028;EGUILLES
GRDF;2024;G;130350101;Est;PRO;;;A;secret;secret;;;;17X100A100A00028;EYGUIERES
GRDF;2024;G;130350101;Est;ENT;01;Culture et production animale, chasse et services annexes;A;2600.07822;1;1;;0;17X100A100A00028;EYGUIERES
GRDF;2024;G;130350102;Nord et Ouest;PRO;;;A;secret;secret;;;;17X100A100A00028;EYGUIERES
GRDF;2024;G;130350102;Nord et Ouest;ENT;01;Culture et production animale, chasse et services annexes;A;2857.63715;2;1;;0;17X100A100A00028;EYGUIERES
GRDF;2024;G;130370102;Craus;PRO;;;A;secret;secret;;;;17X100A100A00028;FARE LES OLIVIERS
GRDF;2024;G;130410101;Centre;PRO;;;A;secret;secret;;;;17X100A100A00028;GARDANNE
GRDF;2024;G;130440000;Grans (commune non irisée);PRO;;;A;secret;secret;;;;17X100A100A00028;GRANS
GRDF;2024;G;130470111;Bardin;PRO;;;A;secret;secret;;;;17X100A100A00028;ISTRES
GRDF;2024;G;130470114;Entressen;ENT;01;Culture et production animale, chasse et services annexes;A;40070.4768;2;1;;0;17X100A100A00028;ISTRES
GRDF;2024;G;13051XXXX;Iris fictif de la commune Lançon-Provence;ENT;01;Culture et production animale, chasse et services annexes;A;3135.876;1;1;;0;17X100A100A00028;LANCON PROVENCE
GRDF;2024;G;130510103;Extérieurs-Baisses-Sibourg;PRO;;;A;secret;secret;;;;17X100A100A00028;LANCON PROVENCE
GRDF;2024;G;130530000;Mallemort (commune non irisée);ENT;01;Culture et production animale, chasse et services annexes;A;19432.237;1;1;;0;17X100A100A00028;MALLEMORT
GRDF;2024;G;130590000;Meyrargues (commune non irisée);PRO;;;A;secret;secret;;;;17X100A100A00028;MEYRARGUES
GRDF;2024;G;130630109;Campagne;PRO;;;A;secret;secret;;;;17X100A100A00028;MIRAMAS
GRDF;2024;G;130690103;Sud-Est-Ouest;ENT;01;Culture et production animale, chasse et services annexes;A;721.487;1;1;;0;17X100A100A00028;PELISSANNE
GRDF;2024;G;130690103;Sud-Est-Ouest;ENT;;;A;5187.303;1;1;;0;17X100A100A00028;PELISSANNE
GRDF;2024;G;130800000;Le Puy-Sainte-Réparade (commune non irisée);PRO;;;A;secret;secret;;;;17X100A100A00028;PUY SAINTE REPARADE
GRDF;2024;G;130800000;Le Puy-Sainte-Réparade (commune non irisée);ENT;01;Culture et production animale, chasse et services annexes;A;4928.39728;2;1;;0;17X100A100A00028;PUY SAINTE REPARADE
GRDF;2024;G;130860102;Roquevaire Est;PRO;;;A;secret;secret;;;;17X100A100A00028;ROQUEVAIRE
GRDF;2024;G;130860104;Lascours;ENT;01;Culture et production animale, chasse et services annexes;A;30.54651;1;1;;0;17X100A100A00028;ROQUEVAIRE
GRDF;2024;G;131030115;Salon Ouest;ENT;01;Culture et production animale, chasse et services annexes;A;5135.28309;2;1;;0;17X100A100A00028;SALON DE PROVENCE
GRDF;2024;G;13106XXXX;Iris fictif de la commune Septèmes-les-Vallons;PRO;;;A;secret;secret;;;;17X100A100A00028;SEPTEMES LES VALLONS
GRDF;2024;G;131170101;Avenue de Marseille-Liourat;PRO;;;A;secret;secret;;;;17X100A100A00028;VITROLLES
GRDF;2024;G;132070501;Estrangin;PRO;;;A;secret;secret;;;;17X100A100A00028;MARSEILLE 7E ARRONDISSEMENT
GRDF;2024;G;132070702;Corderie;PRO;;;A;53.72715;1;1;;0;17X100A100A00028;MARSEILLE 7E ARRONDISSEMENT
GRDF;2024;G;132080101;Les Vagues;PRO;;;A;75.18564;1;1;;0;17X100A100A00028;MARSEILLE 8E ARRONDISSEMENT
GRDF;2024;G;132080805;Mermoz-Grand Pavois;PRO;;;A;secret;secret;;;;17X100A100A00028;MARSEILLE 8E ARRONDISSEMENT
GRDF;2024;G;132100301;Pont de Vivaux-Icard;PRO;;;A;secret;secret;;;;17X100A100A00028;MARSEILLE 10E ARRONDISSEMENT
GRDF;2024;G;132100602;Mathurin-Timone;PRO;;;A;secret;secret;;;;17X100A100A00028;MARSEILLE 10E ARRONDISSEMENT
GRDF;2024;G;132110301;Les Camoins;PRO;;;A;secret;secret;;;;17X100A100A00028;MARSEILLE 11E ARRONDISSEMENT
GRDF;2024;G;132120101;Mirabelle-Anémones;PRO;;;A;secret;secret;;;;17X100A100A00028;MARSEILLE 12E ARRONDISSEMENT
GRDF;2024;G;132120302;Prés Fleuris;PRO;;;A;secret;secret;;;;17X100A100A00028;MARSEILLE 12E ARRONDISSEMENT
GRDF;2024;G;132120404;Pervenches-Provence-Hopkinson;PRO;;;A;secret;secret;;;;17X100A100A00028;MARSEILLE 12E ARRONDISSEMENT
GRDF;2024;G;132120406;Gasquy-Hugues-Garlaban;ENT;01;Culture et production animale, chasse et services annexes;A;188.80158;2;1;;0;17X100A100A00028;MARSEILLE 12E ARRONDISSEMENT
GRDF;2024;G;132130904;Val d'Azur;PRO;;;A;secret;secret;;;;17X100A100A00028;MARSEILLE 13E ARRONDISSEMENT
GRDF;2024;G;132131003;Lacordaire;PRO;;;A;secret;secret;;;;17X100A100A00028;MARSEILLE 13E ARRONDISSEMENT
GRDF;2024;G;132140601;Fontainieu;PRO;;;A;secret;secret;;;;17X100A100A00028;MARSEILLE 14E ARRONDISSEMENT
GRDF;2024;G;130650000;Mouriès (commune non irisée);PRO;;;A;54.5098;3;0.426526055865183;;0;17X100A100A00028;MOURIES
GRDF;2024;G;130650000;Mouriès (commune non irisée);ENT;01;Culture et production animale, chasse et services annexes;A;27.78477;2;1;;0;17X100A100A00028;MOURIES
GRDF;2024;G;131000101;Centre Ville;PRO;;;A;secret;secret;;;;17X100A100A00028;SAINT REMY DE PROVENCE
GRDF;2024;G;131000102;Ceinture Centre Ville;PRO;;;A;76.47366;1;1;;0;17X100A100A00028;SAINT REMY DE PROVENCE
GRDF;2024;G;131000103;Partie Nord-Est;ENT;01;Culture et production animale, chasse et services annexes;A;4572.94414;2;1;;0;17X100A100A00028;SAINT REMY DE PROVENCE
GRDF;2024;G;131000104;Les Écarts;PRO;;;A;secret;secret;;;;17X100A100A00028;SAINT REMY DE PROVENCE
GRDF;2024;G;131000104;Les Écarts;ENT;01;Culture et production animale, chasse et services annexes;A;137.12831;1;1;;0;17X100A100A00028;SAINT REMY DE PROVENCE
GRDF;2024;G;130040119;Pont de Crau;ENT;01;Culture et production animale, chasse et services annexes;A;911.49158;1;1;;0;17X100A100A00028;ARLES
GRDF;2024;G;130040121;Moulès;ENT;01;Culture et production animale, chasse et services annexes;A;15621.704;2;1;;0;17X100A100A00028;ARLES
GRDF;2024;G;130040121;Moulès;ENT;;;A;8778.897;1;1;;0;17X100A100A00028;ARLES
GRDF;2024;G;130040122;Mas Thibert;ENT;01;Culture et production animale, chasse et services annexes;A;2829.998;1;1;;0;17X100A100A00028;ARLES
GRDF;2024;G;130040123;Camargue Nord;ENT;01;Culture et production animale, chasse et services annexes;A;1103.985;1;1;;0;17X100A100A00028;ARLES
GRDF;2024;G;130970101;Les Bois;ENT;01;Culture et production animale, chasse et services annexes;A;4183.47707;2;1;;0;17X100A100A00028;SAINT MARTIN DE CRAU
GRDF;2024;G;130970102;La Crau;PRO;;;A;56.29291;1;0;;0;17X100A100A00028;SAINT MARTIN DE CRAU
GRDF;2024;G;130970103;Caphan;PRO;;;A;secret;secret;;;;17X100A100A00028;SAINT MARTIN DE CRAU
GRDF;2024;G;131080102;Campagne;ENT;01;Culture et production animale, chasse et services annexes;A;4986.687;1;1;;0;17X100A100A00028;TARASCON
GRDF;2024;G;131080104;Centre Ville Sud et Quartier Marly;PRO;;;A;secret;secret;;;;17X100A100A00028;TARASCON
GRDF;2024;G;831380000;Tourrettes (commune non irisée);PRO;;;A;secret;secret;;;;17X100A100A00028;TOURRETTES
GRDF;2024;G;830710104;Zone Agricole et Boisée;PRO;;;A;secret;secret;;;;17X100A100A00028;LONDE LES MAURES
GRDF;2024;G;830710105;Village;PRO;;;A;secret;secret;;;;17X100A100A00028;LONDE LES MAURES
GRDF;2024;G;830610104;Saint-Lambert;PRO;;;A;secret;secret;;;;17X100A100A00028;FREJUS
GRDF;2024;G;830610112;Tourrache;ENT;01;Culture et production animale, chasse et services annexes;A;3340.81755;1;1;;0;17X100A100A00028;FREJUS
GRDF;2024;G;830610118;Reyran;ENT;01;Culture et production animale, chasse et services annexes;A;3082.25328;2;1;;0;17X100A100A00028;FREJUS
GRDF;2024;G;831180103;Les Arènes Sud-Saint-Exupéry-Centre Ancien;PRO;;;A;secret;secret;;;;17X100A100A00028;SAINT RAPHAEL
GRDF;2024;G;831180108;Les Cazeaux;PRO;;;A;secret;secret;;;;17X100A100A00028;SAINT RAPHAEL
GRDF;2024;G;831450000;Varages (commune non irisée);PRO;;;A;secret;secret;;;;17X100A100A00028;VARAGES
GRDF;2024;G;830230401;Zone d'Activités;ENT;01;Culture et production animale, chasse et services annexes;A;195.59777;1;1;;0;17X100A100A00028;BRIGNOLES
GRDF;2024;G;831160105;Quartier Est;PRO;;;A;secret;secret;;;;17X100A100A00028;SAINT MAXIMIN LA SAINTE BAUME
GRDF;2024;G;830090101;Sud-Ouest;PRO;;;A;secret;secret;;;;17X100A100A00028;BANDOL
GRDF;2024;G;830160101;Centre Ville;PRO;;;A;secret;secret;;;;17X100A100A00028;BEAUSSET
GRDF;2024;G;830540103;Les Mauniers;PRO;;;A;86.26883;1;0;;0;17X100A100A00028;FARLEDE
GRDF;2024;G;830540103;Les Mauniers;ENT;01;Culture et production animale, chasse et services annexes;A;20.92116;1;1;;0;17X100A100A00028;FARLEDE
GRDF;2024;G;830340103;Hauteurs de Carqueiranne;PRO;;;A;secret;secret;;;;17X100A100A00028;CARQUEIRANNE
GRDF;2024;G;830470101;Les Terres;PRO;;;A;secret;secret;;;;17X100A100A00028;CRAU
GRDF;2024;G;830470104;L'Entre Deux;PRO;;;A;98.42387;3;0.999901446671422;;0;17X100A100A00028;CRAU
GRDF;2024;G;830470104;L'Entre Deux;ENT;01;Culture et production animale, chasse et services annexes;A;2205.26498;3;1;;0;17X100A100A00028;CRAU
GRDF;2024;G;830620104;Les Plantades-Pierrascas;PRO;;;A;secret;secret;;;;17X100A100A00028;GARDE
GRDF;2024;G;830690102;Olbia;ENT;01;Culture et production animale, chasse et services annexes;A;332.67158;2;1;;0;17X100A100A00028;HYERES
GRDF;2024;G;830690106;Pyanet-Père Éternel;PRO;;;A;444.89648;2;0.986099058369713;;0;17X100A100A00028;HYERES
GRDF;2024;G;830690109;Paradis 2-Ritorte;PRO;;;A;secret;secret;;;;17X100A100A00028;HYERES
GRDF;2024;G;830690110;Riondet;PRO;;;A;secret;secret;;;;17X100A100A00028;HYERES
GRDF;2024;G;830690112;La Bayorre-Hautes Loubes;PRO;;;A;secret;secret;;;;17X100A100A00028;HYERES
GRDF;2024;G;830690112;La Bayorre-Hautes Loubes;ENT;01;Culture et production animale, chasse et services annexes;A;1669.22596;1;1;;0;17X100A100A00028;HYERES
GRDF;2024;G;830690116;Olbius Riquier-Nartettes;PRO;;;A;101.3063;1;0;;0;17X100A100A00028;HYERES
GRDF;2024;G;830690116;Olbius Riquier-Nartettes;ENT;01;Culture et production animale, chasse et services annexes;A;320.52737;1;1;;0;17X100A100A00028;HYERES
GRDF;2024;G;830690117;Les Salins-L'Ayguade;PRO;;;A;51.32988;2;0.146888907591445;;0;17X100A100A00028;HYERES
GRDF;2024;G;830690117;Les Salins-L'Ayguade;ENT;01;Culture et production animale, chasse et services annexes;A;1913.16648;2;1;;0;17X100A100A00028;HYERES
GRDF;2024;G;830690122;L'Almanarre;PRO;;;A;secret;secret;;;;17X100A100A00028;HYERES
GRDF;2024;G;830690122;L'Almanarre;ENT;01;Culture et production animale, chasse et services annexes;A;685.20857;3;1;;0;17X100A100A00028;HYERES
GRDF;2024;G;830690126;Les Borrels La Sauvebonne;PRO;;;A;secret;secret;;;;17X100A100A00028;HYERES
GRDF;2024;G;830690126;Les Borrels La Sauvebonne;ENT;01;Culture et production animale, chasse et services annexes;A;3042.62631;3;1;;0;17X100A100A00028;HYERES
GRDF;2024;G;830690127;Zone Saint-Martin;ENT;01;Culture et production animale, chasse et services annexes;A;209.83251;1;1;;0;17X100A100A00028;HYERES
GRDF;2024;G;830690129;Zone du Roubaud;PRO;;;A;secret;secret;;;;17X100A100A00028;HYERES
GRDF;2024;G;830900103;Sud-Est;PRO;;;A;secret;secret;;;;17X100A100A00028;OLLIOULES
GRDF;2024;G;830900104;Ouest;PRO;;;A;secret;secret;;;;17X100A100A00028;OLLIOULES
GRDF;2024;G;830900105;Centre Ouest;PRO;;;A;70.51018;3;1;;0;17X100A100A00028;OLLIOULES
GRDF;2024;G;830980101;Pradet Sud;PRO;;;A;secret;secret;;;;17X100A100A00028;PRADET
GRDF;2024;G;830980103;Pradet Nord;ENT;01;Culture et production animale, chasse et services annexes;A;1052.2495;1;1;;0;17X100A100A00028;PRADET
GRDF;2024;G;831260103;La Lune-Mouissèques;PRO;;;A;secret;secret;;;;17X100A100A00028;SEYNE SUR MER
GRDF;2024;G;831260302;Coste Chaude-Mauvéou;PRO;;;A;101.26439;1;1;;0;17X100A100A00028;SEYNE SUR MER
GRDF;2024;G;831370104;Pont du Las I;PRO;;;A;133.33206;1;1;;0;17X100A100A00028;TOULON
GRDF;2024;G;831370207;Valbertrand;PRO;;;A;secret;secret;;;;17X100A100A00028;TOULON
GRDF;2024;G;831370208;Les Routes I;PRO;;;A;secret;secret;;;;17X100A100A00028;TOULON
GRDF;2024;G;831370801;Aguillon-Petit Bois;PRO;;;A;secret;secret;;;;17X100A100A00028;TOULON
GRDF;2024;G;831370808;La Serinette-Le Cap Brun;PRO;;;A;51.06834;1;1;;0;17X100A100A00028;TOULON
GRDF;2024;G;840190102;Gres de Tousilles;PRO;;;A;secret;secret;;;;17X100A100A00028;BOLLENE
GRDF;2024;G;840190201;Bollène Est;PRO;;;A;secret;secret;;;;17X100A100A00028;BOLLENE
GRDF;2024;G;840190202;Bollène Nord;PRO;;;A;secret;secret;;;;17X100A100A00028;BOLLENE
GRDF;2024;G;840350303;Les Banquets-Vautes;PRO;;;A;secret;secret;;;;17X100A100A00028;CAVAILLON
GRDF;2024;G;840350303;Les Banquets-Vautes;ENT;01;Culture et production animale, chasse et services annexes;A;7.47854;1;1;;0;17X100A100A00028;CAVAILLON
GRDF;2024;G;840990000;Robion (commune non irisée);PRO;;;A;secret;secret;;;;17X100A100A00028;ROBION
GRDF;2024;G;840030201;Nord;PRO;;;A;secret;secret;;;;17X100A100A00028;APT
GRDF;2024;G;840470000;Gargas (commune non irisée);PRO;;;A;secret;secret;;;;17X100A100A00028;GARGAS
GRDF;2024;G;841380102;Ouest;PRO;;;A;77.25699;2;0.0443781203487218;;0;17X100A100A00028;VALREAS
GRDF;2024;G;841380103;Sud;PRO;;;A;secret;secret;;;;17X100A100A00028;VALREAS
GRDF;2024;G;841380104;Est;PRO;;;A;secret;secret;;;;17X100A100A00028;VALREAS
GRDF;2024;G;84089XXXX;Iris fictif de la commune Pertuis;PRO;;;A;secret;secret;;;;17X100A100A00028;PERTUIS
GRDF;2024;G;840890203;Plaines;ENT;01;Culture et production animale, chasse et services annexes;A;384.50075;1;1;;0;17X100A100A00028;PERTUIS
GRDF;2024;G;840310101;Zone Rurale Nord;ENT;01;Culture et production animale, chasse et services annexes;A;52.10393;1;1;;0;17X100A100A00028;CARPENTRAS
GRDF;2024;G;840310102;Zone d'Activités Carpensud;PRO;;;A;secret;secret;;;;17X100A100A00028;CARPENTRAS
GRDF;2024;G;840310102;Zone d'Activités Carpensud;ENT;01;Culture et production animale, chasse et services annexes;A;144.4646;2;1;;0;17X100A100A00028;CARPENTRAS
GRDF;2024;G;840310109;Amandiers;PRO;;;A;secret;secret;;;;17X100A100A00028;CARPENTRAS
GRDF;2024;G;841220101;Le Village;PRO;;;A;secret;secret;;;;17X100A100A00028;SARRIANS
GRDF;2024;G;841220101;Le Village;ENT;01;Culture et production animale, chasse et services annexes;A;2046.74984;1;1;;0;17X100A100A00028;SARRIANS
GRDF;2024;G;841220102;Extérieur;ENT;01;Culture et production animale, chasse et services annexes;A;173.38;2;1;;0;17X100A100A00028;SARRIANS
GRDF;2024;G;841220102;Extérieur;ENT;;;A;3857.1433;1;1;;0;17X100A100A00028;SARRIANS
GRDF;2024;G;840390101;Le Centre;PRO;;;A;secret;secret;;;;17X100A100A00028;COURTHEZON
GRDF;2024;G;840390102;La Plaine;PRO;;;A;secret;secret;;;;17X100A100A00028;COURTHEZON
GRDF;2024;G;840870101;Fourchevieilles;PRO;;;A;secret;secret;;;;17X100A100A00028;ORANGE
GRDF;2024;G;840870105;Marquis-Baron-Les Veyrières;PRO;;;A;secret;secret;;;;17X100A100A00028;ORANGE
GRDF;2024;G;840870302;Gironde-Cabrières-Boisfeuillet-Lampourde;PRO;;;A;secret;secret;;;;17X100A100A00028;ORANGE
GRDF;2024;G;840870302;Gironde-Cabrières-Boisfeuillet-Lampourde;ENT;01;Culture et production animale, chasse et services annexes;A;715.14406;1;1;;0;17X100A100A00028;ORANGE
GRDF;2024;G;840070102;Montfavet Banlieue;ENT;;;A;251.45435;1;1;;0;17X100A100A00028;AVIGNON
GRDF;2024;G;840070105;Durance-Cantarel;ENT;01;Culture et production animale, chasse et services annexes;A;9763.75;2;1;;0;17X100A100A00028;AVIGNON
GRDF;2024;G;840070106;Durance-Baigne-Pieds-Hôpital;PRO;;;A;secret;secret;;;;17X100A100A00028;AVIGNON
GRDF;2024;G;840070109;La Balance-Raspail;PRO;;;A;secret;secret;;;;17X100A100A00028;AVIGNON
GRDF;2024;G;840070113;Carmes-Infirmières-Thiers;PRO;;;A;secret;secret;;;;17X100A100A00028;AVIGNON
GRDF;2024;G;840550000;Jonquerettes (commune non irisée);PRO;;;A;secret;secret;;;;17X100A100A00028;JONQUERETTES
GRDF;2024;G;840160101;Village;PRO;;;A;secret;secret;;;;17X100A100A00028;BEDARRIDES
GRDF;2024;G;840800102;Sud-Ouest;ENT;01;Culture et production animale, chasse et services annexes;A;5479.61418;5;1;;0;17X100A100A00028;MONTEUX
GRDF;2024;G;840880101;Secteur Ouest;PRO;;;A;secret;secret;;;;17X100A100A00028;PERNES LES FONTAINES
GRDF;2024;G;840880101;Secteur Ouest;ENT;01;Culture et production animale, chasse et services annexes;A;6242.346;3;1;;0;17X100A100A00028;PERNES LES FONTAINES
GRDF;2024;G;840880102;Secteur Nord;PRO;;;A;secret;secret;;;;17X100A100A00028;PERNES LES FONTAINES
GRDF;2024;G;840880103;Secteur Est;PRO;;;A;secret;secret;;;;17X100A100A00028;PERNES LES FONTAINES
GRDF;2024;G;840540101;La Ville;PRO;;;A;secret;secret;;;;17X100A100A00028;ISLE SUR LA SORGUE
GRDF;2024;G;840540103;Velorgues-Petit Palais;PRO;;;A;secret;secret;;;;17X100A100A00028;ISLE SUR LA SORGUE
GRDF;2024;G;840540103;Velorgues-Petit Palais;ENT;01;Culture et production animale, chasse et services annexes;A;12.059;2;1;;0;17X100A100A00028;ISLE SUR LA SORGUE
GRDF;2024;G;841320101;Nord;ENT;01;Culture et production animale, chasse et services annexes;A;7881.826;1;1;;0;17X100A100A00028;THOR
GRDF;2024;G;840280000;Cairanne (commune non irisée);PRO;;;A;secret;secret;;;;17X100A100A00028;CAIRANNE
GRDF;2024;G;440700000;La Haie-Fouassière (commune non irisée);PRO;;;A;secret;secret;;;;17X100A100A00028;HAIE FOUASSIERE
GRDF;2024;G;440710000;Haute-Goulaine (commune non irisée);PRO;;;A;secret;secret;;;;17X100A100A00028;HAUTE GOULAINE
GRDF;2024;G;440710000;Haute-Goulaine (commune non irisée);ENT;01;Culture et production animale, chasse et services annexes;A;9185.24;4;1;;0;17X100A100A00028;HAUTE GOULAINE
GRDF;2024;G;441270000;La Planche (commune non irisée);ENT;01;Culture et production animale, chasse et services annexes;A;245.90185;2;1;;0;17X100A100A00028;PLANCHE
GRDF;2024;G;441730000;Saint-Lumine-de-Clisson (commune non irisée);PRO;;;A;secret;secret;;;;17X100A100A00028;SAINT LUMINE DE CLISSON
GRDF;2024;G;440290101;La Vallée;PRO;;;A;52.93877;2;0.789677584122184;;0;17X100A100A00028;DIVATTE SUR LOIRE
GRDF;2024;G;440790000;Le Landreau (commune non irisée);PRO;;;A;secret;secret;;;;17X100A100A00028;LANDREAU
GRDF;2024;G;440840000;Le Loroux-Bottereau (commune non irisée);PRO;;;A;secret;secret;;;;17X100A100A00028;LOROUX BOTTEREAU
GRDF;2024;G;441690102;La Vallée;PRO;;;A;172.61108;4;1;;0;17X100A100A00028;SAINT JULIEN DE CONCELLES
GRDF;2024;G;441690102;La Vallée;ENT;01;Culture et production animale, chasse et services annexes;A;57843.185;3;1;;0;17X100A100A00028;SAINT JULIEN DE CONCELLES
GRDF;2024;G;441690103;Les Champs;PRO;;;A;100.27508;3;0.523845306331343;;0;17X100A100A00028;SAINT JULIEN DE CONCELLES
GRDF;2024;G;441690103;Les Champs;ENT;01;Culture et production animale, chasse et services annexes;A;0.011;1;1;;0;17X100A100A00028;SAINT JULIEN DE CONCELLES
GRDF;2024;G;440360102;Ville aux Roses;PRO;;;A;secret;secret;;;;17X100A100A00028;CHATEAUBRIANT
GRDF;2024;G;440510000;Derval (commune non irisée);PRO;;;A;60.33794;1;1;;0;17X100A100A00028;DERVAL
GRDF;2024;G;440890000;Malville (commune non irisée);PRO;;;A;secret;secret;;;;17X100A100A00028;MALVILLE
GRDF;2024;G;441580101;Sillon;PRO;;;A;secret;secret;;;;17X100A100A00028;SAINT ETIENNE DE MONTLUC
GRDF;2024;G;440090103;Sud-Est;PRO;;;A;secret;secret;;;;17X100A100A00028;BASSE GOULAINE
GRDF;2024;G;440090103;Sud-Est;ENT;01;Culture et production animale, chasse et services annexes;A;1902.70592;2;1;;0;17X100A100A00028;BASSE GOULAINE
GRDF;2024;G;440180101;Le Centre;PRO;;;A;secret;secret;;;;17X100A100A00028;BOUAYE
GRDF;2024;G;440260108;Carquefou Est-Hors Agglomération;PRO;;;A;secret;secret;;;;17X100A100A00028;CARQUEFOU
GRDF;2024;G;440470101;Hôtel de ville;PRO;;;A;secret;secret;;;;17X100A100A00028;COUERON
GRDF;2024;G;440470202;Erdurière;PRO;;;A;secret;secret;;;;17X100A100A00028;COUERON
GRDF;2024;G;441090101;Dobrée-Bon Port;PRO;;;A;secret;secret;;;;17X100A100A00028;NANTES
GRDF;2024;G;441090109;Champ de Mars;PRO;;;A;secret;secret;;;;17X100A100A00028;NANTES
GRDF;2024;G;441090311;Gare Maritime;PRO;;;A;secret;secret;;;;17X100A100A00028;NANTES
GRDF;2024;G;441090602;République-Les Ponts;PRO;;;A;secret;secret;;;;17X100A100A00028;NANTES
GRDF;2024;G;441090901;Plessis Tison;PRO;;;A;secret;secret;;;;17X100A100A00028;NANTES
GRDF;2024;G;441091001;Mairie de Doulon;PRO;;;A;secret;secret;;;;17X100A100A00028;NANTES
GRDF;2024;G;441140104;Bourg nord;ENT;01;Culture et production animale, chasse et services annexes;A;32243.021;1;1;;0;17X100A100A00028;ORVAULT
GRDF;2024;G;441140112;Z.A. Grand Val;PRO;;;A;secret;secret;;;;17X100A100A00028;ORVAULT
GRDF;2024;G;441200000;Le Pellerin (commune non irisée);PRO;;;A;secret;secret;;;;17X100A100A00028;PELLERIN
GRDF;2024;G;441430302;Saint-Paul;PRO;;;A;secret;secret;;;;17X100A100A00028;REZE
GRDF;2024;G;441620501;Harlière Nord;PRO;;;A;secret;secret;;;;17X100A100A00028;SAINT HERBLAIN
GRDF;2024;G;441660102;Télindière-Surchaud-Prunière-Boiseau Sud;PRO;;;A;185.27146;1;1;;0;17X100A100A00028;SAINT JEAN DE BOISEAU
GRDF;2024;G;441940102;Ouest;PRO;;;A;secret;secret;;;;17X100A100A00028;SAUTRON
GRDF;2024;G;441980102;Sud;PRO;;;A;secret;secret;;;;17X100A100A00028;SORINIERES
GRDF;2024;G;440140000;Le Bignon (commune non irisée);PRO;;;A;secret;secret;;;;17X100A100A00028;BIGNON
GRDF;2024;G;440140000;Le Bignon (commune non irisée);ENT;01;Culture et production animale, chasse et services annexes;A;3517.54239;1;1;;0;17X100A100A00028;BIGNON
GRDF;2024;G;440410101;Bourg;PRO;;;A;269.47096;1;0;;0;17X100A100A00028;CHEVROLIERE
GRDF;2024;G;441880101;Nord Boulogne-Nord Bourg;PRO;;;A;71.88321;3;0.893398750556632;;0;17X100A100A00028;SAINT PHILBERT DE GRAND LIEU
GRDF;2024;G;441130000;Nozay (commune non irisée);PRO;;;A;secret;secret;;;;17X100A100A00028;NOZAY
GRDF;2024;G;441130000;Nozay (commune non irisée);ENT;02;Sylviculture et exploitation forestière;A;1.22971;1;1;;0;17X100A100A00028;NOZAY
GRDF;2024;G;440030101;Zones d'Activités-Campagne;PRO;;;A;211.10772;1;1;;0;17X100A100A00028;ANCENIS SAINT GEREON
GRDF;2024;G;440030103;Voie Ferrée-Lotissements;PRO;;;A;secret;secret;;;;17X100A100A00028;ANCENIS SAINT GEREON
GRDF;2024;G;440960000;Mésanger (commune non irisée);PRO;;;A;secret;secret;;;;17X100A100A00028;MESANGER
GRDF;2024;G;442130000;Loireauxence (commune non irisée);ENT;01;Culture et production animale, chasse et services annexes;A;740.94736;1;1;;0;17X100A100A00028;LOIREAUXENCE
GRDF;2024;G;441870000;Saint-Père-en-Retz (commune non irisée);PRO;;;A;secret;secret;;;;17X100A100A00028;SAINT PERE EN RETZ
GRDF;2024;G;440550101;La Baule les Pins;PRO;;;A;secret;secret;;;;17X100A100A00028;BAULE ESCOUBLAC
GRDF;2024;G;440550104;Beslon;PRO;;;A;secret;secret;;;;17X100A100A00028;BAULE ESCOUBLAC
GRDF;2024;G;440690104;Z.A. Villejames;PRO;;;A;secret;secret;;;;17X100A100A00028;GUERANDE
GRDF;2024;G;440690106;Le Marais;ENT;01;Culture et production animale, chasse et services annexes;A;1750.35831;1;1;;0;17X100A100A00028;GUERANDE
GRDF;2024;G;441250000;Piriac-sur-Mer (commune non irisée);PRO;;;A;secret;secret;;;;17X100A100A00028;PIRIAC SUR MER
GRDF;2024;G;441760000;Saint-Malo-de-Guersac (commune non irisée);PRO;;;A;secret;secret;;;;17X100A100A00028;SAINT MALO DE GUERSAC
GRDF;2024;G;441840111;Gambetta;PRO;;;A;secret;secret;;;;17X100A100A00028;SAINT NAZAIRE
GRDF;2024;G;441840113;Parc Paysager;PRO;;;A;secret;secret;;;;17X100A100A00028;SAINT NAZAIRE
GRDF;2024;G;441840116;Québrais;PRO;;;A;secret;secret;;;;17X100A100A00028;SAINT NAZAIRE
GRDF;2024;G;490920101;Centre Ville;PRO;;;A;secret;secret;;;;17X100A100A00028;CHEMILLE EN ANJOU
GRDF;2024;G;490920102;Astrée-Beauregard;PRO;;;A;secret;secret;;;;17X100A100A00028;CHEMILLE EN ANJOU
GRDF;2024;G;493010207;Saint-André-de-la-Marche;ENT;01;Culture et production animale, chasse et services annexes;A;638.28421;1;1;;0;17X100A100A00028;SEVREMOINE
GRDF;2024;G;491270000;Durtal (commune non irisée);PRO;;;A;secret;secret;;;;17X100A100A00028;DURTAL
GRDF;2024;G;492200000;Morannes sur Sarthe-Daumeray (commune non irisée);PRO;;;A;secret;secret;;;;17X100A100A00028;MORANNES SUR SARTHE DAUMERAY
GRDF;2024;G;493470000;Tiercé (commune non irisée);ENT;01;Culture et production animale, chasse et services annexes;A;1172.12432;6;1;;0;17X100A100A00028;TIERCE
GRDF;2024;G;493470000;Tiercé (commune non irisée);ENT;;;A;662.71153;1;1;;0;17X100A100A00028;TIERCE
GRDF;2024;G;49050XXXX;Iris fictif de la commune Brissac Loire Aubance;PRO;;;A;secret;secret;;;;17X100A100A00028;BRISSAC LOIRE AUBANCE
GRDF;2024;G;490500101;Brissac-Quincé;PRO;;;A;secret;secret;;;;17X100A100A00028;BRISSAC LOIRE AUBANCE
GRDF;2024;G;491670000;Les Garennes sur Loire (commune non irisée);PRO;;;A;secret;secret;;;;17X100A100A00028;GARENNES SUR LOIRE
GRDF;2024;G;490580000;Les Cerqueux (commune non irisée);PRO;;;A;194.01096;2;0.723602419162298;;0;17X100A100A00028;CERQUEUX
GRDF;2024;G;490990401;La Gare;PRO;;;A;secret;secret;;;;17X100A100A00028;CHOLET
GRDF;2024;G;490990602;Les Mauges;PRO;;;A;secret;secret;;;;17X100A100A00028;CHOLET
GRDF;2024;G;490991101;Le Puy Saint-Bonnet;PRO;;;A;secret;secret;;;;17X100A100A00028;CHOLET
GRDF;2024;G;491930000;Le May-sur-Èvre (commune non irisée);ENT;01;Culture et production animale, chasse et services annexes;A;784.88366;2;1;;0;17X100A100A00028;MAY SUR EVRE
GRDF;2024;G;492310000;Nuaillé (commune non irisée);ENT;01;Culture et production animale, chasse et services annexes;A;5530.92749;1;1;;0;17X100A100A00028;NUAILLE
GRDF;2024;G;493320000;La Séguinière (commune non irisée);ENT;01;Culture et production animale, chasse et services annexes;A;2480.05971;2;1;;0;17X100A100A00028;SEGUINIERE
GRDF;2024;G;493430000;La Tessoualle (commune non irisée);PRO;;;A;secret;secret;;;;17X100A100A00028;TESSOUALLE
GRDF;2024;G;493550000;Trémentines (commune non irisée);PRO;;;A;secret;secret;;;;17X100A100A00028;TREMENTINES
GRDF;2024;G;493550000;Trémentines (commune non irisée);ENT;01;Culture et production animale, chasse et services annexes;A;2880.52649;1;1;;0;17X100A100A00028;TREMENTINES
GRDF;2024;G;491760000;Le Lion-d'Angers (commune non irisée);ENT;01;Culture et production animale, chasse et services annexes;A;142.75241;2;1;;0;17X100A100A00028;LION D ANGERS
GRDF;2024;G;490600000;Bellevigne-les-Châteaux (commune non irisée);PRO;;;A;184.10412;5;1;;0;17X100A100A00028;BELLEVIGNE LES CHATEAUX
GRDF;2024;G;491800101;La Couaille;PRO;;;A;secret;secret;;;;17X100A100A00028;LONGUE JUMELLES
GRDF;2024;G;491800102;La Croix Rouge;ENT;01;Culture et production animale, chasse et services annexes;A;328.18359;1;1;;0;17X100A100A00028;LONGUE JUMELLES
GRDF;2024;G;491800102;La Croix Rouge;ENT;;;A;5707.572;1;1;;0;17X100A100A00028;LONGUE JUMELLES
GRDF;2024;G;491800103;La Métairie;ENT;01;Culture et production animale, chasse et services annexes;A;337.7429;1;1;;0;17X100A100A00028;LONGUE JUMELLES
GRDF;2024;G;493280101;Centre Ville-Fenet-Petit Puy;PRO;;;A;secret;secret;;;;17X100A100A00028;SAUMUR
GRDF;2024;G;493280109;Saint-Lambert-des-Levées Centre;PRO;;;A;secret;secret;;;;17X100A100A00028;SAUMUR
GRDF;2024;G;493280109;Saint-Lambert-des-Levées Centre;ENT;01;Culture et production animale, chasse et services annexes;A;353.36173;1;1;;0;17X100A100A00028;SAUMUR
GRDF;2024;G;493280110;Saint-Lambert-des-Levées Nord;ENT;01;Culture et production animale, chasse et services annexes;A;837.66942;2;1;;0;17X100A100A00028;SAUMUR
GRDF;2024;G;493620000;Varrains (commune non irisée);PRO;;;A;274.0926;10;1;;0;17X100A100A00028;VARRAINS
GRDF;2024;G;490070105;Voltaire;PRO;;;A;72.44873;1;0;;0;17X100A100A00028;ANGERS
GRDF;2024;G;490070107;Ralliement;PRO;;;A;secret;secret;;;;17X100A100A00028;ANGERS
GRDF;2024;G;490070202;Besnardières;PRO;;;A;secret;secret;;;;17X100A100A00028;ANGERS
GRDF;2024;G;490070203;Saint-Michel;PRO;;;A;secret;secret;;;;17X100A100A00028;ANGERS
GRDF;2024;G;490070204;Brisepotière;PRO;;;A;secret;secret;;;;17X100A100A00028;ANGERS
GRDF;2024;G;490070405;Fulton;PRO;;;A;secret;secret;;;;17X100A100A00028;ANGERS
GRDF;2024;G;490071201;Chambre aux Deniers;PRO;;;A;secret;secret;;;;17X100A100A00028;ANGERS
GRDF;2024;G;490350103;Bourg La Pointe;PRO;;;A;secret;secret;;;;17X100A100A00028;BOUCHEMAINE
GRDF;2024;G;490480000;Briollay (commune non irisée);PRO;;;A;secret;secret;;;;17X100A100A00028;BRIOLLAY
GRDF;2024;G;492410000;Le Plessis-Grammoire (commune non irisée);ENT;01;Culture et production animale, chasse et services annexes;A;593.19549;1;1;;0;17X100A100A00028;PLESSIS GRAMMOIRE
GRDF;2024;G;492460101;Pouillé-Saint-Aubin;PRO;;;A;secret;secret;;;;17X100A100A00028;PONTS DE CE
GRDF;2024;G;492460101;Pouillé-Saint-Aubin;ENT;01;Culture et production animale, chasse et services annexes;A;6529.19676;5;1;;0;17X100A100A00028;PONTS DE CE
GRDF;2024;G;492460110;La Brosse-Sorges;PRO;;;A;secret;secret;;;;17X100A100A00028;PONTS DE CE
GRDF;2024;G;492670101;Parc d'Activités;ENT;01;Culture et production animale, chasse et services annexes;A;1193.85523;2;1;;0;17X100A100A00028;SAINT BARTHELEMY D ANJOU
GRDF;2024;G;492670105;Marmitière-Venaiserie;ENT;01;Culture et production animale, chasse et services annexes;A;3908.21337;2;1;;0;17X100A100A00028;SAINT BARTHELEMY D ANJOU
GRDF;2024;G;492780000;Sainte-Gemmes-sur-Loire (commune non irisée);PRO;;;A;263.7858;6;0.616107121763188;;0;17X100A100A00028;SAINTE GEMMES SUR LOIRE
GRDF;2024;G;492780000;Sainte-Gemmes-sur-Loire (commune non irisée);ENT;01;Culture et production animale, chasse et services annexes;A;1828.64355;7;1;;0;17X100A100A00028;SAINTE GEMMES SUR LOIRE
GRDF;2024;G;493070103;Brain-sur-l'Authion;PRO;;;A;secret;secret;;;;17X100A100A00028;LOIRE AUTHION
GRDF;2024;G;493070103;Brain-sur-l'Authion;ENT;01;Culture et production animale, chasse et services annexes;A;1676.92845;3;1;;0;17X100A100A00028;LOIRE AUTHION
GRDF;2024;G;493070104;Andard;PRO;;;A;172.31708;2;1;;0;17X100A100A00028;LOIRE AUTHION
GRDF;2024;G;493070105;Corné;ENT;01;Culture et production animale, chasse et services annexes;A;1357.2375;3;1;;0;17X100A100A00028;LOIRE AUTHION
GRDF;2024;G;493070106;Bauné;PRO;;;A;1004.53243;1;0;;0;17X100A100A00028;LOIRE AUTHION
GRDF;2024;G;493230000;Verrières-en-Anjou (commune non irisée);PRO;;;A;secret;secret;;;;17X100A100A00028;VERRIERES EN ANJOU
GRDF;2024;G;493230000;Verrières-en-Anjou (commune non irisée);ENT;01;Culture et production animale, chasse et services annexes;A;162.92467;1;1;;0;17X100A100A00028;VERRIERES EN ANJOU
GRDF;2024;G;493770000;Rives-du-Loir-en-Anjou (commune non irisée);PRO;;;A;secret;secret;;;;17X100A100A00028;RIVES DU LOIR EN ANJOU
GRDF;2024;G;490180101;Baugé;PRO;;;A;secret;secret;;;;17X100A100A00028;BAUGE EN ANJOU
GRDF;2024;G;490210101;Beaufort Agglomération;PRO;;;A;55.08134;2;1;;0;17X100A100A00028;BEAUFORT EN ANJOU
GRDF;2024;G;490210102;Beaufort-Écart;ENT;01;Culture et production animale, chasse et services annexes;A;3455.65345;5;1;;0;17X100A100A00028;BEAUFORT EN ANJOU
GRDF;2024;G;491940000;Mazé-Milon (commune non irisée);PRO;;;A;secret;secret;;;;17X100A100A00028;MAZE MILON
GRDF;2024;G;491940000;Mazé-Milon (commune non irisée);ENT;01;Culture et production animale, chasse et services annexes;A;1299.18886;2;1;;0;17X100A100A00028;MAZE MILON
GRDF;2024;G;492010000;La Ménitré (commune non irisée);PRO;;;A;secret;secret;;;;17X100A100A00028;MENITRE
GRDF;2024;G;492010000;La Ménitré (commune non irisée);ENT;01;Culture et production animale, chasse et services annexes;A;9614.86766;4;1;;0;17X100A100A00028;MENITRE
GRDF;2024;G;492280000;Noyant-Villages (commune non irisée);ENT;01;Culture et production animale, chasse et services annexes;A;732.964;1;1;;0;17X100A100A00028;NOYANT VILLAGES
GRDF;2024;G;530160000;Bais (commune non irisée);PRO;;;A;secret;secret;;;;17X100A100A00028;BAIS
GRDF;2024;G;530530000;Champgenéteux (commune non irisée);PRO;;;A;146.23554;1;1;;0;17X100A100A00028;CHAMPGENETEUX
GRDF;2024;G;530970103;Centre et Écarts;PRO;;;A;secret;secret;;;;17X100A100A00028;EVRON
GRDF;2024;G;530840102;Est;ENT;01;Culture et production animale, chasse et services annexes;A;87.68532;1;1;;0;17X100A100A00028;CRAON
GRDF;2024;G;531880000;Renazé (commune non irisée);ENT;01;Culture et production animale, chasse et services annexes;A;208.34423;1;1;;0;17X100A100A00028;RENAZE
GRDF;2024;G;532530000;Saint-Saturnin-du-Limet (commune non irisée);PRO;;;A;secret;secret;;;;17X100A100A00028;SAINT SATURNIN DU LIMET
GRDF;2024;G;530080000;Aron (commune non irisée);PRO;;;A;secret;secret;;;;17X100A100A00028;ARON
GRDF;2024;G;531470105;Bras-Bretagne-Brosselette-Mauhitière;PRO;;;A;122.77564;1;1;;0;17X100A100A00028;MAYENNE
GRDF;2024;G;531470107;Nord-Est;PRO;;;A;secret;secret;;;;17X100A100A00028;MAYENNE
GRDF;2024;G;530540102;Rive Gauche;PRO;;;A;190.03621;1;1;;0;17X100A100A00028;CHANGE
GRDF;2024;G;531300107;Gare-Senelle-Pont de Paris;PRO;;;A;secret;secret;;;;17X100A100A00028;LAVAL
GRDF;2024;G;531300108;Centre Ville Rive Gauche;PRO;;;A;secret;secret;;;;17X100A100A00028;LAVAL
GRDF;2024;G;531300110;Saint-Pierre le Potier-Bois l'Huisserie;PRO;;;A;secret;secret;;;;17X100A100A00028;LAVAL
GRDF;2024;G;531520000;Meslay-du-Maine (commune non irisée);PRO;;;A;119.63566;1;1;;0;17X100A100A00028;MESLAY DU MAINE
GRDF;2024;G;530620105;Bazouges-Ouest;PRO;;;A;secret;secret;;;;17X100A100A00028;CHATEAU GONTIER SUR MAYENNE
GRDF;2024;G;530620105;Bazouges-Ouest;ENT;01;Culture et production animale, chasse et services annexes;A;508.99875;1;1;;0;17X100A100A00028;CHATEAU GONTIER SUR MAYENNE
GRDF;2024;G;530620201;Azé;PRO;;;A;137.2069;1;1;;0;17X100A100A00028;CHATEAU GONTIER SUR MAYENNE
GRDF;2024;G;721680000;Loué (commune non irisée);PRO;;;A;252.23213;1;1;;0;17X100A100A00028;LOUE
GRDF;2024;G;721680000;Loué (commune non irisée);ENT;01;Culture et production animale, chasse et services annexes;A;903.29981;1;1;;0;17X100A100A00028;LOUE
GRDF;2024;G;722170000;Neuville-sur-Sarthe (commune non irisée);PRO;;;A;secret;secret;;;;17X100A100A00028;NEUVILLE SUR SARTHE
GRDF;2024;G;720680000;La Chartre-sur-le-Loir (commune non irisée);ENT;01;Culture et production animale, chasse et services annexes;A;1889.566;1;1;;0;17X100A100A00028;CHARTRE SUR LE LOIR
GRDF;2024;G;720710102;Sud-Est-Nord-Ouest;PRO;;;A;secret;secret;;;;17X100A100A00028;MONTVAL SUR LOIR
GRDF;2024;G;720710301;Vouvray-sur-Loir;PRO;;;A;secret;secret;;;;17X100A100A00028;MONTVAL SUR LOIR
GRDF;2024;G;721890000;Marolles-les-Braults (commune non irisée);PRO;;;A;662.92582;1;0.195316362847354;;0;17X100A100A00028;MAROLLES LES BRAULTS
GRDF;2024;G;722950000;Saint-Longis (commune non irisée);PRO;;;A;secret;secret;;;;17X100A100A00028;SAINT LONGIS
GRDF;2024;G;720900000;Connerré (commune non irisée);PRO;;;A;secret;secret;;;;17X100A100A00028;CONNERRE
GRDF;2024;G;721860000;Maresché (commune non irisée);PRO;;;A;secret;secret;;;;17X100A100A00028;MARESCHE
GRDF;2024;G;721190000;Domfront-en-Champagne (commune non irisée);PRO;;;A;155.75265;1;1;;0;17X100A100A00028;DOMFRONT EN CHAMPAGNE
GRDF;2024;G;723340000;Sillé-le-Guillaume (commune non irisée);PRO;;;A;126.74152;1;1;;0;17X100A100A00028;SILLE LE GUILLAUME
GRDF;2024;G;721750000;Luché-Pringé (commune non irisée);PRO;;;A;secret;secret;;;;17X100A100A00028;LUCHE PRINGE
GRDF;2024;G;721760102;Sud;PRO;;;A;secret;secret;;;;17X100A100A00028;LUDE
GRDF;2024;G;721760102;Sud;ENT;01;Culture et production animale, chasse et services annexes;A;562.1459;1;1;;0;17X100A100A00028;LUDE
GRDF;2024;G;721060000;Courtillers (commune non irisée);ENT;01;Culture et production animale, chasse et services annexes;A;963.08288;1;1;;0;17X100A100A00028;COURTILLERS
GRDF;2024;G;722440000;Précigné (commune non irisée);PRO;;;A;498.67943;1;1;;0;17X100A100A00028;PRECIGNE
GRDF;2024;G;720030101;Les Ruisseaux;PRO;;;A;50.98408;2;0;;0;17X100A100A00028;ALLONNES
GRDF;2024;G;720030101;Les Ruisseaux;ENT;01;Culture et production animale, chasse et services annexes;A;4038.37783;1;1;;0;17X100A100A00028;ALLONNES
GRDF;2024;G;720540000;Champagné (commune non irisée);PRO;;;A;secret;secret;;;;17X100A100A00028;CHAMPAGNE
GRDF;2024;G;720950102;Centre-Closerie;PRO;;;A;secret;secret;;;;17X100A100A00028;COULAINES
GRDF;2024;G;721810102;Courboulay;PRO;;;A;secret;secret;;;;17X100A100A00028;MANS
GRDF;2024;G;721810302;Monthéard;PRO;;;A;secret;secret;;;;17X100A100A00028;MANS
GRDF;2024;G;721810401;Mutuelles;PRO;;;A;secret;secret;;;;17X100A100A00028;MANS
GRDF;2024;G;721810702;Yzeuville;PRO;;;A;268.60853;1;1;;0;17X100A100A00028;MANS
GRDF;2024;G;721811001;Batignolles;PRO;;;A;secret;secret;;;;17X100A100A00028;MANS
GRDF;2024;G;721811301;Hôpital-Chanzy;PRO;;;A;secret;secret;;;;17X100A100A00028;MANS
GRDF;2024;G;721811303;Pré;PRO;;;A;secret;secret;;;;17X100A100A00028;MANS
GRDF;2024;G;721812001;Pontlieue;PRO;;;A;secret;secret;;;;17X100A100A00028;MANS
GRDF;2024;G;721540104;Verron;PRO;;;A;secret;secret;;;;17X100A100A00028;FLECHE
GRDF;2024;G;721540105;Saint-Germain du Val;PRO;;;A;secret;secret;;;;17X100A100A00028;FLECHE
GRDF;2024;G;721540107;Zone Industrielle;PRO;;;A;secret;secret;;;;17X100A100A00028;FLECHE
GRDF;2024;G;721540107;Zone Industrielle;ENT;01;Culture et production animale, chasse et services annexes;A;1386.58668;2;1;;0;17X100A100A00028;FLECHE
GRDF;2024;G;722680000;Saint-Biez-en-Belin (commune non irisée);PRO;;;A;secret;secret;;;;17X100A100A00028;SAINT BIEZ EN BELIN
GRDF;2024;G;722870000;Saint-Gervais-en-Belin (commune non irisée);PRO;;;A;121.92044;1;1;;0;17X100A100A00028;SAINT GERVAIS EN BELIN
GRDF;2024;G;720510000;Cérans-Foulletourte (commune non irisée);PRO;;;A;137.79752;1;1;;0;17X100A100A00028;CERANS FOULLETOURTE
GRDF;2024;G;721690000;Louplande (commune non irisée);PRO;;;A;50.5689;2;1;;0;17X100A100A00028;LOUPLANDE
GRDF;2024;G;721320101;Nord-Ouest;PRO;;;A;secret;secret;;;;17X100A100A00028;FERTE BERNARD
GRDF;2024;G;850710000;Commequiers (commune non irisée);ENT;01;Culture et production animale, chasse et services annexes;A;3781.02;1;1;;0;17X100A100A00028;COMMEQUIERS
GRDF;2024;G;852220101;Saint-Gilles Centre Ville;PRO;;;A;secret;secret;;;;17X100A100A00028;SAINT GILLES CROIX DE VIE
GRDF;2024;G;852220102;Croix de Vie;PRO;;;A;secret;secret;;;;17X100A100A00028;SAINT GILLES CROIX DE VIE
GRDF;2024;G;852220103;Saint-Gilles Sud;PRO;;;A;secret;secret;;;;17X100A100A00028;SAINT GILLES CROIX DE VIE
GRDF;2024;G;852260103;Fradinière-Pissot-Pège-Demoiselles;ENT;01;Culture et production animale, chasse et services annexes;A;1123.40475;1;1;;0;17X100A100A00028;SAINT HILAIRE DE RIEZ
GRDF;2024;G;851460102;Quartiers Est-Sud;PRO;;;A;secret;secret;;;;17X100A100A00028;MONTAIGU VENDEE
GRDF;2024;G;852950000;Treize-Septiers (commune non irisée);ENT;01;Culture et production animale, chasse et services annexes;A;306.74696;1;1;;0;17X100A100A00028;TREIZE SEPTIERS
GRDF;2024;G;851940101;Passage-Notre-Dame-Guynemer;PRO;;;A;59.31906;2;1;;0;17X100A100A00028;SABLES D OLONNE
GRDF;2024;G;851940102;Saint-Pierre-La Rudelière;PRO;;;A;secret;secret;;;;17X100A100A00028;SABLES D OLONNE
GRDF;2024;G;851940104;Gare-Saint-Michel;PRO;;;A;secret;secret;;;;17X100A100A00028;SABLES D OLONNE
GRDF;2024;G;851940105;Chaume Nord;PRO;;;A;secret;secret;;;;17X100A100A00028;SABLES D OLONNE
GRDF;2024;G;851940106;Chaume Sud;PRO;;;A;secret;secret;;;;17X100A100A00028;SABLES D OLONNE
GRDF;2024;G;851940205;Avenue Mitterrand Est;PRO;;;A;secret;secret;;;;17X100A100A00028;SABLES D OLONNE
GRDF;2024;G;850380000;Les Brouzils (commune non irisée);PRO;;;A;secret;secret;;;;17X100A100A00028;BROUZILS
GRDF;2024;G;850840000;Essarts-en-Bocage (commune non irisée);ENT;01;Culture et production animale, chasse et services annexes;A;731.80558;2;1;;0;17X100A100A00028;ESSARTS EN BOCAGE
GRDF;2024;G;852150000;Saint-Fulgent (commune non irisée);ENT;01;Culture et production animale, chasse et services annexes;A;1256.17651;1;1;;0;17X100A100A00028;SAINT FULGENT
GRDF;2024;G;850030102;Partie Ouest Campagne-Agglomération;PRO;;;A;165.1143;1;1;;0;17X100A100A00028;AIZENAY
GRDF;2024;G;850190000;Bellevigny (commune non irisée);PRO;;;A;secret;secret;;;;17X100A100A00028;BELLEVIGNY
GRDF;2024;G;851780000;Le Poiré-sur-Vie (commune non irisée);PRO;;;A;secret;secret;;;;17X100A100A00028;POIRE SUR VIE
GRDF;2024;G;851150000;La Jaudonnière (commune non irisée);PRO;;;A;208.04566;1;1;;0;17X100A100A00028;JAUDONNIERE
GRDF;2024;G;851280104;Centre Urbain;PRO;;;A;secret;secret;;;;17X100A100A00028;LUCON
GRDF;2024;G;851990000;Saint-Aubin-la-Plaine (commune non irisée);PRO;;;A;secret;secret;;;;17X100A100A00028;SAINT AUBIN LA PLAINE
GRDF;2024;G;852160000;Sainte-Gemme-la-Plaine (commune non irisée);PRO;;;A;secret;secret;;;;17X100A100A00028;SAINTE GEMME LA PLAINE
GRDF;2024;G;852160000;Sainte-Gemme-la-Plaine (commune non irisée);ENT;01;Culture et production animale, chasse et services annexes;A;3091.62788;3;1;;0;17X100A100A00028;SAINTE GEMME LA PLAINE
GRDF;2024;G;852330000;Saint-Jean-de-Beugné (commune non irisée);PRO;;;A;278.06101;1;0.217553550567913;;0;17X100A100A00028;SAINT JEAN DE BEUGNE
GRDF;2024;G;852840000;Soullans (commune non irisée);PRO;;;A;secret;secret;;;;17X100A100A00028;SOULLANS
GRDF;2024;G;850510000;Chantonnay (commune non irisée);ENT;01;Culture et production animale, chasse et services annexes;A;188.97069;1;1;;0;17X100A100A00028;CHANTONNAY
GRDF;2024;G;852460000;Saint-Martin-des-Noyers (commune non irisée);ENT;;;A;1227.216;1;1;;0;17X100A100A00028;SAINT MARTIN DES NOYERS
GRDF;2024;G;850050000;Antigny (commune non irisée);PRO;;;A;123.67504;2;1;;0;17X100A100A00028;ANTIGNY
GRDF;2024;G;851820101;Vieux Château;PRO;;;A;secret;secret;;;;17X100A100A00028;POUZAUGES
GRDF;2024;G;851820101;Vieux Château;ENT;01;Culture et production animale, chasse et services annexes;A;35.08125;1;1;;0;17X100A100A00028;POUZAUGES
GRDF;2024;G;851520000;Les Achards (commune non irisée);PRO;;;A;secret;secret;;;;17X100A100A00028;ACHARDS
GRDF;2024;G;850890000;La Ferrière (commune non irisée);PRO;;;A;secret;secret;;;;17X100A100A00028;FERRIERE
GRDF;2024;G;851910801;Saint-André d'Ornay-Le Val d'Amboise;PRO;;;A;secret;secret;;;;17X100A100A00028;ROCHE SUR YON
GRDF;2024;G;851510101;Sud-Est;PRO;;;A;secret;secret;;;;17X100A100A00028;MORTAGNE SUR SEVRE
GRDF;2024;G;852400000;Saint-Malô-du-Bois (commune non irisée);PRO;;;A;secret;secret;;;;17X100A100A00028;SAINT MALO DU BOIS
GRDF;2024;G;220280000;Camlez (commune non irisée);ENT;01;Culture et production animale, chasse et services annexes;A;0.463;1;1;;0;17X100A100A00028;CAMLEZ
GRDF;2024;G;220900000;Kermaria-Sulard (commune non irisée);PRO;;;A;63.21937;1;1;;0;17X100A100A00028;KERMARIA SULARD
GRDF;2024;G;221130102;Rive Gauche;PRO;;;A;secret;secret;;;;17X100A100A00028;LANNION
GRDF;2024;G;221130105;Route de Tréguier-Le Rusquet;ENT;01;Culture et production animale, chasse et services annexes;A;4519.07754;1;1;;0;17X100A100A00028;LANNION
GRDF;2024;G;221130108;Pégase- Le Rhu;ENT;01;Culture et production animale, chasse et services annexes;A;1843.61155;1;1;;0;17X100A100A00028;LANNION
GRDF;2024;G;221520000;Minihy-Tréguier (commune non irisée);PRO;;;A;174.1573;1;0.242280053721549;;0;17X100A100A00028;MINIHY TREGUIER
GRDF;2024;G;221660000;Penvénan (commune non irisée);ENT;01;Culture et production animale, chasse et services annexes;A;5342.40024;3;1;;0;17X100A100A00028;PENVENAN
GRDF;2024;G;221680101;Nord-Est;PRO;;;A;secret;secret;;;;17X100A100A00028;PERROS GUIREC
GRDF;2024;G;221950000;Pleubian (commune non irisée);ENT;01;Culture et production animale, chasse et services annexes;A;19745.27295;4;1;;0;17X100A100A00028;PLEUBIAN
GRDF;2024;G;221980000;Pleumeur-Bodou (commune non irisée);PRO;;;A;87.49762;1;1;;0;17X100A100A00028;PLEUMEUR BODOU
GRDF;2024;G;221990000;Pleumeur-Gautier (commune non irisée);PRO;;;A;secret;secret;;;;17X100A100A00028;PLEUMEUR GAUTIER
GRDF;2024;G;221990000;Pleumeur-Gautier (commune non irisée);ENT;01;Culture et production animale, chasse et services annexes;A;38970.284;1;1;;0;17X100A100A00028;PLEUMEUR GAUTIER
GRDF;2024;G;222180000;Plougrescant (commune non irisée);ENT;01;Culture et production animale, chasse et services annexes;A;3654.43997;2;1;;0;17X100A100A00028;PLOUGRESCANT
GRDF;2024;G;222640000;La Roche-Jaudy (commune non irisée);ENT;01;Culture et production animale, chasse et services annexes;A;1342.42113;1;1;;0;17X100A100A00028;ROCHE JAUDY
GRDF;2024;G;223810000;Trézény (commune non irisée);ENT;01;Culture et production animale, chasse et services annexes;A;513.70419;1;1;;0;17X100A100A00028;TREZENY
GRDF;2024;G;221360105;Habitat Épars;ENT;01;Culture et production animale, chasse et services annexes;A;3880.82747;3;1;;0;17X100A100A00028;LOUDEAC
GRDF;2024;G;221830000;Plémet (commune non irisée);PRO;;;A;secret;secret;;;;17X100A100A00028;PLEMET
GRDF;2024;G;220040102;Le Menhir;PRO;;;A;80.47155;1;1;;0;17X100A100A00028;BEGARD
GRDF;2024;G;220700102;Sud-Ouest;PRO;;;A;secret;secret;;;;17X100A100A00028;GUINGAMP
GRDF;2024;G;221620101;Centre Ville;PRO;;;A;secret;secret;;;;17X100A100A00028;PAIMPOL
GRDF;2024;G;221620103;Le Vieux Bourg-La Lande Blanche-Plounez;PRO;;;A;secret;secret;;;;17X100A100A00028;PAIMPOL
GRDF;2024;G;221620103;Le Vieux Bourg-La Lande Blanche-Plounez;ENT;01;Culture et production animale, chasse et services annexes;A;15753.87859;5;1;;0;17X100A100A00028;PAIMPOL
GRDF;2024;G;222100000;Ploubazlanec (commune non irisée);PRO;;;A;secret;secret;;;;17X100A100A00028;PLOUBAZLANEC
GRDF;2024;G;222100000;Ploubazlanec (commune non irisée);ENT;01;Culture et production animale, chasse et services annexes;A;14307.2597;3;1;;0;17X100A100A00028;PLOUBAZLANEC
GRDF;2024;G;222230000;Plouisy (commune non irisée);ENT;01;Culture et production animale, chasse et services annexes;A;2082.09781;1;1;;0;17X100A100A00028;PLOUISY
GRDF;2024;G;222250000;Ploumagoar (commune non irisée);PRO;;;A;secret;secret;;;;17X100A100A00028;PLOUMAGOAR
GRDF;2024;G;222330000;Plourivo (commune non irisée);ENT;01;Culture et production animale, chasse et services annexes;A;36893.68555;3;1;;0;17X100A100A00028;PLOURIVO
GRDF;2024;G;222130000;Plouër-sur-Rance (commune non irisée);ENT;01;Culture et production animale, chasse et services annexes;A;5.742;1;1;;0;17X100A100A00028;PLOUER SUR RANCE
GRDF;2024;G;222220000;Plouha (commune non irisée);ENT;01;Culture et production animale, chasse et services annexes;A;2496.60764;2;1;;0;17X100A100A00028;PLOUHA
GRDF;2024;G;220930103;Saint-Aaron-La Poterie-Trégomar;PRO;;;A;secret;secret;;;;17X100A100A00028;LAMBALLE ARMOR
GRDF;2024;G;220930104;Maroué Nord;PRO;;;A;secret;secret;;;;17X100A100A00028;LAMBALLE ARMOR
GRDF;2024;G;221930000;Plestan (commune non irisée);PRO;;;A;secret;secret;;;;17X100A100A00028;PLESTAN
GRDF;2024;G;220810000;Hillion (commune non irisée);ENT;01;Culture et production animale, chasse et services annexes;A;430.03796;1;1;;0;17X100A100A00028;HILLION
GRDF;2024;G;221060102;Centre Ville Nord;PRO;;;A;secret;secret;;;;17X100A100A00028;LANGUEUX
GRDF;2024;G;221060104;Habitat Dispersé;PRO;;;A;secret;secret;;;;17X100A100A00028;LANGUEUX
GRDF;2024;G;221870103;Le Sépulcre;PRO;;;A;secret;secret;;;;17X100A100A00028;PLERIN
GRDF;2024;G;221870106;Saint-Éloi-Les Rosaires;PRO;;;A;97.69717;1;1;;0;17X100A100A00028;PLERIN
GRDF;2024;G;222510101;Côté Bleu;PRO;;;A;68.08927;1;1;;0;17X100A100A00028;PORDIC
GRDF;2024;G;222780108;Centre Ville;PRO;;;A;secret;secret;;;;17X100A100A00028;SAINT BRIEUC
GRDF;2024;G;222780110;Saint-Michel Est;PRO;;;A;secret;secret;;;;17X100A100A00028;SAINT BRIEUC
GRDF;2024;G;222780113;Sainte-Thérèse;PRO;;;A;secret;secret;;;;17X100A100A00028;SAINT BRIEUC
GRDF;2024;G;222780118;Ginglin;PRO;;;A;secret;secret;;;;17X100A100A00028;SAINT BRIEUC
GRDF;2024;G;223250000;Saint-Quay-Portrieux (commune non irisée);PRO;;;A;53.47241;3;1;;0;17X100A100A00028;SAINT QUAY PORTRIEUX
GRDF;2024;G;222660000;Rostrenen (commune non irisée);PRO;;;A;50.63168;1;1;;0;17X100A100A00028;ROSTRENEN
GRDF;2024;G;290300000;Cléder (commune non irisée);ENT;01;Culture et production animale, chasse et services annexes;A;912.402;1;1;;0;17X100A100A00028;CLEDER
GRDF;2024;G;290300000;Cléder (commune non irisée);ENT;;;A;403.917;1;1;;0;17X100A100A00028;CLEDER
GRDF;2024;G;291480000;Mespaul (commune non irisée);PRO;;;A;secret;secret;;;;17X100A100A00028;MESPAUL
GRDF;2024;G;291480000;Mespaul (commune non irisée);ENT;01;Culture et production animale, chasse et services annexes;A;568.366;1;1;;0;17X100A100A00028;MESPAUL
GRDF;2024;G;291480000;Mespaul (commune non irisée);ENT;;;A;10598.70206;2;1;;0;17X100A100A00028;MESPAUL
GRDF;2024;G;291840000;Plouénan (commune non irisée);ENT;01;Culture et production animale, chasse et services annexes;A;16269.28977;4;1;;0;17X100A100A00028;PLOUENAN
GRDF;2024;G;291850000;Plouescat (commune non irisée);PRO;;;A;secret;secret;;;;17X100A100A00028;PLOUESCAT
GRDF;2024;G;291920000;Plougoulm (commune non irisée);ENT;01;Culture et production animale, chasse et services annexes;A;1063.31864;2;1;;0;17X100A100A00028;PLOUGOULM
GRDF;2024;G;291920000;Plougoulm (commune non irisée);ENT;;;A;27158.052;1;1;;0;17X100A100A00028;PLOUGOULM
GRDF;2024;G;292390000;Roscoff (commune non irisée);PRO;;;A;123.73946;3;1;;0;17X100A100A00028;ROSCOFF
GRDF;2024;G;292590102;Zone Urbaine et Nord;PRO;;;A;secret;secret;;;;17X100A100A00028;SAINT POL DE LEON
GRDF;2024;G;292590103;Zone Rurale Ouest et Sud;PRO;;;A;127.65965;1;1;;0;17X100A100A00028;SAINT POL DE LEON
GRDF;2024;G;292590103;Zone Rurale Ouest et Sud;ENT;01;Culture et production animale, chasse et services annexes;A;18646.154;2;1;;0;17X100A100A00028;SAINT POL DE LEON
GRDF;2024;G;292730000;Santec (commune non irisée);PRO;;;A;secret;secret;;;;17X100A100A00028;SANTEC
GRDF;2024;G;292630000;Saint-Ségal (commune non irisée);ENT;01;Culture et production animale, chasse et services annexes;A;830.77514;1;1;;0;17X100A100A00028;SAINT SEGAL
GRDF;2024;G;290200000;Briec (commune non irisée);PRO;;;A;171.59332;1;1;;0;17X100A100A00028;BRIEC
GRDF;2024;G;291060000;Landrévarzec (commune non irisée);PRO;;;A;58.21253;1;1;;0;17X100A100A00028;LANDREVARZEC
GRDF;2024;G;292320101;Quimper Centre;PRO;;;A;secret;secret;;;;17X100A100A00028;QUIMPER
GRDF;2024;G;292320104;Guerlac'h-Pen ar Run;PRO;;;A;101.14255;1;1;;0;17X100A100A00028;QUIMPER
GRDF;2024;G;292320111;Kervillou-Quistinidal;PRO;;;A;secret;secret;;;;17X100A100A00028;QUIMPER
GRDF;2024;G;292320118;Paludec-Kervilien-Kerlagatu;PRO;;;A;secret;secret;;;;17X100A100A00028;QUIMPER
GRDF;2024;G;292320135;Nord Kerfeunteun-Penhars;PRO;;;A;87.28537;1;1;;0;17X100A100A00028;QUIMPER
GRDF;2024;G;290760000;Milizac-Guipronvel (commune non irisée);ENT;01;Culture et production animale, chasse et services annexes;A;33.076;1;1;;0;17X100A100A00028;MILIZAC GUIPRONVEL
GRDF;2024;G;290110000;Bohars (commune non irisée);ENT;01;Culture et production animale, chasse et services annexes;A;25566.229;2;1;;0;17X100A100A00028;BOHARS
GRDF;2024;G;290190127;Kergoat Est;PRO;;;A;secret;secret;;;;17X100A100A00028;BREST
GRDF;2024;G;290190144;Poul Ar Bachet;PRO;;;A;secret;secret;;;;17X100A100A00028;BREST
GRDF;2024;G;290190166;Kervao-Rural Nord;ENT;01;Culture et production animale, chasse et services annexes;A;1062.11;1;1;;0;17X100A100A00028;BREST
GRDF;2024;G;290610102;Est;ENT;01;Culture et production animale, chasse et services annexes;A;54130.7;1;1;;0;17X100A100A00028;GOUESNOU
GRDF;2024;G;290690102;Bourg Sud;ENT;01;Culture et production animale, chasse et services annexes;A;1835.986;1;1;;0;17X100A100A00028;GUILERS
GRDF;2024;G;290690103;Rural;ENT;01;Culture et production animale, chasse et services annexes;A;247.193;2;1;;0;17X100A100A00028;GUILERS
GRDF;2024;G;290750101;Habitat Épars;PRO;;;A;secret;secret;;;;17X100A100A00028;GUIPAVAS
GRDF;2024;G;290750101;Habitat Épars;ENT;01;Culture et production animale, chasse et services annexes;A;6743.935;5;1;;0;17X100A100A00028;GUIPAVAS
GRDF;2024;G;290750105;Bourg Sud;ENT;01;Culture et production animale, chasse et services annexes;A;20.258;1;1;;0;17X100A100A00028;GUIPAVAS
GRDF;2024;G;291890103;Élorn-Tinduff;PRO;;;A;secret;secret;;;;17X100A100A00028;PLOUGASTEL DAOULAS
GRDF;2024;G;291890103;Élorn-Tinduff;ENT;01;Culture et production animale, chasse et services annexes;A;5065.40981;6;1;;0;17X100A100A00028;PLOUGASTEL DAOULAS
GRDF;2024;G;291890104;Armorique;ENT;01;Culture et production animale, chasse et services annexes;A;5553.58697;6;1;;0;17X100A100A00028;PLOUGASTEL DAOULAS
GRDF;2024;G;291890105;Keraliou-Passage;ENT;01;Culture et production animale, chasse et services annexes;A;20093.31104;4;1;;0;17X100A100A00028;PLOUGASTEL DAOULAS
GRDF;2024;G;292120105;Habitat Épars;PRO;;;A;secret;secret;;;;17X100A100A00028;PLOUZANE
GRDF;2024;G;292350102;La Corniche;ENT;01;Culture et production animale, chasse et services annexes;A;3343.747;2;1;;0;17X100A100A00028;RELECQ KERHUON
GRDF;2024;G;290150000;Bourg-Blanc (commune non irisée);ENT;01;Culture et production animale, chasse et services annexes;A;611.86052;1;1;;0;17X100A100A00028;BOURG BLANC
GRDF;2024;G;291600101;Keraziou;ENT;01;Culture et production animale, chasse et services annexes;A;445.14063;1;1;;0;17X100A100A00028;PLABENNEC
GRDF;2024;G;291600102;La Motte;ENT;01;Culture et production animale, chasse et services annexes;A;2578.15002;1;1;;0;17X100A100A00028;PLABENNEC
GRDF;2024;G;290460104;Ploare 2;PRO;;;A;secret;secret;;;;17X100A100A00028;DOUARNENEZ
GRDF;2024;G;292470000;Saint-Évarzec (commune non irisée);ENT;01;Culture et production animale, chasse et services annexes;A;391.23961;1;1;;0;17X100A100A00028;SAINT EVARZEC
GRDF;2024;G;292740101;Nord;PRO;;;A;secret;secret;;;;17X100A100A00028;SCAER
GRDF;2024;G;292740102;Sud;PRO;;;A;secret;secret;;;;17X100A100A00028;SCAER
GRDF;2024;G;292200103;Kerarthur-Le Guerdy;PRO;;;A;secret;secret;;;;17X100A100A00028;PONT L ABBE
GRDF;2024;G;291050103;Tiez Nevez-Épis d'Or-La Montagne;PRO;;;A;secret;secret;;;;17X100A100A00028;LANDIVISIAU
GRDF;2024;G;292100000;Plouvorn (commune non irisée);PRO;;;A;63.43181;1;1;;0;17X100A100A00028;PLOUVORN
GRDF;2024;G;290550000;Le Folgoët (commune non irisée);ENT;01;Culture et production animale, chasse et services annexes;A;580.721;1;1;;0;17X100A100A00028;FOLGOET
GRDF;2024;G;291790000;Ploudaniel (commune non irisée);ENT;;;A;8718.425;1;1;;0;17X100A100A00028;PLOUDANIEL
GRDF;2024;G;290450000;Dirinon (commune non irisée);ENT;01;Culture et production animale, chasse et services annexes;A;6168.197;1;1;;0;17X100A100A00028;DIRINON
GRDF;2024;G;291400000;Loperhet (commune non irisée);PRO;;;A;secret;secret;;;;17X100A100A00028;LOPERHET
GRDF;2024;G;291400000;Loperhet (commune non irisée);ENT;01;Culture et production animale, chasse et services annexes;A;3268.83388;4;1;;0;17X100A100A00028;LOPERHET
GRDF;2024;G;291810000;Plouédern (commune non irisée);ENT;;;A;17275.954;1;1;;0;17X100A100A00028;PLOUEDERN
GRDF;2024;G;292680000;Saint-Thonan (commune non irisée);PRO;;;A;50.10471;1;1;;0;17X100A100A00028;SAINT THONAN
GRDF;2024;G;292680000;Saint-Thonan (commune non irisée);ENT;01;Culture et production animale, chasse et services annexes;A;4082.133;1;1;;0;17X100A100A00028;SAINT THONAN
GRDF;2024;G;290790000;Henvic (commune non irisée);ENT;;;A;651.163;1;1;;0;17X100A100A00028;HENVIC
GRDF;2024;G;291510101;Centre Ville;PRO;;;A;57.46186;2;1;;0;17X100A100A00028;MORLAIX
GRDF;2024;G;291510102;Porsmeur- Pors An Trez- Kernegues;PRO;;;A;secret;secret;;;;17X100A100A00028;MORLAIX
GRDF;2024;G;291510105;Coat Serho-Vierge Noire;PRO;;;A;secret;secret;;;;17X100A100A00028;MORLAIX
GRDF;2024;G;291510107;Ploujean;ENT;01;Culture et production animale, chasse et services annexes;A;16149.101;2;1;;0;17X100A100A00028;MORLAIX
GRDF;2024;G;292790000;Taulé (commune non irisée);ENT;;;A;58629.71067;3;1;;0;17X100A100A00028;TAULE
GRDF;2024;G;350270000;Boisgervilly (commune non irisée);ENT;01;Culture et production animale, chasse et services annexes;A;4675.487;1;1;;0;17X100A100A00028;BOISGERVILLY
GRDF;2024;G;351840000;Montauban-de-Bretagne (commune non irisée);PRO;;;A;secret;secret;;;;17X100A100A00028;MONTAUBAN DE BRETAGNE
GRDF;2024;G;352970000;Saint-Méen-le-Grand (commune non irisée);PRO;;;A;secret;secret;;;;17X100A100A00028;SAINT MEEN LE GRAND
GRDF;2024;G;350960000;Domagné (commune non irisée);ENT;01;Culture et production animale, chasse et services annexes;A;1772.46446;1;1;;0;17X100A100A00028;DOMAGNE
GRDF;2024;G;351090000;Étrelles (commune non irisée);PRO;;;A;460.20093;1;1;;0;17X100A100A00028;ETRELLES
GRDF;2024;G;353380000;Torcé (commune non irisée);PRO;;;A;secret;secret;;;;17X100A100A00028;TORCE
GRDF;2024;G;353600101;Population Éparse;ENT;01;Culture et production animale, chasse et services annexes;A;3987.784;2;1;;0;17X100A100A00028;VITRE
GRDF;2024;G;353600104;La Grange-Plague;PRO;;;A;secret;secret;;;;17X100A100A00028;VITRE
GRDF;2024;G;350120101;Urbain;PRO;;;A;secret;secret;;;;17X100A100A00028;BAIN DE BRETAGNE
GRDF;2024;G;350900000;Crevin (commune non irisée);PRO;;;A;secret;secret;;;;17X100A100A00028;CREVIN
GRDF;2024;G;351150101;Haute Ville;PRO;;;A;secret;secret;;;;17X100A100A00028;FOUGERES
GRDF;2024;G;352430000;Romagné (commune non irisée);ENT;01;Culture et production animale, chasse et services annexes;A;309.14846;1;1;;0;17X100A100A00028;ROMAGNE
GRDF;2024;G;350010102;Est;PRO;;;A;108.13038;1;0.226725736097477;;0;17X100A100A00028;ACIGNE
GRDF;2024;G;350240101;Ouest;PRO;;;A;secret;secret;;;;17X100A100A00028;BETTON
GRDF;2024;G;350470105;Bruz Nord;PRO;;;A;secret;secret;;;;17X100A100A00028;BRUZ
GRDF;2024;G;350590000;La Chapelle-des-Fougeretz (commune non irisée);PRO;;;A;secret;secret;;;;17X100A100A00028;CHAPELLE DES FOUGERETZ
GRDF;2024;G;350660101;Centre Est;PRO;;;A;secret;secret;;;;17X100A100A00028;CHARTRES DE BRETAGNE
GRDF;2024;G;350760000;Chavagne (commune non irisée);ENT;01;Culture et production animale, chasse et services annexes;A;357.38665;1;1;;0;17X100A100A00028;CHAVAGNE
GRDF;2024;G;351960102;Nord-Est;ENT;01;Culture et production animale, chasse et services annexes;A;23256.89567;2;1;;0;17X100A100A00028;MORDELLES
GRDF;2024;G;352040000;Nouvoitou (commune non irisée);ENT;;;A;35762.173;1;1;;0;17X100A100A00028;NOUVOITOU
GRDF;2024;G;352060101;Est;PRO;;;A;secret;secret;;;;17X100A100A00028;NOYAL CHATILLON SUR SEICHE
GRDF;2024;G;352060101;Est;ENT;01;Culture et production animale, chasse et services annexes;A;1692.84283;1;1;;0;17X100A100A00028;NOYAL CHATILLON SUR SEICHE
GRDF;2024;G;352100103;Ouest;ENT;01;Culture et production animale, chasse et services annexes;A;237.63668;1;1;;0;17X100A100A00028;PACE
GRDF;2024;G;352100105;Sud;ENT;01;Culture et production animale, chasse et services annexes;A;2518.32557;1;1;;0;17X100A100A00028;PACE
GRDF;2024;G;352380109;Vieux Saint-Étienne;PRO;;;A;81.8493;1;1;;0;17X100A100A00028;RENNES
GRDF;2024;G;352380203;Jean Macé;PRO;;;A;secret;secret;;;;17X100A100A00028;RENNES
GRDF;2024;G;352381105;Torigné Est;PRO;;;A;secret;secret;;;;17X100A100A00028;RENNES
GRDF;2024;G;352400102;Nord;PRO;;;A;secret;secret;;;;17X100A100A00028;RHEU
GRDF;2024;G;352450000;Romillé (commune non irisée);PRO;;;A;secret;secret;;;;17X100A100A00028;ROMILLE
GRDF;2024;G;352750000;Saint-Gilles (commune non irisée);PRO;;;A;secret;secret;;;;17X100A100A00028;SAINT GILLES
GRDF;2024;G;352780101;Nord-Est;PRO;;;A;secret;secret;;;;17X100A100A00028;SAINT GREGOIRE
GRDF;2024;G;352780103;Nord-Ouest;PRO;;;A;secret;secret;;;;17X100A100A00028;SAINT GREGOIRE
GRDF;2024;G;352780103;Nord-Ouest;ENT;;;A;2327.38779;1;1;;0;17X100A100A00028;SAINT GREGOIRE
GRDF;2024;G;353340101;Ouest;PRO;;;A;secret;secret;;;;17X100A100A00028;THORIGNE FOUILLARD
GRDF;2024;G;35352XXXX;Iris fictif de la commune Vern-sur-Seiche;ENT;01;Culture et production animale, chasse et services annexes;A;39.7317;1;1;;0;17X100A100A00028;VERN SUR SEICHE
GRDF;2024;G;353520101;Nord;PRO;;;A;secret;secret;;;;17X100A100A00028;VERN SUR SEICHE
GRDF;2024;G;353520102;Ouest;ENT;01;Culture et production animale, chasse et services annexes;A;99.49935;1;1;;0;17X100A100A00028;VERN SUR SEICHE
GRDF;2024;G;353530000;Vezin-le-Coquet (commune non irisée);PRO;;;A;secret;secret;;;;17X100A100A00028;VEZIN LE COQUET
GRDF;2024;G;353530000;Vezin-le-Coquet (commune non irisée);ENT;01;Culture et production animale, chasse et services annexes;A;183.314;1;1;;0;17X100A100A00028;VEZIN LE COQUET
GRDF;2024;G;351880102;Urbain Ouest;PRO;;;A;secret;secret;;;;17X100A100A00028;MONTFORT SUR MEU
GRDF;2024;G;353310000;Talensac (commune non irisée);PRO;;;A;secret;secret;;;;17X100A100A00028;TALENSAC
GRDF;2024;G;350370000;Bréal-sous-Montfort (commune non irisée);ENT;01;Culture et production animale, chasse et services annexes;A;184.85306;1;1;;0;17X100A100A00028;BREAL SOUS MONTFORT
GRDF;2024;G;351360101;Ouest;PRO;;;A;253.78683;1;0.740570107597781;;0;17X100A100A00028;JANZE
GRDF;2024;G;351360102;Est;ENT;01;Culture et production animale, chasse et services annexes;A;4979.7338;2;1;;0;17X100A100A00028;JANZE
GRDF;2024;G;350690101;Sud;PRO;;;A;secret;secret;;;;17X100A100A00028;CHATEAUGIRON
GRDF;2024;G;352070000;Noyal-sur-Vilaine (commune non irisée);PRO;;;A;246.58231;2;1;;0;17X100A100A00028;NOYAL SUR VILAINE
GRDF;2024;G;353270000;Servon-sur-Vilaine (commune non irisée);ENT;;;A;3356.221;1;1;;0;17X100A100A00028;SERVON SUR VILAINE
GRDF;2024;G;351730102;Hors Agglomération;PRO;;;A;53.28278;1;1;;0;17X100A100A00028;MELESSE
GRDF;2024;G;351730102;Hors Agglomération;ENT;01;Culture et production animale, chasse et services annexes;A;4139.66616;2;1;;0;17X100A100A00028;MELESSE
GRDF;2024;G;351930000;Montreuil-le-Gast (commune non irisée);PRO;;;A;114.29686;1;0.848205541254589;;0;17X100A100A00028;MONTREUIL LE GAST
GRDF;2024;G;350930102;Centre Ville;PRO;;;A;secret;secret;;;;17X100A100A00028;DINARD
GRDF;2024;G;352870000;Saint-Lunaire (commune non irisée);PRO;;;A;secret;secret;;;;17X100A100A00028;SAINT LUNAIRE
GRDF;2024;G;352360101;Centre-Le Port;PRO;;;A;secret;secret;;;;17X100A100A00028;REDON
GRDF;2024;G;351210000;Gosné (commune non irisée);PRO;;;A;secret;secret;;;;17X100A100A00028;GOSNE
GRDF;2024;G;352630000;Saint-Coulomb (commune non irisée);PRO;;;A;secret;secret;;;;17X100A100A00028;SAINT COULOMB
GRDF;2024;G;35288XXXX;Iris fictif de la commune Saint-Malo;PRO;;;A;secret;secret;;;;17X100A100A00028;SAINT MALO
GRDF;2024;G;352880103;Rocabey;PRO;;;A;secret;secret;;;;17X100A100A00028;SAINT MALO
GRDF;2024;G;352880106;Paramé Centre-Rochebonne;PRO;;;A;secret;secret;;;;17X100A100A00028;SAINT MALO
GRDF;2024;G;352880202;Saint-Servan Nord;PRO;;;A;secret;secret;;;;17X100A100A00028;SAINT MALO
GRDF;2024;G;352880211;Saint-Servan Sud;PRO;;;A;secret;secret;;;;17X100A100A00028;SAINT MALO
GRDF;2024;G;352990000;Saint-Méloir-des-Ondes (commune non irisée);ENT;01;Culture et production animale, chasse et services annexes;A;6563.724;1;1;;0;17X100A100A00028;SAINT MELOIR DES ONDES
GRDF;2024;G;561430000;Muzillac (commune non irisée);PRO;;;A;secret;secret;;;;17X100A100A00028;MUZILLAC
GRDF;2024;G;560360101;Centre;ENT;01;Culture et production animale, chasse et services annexes;A;5421.955;1;1;;0;17X100A100A00028;CAUDAN
GRDF;2024;G;560980111;Campagne;PRO;;;A;secret;secret;;;;17X100A100A00028;LANESTER
GRDF;2024;G;561010101;Bourg;PRO;;;A;secret;secret;;;;17X100A100A00028;LANGUIDIC
GRDF;2024;G;561210102;Aristide Briand;PRO;;;A;secret;secret;;;;17X100A100A00028;LORIENT
GRDF;2024;G;561210401;Paul Guieysse;PRO;;;A;secret;secret;;;;17X100A100A00028;LORIENT
GRDF;2024;G;561810000;Port-Louis (commune non irisée);PRO;;;A;secret;secret;;;;17X100A100A00028;PORT LOUIS
GRDF;2024;G;560340101;Hors Agglomération;PRO;;;A;secret;secret;;;;17X100A100A00028;CARNAC
GRDF;2024;G;560340102;Agglomération;PRO;;;A;secret;secret;;;;17X100A100A00028;CARNAC
GRDF;2024;G;560540000;Erdeven (commune non irisée);PRO;;;A;secret;secret;;;;17X100A100A00028;ERDEVEN
GRDF;2024;G;561680000;Plouharnel (commune non irisée);PRO;;;A;secret;secret;;;;17X100A100A00028;PLOUHARNEL
GRDF;2024;G;561760000;Pluneret (commune non irisée);PRO;;;A;83.14303;1;1;;0;17X100A100A00028;PLUNERET
GRDF;2024;G;561770101;Ouest;PRO;;;A;secret;secret;;;;17X100A100A00028;PLUVIGNER
GRDF;2024;G;561860101;Ouest;PRO;;;A;secret;secret;;;;17X100A100A00028;QUIBERON
GRDF;2024;G;561860102;Est;PRO;;;A;secret;secret;;;;17X100A100A00028;QUIBERON
GRDF;2024;G;562340000;Saint-Pierre-Quiberon (commune non irisée);PRO;;;A;secret;secret;;;;17X100A100A00028;SAINT PIERRE QUIBERON
GRDF;2024;G;560910000;Josselin (commune non irisée);ENT;;;A;464.531;1;1;;0;17X100A100A00028;JOSSELIN
GRDF;2024;G;560030101;Zone Urbaine;PRO;;;A;secret;secret;;;;17X100A100A00028;ARRADON
GRDF;2024;G;561320000;Meucon (commune non irisée);PRO;;;A;secret;secret;;;;17X100A100A00028;MEUCON
GRDF;2024;G;562060102;Péri Centre;PRO;;;A;secret;secret;;;;17X100A100A00028;SAINT AVE
GRDF;2024;G;562600104;Saint-Guen-Bilaire-Ménimur Pavillonnaire;PRO;;;A;secret;secret;;;;17X100A100A00028;VANNES
GRDF;2024;G;562600115;Beaupré-La Lande Le Hesqueno-Grasdor;PRO;;;A;secret;secret;;;;17X100A100A00028;VANNES
GRDF;2024;G;560100000;Baud (commune non irisée);PRO;;;A;secret;secret;;;;17X100A100A00028;BAUD
GRDF;2024;G;561170000;Locminé (commune non irisée);PRO;;;A;141.26487;1;1;;0;17X100A100A00028;LOCMINE
GRDF;2024;G;560010000;Allaire (commune non irisée);PRO;;;A;secret;secret;;;;17X100A100A00028;ALLAIRE
GRDF;2024;G;560940000;Kervignac (commune non irisée);PRO;;;A;secret;secret;;;;17X100A100A00028;KERVIGNAC
GRDF;2024;G;561690000;Plouhinec (commune non irisée);PRO;;;A;secret;secret;;;;17X100A100A00028;PLOUHINEC
GRDF;2024;G;561090000;Lauzach (commune non irisée);ENT;01;Culture et production animale, chasse et services annexes;A;97.50281;1;1;;0;17X100A100A00028;LAUZACH
GRDF;2024;G;561510000;Noyal-Pontivy (commune non irisée);PRO;;;A;secret;secret;;;;17X100A100A00028;NOYAL PONTIVY
GRDF;2024;G;562460000;Le Sourn (commune non irisée);PRO;;;A;secret;secret;;;;17X100A100A00028;SOURN
GRDF;2024;G;160280101;Nord;PRO;;;A;secret;secret;;;;17X100A100A00028;BARBEZIEUX SAINT HILAIRE
GRDF;2024;G;160280101;Nord;ENT;01;Culture et production animale, chasse et services annexes;A;218.69621;1;1;;0;17X100A100A00028;BARBEZIEUX SAINT HILAIRE
GRDF;2024;G;160280103;Saint-Hilaire;PRO;;;A;secret;secret;;;;17X100A100A00028;BARBEZIEUX SAINT HILAIRE
GRDF;2024;G;163380000;Saint-Médard (commune non irisée);PRO;;;A;143.75315;1;1;;0;17X100A100A00028;SAINT MEDARD
GRDF;2024;G;162230000;Montbron (commune non irisée);PRO;;;A;secret;secret;;;;17X100A100A00028;MONTBRON
GRDF;2024;G;160120000;Angeac-Champagne (commune non irisée);PRO;;;A;358.24606;1;0;;0;17X100A100A00028;ANGEAC CHAMPAGNE
GRDF;2024;G;160120000;Angeac-Champagne (commune non irisée);ENT;01;Culture et production animale, chasse et services annexes;A;306.06931;1;1;;0;17X100A100A00028;ANGEAC CHAMPAGNE
GRDF;2024;G;160180000;Ars (commune non irisée);PRO;;;A;293.92727;4;1;;0;17X100A100A00028;ARS
GRDF;2024;G;160180000;Ars (commune non irisée);ENT;01;Culture et production animale, chasse et services annexes;A;833.91253;2;1;;0;17X100A100A00028;ARS
GRDF;2024;G;160560000;Bourg-Charente (commune non irisée);PRO;;;A;secret;secret;;;;17X100A100A00028;BOURG CHARENTE
GRDF;2024;G;160580000;Boutiers-Saint-Trojan (commune non irisée);PRO;;;A;341.21248;2;1;;0;17X100A100A00028;BOUTIERS SAINT TROJAN
GRDF;2024;G;160880000;Chassors (commune non irisée);PRO;;;A;250.15133;3;0.167922553120145;;0;17X100A100A00028;CHASSORS
GRDF;2024;G;160880000;Chassors (commune non irisée);ENT;01;Culture et production animale, chasse et services annexes;A;2451.9353;5;1;;0;17X100A100A00028;CHASSORS
GRDF;2024;G;160880000;Chassors (commune non irisée);ENT;;;A;414.97797;1;1;;0;17X100A100A00028;CHASSORS
GRDF;2024;G;160890000;Châteaubernard (commune non irisée);PRO;;;A;572.97299;3;0.0331479848639985;;0;17X100A100A00028;CHATEAUBERNARD
GRDF;2024;G;160900000;Châteauneuf-sur-Charente (commune non irisée);PRO;;;A;415.40275;4;0.414391527258786;;0;17X100A100A00028;CHATEAUNEUF SUR CHARENTE
GRDF;2024;G;160900000;Châteauneuf-sur-Charente (commune non irisée);ENT;01;Culture et production animale, chasse et services annexes;A;241.58354;1;1;;0;17X100A100A00028;CHATEAUNEUF SUR CHARENTE
GRDF;2024;G;160970000;Val-de-Cognac (commune non irisée);PRO;;;A;214.60775;2;0.033525303722722;;0;17X100A100A00028;VAL DE COGNAC
GRDF;2024;G;160970000;Val-de-Cognac (commune non irisée);ENT;01;Culture et production animale, chasse et services annexes;A;1475.89256;2;1;;0;17X100A100A00028;VAL DE COGNAC
GRDF;2024;G;161020102;Saint-Jacques;PRO;;;A;secret;secret;;;;17X100A100A00028;COGNAC
GRDF;2024;G;161020201;Saint-Martin;PRO;;;A;secret;secret;;;;17X100A100A00028;COGNAC
GRDF;2024;G;161020201;Saint-Martin;ENT;01;Culture et production animale, chasse et services annexes;A;4202.579;1;1;;0;17X100A100A00028;COGNAC
GRDF;2024;G;161020202;Hôtel de Ville;PRO;;;A;secret;secret;;;;17X100A100A00028;COGNAC
GRDF;2024;G;161020301;Faubourg d'Angoulême;PRO;;;A;secret;secret;;;;17X100A100A00028;COGNAC
GRDF;2024;G;161450000;Foussignac (commune non irisée);PRO;;;A;561.77175;5;0.895033899444035;;0;17X100A100A00028;FOUSSIGNAC
GRDF;2024;G;161450000;Foussignac (commune non irisée);ENT;01;Culture et production animale, chasse et services annexes;A;978.60406;2;1;;0;17X100A100A00028;FOUSSIGNAC
GRDF;2024;G;161500000;Gensac-la-Pallue (commune non irisée);PRO;;;A;469.24269;4;1;;0;17X100A100A00028;GENSAC LA PALLUE
GRDF;2024;G;161510000;Genté (commune non irisée);PRO;;;A;928.96633;5;1;;0;17X100A100A00028;GENTE
GRDF;2024;G;161520000;Gimeux (commune non irisée);PRO;;;A;309.95805;3;1;;0;17X100A100A00028;GIMEUX
GRDF;2024;G;161530000;Mainxe-Gondeville (commune non irisée);PRO;;;A;1814.82034;9;1;;0;17X100A100A00028;MAINXE GONDEVILLE
GRDF;2024;G;161530000;Mainxe-Gondeville (commune non irisée);ENT;01;Culture et production animale, chasse et services annexes;A;249.75664;1;1;;0;17X100A100A00028;MAINXE GONDEVILLE
GRDF;2024;G;161630000;Hiersac (commune non irisée);PRO;;;A;secret;secret;;;;17X100A100A00028;HIERSAC
GRDF;2024;G;161630000;Hiersac (commune non irisée);ENT;01;Culture et production animale, chasse et services annexes;A;452.13414;1;1;;0;17X100A100A00028;HIERSAC
GRDF;2024;G;161670000;Jarnac (commune non irisée);PRO;;;A;75.2953;4;1;;0;17X100A100A00028;JARNAC
GRDF;2024;G;161670000;Jarnac (commune non irisée);ENT;01;Culture et production animale, chasse et services annexes;A;438.48517;1;1;;0;17X100A100A00028;JARNAC
GRDF;2024;G;161690000;Javrezac (commune non irisée);PRO;;;A;secret;secret;;;;17X100A100A00028;JAVREZAC
GRDF;2024;G;161710000;Juillac-le-Coq (commune non irisée);PRO;;;A;1067.38226;2;1;;0;17X100A100A00028;JUILLAC LE COQ
GRDF;2024;G;161710000;Juillac-le-Coq (commune non irisée);ENT;01;Culture et production animale, chasse et services annexes;A;1587.97161;1;1;;0;17X100A100A00028;JUILLAC LE COQ
GRDF;2024;G;161740000;Julienne (commune non irisée);PRO;;;A;secret;secret;;;;17X100A100A00028;JULIENNE
GRDF;2024;G;161740000;Julienne (commune non irisée);ENT;01;Culture et production animale, chasse et services annexes;A;2859.91099;2;1;;0;17X100A100A00028;JULIENNE
GRDF;2024;G;162170000;Merpins (commune non irisée);PRO;;;A;435.68464;5;1;;0;17X100A100A00028;MERPINS
GRDF;2024;G;162180000;Mesnac (commune non irisée);ENT;01;Culture et production animale, chasse et services annexes;A;367.10788;1;1;;0;17X100A100A00028;MESNAC
GRDF;2024;G;162430000;Nercillac (commune non irisée);PRO;;;A;643.34207;4;1;;0;17X100A100A00028;NERCILLAC
GRDF;2024;G;162770000;Réparsac (commune non irisée);PRO;;;A;369.50479;4;1;;0;17X100A100A00028;REPARSAC
GRDF;2024;G;163300000;Saint-Laurent-de-Cognac (commune non irisée);PRO;;;A;690.34728;3;1;;0;17X100A100A00028;SAINT LAURENT DE COGNAC
GRDF;2024;G;163490000;Sainte-Sévère (commune non irisée);PRO;;;A;555.53491;1;1;;0;17X100A100A00028;SAINTE SEVERE
GRDF;2024;G;163590000;Salles-d'Angles (commune non irisée);PRO;;;A;530.68041;4;1;;0;17X100A100A00028;SALLES D ANGLES
GRDF;2024;G;163590000;Salles-d'Angles (commune non irisée);ENT;01;Culture et production animale, chasse et services annexes;A;565.60888;1;1;;0;17X100A100A00028;SALLES D ANGLES
GRDF;2024;G;163660000;Segonzac (commune non irisée);PRO;;;A;4455.80969;26;0.903770423372816;;0;17X100A100A00028;SEGONZAC
GRDF;2024;G;163660000;Segonzac (commune non irisée);ENT;01;Culture et production animale, chasse et services annexes;A;2446.02771;7;1;;0;17X100A100A00028;SEGONZAC
GRDF;2024;G;163660000;Segonzac (commune non irisée);ENT;;;A;290.39178;1;1;;0;17X100A100A00028;SEGONZAC
GRDF;2024;G;163690000;Sigogne (commune non irisée);PRO;;;A;526.63874;4;1;;0;17X100A100A00028;SIGOGNE
GRDF;2024;G;163690000;Sigogne (commune non irisée);ENT;01;Culture et production animale, chasse et services annexes;A;1710.39654;2;1;;0;17X100A100A00028;SIGOGNE
GRDF;2024;G;160150101;Plateau Nord-Montausier;PRO;;;A;secret;secret;;;;17X100A100A00028;ANGOULEME
GRDF;2024;G;160150102;Plateau Sud;PRO;;;A;51.6991;2;1;;0;17X100A100A00028;ANGOULEME
GRDF;2024;G;160150301;Sillac-Saint-Ausone;PRO;;;A;secret;secret;;;;17X100A100A00028;ANGOULEME
GRDF;2024;G;160150402;Saint-Cybard;ENT;01;Culture et production animale, chasse et services annexes;A;1149.1844;1;1;;0;17X100A100A00028;ANGOULEME
GRDF;2024;G;160150704;Petite Garenne;PRO;;;A;secret;secret;;;;17X100A100A00028;ANGOULEME
GRDF;2024;G;161010000;Claix (commune non irisée);PRO;;;A;176.37964;1;1;;0;17X100A100A00028;CLAIX
GRDF;2024;G;161380000;Fléac (commune non irisée);PRO;;;A;116.28443;2;0.0870150027824017;;0;17X100A100A00028;FLEAC
GRDF;2024;G;161540103;Ouest et Sud;PRO;;;A;secret;secret;;;;17X100A100A00028;GOND PONTOUVRE
GRDF;2024;G;161990000;Magnac-sur-Touvre (commune non irisée);PRO;;;A;secret;secret;;;;17X100A100A00028;MAGNAC SUR TOUVRE
GRDF;2024;G;162710000;Puymoyen (commune non irisée);PRO;;;A;60.20511;2;1;;0;17X100A100A00028;PUYMOYEN
GRDF;2024;G;162910102;Centre;PRO;;;A;secret;secret;;;;17X100A100A00028;RUELLE SUR TOUVRE
GRDF;2024;G;163480000;Saint-Saturnin (commune non irisée);PRO;;;A;128.55594;1;1;;0;17X100A100A00028;SAINT SATURNIN
GRDF;2024;G;163580102;Nord Centre;PRO;;;A;secret;secret;;;;17X100A100A00028;SAINT YRIEIX SUR CHARENTE
GRDF;2024;G;163580103;Nord-Ouest;PRO;;;A;79.85236;1;1;;0;17X100A100A00028;SAINT YRIEIX SUR CHARENTE
GRDF;2024;G;163850000;Touvre (commune non irisée);PRO;;;A;secret;secret;;;;17X100A100A00028;TOUVRE
GRDF;2024;G;161060000;Confolens (commune non irisée);PRO;;;A;secret;secret;;;;17X100A100A00028;CONFOLENS
GRDF;2024;G;161920000;Terres-de-Haute-Charente (commune non irisée);PRO;;;A;secret;secret;;;;17X100A100A00028;TERRES DE HAUTE CHARENTE
GRDF;2024;G;164160000;Vitrac-Saint-Vincent (commune non irisée);PRO;;;A;secret;secret;;;;17X100A100A00028;VITRAC SAINT VINCENT
GRDF;2024;G;162080000;Mareuil (commune non irisée);PRO;;;A;365.35778;3;1;;0;17X100A100A00028;MAREUIL
GRDF;2024;G;162860000;Rouillac (commune non irisée);PRO;;;A;230.36551;3;1;;0;17X100A100A00028;ROUILLAC
GRDF;2024;G;162860000;Rouillac (commune non irisée);ENT;01;Culture et production animale, chasse et services annexes;A;1524.81308;1;1;;0;17X100A100A00028;ROUILLAC
GRDF;2024;G;163950000;Vaux-Rouillac (commune non irisée);PRO;;;A;485.81673;5;0.697477297663256;;0;17X100A100A00028;VAUX ROUILLAC
GRDF;2024;G;163950000;Vaux-Rouillac (commune non irisée);ENT;01;Culture et production animale, chasse et services annexes;A;134.64531;1;1;;0;17X100A100A00028;VAUX ROUILLAC
GRDF;2024;G;170860000;Chaniers (commune non irisée);ENT;01;Culture et production animale, chasse et services annexes;A;742.46136;1;1;;0;17X100A100A00028;CHANIERS
GRDF;2024;G;174150301;Centre;PRO;;;A;secret;secret;;;;17X100A100A00028;SAINTES
GRDF;2024;G;170080000;Andilly (commune non irisée);PRO;;;A;secret;secret;;;;17X100A100A00028;ANDILLY
GRDF;2024;G;170270000;Avy (commune non irisée);ENT;01;Culture et production animale, chasse et services annexes;A;6864.98256;1;1;;0;17X100A100A00028;AVY
GRDF;2024;G;170760000;Celles (commune non irisée);PRO;;;A;655.23462;2;0.820803912955637;;0;17X100A100A00028;CELLES
GRDF;2024;G;172730000;Pérignac (commune non irisée);PRO;;;A;secret;secret;;;;17X100A100A00028;PERIGNAC
GRDF;2024;G;173640000;Saint-Martial-sur-Né (commune non irisée);PRO;;;A;733.52975;4;0.972429420892608;;0;17X100A100A00028;SAINT MARTIAL SUR NE
GRDF;2024;G;173640000;Saint-Martial-sur-Né (commune non irisée);ENT;01;Culture et production animale, chasse et services annexes;A;477.25595;1;1;;0;17X100A100A00028;SAINT MARTIAL SUR NE
GRDF;2024;G;170030000;Aigrefeuille-d'Aunis (commune non irisée);PRO;;;A;secret;secret;;;;17X100A100A00028;AIGREFEUILLE D AUNIS
GRDF;2024;G;172170000;Macqueville (commune non irisée);PRO;;;A;614.39913;6;1;;0;17X100A100A00028;MACQUEVILLE
GRDF;2024;G;173470101;Centre Ville;PRO;;;A;secret;secret;;;;17X100A100A00028;SAINT JEAN D ANGELY
GRDF;2024;G;173470104;Sud;PRO;;;A;secret;secret;;;;17X100A100A00028;SAINT JEAN D ANGELY
GRDF;2024;G;172990101;Centre Ville Nord;PRO;;;A;secret;secret;;;;17X100A100A00028;ROCHEFORT
GRDF;2024;G;172990401;La Beaume-Avant-Garde;PRO;;;A;secret;secret;;;;17X100A100A00028;ROCHEFORT
GRDF;2024;G;172990401;La Beaume-Avant-Garde;ENT;01;Culture et production animale, chasse et services annexes;A;309.3843;1;1;;0;17X100A100A00028;ROCHEFORT
GRDF;2024;G;173460000;Saint-Hippolyte (commune non irisée);PRO;;;A;secret;secret;;;;17X100A100A00028;SAINT HIPPOLYTE
GRDF;2024;G;173530000;Saint-Laurent-de-la-Prée (commune non irisée);ENT;01;Culture et production animale, chasse et services annexes;A;238.333;1;1;;0;17X100A100A00028;SAINT LAURENT DE LA PREE
GRDF;2024;G;170100000;Angoulins (commune non irisée);PRO;;;A;secret;secret;;;;17X100A100A00028;ANGOULINS
GRDF;2024;G;170280101;Zone d'Activités;PRO;;;A;secret;secret;;;;17X100A100A00028;AYTRE
GRDF;2024;G;170940102;Ouest;PRO;;;A;secret;secret;;;;17X100A100A00028;CHATELAILLON PLAGE
GRDF;2024;G;171420000;Dompierre-sur-Mer (commune non irisée);PRO;;;A;secret;secret;;;;17X100A100A00028;DOMPIERRE SUR MER
GRDF;2024;G;171900000;L'Houmeau (commune non irisée);PRO;;;A;secret;secret;;;;17X100A100A00028;HOUMEAU
GRDF;2024;G;172000103;Ouest;ENT;01;Culture et production animale, chasse et services annexes;A;213.81954;1;1;;0;17X100A100A00028;LAGORD
GRDF;2024;G;173000103;Centre Préfecture;PRO;;;A;secret;secret;;;;17X100A100A00028;ROCHELLE
GRDF;2024;G;173000401;Chef de Baie;PRO;;;A;secret;secret;;;;17X100A100A00028;ROCHELLE
GRDF;2024;G;173000401;Chef de Baie;ENT;03;Pêche et aquaculture;A;824.21535;1;1;;0;17X100A100A00028;ROCHELLE
GRDF;2024;G;173000503;Mireuil Est;PRO;;;A;secret;secret;;;;17X100A100A00028;ROCHELLE
GRDF;2024;G;173001001;Les Minimes Port de Plaisance;PRO;;;A;secret;secret;;;;17X100A100A00028;ROCHELLE
GRDF;2024;G;173001003;Les Minimes Tasdon;PRO;;;A;secret;secret;;;;17X100A100A00028;ROCHELLE
GRDF;2024;G;174070000;Sainte-Soulle (commune non irisée);ENT;01;Culture et production animale, chasse et services annexes;A;307.582;1;1;;0;17X100A100A00028;SAINTE SOULLE
GRDF;2024;G;173060107;Les Villages;PRO;;;A;secret;secret;;;;17X100A100A00028;ROYAN
GRDF;2024;G;173800000;Saint-Palais-sur-Mer (commune non irisée);PRO;;;A;secret;secret;;;;17X100A100A00028;SAINT PALAIS SUR MER
GRDF;2024;G;174090000;Saint-Sulpice-de-Royan (commune non irisée);ENT;01;Culture et production animale, chasse et services annexes;A;7988.228;1;1;;0;17X100A100A00028;SAINT SULPICE DE ROYAN
GRDF;2024;G;170580000;Bourcefranc-le-Chapus (commune non irisée);PRO;;;A;secret;secret;;;;17X100A100A00028;BOURCEFRANC LE CHAPUS
GRDF;2024;G;171850000;Le Gua (commune non irisée);PRO;;;A;78.17841;1;1;;0;17X100A100A00028;GUA
GRDF;2024;G;173510000;Saint-Just-Luzac (commune non irisée);PRO;;;A;secret;secret;;;;17X100A100A00028;SAINT JUST LUZAC
GRDF;2024;G;190310102;Guierle;PRO;;;A;secret;secret;;;;17X100A100A00028;BRIVE LA GAILLARDE
GRDF;2024;G;190310203;Caserne;ENT;01;Culture et production animale, chasse et services annexes;A;69.85547;1;1;;0;17X100A100A00028;BRIVE LA GAILLARDE
GRDF;2024;G;190310701;Hôpital;PRO;;;A;secret;secret;;;;17X100A100A00028;BRIVE LA GAILLARDE
GRDF;2024;G;191230101;Centre;PRO;;;A;secret;secret;;;;17X100A100A00028;MALEMORT
GRDF;2024;G;191230103;Sud;PRO;;;A;secret;secret;;;;17X100A100A00028;MALEMORT
GRDF;2024;G;191530000;Objat (commune non irisée);PRO;;;A;secret;secret;;;;17X100A100A00028;OBJAT
GRDF;2024;G;192460000;Saint-Viance (commune non irisée);PRO;;;A;76.46606;4;1;;0;17X100A100A00028;SAINT VIANCE
GRDF;2024;G;192740000;Ussac (commune non irisée);PRO;;;A;70.18994;1;1;;0;17X100A100A00028;USSAC
GRDF;2024;G;192780000;Varetz (commune non irisée);PRO;;;A;168.85932;2;1;;0;17X100A100A00028;VARETZ
GRDF;2024;G;191360000;Meymac (commune non irisée);PRO;;;A;secret;secret;;;;17X100A100A00028;MEYMAC
GRDF;2024;G;192750102;Couzergues;PRO;;;A;secret;secret;;;;17X100A100A00028;USSEL
GRDF;2024;G;192750202;Sarsonne;PRO;;;A;81.2888;1;1;;0;17X100A100A00028;USSEL
GRDF;2024;G;192720101;Souilhac Cité Cazeaux;PRO;;;A;secret;secret;;;;17X100A100A00028;TULLE
GRDF;2024;G;192720201;Urbain Centre Ancien;PRO;;;A;secret;secret;;;;17X100A100A00028;TULLE
GRDF;2024;G;192720202;Urbain Centre Ouest;PRO;;;A;secret;secret;;;;17X100A100A00028;TULLE
GRDF;2024;G;192720301;Urbain Rive Gauche;PRO;;;A;secret;secret;;;;17X100A100A00028;TULLE
GRDF;2024;G;192720303;Rural Est;PRO;;;A;110.78384;3;1;;0;17X100A100A00028;TULLE
GRDF;2024;G;192720303;Rural Est;ENT;01;Culture et production animale, chasse et services annexes;A;214.69894;1;1;;0;17X100A100A00028;TULLE
GRDF;2024;G;230020000;Ajain (commune non irisée);PRO;;;A;secret;secret;;;;17X100A100A00028;AJAIN
GRDF;2024;G;230960101;La Rodde;PRO;;;A;secret;secret;;;;17X100A100A00028;GUERET
GRDF;2024;G;230960102;Centre Ville;PRO;;;A;secret;secret;;;;17X100A100A00028;GUERET
GRDF;2024;G;230960202;Jouhet;PRO;;;A;secret;secret;;;;17X100A100A00028;GUERET
GRDF;2024;G;231930000;Sainte-Feyre (commune non irisée);PRO;;;A;secret;secret;;;;17X100A100A00028;SAINTE FEYRE
GRDF;2024;G;231950000;Saint-Fiel (commune non irisée);PRO;;;A;secret;secret;;;;17X100A100A00028;SAINT FIEL
GRDF;2024;G;230080101;Rive Droite;PRO;;;A;secret;secret;;;;17X100A100A00028;AUBUSSON
GRDF;2024;G;231760101;Nord;PRO;;;A;secret;secret;;;;17X100A100A00028;SOUTERRAINE
GRDF;2024;G;231760102;Sud;PRO;;;A;secret;secret;;;;17X100A100A00028;SOUTERRAINE
GRDF;2024;G;245200103;Le Pontet-La Plane;PRO;;;A;secret;secret;;;;17X100A100A00028;SARLAT LA CANEDA
GRDF;2024;G;245200104;Temniac;PRO;;;A;secret;secret;;;;17X100A100A00028;SARLAT LA CANEDA
GRDF;2024;G;245200105;La Cadena-La Villenie;PRO;;;A;secret;secret;;;;17X100A100A00028;SARLAT LA CANEDA
GRDF;2024;G;242260000;Lamothe-Montravel (commune non irisée);PRO;;;A;secret;secret;;;;17X100A100A00028;LAMOTHE MONTRAVEL
GRDF;2024;G;243700000;Saint-Antoine-de-Breuilh (commune non irisée);PRO;;;A;secret;secret;;;;17X100A100A00028;SAINT ANTOINE DE BREUILH
GRDF;2024;G;245680000;Vélines (commune non irisée);PRO;;;A;secret;secret;;;;17X100A100A00028;VELINES
GRDF;2024;G;245680000;Vélines (commune non irisée);ENT;01;Culture et production animale, chasse et services annexes;A;8617.441;1;1;;0;17X100A100A00028;VELINES
GRDF;2024;G;240270000;Bayac (commune non irisée);PRO;;;A;secret;secret;;;;17X100A100A00028;BAYAC
GRDF;2024;G;243090000;Neuvic (commune non irisée);PRO;;;A;secret;secret;;;;17X100A100A00028;NEUVIC
GRDF;2024;G;243720102;Sud;PRO;;;A;secret;secret;;;;17X100A100A00028;SAINT ASTIER
GRDF;2024;G;242940101;Nord;PRO;;;A;secret;secret;;;;17X100A100A00028;MONTPON MENESTEROL
GRDF;2024;G;241380102;Chamiers;PRO;;;A;secret;secret;;;;17X100A100A00028;COULOUNIEIX CHAMIERS
GRDF;2024;G;243120000;Sanilhac (commune non irisée);PRO;;;A;114.35632;2;0.810271002074918;;0;17X100A100A00028;SANILHAC
GRDF;2024;G;243220103;Georges Pompidou;PRO;;;A;secret;secret;;;;17X100A100A00028;PERIGUEUX
GRDF;2024;G;243220107;Saint-Martin;PRO;;;A;secret;secret;;;;17X100A100A00028;PERIGUEUX
GRDF;2024;G;244550000;Saint-Martin-de-Ribérac (commune non irisée);PRO;;;A;secret;secret;;;;17X100A100A00028;SAINT MARTIN DE RIBERAC
GRDF;2024;G;240820000;Carsac-Aillac (commune non irisée);PRO;;;A;secret;secret;;;;17X100A100A00028;CARSAC AILLAC
GRDF;2024;G;241790000;La Feuillade (commune non irisée);PRO;;;A;secret;secret;;;;17X100A100A00028;FEUILLADE
GRDF;2024;G;243210000;Pazayac (commune non irisée);PRO;;;A;secret;secret;;;;17X100A100A00028;PAZAYAC
GRDF;2024;G;245470101;Urbain;PRO;;;A;secret;secret;;;;17X100A100A00028;TERRASSON LAVILLEDIEU
GRDF;2024;G;242910000;Montignac-Lascaux (commune non irisée);PRO;;;A;171.30264;1;1;;0;17X100A100A00028;MONTIGNAC LASCAUX
GRDF;2024;G;242910000;Montignac-Lascaux (commune non irisée);ENT;01;Culture et production animale, chasse et services annexes;A;157.33604;1;1;;0;17X100A100A00028;MONTIGNAC LASCAUX
GRDF;2024;G;242990000;Mussidan (commune non irisée);PRO;;;A;secret;secret;;;;17X100A100A00028;MUSSIDAN
GRDF;2024;G;244090000;Saint-Front-de-Pradoux (commune non irisée);PRO;;;A;secret;secret;;;;17X100A100A00028;SAINT FRONT DE PRADOUX
GRDF;2024;G;244620000;Saint-Médard-de-Mussidan (commune non irisée);PRO;;;A;100.89349;2;1;;0;17X100A100A00028;SAINT MEDARD DE MUSSIDAN
GRDF;2024;G;244620000;Saint-Médard-de-Mussidan (commune non irisée);ENT;01;Culture et production animale, chasse et services annexes;A;615.366;1;1;;0;17X100A100A00028;SAINT MEDARD DE MUSSIDAN
GRDF;2024;G;240370102;Cavaillé;PRO;;;A;secret;secret;;;;17X100A100A00028;BERGERAC
GRDF;2024;G;240370104;Le Combal;PRO;;;A;secret;secret;;;;17X100A100A00028;BERGERAC
GRDF;2024;G;240370104;Le Combal;ENT;01;Culture et production animale, chasse et services annexes;A;21.94805;1;1;;0;17X100A100A00028;BERGERAC
GRDF;2024;G;240370105;Aérodrome;PRO;;;A;secret;secret;;;;17X100A100A00028;BERGERAC
GRDF;2024;G;240370105;Aérodrome;ENT;01;Culture et production animale, chasse et services annexes;A;100.97594;1;1;;0;17X100A100A00028;BERGERAC
GRDF;2024;G;240370106;Toutifaut;PRO;;;A;secret;secret;;;;17X100A100A00028;BERGERAC
GRDF;2024;G;240370112;Saint-Martin;PRO;;;A;secret;secret;;;;17X100A100A00028;BERGERAC
GRDF;2024;G;241940000;Gardonne (commune non irisée);PRO;;;A;76.55832;3;0.770415677877988;;0;17X100A100A00028;GARDONNE
GRDF;2024;G;242220000;La Force (commune non irisée);PRO;;;A;secret;secret;;;;17X100A100A00028;FORCE
GRDF;2024;G;243400000;Prigonrieux (commune non irisée);PRO;;;A;secret;secret;;;;17X100A100A00028;PRIGONRIEUX
GRDF;2024;G;243400000;Prigonrieux (commune non irisée);ENT;01;Culture et production animale, chasse et services annexes;A;547.12411;1;1;;0;17X100A100A00028;PRIGONRIEUX
GRDF;2024;G;244870000;Saint-Pierre-d'Eyraud (commune non irisée);PRO;;;A;154.78834;4;1;;0;17X100A100A00028;SAINT PIERRE D EYRAUD
GRDF;2024;G;243110000;Nontron (commune non irisée);PRO;;;A;secret;secret;;;;17X100A100A00028;NONTRON
GRDF;2024;G;243280000;Piégut-Pluviers (commune non irisée);PRO;;;A;secret;secret;;;;17X100A100A00028;PIEGUT PLUVIERS
GRDF;2024;G;243280000;Piégut-Pluviers (commune non irisée);ENT;01;Culture et production animale, chasse et services annexes;A;2248.9845;1;1;;0;17X100A100A00028;PIEGUT PLUVIERS
GRDF;2024;G;244510000;Saint-Martial-de-Valette (commune non irisée);PRO;;;A;secret;secret;;;;17X100A100A00028;SAINT MARTIAL DE VALETTE
GRDF;2024;G;243350000;Port-Sainte-Foy-et-Ponchapt (commune non irisée);PRO;;;A;secret;secret;;;;17X100A100A00028;PORT SAINTE FOY ET PONCHAPT
GRDF;2024;G;243350000;Port-Sainte-Foy-et-Ponchapt (commune non irisée);ENT;01;Culture et production animale, chasse et services annexes;A;364.57793;1;1;;0;17X100A100A00028;PORT SAINTE FOY ET PONCHAPT
GRDF;2024;G;330580000;Blaye (commune non irisée);PRO;;;A;54.41261;1;1;;0;17X100A100A00028;BLAYE
GRDF;2024;G;331000000;Cars (commune non irisée);PRO;;;A;secret;secret;;;;17X100A100A00028;CARS
GRDF;2024;G;331320000;Comps (commune non irisée);PRO;;;A;secret;secret;;;;17X100A100A00028;COMPS
GRDF;2024;G;333250000;Plassac (commune non irisée);PRO;;;A;52.02434;2;1;;0;17X100A100A00028;PLASSAC
GRDF;2024;G;334050000;Saint-Genès-de-Blaye (commune non irisée);PRO;;;A;76.29532;1;1;;0;17X100A100A00028;SAINT GENES DE BLAYE
GRDF;2024;G;334410000;Saint-Martin-Lacaussade (commune non irisée);PRO;;;A;secret;secret;;;;17X100A100A00028;SAINT MARTIN LACAUSSADE
GRDF;2024;G;335510000;Villeneuve (commune non irisée);PRO;;;A;secret;secret;;;;17X100A100A00028;VILLENEUVE
GRDF;2024;G;332610000;Lussac (commune non irisée);PRO;;;A;secret;secret;;;;17X100A100A00028;LUSSAC
GRDF;2024;G;332610000;Lussac (commune non irisée);ENT;01;Culture et production animale, chasse et services annexes;A;167.66674;1;1;;0;17X100A100A00028;LUSSAC
GRDF;2024;G;332900000;Montagne (commune non irisée);PRO;;;A;147.99492;11;1;;0;17X100A100A00028;MONTAGNE
GRDF;2024;G;332900000;Montagne (commune non irisée);ENT;01;Culture et production animale, chasse et services annexes;A;573.05755;2;0.964133008979639;;0;17X100A100A00028;MONTAGNE
GRDF;2024;G;333420000;Puisseguin (commune non irisée);PRO;;;A;secret;secret;;;;17X100A100A00028;PUISSEGUIN
GRDF;2024;G;333840000;Saint-Christophe-des-Bardes (commune non irisée);PRO;;;A;566.68148;8;1;;0;17X100A100A00028;SAINT CHRISTOPHE DES BARDES
GRDF;2024;G;333940000;Saint-Émilion (commune non irisée);PRO;;;A;1925.99816;44;0.826449112495517;;0;17X100A100A00028;SAINT EMILION
GRDF;2024;G;333940000;Saint-Émilion (commune non irisée);ENT;01;Culture et production animale, chasse et services annexes;A;18.95203;1;1;;0;17X100A100A00028;SAINT EMILION
GRDF;2024;G;334800000;Saint-Sulpice-de-Faleyrens (commune non irisée);PRO;;;A;158.29375;11;0.953309590555533;;0;17X100A100A00028;SAINT SULPICE DE FALEYRENS
GRDF;2024;G;334800000;Saint-Sulpice-de-Faleyrens (commune non irisée);ENT;01;Culture et production animale, chasse et services annexes;A;229.18875;1;1;;0;17X100A100A00028;SAINT SULPICE DE FALEYRENS
GRDF;2024;G;334850000;Sainte-Terre (commune non irisée);PRO;;;A;secret;secret;;;;17X100A100A00028;SAINTE TERRE
GRDF;2024;G;335460000;Vignonet (commune non irisée);PRO;;;A;80.74678;6;1;;0;17X100A100A00028;VIGNONET
GRDF;2024;G;331640000;Fargues (commune non irisée);PRO;;;A;secret;secret;;;;17X100A100A00028;FARGUES
GRDF;2024;G;332270101;Centre Ville;PRO;;;A;secret;secret;;;;17X100A100A00028;LANGON
GRDF;2024;G;332270102;Extérieur;PRO;;;A;secret;secret;;;;17X100A100A00028;LANGON
GRDF;2024;G;333360000;Préchac (commune non irisée);PRO;;;A;secret;secret;;;;17X100A100A00028;PRECHAC
GRDF;2024;G;334350000;Saint-Macaire (commune non irisée);PRO;;;A;54.51151;1;1;;0;17X100A100A00028;SAINT MACAIRE
GRDF;2024;G;334380000;Saint-Maixant (commune non irisée);PRO;;;A;secret;secret;;;;17X100A100A00028;SAINT MAIXANT
GRDF;2024;G;335330000;Toulenne (commune non irisée);PRO;;;A;secret;secret;;;;17X100A100A00028;TOULENNE
GRDF;2024;G;335470000;Villandraut (commune non irisée);PRO;;;A;secret;secret;;;;17X100A100A00028;VILLANDRAUT
GRDF;2024;G;331110000;Caudrot (commune non irisée);PRO;;;A;72.47044;1;1;;0;17X100A100A00028;CAUDROT
GRDF;2024;G;334440000;Saint-Martin-de-Sescas (commune non irisée);PRO;;;A;secret;secret;;;;17X100A100A00028;SAINT MARTIN DE SESCAS
GRDF;2024;G;330070000;Arbanats (commune non irisée);PRO;;;A;secret;secret;;;;17X100A100A00028;ARBANATS
GRDF;2024;G;330300000;Barsac (commune non irisée);PRO;;;A;196.88934;9;1;;0;17X100A100A00028;BARSAC
GRDF;2024;G;330810000;Cadillac-sur-Garonne (commune non irisée);PRO;;;A;secret;secret;;;;17X100A100A00028;CADILLAC SUR GARONNE
GRDF;2024;G;331200000;Cérons (commune non irisée);PRO;;;A;146.46425;6;1;;0;17X100A100A00028;CERONS
GRDF;2024;G;332050000;Illats (commune non irisée);PRO;;;A;secret;secret;;;;17X100A100A00028;ILLATS
GRDF;2024;G;332310000;Laroque (commune non irisée);PRO;;;A;secret;secret;;;;17X100A100A00028;LAROQUE
GRDF;2024;G;332410000;Lestiac-sur-Garonne (commune non irisée);PRO;;;A;secret;secret;;;;17X100A100A00028;LESTIAC SUR GARONNE
GRDF;2024;G;332410000;Lestiac-sur-Garonne (commune non irisée);ENT;01;Culture et production animale, chasse et services annexes;A;92.92006;1;1;;0;17X100A100A00028;LESTIAC SUR GARONNE
GRDF;2024;G;333270000;Podensac (commune non irisée);PRO;;;A;169.08711;1;1;;0;17X100A100A00028;PODENSAC
GRDF;2024;G;333340000;Portets (commune non irisée);PRO;;;A;310.77182;10;0.918250502893087;;0;17X100A100A00028;PORTETS
GRDF;2024;G;333370000;Preignac (commune non irisée);PRO;;;A;secret;secret;;;;17X100A100A00028;PREIGNAC
GRDF;2024;G;333920000;Sainte-Croix-du-Mont (commune non irisée);PRO;;;A;53.25021;2;1;;0;17X100A100A00028;SAINTE CROIX DU MONT
GRDF;2024;G;333450000;Le Puy (commune non irisée);ENT;01;Culture et production animale, chasse et services annexes;A;147.56304;1;1;;0;17X100A100A00028;PUY
GRDF;2024;G;333530000;Rimons (commune non irisée);PRO;;;A;secret;secret;;;;17X100A100A00028;RIMONS
GRDF;2024;G;334000000;Saint-Ferme (commune non irisée);ENT;01;Culture et production animale, chasse et services annexes;A;86.6509;1;1;;0;17X100A100A00028;SAINT FERME
GRDF;2024;G;330150000;Arveyres (commune non irisée);PRO;;;A;secret;secret;;;;17X100A100A00028;ARVEYRES
GRDF;2024;G;331380103;Est;PRO;;;A;secret;secret;;;;17X100A100A00028;COUTRAS
GRDF;2024;G;331980000;Guîtres (commune non irisée);PRO;;;A;secret;secret;;;;17X100A100A00028;GUITRES
GRDF;2024;G;332430102;Montaudon;PRO;;;A;secret;secret;;;;17X100A100A00028;LIBOURNE
GRDF;2024;G;332430103;La Bastide;PRO;;;A;secret;secret;;;;17X100A100A00028;LIBOURNE
GRDF;2024;G;332430104;Carré-le Verdet;PRO;;;A;52.62842;2;1;;0;17X100A100A00028;LIBOURNE
GRDF;2024;G;332430105;La Gare;PRO;;;A;secret;secret;;;;17X100A100A00028;LIBOURNE
GRDF;2024;G;332430106;Charrauds-le Pentey;PRO;;;A;275.05938;4;1;;0;17X100A100A00028;LIBOURNE
GRDF;2024;G;332430107;Avenue Foch-la Ganne;PRO;;;A;224.54363;5;0.919045621556933;;0;17X100A100A00028;LIBOURNE
GRDF;2024;G;332430108;Lamberte-Hôpital;PRO;;;A;157.21024;5;0.60717164479871;;0;17X100A100A00028;LIBOURNE
GRDF;2024;G;332430109;La Plante;PRO;;;A;64.39489;1;1;;0;17X100A100A00028;LIBOURNE
GRDF;2024;G;332980000;Moulon (commune non irisée);PRO;;;A;secret;secret;;;;17X100A100A00028;MOULON
GRDF;2024;G;333280000;Pomerol (commune non irisée);PRO;;;A;690.41426;27;0.772500179819576;;0;17X100A100A00028;POMEROL
GRDF;2024;G;333620000;Sablons (commune non irisée);PRO;;;A;secret;secret;;;;17X100A100A00028;SABLONS
GRDF;2024;G;333930000;Saint-Denis-de-Pile (commune non irisée);PRO;;;A;secret;secret;;;;17X100A100A00028;SAINT DENIS DE PILE
GRDF;2024;G;334130000;Saint-Germain-du-Puch (commune non irisée);PRO;;;A;230.67018;6;1;;0;17X100A100A00028;SAINT GERMAIN DU PUCH
GRDF;2024;G;334470000;Saint-Médard-de-Guizières (commune non irisée);PRO;;;A;secret;secret;;;;17X100A100A00028;SAINT MEDARD DE GUIZIERES
GRDF;2024;G;334660000;Saint-Quentin-de-Baron (commune non irisée);PRO;;;A;secret;secret;;;;17X100A100A00028;SAINT QUENTIN DE BARON
GRDF;2024;G;335390000;Vayres (commune non irisée);PRO;;;A;secret;secret;;;;17X100A100A00028;VAYRES
GRDF;2024;G;330030101;Chemin de la Vie;PRO;;;A;secret;secret;;;;17X100A100A00028;AMBARES ET LAGRAVE
GRDF;2024;G;330030102;Lagrave-Le Bourg;PRO;;;A;secret;secret;;;;17X100A100A00028;AMBARES ET LAGRAVE
GRDF;2024;G;330040000;Ambès (commune non irisée);PRO;;;A;secret;secret;;;;17X100A100A00028;AMBES
GRDF;2024;G;330090101;Le Moulleau-Les Abatilles;PRO;;;A;secret;secret;;;;17X100A100A00028;ARCACHON
GRDF;2024;G;330090104;Saint-Ferdinand;PRO;;;A;secret;secret;;;;17X100A100A00028;ARCACHON
GRDF;2024;G;330090105;Aiguillon;PRO;;;A;secret;secret;;;;17X100A100A00028;ARCACHON
GRDF;2024;G;331990104;Mestras;PRO;;;A;secret;secret;;;;17X100A100A00028;GUJAN MESTRAS
GRDF;2024;G;331990105;Chante-Cigale;PRO;;;A;secret;secret;;;;17X100A100A00028;GUJAN MESTRAS
GRDF;2024;G;335270000;Le Teich (commune non irisée);PRO;;;A;secret;secret;;;;17X100A100A00028;TEICH
GRDF;2024;G;335290101;Aiguillon-Port;PRO;;;A;secret;secret;;;;17X100A100A00028;TESTE DE BUCH
GRDF;2024;G;335290103;Centre Ville;PRO;;;A;secret;secret;;;;17X100A100A00028;TESTE DE BUCH
GRDF;2024;G;335290104;Jean de Graily;PRO;;;A;secret;secret;;;;17X100A100A00028;TESTE DE BUCH
GRDF;2024;G;335290201;Le Pyla;PRO;;;A;72.05587;2;1;;0;17X100A100A00028;TESTE DE BUCH
GRDF;2024;G;334770000;Saint-Seurin-de-Cursac (commune non irisée);PRO;;;A;secret;secret;;;;17X100A100A00028;SAINT SEURIN DE CURSAC
GRDF;2024;G;331220101;Gazinet Nord;PRO;;;A;secret;secret;;;;17X100A100A00028;CESTAS
GRDF;2024;G;331220104;Bourg-Croix d'Hins;PRO;;;A;secret;secret;;;;17X100A100A00028;CESTAS
GRDF;2024;G;331220106;Écarts Ruraux;PRO;;;A;294.69723;1;0;;0;17X100A100A00028;CESTAS
GRDF;2024;G;331220106;Écarts Ruraux;ENT;01;Culture et production animale, chasse et services annexes;A;0.158;1;1;;0;17X100A100A00028;CESTAS
GRDF;2024;G;331420000;Cubnezais (commune non irisée);PRO;;;A;96.14058;2;1;;0;17X100A100A00028;CUBNEZAIS
GRDF;2024;G;331400000;Créon (commune non irisée);PRO;;;A;181.72588;1;1;;0;17X100A100A00028;CREON
GRDF;2024;G;332010000;Haux (commune non irisée);PRO;;;A;secret;secret;;;;17X100A100A00028;HAUX
GRDF;2024;G;333630000;Sadirac (commune non irisée);PRO;;;A;secret;secret;;;;17X100A100A00028;SADIRAC
GRDF;2024;G;330180000;Val de Virvée (commune non irisée);PRO;;;A;secret;secret;;;;17X100A100A00028;VAL DE VIRVEE
GRDF;2024;G;330670000;Bourg (commune non irisée);PRO;;;A;secret;secret;;;;17X100A100A00028;BOURG
GRDF;2024;G;333660102;Sud;PRO;;;A;70.23047;3;1;;0;17X100A100A00028;SAINT ANDRE DE CUBZAC
GRDF;2024;G;334250000;Saint-Laurent-d'Arce (commune non irisée);PRO;;;A;secret;secret;;;;17X100A100A00028;SAINT LAURENT D ARCE
GRDF;2024;G;330490000;Beychac-et-Caillau (commune non irisée);ENT;01;Culture et production animale, chasse et services annexes;A;35.23917;1;1;;0;17X100A100A00028;BEYCHAC ET CAILLAU
GRDF;2024;G;332930000;Montussan (commune non irisée);PRO;;;A;secret;secret;;;;17X100A100A00028;MONTUSSAN
GRDF;2024;G;334830000;Saint-Sulpice-et-Cameyrac (commune non irisée);PRO;;;A;secret;secret;;;;17X100A100A00028;SAINT SULPICE ET CAMEYRAC
GRDF;2024;G;335540000;Yvrac (commune non irisée);PRO;;;A;112.14405;2;1;;0;17X100A100A00028;YVRAC
GRDF;2024;G;330230000;Ayguemorte-les-Graves (commune non irisée);PRO;;;A;151.044;1;1;;0;17X100A100A00028;AYGUEMORTE LES GRAVES
GRDF;2024;G;330370000;Beautiran (commune non irisée);PRO;;;A;150.34944;1;1;;0;17X100A100A00028;BEAUTIRAN
GRDF;2024;G;330800000;Cadaujac (commune non irisée);PRO;;;A;74.61318;8;1;;0;17X100A100A00028;CADAUJAC
GRDF;2024;G;331090000;Castres-Gironde (commune non irisée);PRO;;;A;secret;secret;;;;17X100A100A00028;CASTRES GIRONDE
GRDF;2024;G;332130000;La Brède (commune non irisée);PRO;;;A;88.26246;3;1;;0;17X100A100A00028;BREDE
GRDF;2024;G;33238XXXX;Iris fictif de la commune Léognan;PRO;;;A;184.83461;2;0.440040910087131;;0;17X100A100A00028;LEOGNAN
GRDF;2024;G;332380101;Centre;PRO;;;A;229.01928;6;1;;0;17X100A100A00028;LEOGNAN
GRDF;2024;G;332380102;Ouest;PRO;;;A;112.22515;2;1;;0;17X100A100A00028;LEOGNAN
GRDF;2024;G;332380103;Est;PRO;;;A;337.4707;8;1;;0;17X100A100A00028;LEOGNAN
GRDF;2024;G;332380103;Est;ENT;01;Culture et production animale, chasse et services annexes;A;196.03336;1;1;;0;17X100A100A00028;LEOGNAN
GRDF;2024;G;332380104;Sud;PRO;;;A;221.77118;7;1;;0;17X100A100A00028;LEOGNAN
GRDF;2024;G;332380104;Sud;ENT;01;Culture et production animale, chasse et services annexes;A;324.87294;1;1;;0;17X100A100A00028;LEOGNAN
GRDF;2024;G;332740000;Martillac (commune non irisée);PRO;;;A;158.22679;6;1;;0;17X100A100A00028;MARTILLAC
GRDF;2024;G;332740000;Martillac (commune non irisée);ENT;01;Culture et production animale, chasse et services annexes;A;50.21456;1;1;;0;17X100A100A00028;MARTILLAC
GRDF;2024;G;334480000;Saint-Médard-d'Eyrans (commune non irisée);PRO;;;A;secret;secret;;;;17X100A100A00028;SAINT MEDARD D EYRANS
GRDF;2024;G;335350000;Tresses (commune non irisée);PRO;;;A;127.83222;2;1;;0;17X100A100A00028;TRESSES
GRDF;2024;G;331600000;Eynesse (commune non irisée);PRO;;;A;secret;secret;;;;17X100A100A00028;EYNESSE
GRDF;2024;G;333240000;Pineuilh (commune non irisée);PRO;;;A;secret;secret;;;;17X100A100A00028;PINEUILH
GRDF;2024;G;333690000;Saint-André-et-Appelles (commune non irisée);ENT;01;Culture et production animale, chasse et services annexes;A;696.03792;1;1;;0;17X100A100A00028;SAINT ANDRE ET APPELLES
GRDF;2024;G;333780000;Saint-Avit-Saint-Nazaire (commune non irisée);PRO;;;A;52.59284;2;1;;0;17X100A100A00028;SAINT AVIT SAINT NAZAIRE
GRDF;2024;G;330820000;Cadillac-en-Fronsadais (commune non irisée);PRO;;;A;75.02711;1;1;;0;17X100A100A00028;CADILLAC EN FRONSADAIS
GRDF;2024;G;331740000;Fronsac (commune non irisée);PRO;;;A;326.24224;4;0.880446872851289;;0;17X100A100A00028;FRONSAC
GRDF;2024;G;331790000;Galgon (commune non irisée);PRO;;;A;secret;secret;;;;17X100A100A00028;GALGON
GRDF;2024;G;333560000;La Rivière (commune non irisée);PRO;;;A;151.95417;3;1;;0;17X100A100A00028;RIVIERE
GRDF;2024;G;333640000;Saillans (commune non irisée);PRO;;;A;382.96643;5;0.724713103443557;;0;17X100A100A00028;SAILLANS
GRDF;2024;G;333650000;Saint-Aignan (commune non irisée);PRO;;;A;76.56;1;1;;0;17X100A100A00028;SAINT AIGNAN
GRDF;2024;G;334700000;Saint-Romain-la-Virvée (commune non irisée);PRO;;;A;secret;secret;;;;17X100A100A00028;SAINT ROMAIN LA VIRVEE
GRDF;2024;G;335420000;Vérac (commune non irisée);PRO;;;A;85.47283;2;1;;0;17X100A100A00028;VERAC
GRDF;2024;G;334980000;Salles (commune non irisée);PRO;;;A;secret;secret;;;;17X100A100A00028;SALLES
GRDF;2024;G;330330000;Baurech (commune non irisée);PRO;;;A;101.77446;1;1;;0;17X100A100A00028;BAURECH
GRDF;2024;G;330840000;Cambes (commune non irisée);PRO;;;A;secret;secret;;;;17X100A100A00028;CAMBES
GRDF;2024;G;330850000;Camblanes-et-Meynac (commune non irisée);PRO;;;A;63.50564;1;0;;0;17X100A100A00028;CAMBLANES ET MEYNAC
GRDF;2024;G;331180000;Cénac (commune non irisée);PRO;;;A;secret;secret;;;;17X100A100A00028;CENAC
GRDF;2024;G;332260000;Langoiran (commune non irisée);PRO;;;A;secret;secret;;;;17X100A100A00028;LANGOIRAN
GRDF;2024;G;332340000;Latresne (commune non irisée);PRO;;;A;secret;secret;;;;17X100A100A00028;LATRESNE
GRDF;2024;G;332450000;Lignan-de-Bordeaux (commune non irisée);PRO;;;A;secret;secret;;;;17X100A100A00028;LIGNAN DE BORDEAUX
GRDF;2024;G;333490000;Quinsac (commune non irisée);PRO;;;A;52.071;1;1;;0;17X100A100A00028;QUINSAC
GRDF;2024;G;333810000;Saint-Caprais-de-Bordeaux (commune non irisée);PRO;;;A;secret;secret;;;;17X100A100A00028;SAINT CAPRAIS DE BORDEAUX
GRDF;2024;G;330710000;Branne (commune non irisée);PRO;;;A;secret;secret;;;;17X100A100A00028;BRANNE
GRDF;2024;G;331080000;Castillon-la-Bataille (commune non irisée);PRO;;;A;secret;secret;;;;17X100A100A00028;CASTILLON LA BATAILLE
GRDF;2024;G;332960000;Mouliets-et-Villemartin (commune non irisée);PRO;;;A;secret;secret;;;;17X100A100A00028;MOULIETS ET VILLEMARTIN
GRDF;2024;G;333500000;Rauzan (commune non irisée);PRO;;;A;secret;secret;;;;17X100A100A00028;RAUZAN
GRDF;2024;G;334210000;Saint-Jean-de-Blaignac (commune non irisée);PRO;;;A;secret;secret;;;;17X100A100A00028;SAINT JEAN DE BLAIGNAC
GRDF;2024;G;334370000;Saint-Magne-de-Castillon (commune non irisée);PRO;;;A;155.74949;3;1;;0;17X100A100A00028;SAINT MAGNE DE CASTILLON
GRDF;2024;G;330050101;Sud-Ouest;PRO;;;A;secret;secret;;;;17X100A100A00028;ANDERNOS LES BAINS
GRDF;2024;G;330050102;Nord-Ouest;PRO;;;A;secret;secret;;;;17X100A100A00028;ANDERNOS LES BAINS
GRDF;2024;G;332360102;Centre Cap Ferret;PRO;;;A;secret;secret;;;;17X100A100A00028;LEGE CAP FERRET
GRDF;2024;G;332840104;Centre-Eyre;PRO;;;A;secret;secret;;;;17X100A100A00028;MIOS
GRDF;2024;G;400140000;Arue (commune non irisée);ENT;01;Culture et production animale, chasse et services annexes;A;241.06654;1;1;;0;17X100A100A00028;ARUE
GRDF;2024;G;402450000;Roquefort (commune non irisée);PRO;;;A;secret;secret;;;;17X100A100A00028;ROQUEFORT
GRDF;2024;G;402060000;Oeyregave (commune non irisée);PRO;;;A;160.19551;3;0.069614934900485;;0;17X100A100A00028;OEYREGAVE
GRDF;2024;G;401950000;Montgaillard (commune non irisée);PRO;;;A;secret;secret;;;;17X100A100A00028;MONTGAILLARD
GRDF;2024;G;402090000;Ondres (commune non irisée);PRO;;;A;secret;secret;;;;17X100A100A00028;ONDRES
GRDF;2024;G;402730000;Saint-Martin-de-Seignanx (commune non irisée);PRO;;;A;328.42497;4;1;;0;17X100A100A00028;SAINT MARTIN DE SEIGNANX
GRDF;2024;G;403120104;Centre 3;PRO;;;A;secret;secret;;;;17X100A100A00028;TARNOS
GRDF;2024;G;400880101;Sablar-Rive Droite;PRO;;;A;secret;secret;;;;17X100A100A00028;DAX
GRDF;2024;G;400880102;Centre Ville;PRO;;;A;secret;secret;;;;17X100A100A00028;DAX
GRDF;2024;G;400880107;Saint-Vincent;PRO;;;A;secret;secret;;;;17X100A100A00028;DAX
GRDF;2024;G;402070000;Oeyreluy (commune non irisée);PRO;;;A;secret;secret;;;;17X100A100A00028;OEYRELUY
GRDF;2024;G;402830000;Saint-Vincent-de-Paul (commune non irisée);PRO;;;A;secret;secret;;;;17X100A100A00028;SAINT VINCENT DE PAUL
GRDF;2024;G;403340000;Yzosse (commune non irisée);PRO;;;A;secret;secret;;;;17X100A100A00028;YZOSSE
GRDF;2024;G;401970000;Morcenx-la-Nouvelle (commune non irisée);PRO;;;A;secret;secret;;;;17X100A100A00028;MORCENX LA NOUVELLE
GRDF;2024;G;401510000;Lesgor (commune non irisée);PRO;;;A;secret;secret;;;;17X100A100A00028;LESGOR
GRDF;2024;G;402430000;Rion-des-Landes (commune non irisée);PRO;;;A;114.06268;1;1;;0;17X100A100A00028;RION DES LANDES
GRDF;2024;G;401920104;Nonères;PRO;;;A;secret;secret;;;;17X100A100A00028;MONT DE MARSAN
GRDF;2024;G;401920105;Saint-Roch;PRO;;;A;secret;secret;;;;17X100A100A00028;MONT DE MARSAN
GRDF;2024;G;401920109;Saint-Médard;PRO;;;A;secret;secret;;;;17X100A100A00028;MONT DE MARSAN
GRDF;2024;G;402810103;Biarnes;PRO;;;A;secret;secret;;;;17X100A100A00028;SAINT PIERRE DU MONT
GRDF;2024;G;401170000;Grenade-sur-l'Adour (commune non irisée);PRO;;;A;secret;secret;;;;17X100A100A00028;GRENADE SUR L ADOUR
GRDF;2024;G;401550000;Linxe (commune non irisée);PRO;;;A;144.99679;1;0.409556308108613;;0;17X100A100A00028;LINXE
GRDF;2024;G;401330000;Labenne (commune non irisée);PRO;;;A;secret;secret;;;;17X100A100A00028;LABENNE
GRDF;2024;G;402840102;Est;PRO;;;A;secret;secret;;;;17X100A100A00028;SAINT VINCENT DE TYROSSE
GRDF;2024;G;400460101;La Plage-Bourg 1;PRO;;;A;secret;secret;;;;17X100A100A00028;BISCARROSSE
GRDF;2024;G;402170000;Parentis-en-Born (commune non irisée);PRO;;;A;secret;secret;;;;17X100A100A00028;PARENTIS EN BORN
GRDF;2024;G;402170000;Parentis-en-Born (commune non irisée);ENT;;;A;0.902;1;1;;0;17X100A100A00028;PARENTIS EN BORN
GRDF;2024;G;470060000;Allez-et-Cazeneuve (commune non irisée);ENT;01;Culture et production animale, chasse et services annexes;A;2182.50135;3;1;;0;17X100A100A00028;ALLEZ ET CAZENEUVE
GRDF;2024;G;470270000;Bias (commune non irisée);PRO;;;A;secret;secret;;;;17X100A100A00028;BIAS
GRDF;2024;G;470270000;Bias (commune non irisée);ENT;01;Culture et production animale, chasse et services annexes;A;2246.61061;5;1;;0;17X100A100A00028;BIAS
GRDF;2024;G;470490000;Casseneuil (commune non irisée);PRO;;;A;secret;secret;;;;17X100A100A00028;CASSENEUIL
GRDF;2024;G;470490000;Casseneuil (commune non irisée);ENT;01;Culture et production animale, chasse et services annexes;A;159.22949;1;1;;0;17X100A100A00028;CASSENEUIL
GRDF;2024;G;472520102;Nord;PRO;;;A;secret;secret;;;;17X100A100A00028;SAINTE LIVRADE SUR LOT
GRDF;2024;G;472520102;Nord;ENT;01;Culture et production animale, chasse et services annexes;A;5827.77647;4;1;;0;17X100A100A00028;SAINTE LIVRADE SUR LOT
GRDF;2024;G;473230101;Sainte-Catherine 1;PRO;;;A;secret;secret;;;;17X100A100A00028;VILLENEUVE SUR LOT
GRDF;2024;G;473230103;Sainte-Catherine 3;PRO;;;A;secret;secret;;;;17X100A100A00028;VILLENEUVE SUR LOT
GRDF;2024;G;473230202;Eysses 2;ENT;01;Culture et production animale, chasse et services annexes;A;3.23401;1;1;;0;17X100A100A00028;VILLENEUVE SUR LOT
GRDF;2024;G;473230401;Zone Rurale Nord;ENT;01;Culture et production animale, chasse et services annexes;A;8248.748;2;1;;0;17X100A100A00028;VILLENEUVE SUR LOT
GRDF;2024;G;470240000;Beaupuy (commune non irisée);PRO;;;A;69.8334;1;1;;0;17X100A100A00028;BEAUPUY
GRDF;2024;G;470280000;Birac-sur-Trec (commune non irisée);PRO;;;A;secret;secret;;;;17X100A100A00028;BIRAC SUR TREC
GRDF;2024;G;470280000;Birac-sur-Trec (commune non irisée);ENT;01;Culture et production animale, chasse et services annexes;A;573.34534;1;1;;0;17X100A100A00028;BIRAC SUR TREC
GRDF;2024;G;470940000;Fauguerolles (commune non irisée);ENT;01;Culture et production animale, chasse et services annexes;A;1333.40198;4;1;;0;17X100A100A00028;FAUGUEROLLES
GRDF;2024;G;470950000;Fauillet (commune non irisée);PRO;;;A;secret;secret;;;;17X100A100A00028;FAUILLET
GRDF;2024;G;470950000;Fauillet (commune non irisée);ENT;01;Culture et production animale, chasse et services annexes;A;17937.402;1;1;;0;17X100A100A00028;FAUILLET
GRDF;2024;G;471100000;Gontaud-de-Nogaret (commune non irisée);ENT;01;Culture et production animale, chasse et services annexes;A;1383.33203;2;1;;0;17X100A100A00028;GONTAUD DE NOGARET
GRDF;2024;G;471270000;Lafitte-sur-Lot (commune non irisée);PRO;;;A;237.38434;2;1;;0;17X100A100A00028;LAFITTE SUR LOT
GRDF;2024;G;471270000;Lafitte-sur-Lot (commune non irisée);ENT;01;Culture et production animale, chasse et services annexes;A;1211.66459;1;1;;0;17X100A100A00028;LAFITTE SUR LOT
GRDF;2024;G;471500000;Longueville (commune non irisée);PRO;;;A;272.76102;2;0.887250788254128;;0;17X100A100A00028;LONGUEVILLE
GRDF;2024;G;471570101;Centre Ville I;PRO;;;A;secret;secret;;;;17X100A100A00028;MARMANDE
GRDF;2024;G;471570102;Garrigues-Carpette-Laurier;ENT;01;Culture et production animale, chasse et services annexes;A;202.093;1;1;;0;17X100A100A00028;MARMANDE
GRDF;2024;G;471570103;Centre Ville II;PRO;;;A;secret;secret;;;;17X100A100A00028;MARMANDE
GRDF;2024;G;471570105;Sous-Préfecture-Gare;PRO;;;A;secret;secret;;;;17X100A100A00028;MARMANDE
GRDF;2024;G;471570106;Thivras-Coussan;PRO;;;A;secret;secret;;;;17X100A100A00028;MARMANDE
GRDF;2024;G;472330000;Sainte-Bazeille (commune non irisée);PRO;;;A;secret;secret;;;;17X100A100A00028;SAINTE BAZEILLE
GRDF;2024;G;472330000;Sainte-Bazeille (commune non irisée);ENT;01;Culture et production animale, chasse et services annexes;A;7642.54817;1;1;;0;17X100A100A00028;SAINTE BAZEILLE
GRDF;2024;G;472630000;Saint-Pardoux-du-Breuil (commune non irisée);PRO;;;A;secret;secret;;;;17X100A100A00028;SAINT PARDOUX DU BREUIL
GRDF;2024;G;472630000;Saint-Pardoux-du-Breuil (commune non irisée);ENT;01;Culture et production animale, chasse et services annexes;A;193.74753;1;1;;0;17X100A100A00028;SAINT PARDOUX DU BREUIL
GRDF;2024;G;473100102;La Queille-Grand Jean;ENT;01;Culture et production animale, chasse et services annexes;A;635.70798;1;1;;0;17X100A100A00028;TONNEINS
GRDF;2024;G;473260000;Virazeil (commune non irisée);ENT;01;Culture et production animale, chasse et services annexes;A;1726.58865;1;1;;0;17X100A100A00028;VIRAZEIL
GRDF;2024;G;470380000;Bourran (commune non irisée);PRO;;;A;169.51946;2;0.107467602834506;;0;17X100A100A00028;BOURRAN
GRDF;2024;G;470380000;Bourran (commune non irisée);ENT;01;Culture et production animale, chasse et services annexes;A;1305.00273;3;1;;0;17X100A100A00028;BOURRAN
GRDF;2024;G;470780000;Damazan (commune non irisée);PRO;;;A;secret;secret;;;;17X100A100A00028;DAMAZAN
GRDF;2024;G;470780000;Damazan (commune non irisée);ENT;01;Culture et production animale, chasse et services annexes;A;2252.69803;2;1;;0;17X100A100A00028;DAMAZAN
GRDF;2024;G;471110000;Granges-sur-Lot (commune non irisée);PRO;;;A;secret;secret;;;;17X100A100A00028;GRANGES SUR LOT
GRDF;2024;G;471060102;Urbain;PRO;;;A;secret;secret;;;;17X100A100A00028;FUMEL
GRDF;2024;G;471020000;Francescas (commune non irisée);PRO;;;A;secret;secret;;;;17X100A100A00028;FRANCESCAS
GRDF;2024;G;471020000;Francescas (commune non irisée);ENT;01;Culture et production animale, chasse et services annexes;A;1057.79591;2;1;;0;17X100A100A00028;FRANCESCAS
GRDF;2024;G;471950101;Grand Nérac;PRO;;;A;secret;secret;;;;17X100A100A00028;NERAC
GRDF;2024;G;471950102;Petit Nérac;PRO;;;A;secret;secret;;;;17X100A100A00028;NERAC
GRDF;2024;G;471950103;Nérac Rural;ENT;01;Culture et production animale, chasse et services annexes;A;1947.9678;2;1;;0;17X100A100A00028;NERAC
GRDF;2024;G;471950103;Nérac Rural;ENT;;;A;1738.55615;1;1;;0;17X100A100A00028;NERAC
GRDF;2024;G;470150000;Astaffort (commune non irisée);PRO;;;A;secret;secret;;;;17X100A100A00028;ASTAFFORT
GRDF;2024;G;470310000;Boé (commune non irisée);PRO;;;A;secret;secret;;;;17X100A100A00028;BOE
GRDF;2024;G;470320101;Ouest;PRO;;;A;secret;secret;;;;17X100A100A00028;BON ENCONTRE
GRDF;2024;G;470320102;Est;PRO;;;A;secret;secret;;;;17X100A100A00028;BON ENCONTRE
GRDF;2024;G;470690000;Colayrac-Saint-Cirq (commune non irisée);ENT;01;Culture et production animale, chasse et services annexes;A;184.67624;1;1;;0;17X100A100A00028;COLAYRAC SAINT CIRQ
GRDF;2024;G;471450000;Layrac (commune non irisée);PRO;;;A;167.72002;2;1;;0;17X100A100A00028;LAYRAC
GRDF;2024;G;471450000;Layrac (commune non irisée);ENT;01;Culture et production animale, chasse et services annexes;A;2754.159;1;1;;0;17X100A100A00028;LAYRAC
GRDF;2024;G;472010101;Turquet-Monges;PRO;;;A;secret;secret;;;;17X100A100A00028;PASSAGE
GRDF;2024;G;472250000;Roquefort (commune non irisée);PRO;;;A;secret;secret;;;;17X100A100A00028;ROQUEFORT
GRDF;2024;G;470520000;Casteljaloux (commune non irisée);PRO;;;A;105.69433;2;1;;0;17X100A100A00028;CASTELJALOUX
GRDF;2024;G;640050000;Abos (commune non irisée);PRO;;;A;secret;secret;;;;17X100A100A00028;ABOS
GRDF;2024;G;640870000;Baigts-de-Béarn (commune non irisée);ENT;01;Culture et production animale, chasse et services annexes;A;22.74801;1;1;;0;17X100A100A00028;BAIGTS DE BEARN
GRDF;2024;G;641080000;Bellocq (commune non irisée);PRO;;;A;secret;secret;;;;17X100A100A00028;BELLOCQ
GRDF;2024;G;642880000;Labastide-Cézéracq (commune non irisée);PRO;;;A;secret;secret;;;;17X100A100A00028;LABASTIDE CEZERACQ
GRDF;2024;G;643000000;Lacq (commune non irisée);ENT;01;Culture et production animale, chasse et services annexes;A;1426.907;1;1;;0;17X100A100A00028;LACQ
GRDF;2024;G;643010000;Lagor (commune non irisée);PRO;;;A;secret;secret;;;;17X100A100A00028;LAGOR
GRDF;2024;G;643670000;Maslacq (commune non irisée);PRO;;;A;secret;secret;;;;17X100A100A00028;MASLACQ
GRDF;2024;G;643930000;Monein (commune non irisée);PRO;;;A;secret;secret;;;;17X100A100A00028;MONEIN
GRDF;2024;G;643960000;Mont (commune non irisée);PRO;;;A;secret;secret;;;;17X100A100A00028;MONT
GRDF;2024;G;643960000;Mont (commune non irisée);ENT;01;Culture et production animale, chasse et services annexes;A;985.448;1;1;;0;17X100A100A00028;MONT
GRDF;2024;G;644100101;Coueyto;PRO;;;A;secret;secret;;;;17X100A100A00028;MOURENX
GRDF;2024;G;644300101;Sainte-Suzanne-Magret-Marmonts;PRO;;;A;secret;secret;;;;17X100A100A00028;ORTHEZ
GRDF;2024;G;644300102;Virginie-Castétarbe-Batiplex-Moutète;PRO;;;A;secret;secret;;;;17X100A100A00028;ORTHEZ
GRDF;2024;G;644300103;Mounicq-Taranelle-Trinité-Soarns;PRO;;;A;secret;secret;;;;17X100A100A00028;ORTHEZ
GRDF;2024;G;644300105;Mairie-Stade-Bergérau-Départ;PRO;;;A;secret;secret;;;;17X100A100A00028;ORTHEZ
GRDF;2024;G;644430000;Pardies (commune non irisée);PRO;;;A;secret;secret;;;;17X100A100A00028;PARDIES
GRDF;2024;G;644430000;Pardies (commune non irisée);ENT;01;Culture et production animale, chasse et services annexes;A;1836.64787;1;1;;0;17X100A100A00028;PARDIES
GRDF;2024;G;645210000;Serres-Sainte-Marie (commune non irisée);PRO;;;A;184.2255;3;1;;0;17X100A100A00028;SERRES SAINTE MARIE
GRDF;2024;G;645350000;Tarsacq (commune non irisée);PRO;;;A;secret;secret;;;;17X100A100A00028;TARSACQ
GRDF;2024;G;640240101;Chiberta;PRO;;;A;secret;secret;;;;17X100A100A00028;ANGLET
GRDF;2024;G;640240102;Brise-Lame-Lazaret-Montbrun-Pignada;ENT;03;Pêche et aquaculture;A;1201.04133;1;1;;0;17X100A100A00028;ANGLET
GRDF;2024;G;640240107;Quatre Cantons;PRO;;;A;secret;secret;;;;17X100A100A00028;ANGLET
GRDF;2024;G;640240111;Louillot;ENT;01;Culture et production animale, chasse et services annexes;A;411.74831;1;1;;0;17X100A100A00028;ANGLET
GRDF;2024;G;640380000;Arcangues (commune non irisée);PRO;;;A;secret;secret;;;;17X100A100A00028;ARCANGUES
GRDF;2024;G;640650000;Ascain (commune non irisée);PRO;;;A;secret;secret;;;;17X100A100A00028;ASCAIN
GRDF;2024;G;641000000;Bassussarry (commune non irisée);PRO;;;A;secret;secret;;;;17X100A100A00028;BASSUSSARRY
GRDF;2024;G;641020201;Saint-Étienne-Arrousets;PRO;;;A;secret;secret;;;;17X100A100A00028;BAYONNE
GRDF;2024;G;641020602;Saint-Esprit;PRO;;;A;secret;secret;;;;17X100A100A00028;BAYONNE
GRDF;2024;G;641021201;Saint-Bernard-Matras;PRO;;;A;secret;secret;;;;17X100A100A00028;BAYONNE
GRDF;2024;G;641220101;Front de Mer;PRO;;;A;secret;secret;;;;17X100A100A00028;BIARRITZ
GRDF;2024;G;641220104;République-Beau Rivage;PRO;;;A;159.81981;3;1;;0;17X100A100A00028;BIARRITZ
GRDF;2024;G;641220105;La Rochefoucauld-Aguilera;PRO;;;A;84.42173;3;1;;0;17X100A100A00028;BIARRITZ
GRDF;2024;G;641220107;Halles-Hurlague;PRO;;;A;secret;secret;;;;17X100A100A00028;BIARRITZ
GRDF;2024;G;641220109;Saint-Martin-Cité des Fleurs;PRO;;;A;secret;secret;;;;17X100A100A00028;BIARRITZ
GRDF;2024;G;641220111;Parc d'Hiver-Marion-Mouriscot;PRO;;;A;secret;secret;;;;17X100A100A00028;BIARRITZ
GRDF;2024;G;641250000;Bidart (commune non irisée);PRO;;;A;secret;secret;;;;17X100A100A00028;BIDART
GRDF;2024;G;641300000;Biriatou (commune non irisée);PRO;;;A;secret;secret;;;;17X100A100A00028;BIRIATOU
GRDF;2024;G;641400103;Bas Boucau;PRO;;;A;secret;secret;;;;17X100A100A00028;BOUCAU
GRDF;2024;G;641610000;Came (commune non irisée);PRO;;;A;444.09958;1;1;;0;17X100A100A00028;CAME
GRDF;2024;G;641890102;Nord;PRO;;;A;secret;secret;;;;17X100A100A00028;CIBOURE
GRDF;2024;G;642130000;Espelette (commune non irisée);PRO;;;A;secret;secret;;;;17X100A100A00028;ESPELETTE
GRDF;2024;G;642490000;Guéthary (commune non irisée);PRO;;;A;secret;secret;;;;17X100A100A00028;GUETHARY
GRDF;2024;G;642560101;Est;PRO;;;A;182.00978;3;1;;0;17X100A100A00028;HASPARREN
GRDF;2024;G;642600101;Centre Ville-La Plage;PRO;;;A;secret;secret;;;;17X100A100A00028;HENDAYE
GRDF;2024;G;642600102;Moleres-Sopite;PRO;;;A;secret;secret;;;;17X100A100A00028;HENDAYE
GRDF;2024;G;642600103;Orio;PRO;;;A;secret;secret;;;;17X100A100A00028;HENDAYE
GRDF;2024;G;642600104;Gare-Joncaux;PRO;;;A;secret;secret;;;;17X100A100A00028;HENDAYE
GRDF;2024;G;643170000;Larressore (commune non irisée);PRO;;;A;secret;secret;;;;17X100A100A00028;LARRESSORE
GRDF;2024;G;643710000;Mauléon-Licharre (commune non irisée);PRO;;;A;secret;secret;;;;17X100A100A00028;MAULEON LICHARRE
GRDF;2024;G;644070000;Mouguerre (commune non irisée);ENT;01;Culture et production animale, chasse et services annexes;A;1081.9635;1;1;;0;17X100A100A00028;MOUGUERRE
GRDF;2024;G;644830101;Centre Ville;PRO;;;A;secret;secret;;;;17X100A100A00028;SAINT JEAN DE LUZ
GRDF;2024;G;644830102;Urdazuri;PRO;;;A;secret;secret;;;;17X100A100A00028;SAINT JEAN DE LUZ
GRDF;2024;G;644830105;Sainte-Barbe-Lac;PRO;;;A;secret;secret;;;;17X100A100A00028;SAINT JEAN DE LUZ
GRDF;2024;G;644830106;Ducontenia-Jaï Alaï-Stade;PRO;;;A;secret;secret;;;;17X100A100A00028;SAINT JEAN DE LUZ
GRDF;2024;G;644950000;Saint-Pée-sur-Nivelle (commune non irisée);PRO;;;A;secret;secret;;;;17X100A100A00028;SAINT PEE SUR NIVELLE
GRDF;2024;G;644960000;Saint-Pierre-d'Irube (commune non irisée);PRO;;;A;secret;secret;;;;17X100A100A00028;SAINT PIERRE D IRUBE
GRDF;2024;G;645270000;Souraïde (commune non irisée);PRO;;;A;secret;secret;;;;17X100A100A00028;SOURAIDE
GRDF;2024;G;645450103;Bourg Kechiloa;PRO;;;A;170.6278;1;0.855657870522857;;0;17X100A100A00028;URRUGNE
GRDF;2024;G;645460000;Urt (commune non irisée);PRO;;;A;secret;secret;;;;17X100A100A00028;URT
GRDF;2024;G;645470000;Ustaritz (commune non irisée);PRO;;;A;secret;secret;;;;17X100A100A00028;USTARITZ
GRDF;2024;G;645580000;Villefranque (commune non irisée);PRO;;;A;secret;secret;;;;17X100A100A00028;VILLEFRANQUE
GRDF;2024;G;644150000;Navailles-Angos (commune non irisée);PRO;;;A;76.76099;4;1;;0;17X100A100A00028;NAVAILLES ANGOS
GRDF;2024;G;645110000;Sauvagnon (commune non irisée);PRO;;;A;secret;secret;;;;17X100A100A00028;SAUVAGNON
GRDF;2024;G;645190000;Serres-Castet (commune non irisée);PRO;;;A;318.37997;3;0.256895149528407;;0;17X100A100A00028;SERRES CASTET
GRDF;2024;G;640600000;Artiguelouve (commune non irisée);PRO;;;A;61.14652;1;1;;0;17X100A100A00028;ARTIGUELOUVE
GRDF;2024;G;641290102;Lacaou;PRO;;;A;secret;secret;;;;17X100A100A00028;BILLERE
GRDF;2024;G;641980000;Denguin (commune non irisée);PRO;;;A;secret;secret;;;;17X100A100A00028;DENGUIN
GRDF;2024;G;642370000;Gelos (commune non irisée);ENT;01;Culture et production animale, chasse et services annexes;A;142.4278;1;1;;0;17X100A100A00028;GELOS
GRDF;2024;G;643350103;Sud-Ouest;PRO;;;A;160.65837;3;1;;0;17X100A100A00028;LESCAR
GRDF;2024;G;643350104;Sud-Est;PRO;;;A;secret;secret;;;;17X100A100A00028;LESCAR
GRDF;2024;G;643480105;Erckman-Val d'Or-Pont Long;PRO;;;A;secret;secret;;;;17X100A100A00028;LONS
GRDF;2024;G;643760000;Meillon (commune non irisée);PRO;;;A;132.95119;8;0.552556844357692;;0;17X100A100A00028;MEILLON
GRDF;2024;G;644450401;Pau Sud 1;PRO;;;A;secret;secret;;;;17X100A100A00028;PAU
GRDF;2024;G;644450404;Pau Sud 4;PRO;;;A;secret;secret;;;;17X100A100A00028;PAU
GRDF;2024;G;644450405;Pau Sud 5;PRO;;;A;secret;secret;;;;17X100A100A00028;PAU
GRDF;2024;G;644450501;Pau Ouest 1;PRO;;;A;secret;secret;;;;17X100A100A00028;PAU
GRDF;2024;G;644480000;Poey-de-Lescar (commune non irisée);PRO;;;A;secret;secret;;;;17X100A100A00028;POEY DE LESCAR
GRDF;2024;G;645250000;Siros (commune non irisée);PRO;;;A;secret;secret;;;;17X100A100A00028;SIROS
GRDF;2024;G;645490000;Uzein (commune non irisée);PRO;;;A;80.51621;8;1;;0;17X100A100A00028;UZEIN
GRDF;2024;G;642410000;Géronce (commune non irisée);PRO;;;A;secret;secret;;;;17X100A100A00028;GERONCE
GRDF;2024;G;642440000;Geüs-d'Oloron (commune non irisée);PRO;;;A;secret;secret;;;;17X100A100A00028;GEUS D OLORON
GRDF;2024;G;642520000;Gurmençon (commune non irisée);PRO;;;A;secret;secret;;;;17X100A100A00028;GURMENCON
GRDF;2024;G;644090000;Moumour (commune non irisée);PRO;;;A;secret;secret;;;;17X100A100A00028;MOUMOUR
GRDF;2024;G;644220101;Notre-Dame;PRO;;;A;secret;secret;;;;17X100A100A00028;OLORON SAINTE MARIE
GRDF;2024;G;644260000;Orin (commune non irisée);PRO;;;A;secret;secret;;;;17X100A100A00028;ORIN
GRDF;2024;G;644600000;Précilhon (commune non irisée);PRO;;;A;100.44072;2;1;;0;17X100A100A00028;PRECILHON
GRDF;2024;G;641780000;Castetnau-Camblong (commune non irisée);PRO;;;A;280.12335;4;1;;0;17X100A100A00028;CASTETNAU CAMBLONG
GRDF;2024;G;642010000;Dognen (commune non irisée);PRO;;;A;secret;secret;;;;17X100A100A00028;DOGNEN
GRDF;2024;G;642530000;Gurs (commune non irisée);PRO;;;A;secret;secret;;;;17X100A100A00028;GURS
GRDF;2024;G;643260000;Lay-Lamidou (commune non irisée);PRO;;;A;68.47674;2;1;;0;17X100A100A00028;LAY LAMIDOU
GRDF;2024;G;644160000;Navarrenx (commune non irisée);PRO;;;A;290.081;1;1;;0;17X100A100A00028;NAVARRENX
GRDF;2024;G;644590000;Préchacq-Navarrenx (commune non irisée);PRO;;;A;secret;secret;;;;17X100A100A00028;PRECHACQ NAVARRENX
GRDF;2024;G;645290000;Sus (commune non irisée);PRO;;;A;secret;secret;;;;17X100A100A00028;SUS
GRDF;2024;G;644050000;Morlaàs (commune non irisée);PRO;;;A;384.26482;3;1;;0;17X100A100A00028;MORLAAS
GRDF;2024;G;644190000;Nousty (commune non irisée);PRO;;;A;secret;secret;;;;17X100A100A00028;NOUSTY
GRDF;2024;G;644530000;Pontacq (commune non irisée);PRO;;;A;199.52033;4;1;;0;17X100A100A00028;PONTACQ
GRDF;2024;G;645200000;Serres-Morlaàs (commune non irisée);ENT;01;Culture et production animale, chasse et services annexes;A;632.81314;1;1;;0;17X100A100A00028;SERRES MORLAAS
GRDF;2024;G;645260000;Soumoulou (commune non irisée);PRO;;;A;secret;secret;;;;17X100A100A00028;SOUMOULOU
GRDF;2024;G;641570000;Buzy (commune non irisée);PRO;;;A;secret;secret;;;;17X100A100A00028;BUZY
GRDF;2024;G;642800000;Izeste (commune non irisée);PRO;;;A;secret;secret;;;;17X100A100A00028;IZESTE
GRDF;2024;G;643530000;Louvie-Juzon (commune non irisée);PRO;;;A;secret;secret;;;;17X100A100A00028;LOUVIE JUZON
GRDF;2024;G;640230000;Angaïs (commune non irisée);PRO;;;A;secret;secret;;;;17X100A100A00028;ANGAIS
GRDF;2024;G;640540000;Arros-de-Nay (commune non irisée);PRO;;;A;secret;secret;;;;17X100A100A00028;ARROS DE NAY
GRDF;2024;G;640670000;Assat (commune non irisée);PRO;;;A;91.89479;7;1;;0;17X100A100A00028;ASSAT
GRDF;2024;G;640680000;Asson (commune non irisée);PRO;;;A;secret;secret;;;;17X100A100A00028;ASSON
GRDF;2024;G;640680000;Asson (commune non irisée);ENT;01;Culture et production animale, chasse et services annexes;A;314.37394;1;1;;0;17X100A100A00028;ASSON
GRDF;2024;G;641010000;Baudreix (commune non irisée);PRO;;;A;secret;secret;;;;17X100A100A00028;BAUDREIX
GRDF;2024;G;641330000;Boeil-Bezing (commune non irisée);PRO;;;A;144.32005;5;1;;0;17X100A100A00028;BOEIL BEZING
GRDF;2024;G;641370000;Bordères (commune non irisée);ENT;01;Culture et production animale, chasse et services annexes;A;274.9569;1;1;;0;17X100A100A00028;BORDERES
GRDF;2024;G;641450000;Bourdettes (commune non irisée);PRO;;;A;secret;secret;;;;17X100A100A00028;BOURDETTES
GRDF;2024;G;643020000;Lagos (commune non irisée);PRO;;;A;secret;secret;;;;17X100A100A00028;LAGOS
GRDF;2024;G;643860000;Mirepeix (commune non irisée);PRO;;;A;91.40989;1;1;;0;17X100A100A00028;MIREPEIX
GRDF;2024;G;644130000;Narcastet (commune non irisée);PRO;;;A;secret;secret;;;;17X100A100A00028;NARCASTET
GRDF;2024;G;644170000;Nay (commune non irisée);PRO;;;A;secret;secret;;;;17X100A100A00028;NAY
GRDF;2024;G;790490101;Bressuire Centre;PRO;;;A;secret;secret;;;;17X100A100A00028;BRESSUIRE
GRDF;2024;G;790790102;Saint-Aubin-de-Baubigné;ENT;;;A;1639.59983;1;1;;0;17X100A100A00028;MAULEON
GRDF;2024;G;790790103;Rorthais;ENT;01;Culture et production animale, chasse et services annexes;A;313.4264;1;1;;0;17X100A100A00028;MAULEON
GRDF;2024;G;791950000;Nueil-les-Aubiers (commune non irisée);PRO;;;A;secret;secret;;;;17X100A100A00028;NUEIL LES AUBIERS
GRDF;2024;G;791620000;Magné (commune non irisée);PRO;;;A;secret;secret;;;;17X100A100A00028;MAGNE
GRDF;2024;G;791910101;Centre;PRO;;;A;secret;secret;;;;17X100A100A00028;NIORT
GRDF;2024;G;791910503;Sainte-Pezenne;PRO;;;A;secret;secret;;;;17X100A100A00028;NIORT
GRDF;2024;G;792020103;Les Grippeaux;PRO;;;A;secret;secret;;;;17X100A100A00028;PARTHENAY
GRDF;2024;G;792020104;La Mara;PRO;;;A;secret;secret;;;;17X100A100A00028;PARTHENAY
GRDF;2024;G;791740000;Melle (commune non irisée);PRO;;;A;secret;secret;;;;17X100A100A00028;MELLE
GRDF;2024;G;791850000;Aigondigné (commune non irisée);PRO;;;A;secret;secret;;;;17X100A100A00028;AIGONDIGNE
GRDF;2024;G;791850000;Aigondigné (commune non irisée);ENT;01;Culture et production animale, chasse et services annexes;A;1487.35824;1;1;;0;17X100A100A00028;AIGONDIGNE
GRDF;2024;G;861770000;Neuville-de-Poitou (commune non irisée);PRO;;;A;secret;secret;;;;17X100A100A00028;NEUVILLE DE POITOU
GRDF;2024;G;860410102;Planty-Amandiers;PRO;;;A;secret;secret;;;;17X100A100A00028;BUXEROLLES
GRDF;2024;G;861940103;Cathédrale;PRO;;;A;secret;secret;;;;17X100A100A00028;POITIERS
GRDF;2024;G;861940107;Blossac-Saint-Hilaire;PRO;;;A;secret;secret;;;;17X100A100A00028;POITIERS
GRDF;2024;G;861940301;Les Cours;PRO;;;A;secret;secret;;;;17X100A100A00028;POITIERS
GRDF;2024;G;861940302;Clos Gauthier-Les Sables;PRO;;;A;secret;secret;;;;17X100A100A00028;POITIERS
GRDF;2024;G;861941001;La Demi-Lune;PRO;;;A;secret;secret;;;;17X100A100A00028;POITIERS
GRDF;2024;G;861650101;Centre;PRO;;;A;secret;secret;;;;17X100A100A00028;MONTMORILLON
GRDF;2024;G;861650102;Est;PRO;;;A;secret;secret;;;;17X100A100A00028;MONTMORILLON
GRDF;2024;G;860460000;Cenon-sur-Vienne (commune non irisée);PRO;;;A;secret;secret;;;;17X100A100A00028;CENON SUR VIENNE
GRDF;2024;G;860660302;La Bruyère;PRO;;;A;secret;secret;;;;17X100A100A00028;CHATELLERAULT
GRDF;2024;G;860660302;La Bruyère;ENT;01;Culture et production animale, chasse et services annexes;A;604.1957;1;1;;0;17X100A100A00028;CHATELLERAULT
GRDF;2024;G;862720000;Thuré (commune non irisée);PRO;;;A;secret;secret;;;;17X100A100A00028;THURE
GRDF;2024;G;871260000;Rochechouart (commune non irisée);PRO;;;A;secret;secret;;;;17X100A100A00028;ROCHECHOUART
GRDF;2024;G;871260000;Rochechouart (commune non irisée);ENT;01;Culture et production animale, chasse et services annexes;A;43.90111;1;1;;0;17X100A100A00028;ROCHECHOUART
GRDF;2024;G;871540102;Quartier Est 2;PRO;;;A;secret;secret;;;;17X100A100A00028;SAINT JUNIEN
GRDF;2024;G;871060000;Nexon (commune non irisée);PRO;;;A;secret;secret;;;;17X100A100A00028;NEXON
GRDF;2024;G;870590000;Le Dorat (commune non irisée);PRO;;;A;secret;secret;;;;17X100A100A00028;DORAT
GRDF;2024;G;871870103;Nord;PRO;;;A;secret;secret;;;;17X100A100A00028;SAINT YRIEIX LA PERCHE
GRDF;2024;G;870210000;Bosmie-l'Aiguille (commune non irisée);PRO;;;A;secret;secret;;;;17X100A100A00028;BOSMIE L AIGUILLE
GRDF;2024;G;871910000;Séreilhac (commune non irisée);PRO;;;A;secret;secret;;;;17X100A100A00028;SEREILHAC
GRDF;2024;G;870480102;Sud;PRO;;;A;secret;secret;;;;17X100A100A00028;CONDAT SUR VIENNE
GRDF;2024;G;870500103;Ouest;PRO;;;A;secret;secret;;;;17X100A100A00028;COUZEIX
GRDF;2024;G;870750103;Rural;PRO;;;A;secret;secret;;;;17X100A100A00028;ISLE
GRDF;2024;G;870850102;Carnot;PRO;;;A;secret;secret;;;;17X100A100A00028;LIMOGES
GRDF;2024;G;870850103;La Visitation;PRO;;;A;secret;secret;;;;17X100A100A00028;LIMOGES
GRDF;2024;G;870850202;La Cathédrale;PRO;;;A;80.46157;1;1;;0;17X100A100A00028;LIMOGES
GRDF;2024;G;870850301;Valadon;PRO;;;A;secret;secret;;;;17X100A100A00028;LIMOGES
GRDF;2024;G;870850401;Le Colombier;PRO;;;A;52.37005;2;1;;0;17X100A100A00028;LIMOGES
GRDF;2024;G;870850501;Beaublanc;PRO;;;A;secret;secret;;;;17X100A100A00028;LIMOGES
GRDF;2024;G;870850503;Montjovis;PRO;;;A;secret;secret;;;;17X100A100A00028;LIMOGES
GRDF;2024;G;870850804;La Gare;PRO;;;A;secret;secret;;;;17X100A100A00028;LIMOGES
GRDF;2024;G;870851101;Sainte-Claire;PRO;;;A;secret;secret;;;;17X100A100A00028;LIMOGES
GRDF;2024;G;870851202;C.H.U.;PRO;;;A;secret;secret;;;;17X100A100A00028;LIMOGES
GRDF;2024;G;870851301;Fustel de Coulanges;ENT;01;Culture et production animale, chasse et services annexes;A;236.47971;1;1;;0;17X100A100A00028;LIMOGES
GRDF;2024;G;870851604;Zone Industrielle Nord;PRO;;;A;342.00374;2;1;;0;17X100A100A00028;LIMOGES
GRDF;2024;G;870851901;Le Mas Bouyol;PRO;;;A;secret;secret;;;;17X100A100A00028;LIMOGES
GRDF;2024;G;870852002;Bellegarde;PRO;;;A;secret;secret;;;;17X100A100A00028;LIMOGES
GRDF;2024;G;870852002;Bellegarde;ENT;01;Culture et production animale, chasse et services annexes;A;258.49866;1;1;;0;17X100A100A00028;LIMOGES
GRDF;2024;G;871140104;Panazol Est;ENT;01;Culture et production animale, chasse et services annexes;A;508.66054;2;1;;0;17X100A100A00028;PANAZOL
GRDF;2024;G;871560000;Saint-Just-le-Martel (commune non irisée);PRO;;;A;134.48107;2;1;;0;17X100A100A00028;SAINT JUST LE MARTEL
GRDF;2024;G;871610102;Ouest;PRO;;;A;secret;secret;;;;17X100A100A00028;SAINT LEONARD DE NOBLAT
GRDF;2024;G;091670000;Lézat-sur-Lèze (commune non irisée);PRO;;;A;secret;secret;;;;17X100A100A00028;LEZAT SUR LEZE
GRDF;2024;G;091850000;Mazères (commune non irisée);PRO;;;A;secret;secret;;;;17X100A100A00028;MAZERES
GRDF;2024;G;091850000;Mazères (commune non irisée);ENT;01;Culture et production animale, chasse et services annexes;A;266.269;1;1;;0;17X100A100A00028;MAZERES
GRDF;2024;G;092250101;Centre Ancien;PRO;;;A;secret;secret;;;;17X100A100A00028;PAMIERS
GRDF;2024;G;092250104;Las Oules à la Croix de Verniolle;PRO;;;A;secret;secret;;;;17X100A100A00028;PAMIERS
GRDF;2024;G;092820000;Saverdun (commune non irisée);PRO;;;A;secret;secret;;;;17X100A100A00028;SAVERDUN
GRDF;2024;G;091220102;Montgauzy-Centre Culturel;PRO;;;A;secret;secret;;;;17X100A100A00028;FOIX
GRDF;2024;G;091220104;Ouest;PRO;;;A;secret;secret;;;;17X100A100A00028;FOIX
GRDF;2024;G;092070000;Montgailhard (commune non irisée);PRO;;;A;secret;secret;;;;17X100A100A00028;MONTGAILHARD
GRDF;2024;G;092350000;Prat-Bonrepaux (commune non irisée);PRO;;;A;secret;secret;;;;17X100A100A00028;PRAT BONREPAUX
GRDF;2024;G;092610101;Rive Droite;PRO;;;A;secret;secret;;;;17X100A100A00028;SAINT GIRONS
GRDF;2024;G;092610102;Rive Gauche;PRO;;;A;secret;secret;;;;17X100A100A00028;SAINT GIRONS
GRDF;2024;G;091600101;Coume-Gabre;PRO;;;A;secret;secret;;;;17X100A100A00028;LAVELANET
GRDF;2024;G;110490000;Bram (commune non irisée);PRO;;;A;secret;secret;;;;17X100A100A00028;BRAM
GRDF;2024;G;110490000;Bram (commune non irisée);ENT;01;Culture et production animale, chasse et services annexes;A;96.81077;2;1;;0;17X100A100A00028;BRAM
GRDF;2024;G;110090000;Alzonne (commune non irisée);ENT;01;Culture et production animale, chasse et services annexes;A;5251.52122;2;1;;0;17X100A100A00028;ALZONNE
GRDF;2024;G;110690102;Centre Ville 1;PRO;;;A;secret;secret;;;;17X100A100A00028;CARCASSONNE
GRDF;2024;G;110690203;La Cité-La Barbacane-La Trivalle;PRO;;;A;secret;secret;;;;17X100A100A00028;CARCASSONNE
GRDF;2024;G;110690402;La Pierre Blanche-Saint-Vincent;PRO;;;A;secret;secret;;;;17X100A100A00028;CARCASSONNE
GRDF;2024;G;110690404;Grazailles-La Prade;PRO;;;A;secret;secret;;;;17X100A100A00028;CARCASSONNE
GRDF;2024;G;110690501;Herminis-Grèzes-Villalbe-Bois de Serres;PRO;;;A;secret;secret;;;;17X100A100A00028;CARCASSONNE
GRDF;2024;G;110690703;Cavayères Montlegun;PRO;;;A;secret;secret;;;;17X100A100A00028;CARCASSONNE
GRDF;2024;G;110690903;Pasteur;PRO;;;A;secret;secret;;;;17X100A100A00028;CARCASSONNE
GRDF;2024;G;112790000;Pennautier (commune non irisée);PRO;;;A;secret;secret;;;;17X100A100A00028;PENNAUTIER
GRDF;2024;G;110760104;Verdun;PRO;;;A;secret;secret;;;;17X100A100A00028;CASTELNAUDARY
GRDF;2024;G;110760107;La Gare;ENT;01;Culture et production animale, chasse et services annexes;A;17253.67642;3;1;;0;17X100A100A00028;CASTELNAUDARY
GRDF;2024;G;111290000;Espéraza (commune non irisée);PRO;;;A;secret;secret;;;;17X100A100A00028;ESPERAZA
GRDF;2024;G;113040000;Quillan (commune non irisée);PRO;;;A;secret;secret;;;;17X100A100A00028;QUILLAN
GRDF;2024;G;111050000;Cournanel (commune non irisée);PRO;;;A;secret;secret;;;;17X100A100A00028;COURNANEL
GRDF;2024;G;112620101;Bourg-Charité;PRO;;;A;secret;secret;;;;17X100A100A00028;NARBONNE
GRDF;2024;G;112620302;Gare;PRO;;;A;secret;secret;;;;17X100A100A00028;NARBONNE
GRDF;2024;G;112620303;Razimbaud;PRO;;;A;secret;secret;;;;17X100A100A00028;NARBONNE
GRDF;2024;G;113690000;Sallèles-d'Aude (commune non irisée);PRO;;;A;56.28651;1;1;;0;17X100A100A00028;SALLELES D AUDE
GRDF;2024;G;113690000;Sallèles-d'Aude (commune non irisée);ENT;01;Culture et production animale, chasse et services annexes;A;448.73186;1;1;;0;17X100A100A00028;SALLELES D AUDE
GRDF;2024;G;11379XXXX;Iris fictif de la commune Sigean;PRO;;;A;secret;secret;;;;17X100A100A00028;SIGEAN
GRDF;2024;G;120890101;Centre Ville;PRO;;;A;secret;secret;;;;17X100A100A00028;DECAZEVILLE
GRDF;2024;G;122080102;Couronne;PRO;;;A;secret;secret;;;;17X100A100A00028;SAINT AFFRIQUE
GRDF;2024;G;122860000;Vabres-l'Abbaye (commune non irisée);PRO;;;A;secret;secret;;;;17X100A100A00028;VABRES L ABBAYE
GRDF;2024;G;121200000;Laissac-Sévérac l'Église (commune non irisée);PRO;;;A;126.7345;1;1;;0;17X100A100A00028;LAISSAC SEVERAC L EGLISE
GRDF;2024;G;120430000;Calmont (commune non irisée);PRO;;;A;secret;secret;;;;17X100A100A00028;CALMONT
GRDF;2024;G;121370000;Manhac (commune non irisée);PRO;;;A;secret;secret;;;;17X100A100A00028;MANHAC
GRDF;2024;G;123000101;La Bastide;PRO;;;A;secret;secret;;;;17X100A100A00028;VILLEFRANCHE DE ROUERGUE
GRDF;2024;G;123000102;Radel;PRO;;;A;secret;secret;;;;17X100A100A00028;VILLEFRANCHE DE ROUERGUE
GRDF;2024;G;123000104;Quartier Nord-Est;PRO;;;A;secret;secret;;;;17X100A100A00028;VILLEFRANCHE DE ROUERGUE
GRDF;2024;G;123000106;Quartier Ouest;PRO;;;A;secret;secret;;;;17X100A100A00028;VILLEFRANCHE DE ROUERGUE
GRDF;2024;G;120900000;Druelle Balsac (commune non irisée);PRO;;;A;secret;secret;;;;17X100A100A00028;DRUELLE BALSAC
GRDF;2024;G;121330000;Luc-la-Primaube (commune non irisée);PRO;;;A;secret;secret;;;;17X100A100A00028;LUC LA PRIMAUBE
GRDF;2024;G;121330000;Luc-la-Primaube (commune non irisée);ENT;01;Culture et production animale, chasse et services annexes;A;2.7053;1;1;;0;17X100A100A00028;LUC LA PRIMAUBE
GRDF;2024;G;121760101;Quatre Saisons Ouest;PRO;;;A;secret;secret;;;;17X100A100A00028;ONET LE CHATEAU
GRDF;2024;G;122020201;Amphithéâtre;PRO;;;A;secret;secret;;;;17X100A100A00028;RODEZ
GRDF;2024;G;122020402;Pontviel;PRO;;;A;secret;secret;;;;17X100A100A00028;RODEZ
GRDF;2024;G;122020501;Bourran;PRO;;;A;secret;secret;;;;17X100A100A00028;RODEZ
GRDF;2024;G;122410000;Sainte-Radegonde (commune non irisée);PRO;;;A;secret;secret;;;;17X100A100A00028;SAINTE RADEGONDE
GRDF;2024;G;120840000;Creissels (commune non irisée);ENT;01;Culture et production animale, chasse et services annexes;A;45.62351;1;1;;0;17X100A100A00028;CREISSELS
GRDF;2024;G;121990000;Rignac (commune non irisée);PRO;;;A;secret;secret;;;;17X100A100A00028;RIGNAC
GRDF;2024;G;120660000;Clairvaux-d'Aveyron (commune non irisée);PRO;;;A;64.60069;1;0;;0;17X100A100A00028;CLAIRVAUX D AVEYRON
GRDF;2024;G;122880000;Valady (commune non irisée);PRO;;;A;secret;secret;;;;17X100A100A00028;VALADY
GRDF;2024;G;121020000;Flavin (commune non irisée);PRO;;;A;78.65445;1;1;;0;17X100A100A00028;FLAVIN
GRDF;2024;G;303340101;Centre Est;PRO;;;A;secret;secret;;;;17X100A100A00028;UZES
GRDF;2024;G;303340103;Nord;PRO;;;A;secret;secret;;;;17X100A100A00028;UZES
GRDF;2024;G;301460000;Lédignan (commune non irisée);PRO;;;A;secret;secret;;;;17X100A100A00028;LEDIGNAN
GRDF;2024;G;300280101;Centre Ville;PRO;;;A;secret;secret;;;;17X100A100A00028;BAGNOLS SUR CEZE
GRDF;2024;G;300280107;Périurbain Sud-Ouest;PRO;;;A;102.70484;1;1;;0;17X100A100A00028;BAGNOLS SUR CEZE
GRDF;2024;G;300280108;Zone Rurale Nord;PRO;;;A;secret;secret;;;;17X100A100A00028;BAGNOLS SUR CEZE
GRDF;2024;G;303310000;Tresques (commune non irisée);PRO;;;A;secret;secret;;;;17X100A100A00028;TRESQUES
GRDF;2024;G;300070101;Centre Ville;PRO;;;A;secret;secret;;;;17X100A100A00028;ALES
GRDF;2024;G;300070102;Le Plan;PRO;;;A;secret;secret;;;;17X100A100A00028;ALES
GRDF;2024;G;300070106;Montée de Silhol-Conilhères;ENT;01;Culture et production animale, chasse et services annexes;A;109.78;1;1;;0;17X100A100A00028;ALES
GRDF;2024;G;300070113;Bruèges;PRO;;;A;secret;secret;;;;17X100A100A00028;ALES
GRDF;2024;G;300070115;Le Rieu;PRO;;;A;94.17503;1;1;;0;17X100A100A00028;ALES
GRDF;2024;G;303500102;Ouest;PRO;;;A;55.01248;2;1;;0;17X100A100A00028;VIGAN
GRDF;2024;G;301360000;Junas (commune non irisée);PRO;;;A;secret;secret;;;;17X100A100A00028;JUNAS
GRDF;2024;G;300040000;Aigues-Vives (commune non irisée);PRO;;;A;secret;secret;;;;17X100A100A00028;AIGUES VIVES
GRDF;2024;G;300320101;La Plaine;PRO;;;A;secret;secret;;;;17X100A100A00028;BEAUCAIRE
GRDF;2024;G;300320104;Les Fontêtes;PRO;;;A;secret;secret;;;;17X100A100A00028;BEAUCAIRE
GRDF;2024;G;300320105;Le Sizen;PRO;;;A;secret;secret;;;;17X100A100A00028;BEAUCAIRE
GRDF;2024;G;300330000;Beauvoisin (commune non irisée);PRO;;;A;secret;secret;;;;17X100A100A00028;BEAUVOISIN
GRDF;2024;G;300590000;Le Cailar (commune non irisée);ENT;01;Culture et production animale, chasse et services annexes;A;1676.125;2;1;;0;17X100A100A00028;CAILAR
GRDF;2024;G;303410103;Pavillonnaire;PRO;;;A;secret;secret;;;;17X100A100A00028;VAUVERT
GRDF;2024;G;303410105;Centre Ville;PRO;;;A;secret;secret;;;;17X100A100A00028;VAUVERT
GRDF;2024;G;300600000;Caissargues (commune non irisée);PRO;;;A;secret;secret;;;;17X100A100A00028;CAISSARGUES
GRDF;2024;G;300600000;Caissargues (commune non irisée);ENT;01;Culture et production animale, chasse et services annexes;A;903.417;1;1;;0;17X100A100A00028;CAISSARGUES
GRDF;2024;G;301450000;Lédenon (commune non irisée);ENT;01;Culture et production animale, chasse et services annexes;A;2946.43169;1;1;;0;17X100A100A00028;LEDENON
GRDF;2024;G;301550102;Sud;ENT;01;Culture et production animale, chasse et services annexes;A;495.38;1;1;;0;17X100A100A00028;MANDUEL
GRDF;2024;G;301690101;Centre Ville;PRO;;;A;secret;secret;;;;17X100A100A00028;MILHAUD
GRDF;2024;G;301890101;Arènes;PRO;;;A;secret;secret;;;;17X100A100A00028;NIMES
GRDF;2024;G;301890302;Jean Jaurès Nord;PRO;;;A;secret;secret;;;;17X100A100A00028;NIMES
GRDF;2024;G;301890402;Richelieu;PRO;;;A;secret;secret;;;;17X100A100A00028;NIMES
GRDF;2024;G;301890403;Séguier;PRO;;;A;secret;secret;;;;17X100A100A00028;NIMES
GRDF;2024;G;301890501;Saint-Baudile;PRO;;;A;secret;secret;;;;17X100A100A00028;NIMES
GRDF;2024;G;301890601;Beausoleil;PRO;;;A;65.82687;3;1;;0;17X100A100A00028;NIMES
GRDF;2024;G;301890902;Galerie Wagner;PRO;;;A;secret;secret;;;;17X100A100A00028;NIMES
GRDF;2024;G;301891402;Croix de Fer;PRO;;;A;69.51725;1;1;;0;17X100A100A00028;NIMES
GRDF;2024;G;302110000;Redessan (commune non irisée);PRO;;;A;secret;secret;;;;17X100A100A00028;REDESSAN
GRDF;2024;G;302490000;Saint-Dionisy (commune non irisée);PRO;;;A;secret;secret;;;;17X100A100A00028;SAINT DIONISY
GRDF;2024;G;302550000;Saint-Geniès-de-Malgoirès (commune non irisée);PRO;;;A;secret;secret;;;;17X100A100A00028;SAINT GENIES DE MALGOIRES
GRDF;2024;G;302570000;Saint-Gervasy (commune non irisée);PRO;;;A;secret;secret;;;;17X100A100A00028;SAINT GERVASY
GRDF;2024;G;302580103;Zone Nord;PRO;;;A;secret;secret;;;;17X100A100A00028;SAINT GILLES
GRDF;2024;G;301330101;Nord;PRO;;;A;secret;secret;;;;17X100A100A00028;GRAU DU ROI
GRDF;2024;G;300120000;Aramon (commune non irisée);ENT;01;Culture et production animale, chasse et services annexes;A;5842.61338;1;1;;0;17X100A100A00028;ARAMON
GRDF;2024;G;300110101;Quartier Centre;PRO;;;A;secret;secret;;;;17X100A100A00028;ANGLES
GRDF;2024;G;314550000;Rieux-Volvestre (commune non irisée);PRO;;;A;secret;secret;;;;17X100A100A00028;RIEUX VOLVESTRE
GRDF;2024;G;312480000;Labarthe-sur-Lèze (commune non irisée);PRO;;;A;secret;secret;;;;17X100A100A00028;LABARTHE SUR LEZE
GRDF;2024;G;312870000;Lavernose-Lacasse (commune non irisée);PRO;;;A;secret;secret;;;;17X100A100A00028;LAVERNOSE LACASSE
GRDF;2024;G;312870000;Lavernose-Lacasse (commune non irisée);ENT;01;Culture et production animale, chasse et services annexes;A;645.926;1;1;;0;17X100A100A00028;LAVERNOSE LACASSE
GRDF;2024;G;313950109;Saudrune;PRO;;;A;secret;secret;;;;17X100A100A00028;MURET
GRDF;2024;G;314330101;Centre;PRO;;;A;secret;secret;;;;17X100A100A00028;PORTET SUR GARONNE
GRDF;2024;G;314330102;Zone d'Activités;PRO;;;A;secret;secret;;;;17X100A100A00028;PORTET SUR GARONNE
GRDF;2024;G;314990101;Mescurt;PRO;;;A;secret;secret;;;;17X100A100A00028;SAINT LYS
GRDF;2024;G;315470103;Vallée du Fossat;ENT;01;Culture et production animale, chasse et services annexes;A;151.62236;1;1;;0;17X100A100A00028;SEYSSES
GRDF;2024;G;311450000;Cintegabelle (commune non irisée);ENT;01;Culture et production animale, chasse et services annexes;A;2747.539;1;1;;0;17X100A100A00028;CINTEGABELLE
GRDF;2024;G;313450000;Miremont (commune non irisée);PRO;;;A;secret;secret;;;;17X100A100A00028;MIREMONT
GRDF;2024;G;314810000;Sainte-Foy-de-Peyrolières (commune non irisée);PRO;;;A;secret;secret;;;;17X100A100A00028;SAINTE FOY DE PEYROLIERES
GRDF;2024;G;311600000;Daux (commune non irisée);PRO;;;A;secret;secret;;;;17X100A100A00028;DAUX
GRDF;2024;G;313410000;Merville (commune non irisée);PRO;;;A;secret;secret;;;;17X100A100A00028;MERVILLE
GRDF;2024;G;310420000;Bagnères-de-Luchon (commune non irisée);PRO;;;A;94.04896;4;0.999400525003147;;0;17X100A100A00028;BAGNERES DE LUCHON
GRDF;2024;G;315000000;Saint-Mamet (commune non irisée);PRO;;;A;secret;secret;;;;17X100A100A00028;SAINT MAMET
GRDF;2024;G;312470000;Labarthe-Rivière (commune non irisée);PRO;;;A;secret;secret;;;;17X100A100A00028;LABARTHE RIVIERE
GRDF;2024;G;313900000;Montréjeau (commune non irisée);PRO;;;A;secret;secret;;;;17X100A100A00028;MONTREJEAU
GRDF;2024;G;314830101;Cœur de Ville;PRO;;;A;secret;secret;;;;17X100A100A00028;SAINT GAUDENS
GRDF;2024;G;315850000;Villeneuve-de-Rivière (commune non irisée);ENT;01;Culture et production animale, chasse et services annexes;A;214.60285;1;1;;0;17X100A100A00028;VILLENEUVE DE RIVIERE
GRDF;2024;G;310560101;Nord;PRO;;;A;secret;secret;;;;17X100A100A00028;BEAUZELLE
GRDF;2024;G;310880000;Brax (commune non irisée);PRO;;;A;secret;secret;;;;17X100A100A00028;BRAX
GRDF;2024;G;311490402;Naurouze Sud;PRO;;;A;secret;secret;;;;17X100A100A00028;COLOMIERS
GRDF;2024;G;312820102;Les Sables;PRO;;;A;secret;secret;;;;17X100A100A00028;LAUNAGUET
GRDF;2024;G;312820102;Les Sables;ENT;01;Culture et production animale, chasse et services annexes;A;202.70523;1;1;;0;17X100A100A00028;LAUNAGUET
GRDF;2024;G;314900000;Saint-Jory (commune non irisée);ENT;01;Culture et production animale, chasse et services annexes;A;969.29397;3;1;;0;17X100A100A00028;SAINT JORY
GRDF;2024;G;315060105;Catala-Cayras;PRO;;;A;secret;secret;;;;17X100A100A00028;SAINT ORENS DE GAMEVILLE
GRDF;2024;G;315550201;Taur;PRO;;;A;secret;secret;;;;17X100A100A00028;TOULOUSE
GRDF;2024;G;315550701;Chapou;PRO;;;A;secret;secret;;;;17X100A100A00028;TOULOUSE
GRDF;2024;G;315550802;Héraclès;PRO;;;A;secret;secret;;;;17X100A100A00028;TOULOUSE
GRDF;2024;G;315551201;Montplaisir;PRO;;;A;64.01118;2;1;;0;17X100A100A00028;TOULOUSE
GRDF;2024;G;315551501;Sainte-Lucie;PRO;;;A;secret;secret;;;;17X100A100A00028;TOULOUSE
GRDF;2024;G;315551807;Nègreneys;PRO;;;A;secret;secret;;;;17X100A100A00028;TOULOUSE
GRDF;2024;G;315552101;Camille Pujol;PRO;;;A;secret;secret;;;;17X100A100A00028;TOULOUSE
GRDF;2024;G;315552302;Saint-Exupéry;PRO;;;A;secret;secret;;;;17X100A100A00028;TOULOUSE
GRDF;2024;G;315552402;Avions;PRO;;;A;secret;secret;;;;17X100A100A00028;TOULOUSE
GRDF;2024;G;315552502;École Normale;PRO;;;A;secret;secret;;;;17X100A100A00028;TOULOUSE
GRDF;2024;G;315553201;Morvan;PRO;;;A;secret;secret;;;;17X100A100A00028;TOULOUSE
GRDF;2024;G;315553301;Arènes;PRO;;;A;secret;secret;;;;17X100A100A00028;TOULOUSE
GRDF;2024;G;315553503;Barrière de Bayonne;PRO;;;A;secret;secret;;;;17X100A100A00028;TOULOUSE
GRDF;2024;G;315553601;Ginestous;PRO;;;A;secret;secret;;;;17X100A100A00028;TOULOUSE
GRDF;2024;G;315553702;Fenouillet;PRO;;;A;secret;secret;;;;17X100A100A00028;TOULOUSE
GRDF;2024;G;315553703;La Salade;PRO;;;A;secret;secret;;;;17X100A100A00028;TOULOUSE
GRDF;2024;G;315553802;Lalande Nord;PRO;;;A;secret;secret;;;;17X100A100A00028;TOULOUSE
GRDF;2024;G;315553803;Lalande Sud;PRO;;;A;secret;secret;;;;17X100A100A00028;TOULOUSE
GRDF;2024;G;315554005;Borderouge Sud-Ouest;PRO;;;A;secret;secret;;;;17X100A100A00028;TOULOUSE
GRDF;2024;G;315554007;Borderouge Nord;PRO;;;A;secret;secret;;;;17X100A100A00028;TOULOUSE
GRDF;2024;G;315554402;Coquille;PRO;;;A;secret;secret;;;;17X100A100A00028;TOULOUSE
GRDF;2024;G;315554601;Mal Clabel;PRO;;;A;secret;secret;;;;17X100A100A00028;TOULOUSE
GRDF;2024;G;315555204;Goya;PRO;;;A;53.11266;2;1;;0;17X100A100A00028;TOULOUSE
GRDF;2024;G;315555503;Saint-Simon Ouest;PRO;;;A;secret;secret;;;;17X100A100A00028;TOULOUSE
GRDF;2024;G;315555901;Fleurance;PRO;;;A;secret;secret;;;;17X100A100A00028;TOULOUSE
GRDF;2024;G;310350000;Auzeville-Tolosane (commune non irisée);PRO;;;A;secret;secret;;;;17X100A100A00028;AUZEVILLE TOLOSANE
GRDF;2024;G;310480000;Baziège (commune non irisée);PRO;;;A;161.26483;1;1;;0;17X100A100A00028;BAZIEGE
GRDF;2024;G;310480000;Baziège (commune non irisée);ENT;01;Culture et production animale, chasse et services annexes;A;765.358;1;1;;0;17X100A100A00028;BAZIEGE
GRDF;2024;G;312590000;Lacroix-Falgarde (commune non irisée);PRO;;;A;secret;secret;;;;17X100A100A00028;LACROIX FALGARDE
GRDF;2024;G;313810000;Montgiscard (commune non irisée);PRO;;;A;secret;secret;;;;17X100A100A00028;MONTGISCARD
GRDF;2024;G;314290000;Pompertuzat (commune non irisée);PRO;;;A;secret;secret;;;;17X100A100A00028;POMPERTUZAT
GRDF;2024;G;311880000;Fontenilles (commune non irisée);PRO;;;A;secret;secret;;;;17X100A100A00028;FONTENILLES
GRDF;2024;G;314240103;Monestié-Birazel;PRO;;;A;secret;secret;;;;17X100A100A00028;PLAISANCE DU TOUCH
GRDF;2024;G;313640000;Montberon (commune non irisée);PRO;;;A;secret;secret;;;;17X100A100A00028;MONTBERON
GRDF;2024;G;314100000;Pechbonnieu (commune non irisée);PRO;;;A;57.74472;1;1;;0;17X100A100A00028;PECHBONNIEU
GRDF;2024;G;314840000;Saint-Geniès-Bellevue (commune non irisée);PRO;;;A;142.54128;1;1;;0;17X100A100A00028;SAINT GENIES BELLEVUE
GRDF;2024;G;321600102;Casse Martin;PRO;;;A;secret;secret;;;;17X100A100A00028;ISLE JOURDAIN
GRDF;2024;G;321600102;Casse Martin;ENT;01;Culture et production animale, chasse et services annexes;A;569.19535;1;1;;0;17X100A100A00028;ISLE JOURDAIN
GRDF;2024;G;323340000;Pujaudran (commune non irisée);PRO;;;A;secret;secret;;;;17X100A100A00028;PUJAUDRAN
GRDF;2024;G;322490000;Mauvezin (commune non irisée);PRO;;;A;secret;secret;;;;17X100A100A00028;MAUVEZIN
GRDF;2024;G;321470000;Gimont (commune non irisée);PRO;;;A;secret;secret;;;;17X100A100A00028;GIMONT
GRDF;2024;G;320130401;Zone d'Activités Sud;PRO;;;A;secret;secret;;;;17X100A100A00028;AUCH
GRDF;2024;G;321320102;Nord;ENT;01;Culture et production animale, chasse et services annexes;A;178.177;1;1;;0;17X100A100A00028;FLEURANCE
GRDF;2024;G;322960000;Nogaro (commune non irisée);PRO;;;A;secret;secret;;;;17X100A100A00028;NOGARO
GRDF;2024;G;321070101;Nord;PRO;;;A;secret;secret;;;;17X100A100A00028;CONDOM
GRDF;2024;G;321070102;Est;PRO;;;A;secret;secret;;;;17X100A100A00028;CONDOM
GRDF;2024;G;321070103;Ouest;PRO;;;A;secret;secret;;;;17X100A100A00028;CONDOM
GRDF;2024;G;322560000;Mirande (commune non irisée);PRO;;;A;77.53128;3;1;;0;17X100A100A00028;MIRANDE
GRDF;2024;G;341420101;Centre Ville;PRO;;;A;secret;secret;;;;17X100A100A00028;LODEVE
GRDF;2024;G;34028XXXX;Iris fictif de la commune Bédarieux;PRO;;;A;secret;secret;;;;17X100A100A00028;BEDARIEUX
GRDF;2024;G;340920000;Cruzy (commune non irisée);PRO;;;A;secret;secret;;;;17X100A100A00028;CRUZY
GRDF;2024;G;342250000;Puisserguier (commune non irisée);PRO;;;A;secret;secret;;;;17X100A100A00028;PUISSERGUIER
GRDF;2024;G;341080305;Les Crozes;PRO;;;A;secret;secret;;;;17X100A100A00028;FRONTIGNAN
GRDF;2024;G;341130000;Gigean (commune non irisée);PRO;;;A;secret;secret;;;;17X100A100A00028;GIGEAN
GRDF;2024;G;341570103;Couronne Périurbaine;PRO;;;A;secret;secret;;;;17X100A100A00028;MEZE
GRDF;2024;G;341570103;Couronne Périurbaine;ENT;03;Pêche et aquaculture;A;130.9991;2;1;;0;17X100A100A00028;MEZE
GRDF;2024;G;343010201;Île Sud;PRO;;;A;secret;secret;;;;17X100A100A00028;SETE
GRDF;2024;G;343010602;Île de Thau 1;PRO;;;A;secret;secret;;;;17X100A100A00028;SETE
GRDF;2024;G;343010701;Caraussane-Jean Vilar;PRO;;;A;secret;secret;;;;17X100A100A00028;SETE
GRDF;2024;G;343330000;Vic-la-Gardiole (commune non irisée);PRO;;;A;secret;secret;;;;17X100A100A00028;VIC LA GARDIOLE
GRDF;2024;G;340580101;Centre Ville;PRO;;;A;secret;secret;;;;17X100A100A00028;CASTRIES
GRDF;2024;G;341290107;Z.A. du Puech Radier;PRO;;;A;89.99757;1;1;;0;17X100A100A00028;LATTES
GRDF;2024;G;341290108;Port Ariane Vasque Fontvin Périphérie;PRO;;;A;58.97201;2;1;;0;17X100A100A00028;LATTES
GRDF;2024;G;341290108;Port Ariane Vasque Fontvin Périphérie;ENT;01;Culture et production animale, chasse et services annexes;A;186.01496;1;1;;0;17X100A100A00028;LATTES
GRDF;2024;G;341690000;Montferrier-sur-Lez (commune non irisée);PRO;;;A;secret;secret;;;;17X100A100A00028;MONTFERRIER SUR LEZ
GRDF;2024;G;341721301;Croix d'Argent;PRO;;;A;secret;secret;;;;17X100A100A00028;MONTPELLIER
GRDF;2024;G;341721302;Marquerose;PRO;;;A;72.71704;1;1;;0;17X100A100A00028;MONTPELLIER
GRDF;2024;G;341722001;Pont de Sète;PRO;;;A;52.9582;1;1;;0;17X100A100A00028;MONTPELLIER
GRDF;2024;G;341722502;Ursulines;PRO;;;A;secret;secret;;;;17X100A100A00028;MONTPELLIER
GRDF;2024;G;342020103;Nord;PRO;;;A;secret;secret;;;;17X100A100A00028;PIGNAN
GRDF;2024;G;342170101;Ouest;PRO;;;A;secret;secret;;;;17X100A100A00028;PRADES LE LEZ
GRDF;2024;G;342560000;Saint-Geniès-des-Mourgues (commune non irisée);PRO;;;A;secret;secret;;;;17X100A100A00028;SAINT GENIES DES MOURGUES
GRDF;2024;G;342590102;Village;PRO;;;A;secret;secret;;;;17X100A100A00028;SAINT GEORGES D ORQUES
GRDF;2024;G;342700102;Centre Ville;PRO;;;A;secret;secret;;;;17X100A100A00028;SAINT JEAN DE VEDAS
GRDF;2024;G;340130000;Aspiran (commune non irisée);PRO;;;A;secret;secret;;;;17X100A100A00028;ASPIRAN
GRDF;2024;G;341270000;Lansargues (commune non irisée);PRO;;;A;179.67324;2;0.0918375490974615;;0;17X100A100A00028;LANSARGUES
GRDF;2024;G;341540105;Carnon;PRO;;;A;secret;secret;;;;17X100A100A00028;MAUGUIO
GRDF;2024;G;341540106;Périphérie Ouest et Sud;ENT;01;Culture et production animale, chasse et services annexes;A;398.87298;1;1;;0;17X100A100A00028;MAUGUIO
GRDF;2024;G;341540107;Périphérie Nord et Est;ENT;01;Culture et production animale, chasse et services annexes;A;114.16759;1;1;;0;17X100A100A00028;MAUGUIO
GRDF;2024;G;343210000;Valergues (commune non irisée);PRO;;;A;secret;secret;;;;17X100A100A00028;VALERGUES
GRDF;2024;G;340690000;Cazouls-lès-Béziers (commune non irisée);PRO;;;A;secret;secret;;;;17X100A100A00028;CAZOULS LES BEZIERS
GRDF;2024;G;340810000;Colombiers (commune non irisée);PRO;;;A;secret;secret;;;;17X100A100A00028;COLOMBIERS
GRDF;2024;G;341450105;Route de Nîmes;PRO;;;A;secret;secret;;;;17X100A100A00028;LUNEL
GRDF;2024;G;341450107;Périphérie;PRO;;;A;secret;secret;;;;17X100A100A00028;LUNEL
GRDF;2024;G;341450108;Louis Abric Zone Nord;PRO;;;A;secret;secret;;;;17X100A100A00028;LUNEL
GRDF;2024;G;341510102;Périphérie;PRO;;;A;79.32026;2;0.289141513151873;;0;17X100A100A00028;MARSILLARGUES
GRDF;2024;G;340320401;Pech des Moulins;PRO;;;A;secret;secret;;;;17X100A100A00028;BEZIERS
GRDF;2024;G;340320503;Du Guesclin;PRO;;;A;secret;secret;;;;17X100A100A00028;BEZIERS
GRDF;2024;G;340320602;Mermoz;PRO;;;A;191.15741;1;0;;0;17X100A100A00028;BEZIERS
GRDF;2024;G;340370000;Boujan-sur-Libron (commune non irisée);PRO;;;A;secret;secret;;;;17X100A100A00028;BOUJAN SUR LIBRON
GRDF;2024;G;340940000;Espondeilhan (commune non irisée);PRO;;;A;secret;secret;;;;17X100A100A00028;ESPONDEILHAN
GRDF;2024;G;340030201;Le Cap d'Agde;PRO;;;A;secret;secret;;;;17X100A100A00028;AGDE
GRDF;2024;G;341990102;Nord;ENT;01;Culture et production animale, chasse et services annexes;A;443.97025;1;1;;0;17X100A100A00028;PEZENAS
GRDF;2024;G;342070000;Pomérols (commune non irisée);PRO;;;A;secret;secret;;;;17X100A100A00028;POMEROLS
GRDF;2024;G;460420102;Charles de Gaulle;PRO;;;A;secret;secret;;;;17X100A100A00028;CAHORS
GRDF;2024;G;460420104;Les Badernes;PRO;;;A;secret;secret;;;;17X100A100A00028;CAHORS
GRDF;2024;G;460420401;Saint-Georges;PRO;;;A;secret;secret;;;;17X100A100A00028;CAHORS
GRDF;2024;G;460880000;Douelle (commune non irisée);PRO;;;A;secret;secret;;;;17X100A100A00028;DOUELLE
GRDF;2024;G;460950000;Espère (commune non irisée);PRO;;;A;63.41193;1;1;;0;17X100A100A00028;ESPERE
GRDF;2024;G;461020101;Centre Ancien;PRO;;;A;secret;secret;;;;17X100A100A00028;FIGEAC
GRDF;2024;G;650020000;Adé (commune non irisée);PRO;;;A;secret;secret;;;;17X100A100A00028;ADE
GRDF;2024;G;650570000;Azereix (commune non irisée);PRO;;;A;91.16254;4;1;;0;17X100A100A00028;AZEREIX
GRDF;2024;G;650800000;Bénac (commune non irisée);PRO;;;A;secret;secret;;;;17X100A100A00028;BENAC
GRDF;2024;G;650830000;Bernac-Debat (commune non irisée);PRO;;;A;secret;secret;;;;17X100A100A00028;BERNAC DEBAT
GRDF;2024;G;651000000;Bordères-sur-l'Échez (commune non irisée);PRO;;;A;secret;secret;;;;17X100A100A00028;BORDERES SUR L ECHEZ
GRDF;2024;G;651080000;Bours (commune non irisée);PRO;;;A;secret;secret;;;;17X100A100A00028;BOURS
GRDF;2024;G;652260000;Ibos (commune non irisée);PRO;;;A;secret;secret;;;;17X100A100A00028;IBOS
GRDF;2024;G;652260000;Ibos (commune non irisée);ENT;01;Culture et production animale, chasse et services annexes;A;79.70301;1;1;;0;17X100A100A00028;IBOS
GRDF;2024;G;652350000;Juillan (commune non irisée);PRO;;;A;secret;secret;;;;17X100A100A00028;JUILLAN
GRDF;2024;G;652360000;Julos (commune non irisée);PRO;;;A;secret;secret;;;;17X100A100A00028;JULOS
GRDF;2024;G;652360000;Julos (commune non irisée);ENT;01;Culture et production animale, chasse et services annexes;A;119.5737;1;1;;0;17X100A100A00028;JULOS
GRDF;2024;G;652510000;Laloubère (commune non irisée);PRO;;;A;secret;secret;;;;17X100A100A00028;LALOUBERE
GRDF;2024;G;652520000;Lamarque-Pontacq (commune non irisée);PRO;;;A;secret;secret;;;;17X100A100A00028;LAMARQUE PONTACQ
GRDF;2024;G;652800000;Loubajac (commune non irisée);PRO;;;A;secret;secret;;;;17X100A100A00028;LOUBAJAC
GRDF;2024;G;652840000;Louey (commune non irisée);PRO;;;A;secret;secret;;;;17X100A100A00028;LOUEY
GRDF;2024;G;652860102;Centre-Soum;PRO;;;A;87.92765;5;1;;0;17X100A100A00028;LOURDES
GRDF;2024;G;652860104;Centre-Gare;PRO;;;A;secret;secret;;;;17X100A100A00028;LOURDES
GRDF;2024;G;652860107;Bois de Mourles-Forêt de Béout;PRO;;;A;secret;secret;;;;17X100A100A00028;LOURDES
GRDF;2024;G;652860108;Secteur Hôtelier-Sanctuaire;PRO;;;A;secret;secret;;;;17X100A100A00028;LOURDES
GRDF;2024;G;652860109;La Bastide-Lannedarre;PRO;;;A;secret;secret;;;;17X100A100A00028;LOURDES
GRDF;2024;G;653310000;Odos (commune non irisée);PRO;;;A;secret;secret;;;;17X100A100A00028;ODOS
GRDF;2024;G;653400000;Orleix (commune non irisée);PRO;;;A;secret;secret;;;;17X100A100A00028;ORLEIX
GRDF;2024;G;653500000;Oursbelille (commune non irisée);PRO;;;A;secret;secret;;;;17X100A100A00028;OURSBELILLE
GRDF;2024;G;653500000;Oursbelille (commune non irisée);ENT;01;Culture et production animale, chasse et services annexes;A;1767.65744;2;1;;0;17X100A100A00028;OURSBELILLE
GRDF;2024;G;653950000;Saint-Pé-de-Bigorre (commune non irisée);PRO;;;A;secret;secret;;;;17X100A100A00028;SAINT PE DE BIGORRE
GRDF;2024;G;654330000;Soues (commune non irisée);PRO;;;A;secret;secret;;;;17X100A100A00028;SOUES
GRDF;2024;G;654400202;Barrère;PRO;;;A;secret;secret;;;;17X100A100A00028;TARBES
GRDF;2024;G;654400402;Centre Hospitalier;PRO;;;A;secret;secret;;;;17X100A100A00028;TARBES
GRDF;2024;G;654400803;La Planète;PRO;;;A;secret;secret;;;;17X100A100A00028;TARBES
GRDF;2024;G;654400901;Saint-Antoine;PRO;;;A;secret;secret;;;;17X100A100A00028;TARBES
GRDF;2024;G;650690000;La Barthe-de-Neste (commune non irisée);PRO;;;A;secret;secret;;;;17X100A100A00028;BARTHE DE NESTE
GRDF;2024;G;653530000;Ozon (commune non irisée);PRO;;;A;secret;secret;;;;17X100A100A00028;OZON
GRDF;2024;G;654260000;Sinzos (commune non irisée);ENT;01;Culture et production animale, chasse et services annexes;A;968.656;1;1;;0;17X100A100A00028;SINZOS
GRDF;2024;G;650040000;Agos-Vidalos (commune non irisée);PRO;;;A;secret;secret;;;;17X100A100A00028;AGOS VIDALOS
GRDF;2024;G;650250000;Argelès-Gazost (commune non irisée);PRO;;;A;secret;secret;;;;17X100A100A00028;ARGELES GAZOST
GRDF;2024;G;650560000;Ayzac-Ost (commune non irisée);PRO;;;A;secret;secret;;;;17X100A100A00028;AYZAC OST
GRDF;2024;G;650070000;Andrest (commune non irisée);PRO;;;A;281.3772;1;1;;0;17X100A100A00028;ANDREST
GRDF;2024;G;650070000;Andrest (commune non irisée);ENT;01;Culture et production animale, chasse et services annexes;A;1425.56532;2;1;;0;17X100A100A00028;ANDREST
GRDF;2024;G;653750000;Rabastens-de-Bigorre (commune non irisée);PRO;;;A;secret;secret;;;;17X100A100A00028;RABASTENS DE BIGORRE
GRDF;2024;G;654090000;Sarriac-Bigorre (commune non irisée);PRO;;;A;55.73918;1;1;;0;17X100A100A00028;SARRIAC BIGORRE
GRDF;2024;G;654090000;Sarriac-Bigorre (commune non irisée);ENT;01;Culture et production animale, chasse et services annexes;A;1387.88984;2;1;;0;17X100A100A00028;SARRIAC BIGORRE
GRDF;2024;G;654250000;Siarrouy (commune non irisée);PRO;;;A;secret;secret;;;;17X100A100A00028;SIARROUY
GRDF;2024;G;654250000;Siarrouy (commune non irisée);ENT;01;Culture et production animale, chasse et services annexes;A;258.978;1;1;;0;17X100A100A00028;SIARROUY
GRDF;2024;G;654600000;Vic-en-Bigorre (commune non irisée);PRO;;;A;secret;secret;;;;17X100A100A00028;VIC EN BIGORRE
GRDF;2024;G;654600000;Vic-en-Bigorre (commune non irisée);ENT;01;Culture et production animale, chasse et services annexes;A;183.48227;1;1;;0;17X100A100A00028;VIC EN BIGORRE
GRDF;2024;G;651230000;Campan (commune non irisée);PRO;;;A;secret;secret;;;;17X100A100A00028;CAMPAN
GRDF;2024;G;653200000;Montgaillard (commune non irisée);PRO;;;A;secret;secret;;;;17X100A100A00028;MONTGAILLARD
GRDF;2024;G;653700000;Pouzac (commune non irisée);PRO;;;A;secret;secret;;;;17X100A100A00028;POUZAC
GRDF;2024;G;654510000;Trébons (commune non irisée);PRO;;;A;secret;secret;;;;17X100A100A00028;TREBONS
GRDF;2024;G;66136XXXX;Iris fictif de la commune Perpignan;PRO;;;A;secret;secret;;;;17X100A100A00028;PERPIGNAN
GRDF;2024;G;661360103;Saint-Jean;PRO;;;A;secret;secret;;;;17X100A100A00028;PERPIGNAN
GRDF;2024;G;661360301;Clemenceau;PRO;;;A;secret;secret;;;;17X100A100A00028;PERPIGNAN
GRDF;2024;G;661360402;Gare 2;PRO;;;A;secret;secret;;;;17X100A100A00028;PERPIGNAN
GRDF;2024;G;661360701;Kennedy;PRO;;;A;secret;secret;;;;17X100A100A00028;PERPIGNAN
GRDF;2024;G;661361202;Route de Canet;PRO;;;A;secret;secret;;;;17X100A100A00028;PERPIGNAN
GRDF;2024;G;661361202;Route de Canet;ENT;01;Culture et production animale, chasse et services annexes;A;548.50197;3;1;;0;17X100A100A00028;PERPIGNAN
GRDF;2024;G;661361303;Bas Vernet Est 3;ENT;01;Culture et production animale, chasse et services annexes;A;1152.63906;3;1;;0;17X100A100A00028;PERPIGNAN
GRDF;2024;G;661361501;Bas Vernet Ouest 1;ENT;01;Culture et production animale, chasse et services annexes;A;1462.89891;1;1;;0;17X100A100A00028;PERPIGNAN
GRDF;2024;G;661450000;Ponteilla (commune non irisée);PRO;;;A;secret;secret;;;;17X100A100A00028;PONTEILLA
GRDF;2024;G;661640101;Secteur Centre;PRO;;;A;secret;secret;;;;17X100A100A00028;RIVESALTES
GRDF;2024;G;66213XXXX;Iris fictif de la commune Toulouges;PRO;;;A;56.18879;1;1;;0;17X100A100A00028;TOULOUGES
GRDF;2024;G;662130101;Nord;ENT;01;Culture et production animale, chasse et services annexes;A;364.74923;2;1;;0;17X100A100A00028;TOULOUGES
GRDF;2024;G;660080102;Le Village;PRO;;;A;secret;secret;;;;17X100A100A00028;ARGELES SUR MER
GRDF;2024;G;660160102;Est;PRO;;;A;secret;secret;;;;17X100A100A00028;BANYULS SUR MER
GRDF;2024;G;660530000;Collioure (commune non irisée);PRO;;;A;secret;secret;;;;17X100A100A00028;COLLIOURE
GRDF;2024;G;661330000;Palau-del-Vidre (commune non irisée);PRO;;;A;secret;secret;;;;17X100A100A00028;PALAU DEL VIDRE
GRDF;2024;G;661330000;Palau-del-Vidre (commune non irisée);ENT;01;Culture et production animale, chasse et services annexes;A;14057.17829;3;1;;0;17X100A100A00028;PALAU DEL VIDRE
GRDF;2024;G;660020000;Alénya (commune non irisée);ENT;01;Culture et production animale, chasse et services annexes;A;5773.31296;2;1;;0;17X100A100A00028;ALENYA
GRDF;2024;G;661710104;Zone Port;PRO;;;A;secret;secret;;;;17X100A100A00028;SAINT CYPRIEN
GRDF;2024;G;662100101;Centre Ville;PRO;;;A;secret;secret;;;;17X100A100A00028;THUIR
GRDF;2024;G;662100102;Nord;PRO;;;A;secret;secret;;;;17X100A100A00028;THUIR
GRDF;2024;G;662100102;Nord;ENT;01;Culture et production animale, chasse et services annexes;A;5007.04909;1;1;;0;17X100A100A00028;THUIR
GRDF;2024;G;812710101;Centre Bastide;PRO;;;A;secret;secret;;;;17X100A100A00028;SAINT SULPICE LA POINTE
GRDF;2024;G;810990101;Vieux Gaillac;PRO;;;A;secret;secret;;;;17X100A100A00028;GAILLAC
GRDF;2024;G;811040000;Giroussens (commune non irisée);ENT;01;Culture et production animale, chasse et services annexes;A;846.204;1;1;;0;17X100A100A00028;GIROUSSENS
GRDF;2024;G;811050102;Mairie;PRO;;;A;65.27409;2;1;;0;17X100A100A00028;GRAULHET
GRDF;2024;G;811120000;Labastide-de-Lévis (commune non irisée);ENT;01;Culture et production animale, chasse et services annexes;A;344.26342;1;1;;0;17X100A100A00028;LABASTIDE DE LEVIS
GRDF;2024;G;812200000;Rabastens (commune non irisée);ENT;01;Culture et production animale, chasse et services annexes;A;756.15031;1;1;;0;17X100A100A00028;RABASTENS
GRDF;2024;G;812730000;Saïx (commune non irisée);ENT;01;Culture et production animale, chasse et services annexes;A;218.86407;1;1;;0;17X100A100A00028;SAIX
GRDF;2024;G;812890000;Soual (commune non irisée);ENT;01;Culture et production animale, chasse et services annexes;A;6826.414;1;1;;0;17X100A100A00028;SOUAL
GRDF;2024;G;810210104;Les Auques;PRO;;;A;98.95577;2;1;;0;17X100A100A00028;AUSSILLON
GRDF;2024;G;810650101;Centre Ville;PRO;;;A;secret;secret;;;;17X100A100A00028;CASTRES
GRDF;2024;G;810650204;Aillot;PRO;;;A;secret;secret;;;;17X100A100A00028;CASTRES
GRDF;2024;G;811200101;Labruguière Ville;ENT;01;Culture et production animale, chasse et services annexes;A;1481.63729;1;1;;0;17X100A100A00028;LABRUGUIERE
GRDF;2024;G;811300000;Lagarrigue (commune non irisée);PRO;;;A;secret;secret;;;;17X100A100A00028;LAGARRIGUE
GRDF;2024;G;811630104;Bonnecombe;PRO;;;A;secret;secret;;;;17X100A100A00028;MAZAMET
GRDF;2024;G;813070000;Valdurenque (commune non irisée);ENT;01;Culture et production animale, chasse et services annexes;A;368.85557;1;1;;0;17X100A100A00028;VALDURENQUE
GRDF;2024;G;810040402;Rayssac 2;PRO;;;A;secret;secret;;;;17X100A100A00028;ALBI
GRDF;2024;G;811440000;Lescure-d'Albigeois (commune non irisée);PRO;;;A;secret;secret;;;;17X100A100A00028;LESCURE D ALBIGEOIS
GRDF;2024;G;811440000;Lescure-d'Albigeois (commune non irisée);ENT;01;Culture et production animale, chasse et services annexes;A;226.07999;1;1;;0;17X100A100A00028;LESCURE D ALBIGEOIS
GRDF;2024;G;812840000;Le Sequestre (commune non irisée);PRO;;;A;secret;secret;;;;17X100A100A00028;SEQUESTRE
GRDF;2024;G;810050000;Albine (commune non irisée);PRO;;;A;secret;secret;;;;17X100A100A00028;ALBINE
GRDF;2024;G;820330104;Courbieu-Bénis-Saint-Martin;ENT;01;Culture et production animale, chasse et services annexes;A;683.536;1;1;;0;17X100A100A00028;CASTELSARRASIN
GRDF;2024;G;821120101;Centre Historique;PRO;;;A;54.1358;4;1;;0;17X100A100A00028;MOISSAC
GRDF;2024;G;821250000;Montech (commune non irisée);PRO;;;A;secret;secret;;;;17X100A100A00028;MONTECH
GRDF;2024;G;820730000;Goudourville (commune non irisée);ENT;01;Culture et production animale, chasse et services annexes;A;777.727;1;1;;0;17X100A100A00028;GOUDOURVILLE
GRDF;2024;G;821860000;Valence (commune non irisée);PRO;;;A;secret;secret;;;;17X100A100A00028;VALENCE
GRDF;2024;G;821210101;Consul Dupuy;PRO;;;A;secret;secret;;;;17X100A100A00028;MONTAUBAN
GRDF;2024;G;821210401;Delthil;PRO;;;A;secret;secret;;;;17X100A100A00028;MONTAUBAN
GRDF;2024;G;821210503;Selves;PRO;;;A;secret;secret;;;;17X100A100A00028;MONTAUBAN
GRDF;2024;G;821210602;L'Europe;PRO;;;A;92.144;1;1;;0;17X100A100A00028;MONTAUBAN
GRDF;2024;G;821210801;Falguières;PRO;;;A;secret;secret;;;;17X100A100A00028;MONTAUBAN
GRDF;2024;G;821210901;Zone Industrielle Nord;PRO;;;A;209.03903;1;1;;0;17X100A100A00028;MONTAUBAN
GRDF;2024;G;013630000;Saint-Jean-le-Vieux (commune non irisée);PRO;;;A;secret;secret;;;;17X100A100A00028;SAINT JEAN LE VIEUX
GRDF;2024;G;012680000;Murs-et-Gélignieux (commune non irisée);PRO;;;A;211.76011;2;1;;0;17X100A100A00028;MURS ET GELIGNIEUX
GRDF;2024;G;013380000;Groslée-Saint-Benoit (commune non irisée);PRO;;;A;secret;secret;;;;17X100A100A00028;GROSLEE SAINT BENOIT
GRDF;2024;G;011050000;Civrieux (commune non irisée);PRO;;;A;secret;secret;;;;17X100A100A00028;CIVRIEUX
GRDF;2024;G;012850000;Parcieux (commune non irisée);PRO;;;A;secret;secret;;;;17X100A100A00028;PARCIEUX
GRDF;2024;G;013470000;Saint-Didier-de-Formans (commune non irisée);ENT;01;Culture et production animale, chasse et services annexes;A;410.61968;1;1;;0;17X100A100A00028;SAINT DIDIER DE FORMANS
GRDF;2024;G;011850000;Plateau d'Hauteville (commune non irisée);PRO;;;A;53.38801;1;1;;0;17X100A100A00028;PLATEAU D HAUTEVILLE
GRDF;2024;G;012830202;Ville Est;PRO;;;A;secret;secret;;;;17X100A100A00028;OYONNAX
GRDF;2024;G;012830301;Ville Ouest;PRO;;;A;secret;secret;;;;17X100A100A00028;OYONNAX
GRDF;2024;G;010740000;Chalamont (commune non irisée);PRO;;;A;secret;secret;;;;17X100A100A00028;CHALAMONT
GRDF;2024;G;014430000;Villars-les-Dombes (commune non irisée);PRO;;;A;secret;secret;;;;17X100A100A00028;VILLARS LES DOMBES
GRDF;2024;G;011830000;Guéreins (commune non irisée);PRO;;;A;53.0782;1;0.757246289437094;;0;17X100A100A00028;GUEREINS
GRDF;2024;G;014200000;Thoissey (commune non irisée);PRO;;;A;100.73246;1;0;;0;17X100A100A00028;THOISSEY
GRDF;2024;G;012460000;Mézériat (commune non irisée);PRO;;;A;secret;secret;;;;17X100A100A00028;MEZERIAT
GRDF;2024;G;010250000;Bâgé-Dommartin (commune non irisée);PRO;;;A;161.17569;1;1;;0;17X100A100A00028;BAGE DOMMARTIN
GRDF;2024;G;011590000;Feillens (commune non irisée);PRO;;;A;55.24266;4;1;;0;17X100A100A00028;FEILLENS
GRDF;2024;G;011750000;Gorrevod (commune non irisée);PRO;;;A;secret;secret;;;;17X100A100A00028;GORREVOD
GRDF;2024;G;012310000;Manziat (commune non irisée);PRO;;;A;88.72223;4;1;;0;17X100A100A00028;MANZIAT
GRDF;2024;G;013200000;Replonges (commune non irisée);PRO;;;A;secret;secret;;;;17X100A100A00028;REPLONGES
GRDF;2024;G;010530101;Centre Ville;PRO;;;A;secret;secret;;;;17X100A100A00028;BOURG EN BRESSE
GRDF;2024;G;010530302;Brou;PRO;;;A;secret;secret;;;;17X100A100A00028;BOURG EN BRESSE
GRDF;2024;G;010530601;Pont des Chèvres;PRO;;;A;secret;secret;;;;17X100A100A00028;BOURG EN BRESSE
GRDF;2024;G;010690000;Certines (commune non irisée);PRO;;;A;secret;secret;;;;17X100A100A00028;CERTINES
GRDF;2024;G;010720000;Ceyzériat (commune non irisée);ENT;01;Culture et production animale, chasse et services annexes;A;171.43992;1;1;;0;17X100A100A00028;CEYZERIAT
GRDF;2024;G;011950000;Jasseron (commune non irisée);PRO;;;A;104.18505;1;0;;0;17X100A100A00028;JASSERON
GRDF;2024;G;012290000;Malafretaz (commune non irisée);PRO;;;A;secret;secret;;;;17X100A100A00028;MALAFRETAZ
GRDF;2024;G;012320000;Marboz (commune non irisée);PRO;;;A;secret;secret;;;;17X100A100A00028;MARBOZ
GRDF;2024;G;012540000;Montagnat (commune non irisée);ENT;01;Culture et production animale, chasse et services annexes;A;807.57566;1;1;;0;17X100A100A00028;MONTAGNAT
GRDF;2024;G;012890102;Périphérie;PRO;;;A;secret;secret;;;;17X100A100A00028;PERONNAS
GRDF;2024;G;013010000;Polliat (commune non irisée);ENT;01;Culture et production animale, chasse et services annexes;A;312.24456;1;1;;0;17X100A100A00028;POLLIAT
GRDF;2024;G;013690000;Saint-Just (commune non irisée);PRO;;;A;secret;secret;;;;17X100A100A00028;SAINT JUST
GRDF;2024;G;013800000;Saint-Nizier-le-Bouchoux (commune non irisée);PRO;;;A;secret;secret;;;;17X100A100A00028;SAINT NIZIER LE BOUCHOUX
GRDF;2024;G;014510101;Nord et Ouest;ENT;01;Culture et production animale, chasse et services annexes;A;545.55811;1;1;;0;17X100A100A00028;VIRIAT
GRDF;2024;G;014510102;Centre et Sud-Est;PRO;;;A;secret;secret;;;;17X100A100A00028;VIRIAT
GRDF;2024;G;010320000;Béligneux (commune non irisée);PRO;;;A;54.20029;1;1;;0;17X100A100A00028;BELIGNEUX
GRDF;2024;G;010490000;La Boisse (commune non irisée);PRO;;;A;secret;secret;;;;17X100A100A00028;BOISSE
GRDF;2024;G;011420000;Dagneux (commune non irisée);PRO;;;A;57.35104;3;1;;0;17X100A100A00028;DAGNEUX
GRDF;2024;G;012620101;Nord;PRO;;;A;secret;secret;;;;17X100A100A00028;MONTLUEL
GRDF;2024;G;011600102;Centre;PRO;;;A;secret;secret;;;;17X100A100A00028;FERNEY VOLTAIRE
GRDF;2024;G;011730101;Centre;PRO;;;A;secret;secret;;;;17X100A100A00028;GEX
GRDF;2024;G;012810000;Ornex (commune non irisée);PRO;;;A;secret;secret;;;;17X100A100A00028;ORNEX
GRDF;2024;G;012490103;Ouest;PRO;;;A;secret;secret;;;;17X100A100A00028;MIRIBEL
GRDF;2024;G;012750000;Neyron (commune non irisée);PRO;;;A;secret;secret;;;;17X100A100A00028;NEYRON
GRDF;2024;G;010040202;Tiret-Les Allymes;PRO;;;A;secret;secret;;;;17X100A100A00028;AMBERIEU EN BUGEY
GRDF;2024;G;010070000;Ambronay (commune non irisée);ENT;01;Culture et production animale, chasse et services annexes;A;652.919;1;1;;0;17X100A100A00028;AMBRONAY
GRDF;2024;G;010890000;Château-Gaillard (commune non irisée);PRO;;;A;secret;secret;;;;17X100A100A00028;CHATEAU GAILLARD
GRDF;2024;G;012240000;Loyettes (commune non irisée);ENT;;;A;108.953;1;1;;0;17X100A100A00028;LOYETTES
GRDF;2024;G;012440103;L'Étang;PRO;;;A;secret;secret;;;;17X100A100A00028;MEXIMIEUX
GRDF;2024;G;013450000;Saint-Denis-en-Bugey (commune non irisée);PRO;;;A;secret;secret;;;;17X100A100A00028;SAINT DENIS EN BUGEY
GRDF;2024;G;014310000;Vaux-en-Bugey (commune non irisée);PRO;;;A;secret;secret;;;;17X100A100A00028;VAUX EN BUGEY
GRDF;2024;G;014500000;Villieu-Loyes-Mollon (commune non irisée);PRO;;;A;302.781;1;1;;0;17X100A100A00028;VILLIEU LOYES MOLLON
GRDF;2024;G;031850102;Diénat-Forges;PRO;;;A;secret;secret;;;;17X100A100A00028;MONTLUCON
GRDF;2024;G;031850106;Ville Gozet;PRO;;;A;secret;secret;;;;17X100A100A00028;MONTLUCON
GRDF;2024;G;031850108;Montgacher-Cordeliers;PRO;;;A;secret;secret;;;;17X100A100A00028;MONTLUCON
GRDF;2024;G;031850110;Rimard-Marignon;PRO;;;A;secret;secret;;;;17X100A100A00028;MONTLUCON
GRDF;2024;G;031850114;La Caserne-Les Guineberts;PRO;;;A;60.55429;3;1;;0;17X100A100A00028;MONTLUCON
GRDF;2024;G;033140000;Villebret (commune non irisée);PRO;;;A;secret;secret;;;;17X100A100A00028;VILLEBRET
GRDF;2024;G;030130000;Avermes (commune non irisée);PRO;;;A;289.98925;2;1;;0;17X100A100A00028;AVERMES
GRDF;2024;G;030250000;Bessay-sur-Allier (commune non irisée);PRO;;;A;secret;secret;;;;17X100A100A00028;BESSAY SUR ALLIER
GRDF;2024;G;030250000;Bessay-sur-Allier (commune non irisée);ENT;01;Culture et production animale, chasse et services annexes;A;704.335;1;1;;0;17X100A100A00028;BESSAY SUR ALLIER
GRDF;2024;G;031900107;Quartier Sud Zone 1;PRO;;;A;secret;secret;;;;17X100A100A00028;MOULINS
GRDF;2024;G;032000000;Neuvy (commune non irisée);PRO;;;A;secret;secret;;;;17X100A100A00028;NEUVY
GRDF;2024;G;032860000;Toulon-sur-Allier (commune non irisée);PRO;;;A;secret;secret;;;;17X100A100A00028;TOULON SUR ALLIER
GRDF;2024;G;032860000;Toulon-sur-Allier (commune non irisée);ENT;01;Culture et production animale, chasse et services annexes;A;764.207;2;1;;0;17X100A100A00028;TOULON SUR ALLIER
GRDF;2024;G;033210106;Zone Industrielle;PRO;;;A;70.27886;1;0;;0;17X100A100A00028;YZEURE
GRDF;2024;G;030930000;Creuzier-le-Neuf (commune non irisée);PRO;;;A;107.38233;3;1;;0;17X100A100A00028;CREUZIER LE NEUF
GRDF;2024;G;030930000;Creuzier-le-Neuf (commune non irisée);ENT;01;Culture et production animale, chasse et services annexes;A;105.51395;1;1;;0;17X100A100A00028;CREUZIER LE NEUF
GRDF;2024;G;030950111;Boulaires-Graves-Chambon Étendu;PRO;;;A;119.32739;1;1;;0;17X100A100A00028;CUSSET
GRDF;2024;G;033060000;Le Vernet (commune non irisée);PRO;;;A;158.9039;1;0.581825682063184;;0;17X100A100A00028;VERNET
GRDF;2024;G;033100102;Marché;PRO;;;A;secret;secret;;;;17X100A100A00028;VICHY
GRDF;2024;G;033100106;Thermal-Vieux Vican;PRO;;;A;secret;secret;;;;17X100A100A00028;VICHY
GRDF;2024;G;033100107;Les Bains-République;PRO;;;A;secret;secret;;;;17X100A100A00028;VICHY
GRDF;2024;G;033100110;Beauséjour-Les Graves-Les Bartins;PRO;;;A;secret;secret;;;;17X100A100A00028;VICHY
GRDF;2024;G;031140000;La Ferté-Hauterive (commune non irisée);PRO;;;A;318.72963;2;1;;0;17X100A100A00028;FERTE HAUTERIVE
GRDF;2024;G;031180101;Centre-Est;PRO;;;A;secret;secret;;;;17X100A100A00028;GANNAT
GRDF;2024;G;031180101;Centre-Est;ENT;01;Culture et production animale, chasse et services annexes;A;51.93203;1;1;;0;17X100A100A00028;GANNAT
GRDF;2024;G;031180102;Centre-Ouest et Extérieurs;PRO;;;A;secret;secret;;;;17X100A100A00028;GANNAT
GRDF;2024;G;031180102;Centre-Ouest et Extérieurs;ENT;01;Culture et production animale, chasse et services annexes;A;2521.692;1;1;;0;17X100A100A00028;GANNAT
GRDF;2024;G;032540102;Est;PRO;;;A;104.31208;1;1;;0;17X100A100A00028;SAINT POURCAIN SUR SIOULE
GRDF;2024;G;032540102;Est;ENT;01;Culture et production animale, chasse et services annexes;A;3413.863;1;1;;0;17X100A100A00028;SAINT POURCAIN SUR SIOULE
GRDF;2024;G;031020000;Dompierre-sur-Besbre (commune non irisée);ENT;01;Culture et production animale, chasse et services annexes;A;148.449;1;1;;0;17X100A100A00028;DOMPIERRE SUR BESBRE
GRDF;2024;G;032980000;Varennes-sur-Allier (commune non irisée);ENT;01;Culture et production animale, chasse et services annexes;A;5260.95263;3;1;;0;17X100A100A00028;VARENNES SUR ALLIER
GRDF;2024;G;030360000;Bourbon-l'Archambault (commune non irisée);PRO;;;A;secret;secret;;;;17X100A100A00028;BOURBON L ARCHAMBAULT
GRDF;2024;G;030360000;Bourbon-l'Archambault (commune non irisée);ENT;01;Culture et production animale, chasse et services annexes;A;151.145;1;1;;0;17X100A100A00028;BOURBON L ARCHAMBAULT
GRDF;2024;G;030990000;Deux-Chaises (commune non irisée);PRO;;;A;secret;secret;;;;17X100A100A00028;DEUX CHAISES
GRDF;2024;G;031830000;Le Montet (commune non irisée);PRO;;;A;secret;secret;;;;17X100A100A00028;MONTET
GRDF;2024;G;030520000;Chamblet (commune non irisée);PRO;;;A;secret;secret;;;;17X100A100A00028;CHAMBLET
GRDF;2024;G;030820101;1re Zone;ENT;01;Culture et production animale, chasse et services annexes;A;249.33852;1;1;;0;17X100A100A00028;COMMENTRY
GRDF;2024;G;030840000;Cosne-d'Allier (commune non irisée);ENT;01;Culture et production animale, chasse et services annexes;A;18.63657;1;1;;0;17X100A100A00028;COSNE D ALLIER
GRDF;2024;G;031040000;Doyet (commune non irisée);ENT;01;Culture et production animale, chasse et services annexes;A;188.24021;1;1;;0;17X100A100A00028;DOYET
GRDF;2024;G;031590000;Malicorne (commune non irisée);PRO;;;A;secret;secret;;;;17X100A100A00028;MALICORNE
GRDF;2024;G;031860000;Montmarault (commune non irisée);PRO;;;A;secret;secret;;;;17X100A100A00028;MONTMARAULT
GRDF;2024;G;031890000;Montvicq (commune non irisée);PRO;;;A;secret;secret;;;;17X100A100A00028;MONTVICQ
GRDF;2024;G;033150000;Villefranche-d'Allier (commune non irisée);PRO;;;A;secret;secret;;;;17X100A100A00028;VILLEFRANCHE D ALLIER
GRDF;2024;G;070700000;Cornas (commune non irisée);PRO;;;A;secret;secret;;;;17X100A100A00028;CORNAS
GRDF;2024;G;070700000;Cornas (commune non irisée);ENT;01;Culture et production animale, chasse et services annexes;A;131.96212;1;1;;0;17X100A100A00028;CORNAS
GRDF;2024;G;071020104;Bord du Rhône-Village;PRO;;;A;secret;secret;;;;17X100A100A00028;GUILHERAND GRANGES
GRDF;2024;G;073190101;Centre Ville;PRO;;;A;secret;secret;;;;17X100A100A00028;TEIL
GRDF;2024;G;070270000;Beauchastel (commune non irisée);PRO;;;A;secret;secret;;;;17X100A100A00028;BEAUCHASTEL
GRDF;2024;G;071810000;Le Pouzin (commune non irisée);PRO;;;A;99.49812;1;1;;0;17X100A100A00028;POUZIN
GRDF;2024;G;071860101;Tauléac Baudoin;PRO;;;A;126.55351;1;1;;0;17X100A100A00028;PRIVAS
GRDF;2024;G;071860103;Charalon Argevillières;PRO;;;A;secret;secret;;;;17X100A100A00028;PRIVAS
GRDF;2024;G;073490101;Centre;PRO;;;A;50.75764;1;1;;0;17X100A100A00028;VOULTE SUR RHONE
GRDF;2024;G;070100101;Centre Ville;PRO;;;A;94.39668;6;0.922371104576983;;0;17X100A100A00028;ANNONAY
GRDF;2024;G;070100103;Charenton-Lombardière;PRO;;;A;secret;secret;;;;17X100A100A00028;ANNONAY
GRDF;2024;G;070780000;Davézieux (commune non irisée);PRO;;;A;secret;secret;;;;17X100A100A00028;DAVEZIEUX
GRDF;2024;G;070780000;Davézieux (commune non irisée);ENT;01;Culture et production animale, chasse et services annexes;A;155.68248;1;1;;0;17X100A100A00028;DAVEZIEUX
GRDF;2024;G;071970000;Roiffieux (commune non irisée);PRO;;;A;secret;secret;;;;17X100A100A00028;ROIFFIEUX
GRDF;2024;G;071520000;Mauves (commune non irisée);PRO;;;A;125.35714;7;0.448163702522249;;0;17X100A100A00028;MAUVES
GRDF;2024;G;073240104;Doux-Plateau;PRO;;;A;65.16768;3;1;;0;17X100A100A00028;TOURNON SUR RHONE
GRDF;2024;G;070190101;Centre Ville;PRO;;;A;64.32332;1;1;;0;17X100A100A00028;AUBENAS
GRDF;2024;G;070190103;Le Pont-Aubenas Est;PRO;;;A;secret;secret;;;;17X100A100A00028;AUBENAS
GRDF;2024;G;070190103;Le Pont-Aubenas Est;ENT;01;Culture et production animale, chasse et services annexes;A;86.62037;1;1;;0;17X100A100A00028;AUBENAS
GRDF;2024;G;073310000;Vals-les-Bains (commune non irisée);PRO;;;A;secret;secret;;;;17X100A100A00028;VALS LES BAINS
GRDF;2024;G;150120101;Nord;PRO;;;A;secret;secret;;;;17X100A100A00028;ARPAJON SUR CERE
GRDF;2024;G;150120102;Sud;PRO;;;A;secret;secret;;;;17X100A100A00028;ARPAJON SUR CERE
GRDF;2024;G;150140112;Tronquières;PRO;;;A;secret;secret;;;;17X100A100A00028;AURILLAC
GRDF;2024;G;150830000;Jussac (commune non irisée);PRO;;;A;secret;secret;;;;17X100A100A00028;JUSSAC
GRDF;2024;G;151400000;Naucelles (commune non irisée);PRO;;;A;secret;secret;;;;17X100A100A00028;NAUCELLES
GRDF;2024;G;150370000;Champagnac (commune non irisée);PRO;;;A;secret;secret;;;;17X100A100A00028;CHAMPAGNAC
GRDF;2024;G;261980502;Ville Haute;PRO;;;A;secret;secret;;;;17X100A100A00028;MONTELIMAR
GRDF;2024;G;260100000;Anneyron (commune non irisée);PRO;;;A;secret;secret;;;;17X100A100A00028;ANNEYRON
GRDF;2024;G;260100000;Anneyron (commune non irisée);ENT;01;Culture et production animale, chasse et services annexes;A;2025.61851;1;1;;0;17X100A100A00028;ANNEYRON
GRDF;2024;G;260410000;Beausemblant (commune non irisée);PRO;;;A;secret;secret;;;;17X100A100A00028;BEAUSEMBLANT
GRDF;2024;G;260830000;Châteauneuf-de-Galaure (commune non irisée);PRO;;;A;secret;secret;;;;17X100A100A00028;CHATEAUNEUF DE GALAURE
GRDF;2024;G;261430000;Le Grand-Serre (commune non irisée);PRO;;;A;secret;secret;;;;17X100A100A00028;GRAND SERRE
GRDF;2024;G;263330000;Saint-Vallier (commune non irisée);PRO;;;A;secret;secret;;;;17X100A100A00028;SAINT VALLIER
GRDF;2024;G;260110000;Aouste-sur-Sye (commune non irisée);PRO;;;A;secret;secret;;;;17X100A100A00028;AOUSTE SUR SYE
GRDF;2024;G;262350104;Sud-Est;PRO;;;A;secret;secret;;;;17X100A100A00028;PIERRELATTE
GRDF;2024;G;262350104;Sud-Est;ENT;01;Culture et production animale, chasse et services annexes;A;3659.275;2;1;;0;17X100A100A00028;PIERRELATTE
GRDF;2024;G;262350105;Sud;PRO;;;A;secret;secret;;;;17X100A100A00028;PIERRELATTE
GRDF;2024;G;263240103;Ouest;PRO;;;A;secret;secret;;;;17X100A100A00028;SAINT PAUL TROIS CHATEAUX
GRDF;2024;G;262200101;Centre;PRO;;;A;secret;secret;;;;17X100A100A00028;NYONS
GRDF;2024;G;260370000;Beaumont-lès-Valence (commune non irisée);PRO;;;A;secret;secret;;;;17X100A100A00028;BEAUMONT LES VALENCE
GRDF;2024;G;260420000;Beauvallon (commune non irisée);PRO;;;A;secret;secret;;;;17X100A100A00028;BEAUVALLON
GRDF;2024;G;260570104;Maladière Petite Ardoise;PRO;;;A;secret;secret;;;;17X100A100A00028;BOURG DE PEAGE
GRDF;2024;G;260580202;Jean Moulin;PRO;;;A;secret;secret;;;;17X100A100A00028;BOURG LES VALENCE
GRDF;2024;G;260880000;Chatuzange-le-Goubet (commune non irisée);PRO;;;A;238.894;1;1;;0;17X100A100A00028;CHATUZANGE LE GOUBET
GRDF;2024;G;262180000;Mours-Saint-Eusèbe (commune non irisée);PRO;;;A;secret;secret;;;;17X100A100A00028;MOURS SAINT EUSEBE
GRDF;2024;G;262180000;Mours-Saint-Eusèbe (commune non irisée);ENT;01;Culture et production animale, chasse et services annexes;A;515.02347;1;1;;0;17X100A100A00028;MOURS SAINT EUSEBE
GRDF;2024;G;262520104;Sud-Est;PRO;;;A;secret;secret;;;;17X100A100A00028;PORTES LES VALENCE
GRDF;2024;G;262520104;Sud-Est;ENT;01;Culture et production animale, chasse et services annexes;A;2257.06835;1;1;;0;17X100A100A00028;PORTES LES VALENCE
GRDF;2024;G;26281XXXX;Iris fictif de la commune Romans-sur-Isère;PRO;;;A;secret;secret;;;;17X100A100A00028;ROMANS SUR ISERE
GRDF;2024;G;262810102;Centre Ville;PRO;;;A;secret;secret;;;;17X100A100A00028;ROMANS SUR ISERE
GRDF;2024;G;262810202;Chatiou-Duchesne;PRO;;;A;secret;secret;;;;17X100A100A00028;ROMANS SUR ISERE
GRDF;2024;G;262810204;Ouest Rural;PRO;;;A;50.01855;2;0.494019718684368;;0;17X100A100A00028;ROMANS SUR ISERE
GRDF;2024;G;262810204;Ouest Rural;ENT;01;Culture et production animale, chasse et services annexes;A;0.023;1;1;;0;17X100A100A00028;ROMANS SUR ISERE
GRDF;2024;G;263230000;Saint-Paul-lès-Romans (commune non irisée);PRO;;;A;secret;secret;;;;17X100A100A00028;SAINT PAUL LES ROMANS
GRDF;2024;G;263620102;Centre Basse Ville;PRO;;;A;84.38651;1;1;;0;17X100A100A00028;VALENCE
GRDF;2024;G;263620104;Gare;PRO;;;A;secret;secret;;;;17X100A100A00028;VALENCE
GRDF;2024;G;263620203;Chamberlière;PRO;;;A;secret;secret;;;;17X100A100A00028;VALENCE
GRDF;2024;G;263620303;Alpes;PRO;;;A;secret;secret;;;;17X100A100A00028;VALENCE
GRDF;2024;G;263620304;Grand Charran;PRO;;;A;secret;secret;;;;17X100A100A00028;VALENCE
GRDF;2024;G;263620502;Épervière;PRO;;;A;secret;secret;;;;17X100A100A00028;VALENCE
GRDF;2024;G;263620602;Lautagne;ENT;01;Culture et production animale, chasse et services annexes;A;3006.20089;1;1;;0;17X100A100A00028;VALENCE
GRDF;2024;G;263790000;Granges-les-Beaumont (commune non irisée);PRO;;;A;secret;secret;;;;17X100A100A00028;GRANGES LES BEAUMONT
GRDF;2024;G;263010000;Saint-Donat-sur-l'Herbasse (commune non irisée);PRO;;;A;secret;secret;;;;17X100A100A00028;SAINT DONAT SUR L HERBASSE
GRDF;2024;G;263470101;Centre Ville;PRO;;;A;secret;secret;;;;17X100A100A00028;TAIN L HERMITAGE
GRDF;2024;G;260060000;Allex (commune non irisée);PRO;;;A;secret;secret;;;;17X100A100A00028;ALLEX
GRDF;2024;G;260060000;Allex (commune non irisée);ENT;01;Culture et production animale, chasse et services annexes;A;175.77353;1;1;;0;17X100A100A00028;ALLEX
GRDF;2024;G;261440000;Grane (commune non irisée);PRO;;;A;secret;secret;;;;17X100A100A00028;GRANE
GRDF;2024;G;261660101;Centre Est;PRO;;;A;secret;secret;;;;17X100A100A00028;LORIOL SUR DROME
GRDF;2024;G;261660102;Ouest;PRO;;;A;secret;secret;;;;17X100A100A00028;LORIOL SUR DROME
GRDF;2024;G;380390000;Bernin (commune non irisée);PRO;;;A;secret;secret;;;;17X100A100A00028;BERNIN
GRDF;2024;G;380450000;Biviers (commune non irisée);PRO;;;A;secret;secret;;;;17X100A100A00028;BIVIERS
GRDF;2024;G;380750000;Chapareillan (commune non irisée);PRO;;;A;secret;secret;;;;17X100A100A00028;CHAPAREILLAN
GRDF;2024;G;382140000;Lumbin (commune non irisée);PRO;;;A;secret;secret;;;;17X100A100A00028;LUMBIN
GRDF;2024;G;382490000;Montbonnot-Saint-Martin (commune non irisée);PRO;;;A;secret;secret;;;;17X100A100A00028;MONTBONNOT SAINT MARTIN
GRDF;2024;G;383970101;Corbonne Centre Maréchaux;PRO;;;A;secret;secret;;;;17X100A100A00028;SAINT ISMIER
GRDF;2024;G;385030000;La Terrasse (commune non irisée);PRO;;;A;264.26211;1;1;;0;17X100A100A00028;TERRASSE
GRDF;2024;G;381110102;Centre Bourg;PRO;;;A;secret;secret;;;;17X100A100A00028;CLAIX
Régie municipale multiservices de La Réole;2024;G;333520000;La Réole (commune non irisée);PRO;;;A;583.871;6;0.5;;0;17X100B100A2092Z;REOLE
Régie municipale multiservices de La Réole;2024;G;330870000;Camiran (commune non irisée);PRO;;;A;78.871;1;1;;0;17X100B100A2092Z;CAMIRAN
Energis;2024;G;576060104;Centre Ville Felsberg;PRO;;;A;secret;secret;0;;0;17XST-AVOLD2096H;SAINT AVOLD
SICAE de la Somme et du Cambraisis;2024;G;800310000;Arvillers (commune non irisée);PRO;;;A;secret;secret;1;;0;17X100A100A05546;ARVILLERS
SICAE de la Somme et du Cambraisis;2024;G;804300000;Herbécourt (commune non irisée);PRO;;;A;secret;secret;1;;0;17X100A100A05546;HERBECOURT
Réseau GDS;2024;G;670010000;Achenheim (commune non irisée);PRO;;;A;secret;secret;0;;0;;ACHENHEIM
Réseau GDS;2024;G;670180000;Balbronn (commune non irisée);PRO;;;A;secret;secret;0;;0;;BALBRONN
Réseau GDS;2024;G;670340000;Berstett (commune non irisée);PRO;;;A;secret;secret;0;;0;;BERSTETT
Réseau GDS;2024;G;670650000;Breuschwickersheim (commune non irisée);PRO;;;A;secret;secret;0;;0;;BREUSCHWICKERSHEIM
Réseau GDS;2024;G;670670103;Sud;ENT;01;Culture et production animale, chasse et services annexes;A;2281;1;1;;0;;BRUMATH
Réseau GDS;2024;G;670800000;Dachstein (commune non irisée);ENT;01;Culture et production animale, chasse et services annexes;A;1483;1;1;;0;;DACHSTEIN
Réseau GDS;2024;G;670800000;Dachstein (commune non irisée);PRO;;;A;secret;secret;0;;0;;DACHSTEIN
Réseau GDS;2024;G;671180101;Nord;PRO;;;A;secret;secret;0;;0;;ECKBOLSHEIM
Réseau GDS;2024;G;671190000;Eckwersheim (commune non irisée);PRO;;;A;secret;secret;0.67;;0;;ECKWERSHEIM
Réseau GDS;2024;G;671510000;Gambsheim (commune non irisée);PRO;;;A;secret;secret;0;;0;;GAMBSHEIM
Réseau GDS;2024;G;671520101;Ouest;PRO;;;A;71;1;0;;0;;GEISPOLSHEIM
Réseau GDS;2024;G;671520102;Est;ENT;01;Culture et production animale, chasse et services annexes;A;1481;1;1;;0;;GEISPOLSHEIM
Réseau GDS;2024;G;671690000;Gries (commune non irisée);PRO;;;A;245;1;0;;0;;GRIES
Réseau GDS;2024;G;671730000;Griesheim-sur-Souffel (commune non irisée);PRO;;;A;secret;secret;0;;0;;GRIESHEIM SUR SOUFFEL
Réseau GDS;2024;G;672050000;Hœrdt (commune non irisée);PRO;;;A;75;2;0.33;;0;;HOERDT
Réseau GDS;2024;G;672120000;Holtzheim (commune non irisée);PRO;;;A;secret;secret;0.33;;0;;HOLTZHEIM
Réseau GDS;2024;G;672140000;Hurtigheim (commune non irisée);PRO;;;A;secret;secret;0;;0;;HURTIGHEIM
Réseau GDS;2024;G;672680000;Lipsheim (commune non irisée);PRO;;;A;secret;secret;0;;0;;LIPSHEIM
Réseau GDS;2024;G;672820000;Marlenheim (commune non irisée);PRO;;;A;114;3;0;;0;;MARLENHEIM
Réseau GDS;2024;G;673010000;Mommenheim (commune non irisée);PRO;;;A;secret;secret;0.67;;0;;MOMMENHEIM
Réseau GDS;2024;G;673090102;Sud;PRO;;;A;secret;secret;0.83;;0;;MUNDOLSHEIM
Réseau GDS;2024;G;673780000;Plobsheim (commune non irisée);PRO;;;A;secret;secret;0;;0;;PLOBSHEIM
Réseau GDS;2024;G;674330000;Sand (commune non irisée);PRO;;;A;201;1;0;;0;;SAND
Réseau GDS;2024;G;674820301;Gare Sud-Ouest;PRO;;;A;secret;secret;0;;0;;STRASBOURG
Réseau GDS;2024;G;674821601;Koenigshoffen Ouest Centre-Ouest;ENT;01;Culture et production animale, chasse et services annexes;A;1160;1;1;;0;;STRASBOURG
Réseau GDS;2024;G;674850000;Stutzheim-Offenheim (commune non irisée);ENT;01;Culture et production animale, chasse et services annexes;A;642;1;1;;0;;STUTZHEIM OFFENHEIM
Réseau GDS;2024;G;674850000;Stutzheim-Offenheim (commune non irisée);PRO;;;A;85;1;0;;0;;STUTZHEIM OFFENHEIM
Réseau GDS;2024;G;674920000;Traenheim (commune non irisée);PRO;;;A;secret;secret;0;;0;;TRAENHEIM
Réseau GDS;2024;G;674950000;Truchtersheim (commune non irisée);PRO;;;A;134;2;0;;0;;TRUCHTERSHEIM
Réseau GDS;2024;G;675060102;Sud;PRO;;;A;secret;secret;0;;0;;VENDENHEIM
Réseau GDS;2024;G;675100000;Wahlenheim (commune non irisée);ENT;01;Culture et production animale, chasse et services annexes;A;336;1;1;;0;;WAHLENHEIM
Réseau GDS;2024;G;675190102;Ouest;PRO;;;A;secret;secret;0;;0;;WANTZENAU
Réseau GDS;2024;G;675320000;Willgottheim (commune non irisée);PRO;;;A;secret;secret;0;;0;;WILLGOTTHEIM
Réseau GDS;2024;G;675390000;Wingersheim les Quatre Bans (commune non irisée);ENT;01;Culture et production animale, chasse et services annexes;A;246;1;1;;0;;WINGERSHEIM LES QUATRE BANS
Réseau GDS;2024;G;675430000;Wisches (commune non irisée);PRO;;;A;96;1;0;;0;;WISCHES
Réseau GDS;2024;G;675480000;Wiwersheim (commune non irisée);PRO;;;A;141;1;0;;0;;WIWERSHEIM
Sorégies;2024;G;853000000;Venansault (commune non irisée);ENT;01;Culture et production animale, chasse et services annexes;A;222;1;0;;0;17X100A100R0180U;VENANSAULT
Sorégies;2024;G;860760000;Cissé (commune non irisée);ENT;01;Culture et production animale, chasse et services annexes;A;380;3;0;;0;17X100A100R0180U;CISSE
Sorégies;2024;G;861630000;Montamisé (commune non irisée);ENT;01;Culture et production animale, chasse et services annexes;A;108;2;0;;0;17X100A100R0180U;MONTAMISE
Natran;2024;G;103830000;Trancault (commune non irisée);ENT;01;Culture et production animale, chasse et services annexes;A;5467.33;1;;;;21X-FR-A-A0A0A-S;TRANCAULT
Natran;2024;G;290190166;Kervao-Rural Nord;ENT;01;Culture et production animale, chasse et services annexes;A;40087.08;1;;;;21X-FR-A-A0A0A-S;BREST
Natran;2024;G;170800000;Chambon (commune non irisée);ENT;01;Culture et production animale, chasse et services annexes;A;740.72;1;;;;21X-FR-A-A0A0A-S;CHAMBON
