OPERATEUR;ANNEE;FILIERE;CODE_EPCI_CODE;CODE_EPCI_LIBELLE;CODE_CATEGORIE_CONSOMMATION;CODE_SECTEUR_NAF2_CODE;CODE_SECTEUR_NAF2_LIBELLE;CODE_GRAND_SECTEUR;CONSO;PDL;INDQUAL;THERMOR;PART;NB_IRIS_MASQUES;CODE_EIC
Enedis;2024;E;241800507;Communauté d'agglomération Bourges Plus;PRO;;;A;706.822;122;0.7179;;0;0;17X100A100A0001A
Enedis;2024;E;241900133;Communauté de communes de Ventadour - Egletons - Monédières;ENT;01;Culture et production animale, chasse et services annexes;A;70.705;1;0.99999;;0;0;17X100A100A0001A
Enedis;2024;E;241900133;Communauté de communes de Ventadour - Egletons - Monédières;PRO;;;A;450.85;82;0.7164;;0;0;17X100A100A0001A
Enedis;2024;E;241927201;Communauté d'agglomération Tulle Agglo;ENT;02;Sylviculture et exploitation forestière;A;12.108;1;0.99999;;0;0;17X100A100A0001A
Enedis;2024;E;241927201;Communauté d'agglomération Tulle Agglo;PRO;;;A;1653.916;282;0.7083;;0;0;17X100A100A0001A
Enedis;2024;E;241927243;Communauté de communes du Pays d'Uzerche;ENT;01;Culture et production animale, chasse et services annexes;A;271.252;5;0.99999;;0;0;17X100A100A0001A
Enedis;2024;E;241927243;Communauté de communes du Pays d'Uzerche;PRO;;;A;1182.596;223;0;;0;2;17X100A100A0001A
Enedis;2024;E;242100154;Communauté de communes des Vallées de la Tille et de l'Ignon;ENT;01;Culture et production animale, chasse et services annexes;A;1387.795;9;0.99999;;0;0;17X100A100A0001A
Enedis;2024;E;242100154;Communauté de communes des Vallées de la Tille et de l'Ignon;PRO;;;A;562.82;96;0.7188;;0;0;17X100A100A0001A
Enedis;2024;E;242100410;Dijon Métropole;ENT;01;Culture et production animale, chasse et services annexes;A;809.044;12;0.99999;;0;0;17X100A100A0001A
Enedis;2024;E;242100410;Dijon Métropole;ENT;02;Sylviculture et exploitation forestière;A;38.821;1;0.99999;;0;0;17X100A100A0001A
Enedis;2024;E;242100410;Dijon Métropole;PRO;;;A;1020.074;77;0.7025;;0;0;17X100A100A0001A
Enedis;2024;E;242101434;Communauté de communes du Pays Châtillonnais;ENT;01;Culture et production animale, chasse et services annexes;A;1074.634;15;0.99999;;0;0;17X100A100A0001A
Enedis;2024;E;242101434;Communauté de communes du Pays Châtillonnais;ENT;02;Sylviculture et exploitation forestière;A;54.588;1;0.99999;;0;0;17X100A100A0001A
Enedis;2024;E;242101434;Communauté de communes du Pays Châtillonnais;PRO;;;A;5570.374;541;0.7175;;0;0;17X100A100A0001A
Enedis;2024;E;242101442;Communauté de communes Saulieu-Morvan;ENT;01;Culture et production animale, chasse et services annexes;A;10.939;1;0.99999;;0;0;17X100A100A0001A
Enedis;2024;E;242101442;Communauté de communes Saulieu-Morvan;ENT;02;Sylviculture et exploitation forestière;A;14.37;1;0.99999;;0;0;17X100A100A0001A
Enedis;2024;E;242101442;Communauté de communes Saulieu-Morvan;PRO;;;A;475.377;71;0.7377;;0;0;17X100A100A0001A
Enedis;2024;E;242101459;Communauté de communes du Pays d'Alésia et de la Seine;ENT;01;Culture et production animale, chasse et services annexes;A;50.209;3;0.99999;;0;0;17X100A100A0001A
Enedis;2024;E;242101459;Communauté de communes du Pays d'Alésia et de la Seine;PRO;;;A;1202.328;127;0.6874;;0;0;17X100A100A0001A
Enedis;2024;E;242101491;Communauté de communes du Montbardois;ENT;01;Culture et production animale, chasse et services annexes;A;443.09;9;0.99999;;0;0;17X100A100A0001A
Enedis;2024;E;242101491;Communauté de communes du Montbardois;PRO;;;A;969.513;126;0.6517;;0;0;17X100A100A0001A
Enedis;2024;E;242101509;Communauté de communes Rives de Saône;ENT;01;Culture et production animale, chasse et services annexes;A;457.963;5;0.99999;;0;0;17X100A100A0001A
Enedis;2024;E;242101509;Communauté de communes Rives de Saône;PRO;;;A;1043.335;111;0.7059;;0;0;17X100A100A0001A
Enedis;2024;E;242200715;Communauté de communes du Kreiz-Breizh (CCKB);ENT;01;Culture et production animale, chasse et services annexes;A;11370.784;70;0.99999;;0;0;17X100A100A0001A
Enedis;2024;E;242200715;Communauté de communes du Kreiz-Breizh (CCKB);ENT;03;Pêche et aquaculture;A;310.543;1;0.99999;;0;0;17X100A100A0001A
Enedis;2024;E;242200715;Communauté de communes du Kreiz-Breizh (CCKB);PRO;;;A;10471.732;593;0.701;;0;0;17X100A100A0001A
Enedis;2024;E;242300135;Communauté de communes du Pays Sostranien;ENT;01;Culture et production animale, chasse et services annexes;A;160.983;2;0.99999;;0;0;17X100A100A0001A
Enedis;2024;E;242300135;Communauté de communes du Pays Sostranien;PRO;;;A;757.149;125;0.6899;;0;0;17X100A100A0001A
Enedis;2024;E;242320000;Communauté de communes de Bénévent Grand Bourg;ENT;01;Culture et production animale, chasse et services annexes;A;2.256;1;0.99999;;0;0;17X100A100A0001A
Enedis;2024;E;242320000;Communauté de communes de Bénévent Grand Bourg;ENT;02;Sylviculture et exploitation forestière;A;186.947;2;0.99999;;0;0;17X100A100A0001A
Enedis;2024;E;242320000;Communauté de communes de Bénévent Grand Bourg;PRO;;;A;949.527;174;0.7044;;0;0;17X100A100A0001A
Enedis;2024;E;242320109;Communauté de communes du Pays Dunois;PRO;;;A;942.464;147;0.6932;;0;0;17X100A100A0001A
Enedis;2024;E;242400752;Communauté de communes Périgord-Limousin;ENT;01;Culture et production animale, chasse et services annexes;A;1820.588;13;0.99999;;0;0;17X100A100A0001A
Enedis;2024;E;242400752;Communauté de communes Périgord-Limousin;PRO;;;A;1463.1;129;0.6503;;0;0;17X100A100A0001A
Enedis;2024;E;242400935;Communauté de communes du Pays de Saint-Aulaye;ENT;01;Culture et production animale, chasse et services annexes;A;155.042;3;0.99999;;0;0;17X100A100A0001A
Enedis;2024;E;242400935;Communauté de communes du Pays de Saint-Aulaye;PRO;;;A;330.13;42;0.728;;0;0;17X100A100A0001A
Enedis;2024;E;242401024;Communauté de communes Isle-Loue-Auvézère en Périgord;ENT;01;Culture et production animale, chasse et services annexes;A;2259.064;11;0.99999;;0;0;17X100A100A0001A
Enedis;2024;E;242401024;Communauté de communes Isle-Loue-Auvézère en Périgord;ENT;02;Sylviculture et exploitation forestière;A;902.479;2;0.99999;;0;0;17X100A100A0001A
Enedis;2024;E;242401024;Communauté de communes Isle-Loue-Auvézère en Périgord;PRO;;;A;1941.279;191;0.7582;;0;0;17X100A100A0001A
Enedis;2024;E;242500320;Communauté de communes de Montbenoît;ENT;01;Culture et production animale, chasse et services annexes;A;706.706;8;0.99999;;0;0;17X100A100A0001A
Enedis;2024;E;242500320;Communauté de communes de Montbenoît;PRO;;;A;2979.116;144;0;;0;1;17X100A100A0001A
Enedis;2024;E;242500338;Communauté de communes du Grand Pontarlier;ENT;01;Culture et production animale, chasse et services annexes;A;166.267;2;0.99999;;0;0;17X100A100A0001A
Enedis;2024;E;242500338;Communauté de communes du Grand Pontarlier;PRO;;;A;1450.959;93;0.6808;;0;0;17X100A100A0001A
Enedis;2024;E;242500361;Communauté urbaine Grand Besançon Métropole;ENT;01;Culture et production animale, chasse et services annexes;A;557.874;10;0.9242;;0;0;17X100A100A0001A
Enedis;2024;E;242500361;Communauté urbaine Grand Besançon Métropole;PRO;;;A;2858.956;172;0.7125;;0;0;17X100A100A0001A
Enedis;2024;E;242504116;Communauté de communes du Val de Morteau;ENT;01;Culture et production animale, chasse et services annexes;A;893.408;6;0.99999;;0;0;17X100A100A0001A
Enedis;2024;E;242504116;Communauté de communes du Val de Morteau;PRO;;;A;2352.112;129;0;;0;2;17X100A100A0001A
Enedis;2024;E;242504181;Communauté de communes des Portes du Haut-Doubs;ENT;01;Culture et production animale, chasse et services annexes;A;1323.431;23;0.99999;;0;0;17X100A100A0001A
Enedis;2024;E;242504181;Communauté de communes des Portes du Haut-Doubs;ENT;02;Sylviculture et exploitation forestière;A;4.137;1;0.99999;;0;0;17X100A100A0001A
Enedis;2024;E;242504181;Communauté de communes des Portes du Haut-Doubs;PRO;;;A;9953.754;477;0.7204;;0;0;17X100A100A0001A
Enedis;2024;E;242504355;Communauté de communes du Plateau de Russey;ENT;01;Culture et production animale, chasse et services annexes;A;294.293;4;0.99999;;0;0;17X100A100A0001A
Enedis;2024;E;242504355;Communauté de communes du Plateau de Russey;ENT;02;Sylviculture et exploitation forestière;A;16.806;1;0.99999;;0;0;17X100A100A0001A
Enedis;2024;E;242504355;Communauté de communes du Plateau de Russey;PRO;;;A;2627.676;126;0.7083;;0;0;17X100A100A0001A
Enedis;2024;E;242504371;Communauté de communes du Pays de Sancey-Belleherbe;ENT;01;Culture et production animale, chasse et services annexes;A;699.156;10;0.99999;;0;0;17X100A100A0001A
Enedis;2024;E;242504371;Communauté de communes du Pays de Sancey-Belleherbe;PRO;;;A;3123.129;161;0.7374;;0;0;17X100A100A0001A
Enedis;2024;E;242504447;Communauté de communes du Doubs Baumois;ENT;01;Culture et production animale, chasse et services annexes;A;2351.319;9;0.99999;;0;0;17X100A100A0001A
Enedis;2024;E;242504447;Communauté de communes du Doubs Baumois;ENT;02;Sylviculture et exploitation forestière;A;1069.61;2;0.99999;;0;0;17X100A100A0001A
Enedis;2024;E;242504447;Communauté de communes du Doubs Baumois;PRO;;;A;3249.276;183;0.7495;;0;0;17X100A100A0001A
Enedis;2024;E;242504488;Communauté de communes Altitude 800;ENT;01;Culture et production animale, chasse et services annexes;A;338.441;3;0.99999;;0;0;17X100A100A0001A
Enedis;2024;E;242504488;Communauté de communes Altitude 800;PRO;;;A;2146.374;119;0.7223;;0;0;17X100A100A0001A
Enedis;2024;E;242504496;Communauté de communes du Plateau de Frasne et du Val du Drugeon (CFD);ENT;01;Culture et production animale, chasse et services annexes;A;228.962;3;0.99999;;0;0;17X100A100A0001A
Enedis;2024;E;242504496;Communauté de communes du Plateau de Frasne et du Val du Drugeon (CFD);PRO;;;A;2283.845;108;0.7438;;0;0;17X100A100A0001A
Enedis;2024;E;242600252;Communauté de communes du Val de Drôme en Biovallée;ENT;01;Culture et production animale, chasse et services annexes;A;4185.004;47;0.99999;;0;0;17X100A100A0001A
Enedis;2024;E;242600252;Communauté de communes du Val de Drôme en Biovallée;ENT;03;Pêche et aquaculture;A;790.185;2;0.99999;;0;0;17X100A100A0001A
Enedis;2024;E;242600252;Communauté de communes du Val de Drôme en Biovallée;PRO;;;A;4364.225;389;0.6492;;0;0;17X100A100A0001A
Enedis;2024;E;242600492;Communauté de communes Dieulefit-Bourdeaux;ENT;01;Culture et production animale, chasse et services annexes;A;109.762;3;0.99999;;0;0;17X100A100A0001A
Enedis;2024;E;242600492;Communauté de communes Dieulefit-Bourdeaux;ENT;02;Sylviculture et exploitation forestière;A;18.136;1;0.99999;;0;0;17X100A100A0001A
Enedis;2024;E;242600492;Communauté de communes Dieulefit-Bourdeaux;PRO;;;A;811.818;86;0.6887;;0;0;17X100A100A0001A
Enedis;2024;E;242600534;Communauté de communes du Diois;ENT;01;Culture et production animale, chasse et services annexes;A;230.907;9;0.99999;;0;0;17X100A100A0001A
Enedis;2024;E;242600534;Communauté de communes du Diois;PRO;;;A;1398.175;192;0.6285;;0;0;17X100A100A0001A
Enedis;2024;E;242700276;Communauté de communes du Pays de Conches;ENT;01;Culture et production animale, chasse et services annexes;A;873.018;9;0.99999;;0;0;17X100A100A0001A
Enedis;2024;E;242700276;Communauté de communes du Pays de Conches;PRO;;;A;830.247;81;0.6972;;0;0;17X100A100A0001A
Enedis;2024;E;242700607;Communauté de communes du Pays du Neubourg;ENT;01;Culture et production animale, chasse et services annexes;A;3071.255;21;0.99999;;0;0;17X100A100A0001A
Enedis;2024;E;242700607;Communauté de communes du Pays du Neubourg;ENT;03;Pêche et aquaculture;A;182.391;1;0.99999;;0;0;17X100A100A0001A
Enedis;2024;E;242700607;Communauté de communes du Pays du Neubourg;PRO;;;A;1543.484;124;0.6463;;0;0;17X100A100A0001A
Enedis;2024;E;242852465;Communauté de communes du Bonnevalais;ENT;01;Culture et production animale, chasse et services annexes;A;4771.48;151;0.99999;;0;0;17X100A100A0001A
Enedis;2024;E;242852465;Communauté de communes du Bonnevalais;PRO;;;A;1453.485;191;0.685;;0;0;17X100A100A0001A
Enedis;2024;E;242900074;Communauté de communes du Pays d'Iroise;ENT;01;Culture et production animale, chasse et services annexes;A;20363.546;73;0.99999;;0;0;17X100A100A0001A
Enedis;2024;E;242900074;Communauté de communes du Pays d'Iroise;PRO;;;A;10473.572;367;0.6722;;0;0;17X100A100A0001A
Enedis;2024;E;242900314;Brest Métropole;ENT;01;Culture et production animale, chasse et services annexes;A;19665.37;49;0.99999;;0;0;17X100A100A0001A
Enedis;2024;E;242900314;Brest Métropole;ENT;03;Pêche et aquaculture;A;239.048;1;0.99999;;0;0;17X100A100A0001A
Enedis;2024;E;242900314;Brest Métropole;PRO;;;A;2691.609;173;0.7119;;0;0;17X100A100A0001A
Enedis;2024;E;242900553;Communauté de communes du Pays des Abers;ENT;01;Culture et production animale, chasse et services annexes;A;24996.464;87;0.99999;;0;0;17X100A100A0001A
Enedis;2024;E;242900553;Communauté de communes du Pays des Abers;ENT;03;Pêche et aquaculture;A;358.503;3;0.99999;;0;0;17X100A100A0001A
Enedis;2024;E;242900553;Communauté de communes du Pays des Abers;PRO;;;A;8389.416;321;0.695;;0;0;17X100A100A0001A
Enedis;2024;E;242900561;Communauté de communes de Haute Cornouaille;ENT;01;Culture et production animale, chasse et services annexes;A;5116.787;28;0.99999;;0;0;17X100A100A0001A
Enedis;2024;E;242900561;Communauté de communes de Haute Cornouaille;PRO;;;A;6832.415;355;0.7029;;0;0;17X100A100A0001A
Enedis;2024;E;242900629;Communauté de communes Cap Sizun - Pointe du Raz;ENT;01;Culture et production animale, chasse et services annexes;A;3245.704;20;0.99999;;0;0;17X100A100A0001A
Enedis;2024;E;242900629;Communauté de communes Cap Sizun - Pointe du Raz;PRO;;;A;2857.033;145;0;;0;2;17X100A100A0001A
Enedis;2024;E;242900645;Communauté de communes Douarnenez Communauté;ENT;01;Culture et production animale, chasse et services annexes;A;3052.422;8;0.99999;;0;0;17X100A100A0001A
Enedis;2024;E;242900645;Communauté de communes Douarnenez Communauté;PRO;;;A;1940.813;107;0;;0;2;17X100A100A0001A
Enedis;2024;E;242900660;Communauté de communes du Pays Fouesnantais;ENT;01;Culture et production animale, chasse et services annexes;A;865.825;7;0.99999;;0;0;17X100A100A0001A
Enedis;2024;E;242900660;Communauté de communes du Pays Fouesnantais;PRO;;;A;700.337;44;0;;0;5;17X100A100A0001A
Enedis;2024;E;242900694;Communauté d'agglomération Quimperlé Communauté;ENT;01;Culture et production animale, chasse et services annexes;A;10589.964;55;0.99999;;0;0;17X100A100A0001A
Enedis;2024;E;242900694;Communauté d'agglomération Quimperlé Communauté;ENT;03;Pêche et aquaculture;A;1237.436;4;0.99999;;0;0;17X100A100A0001A
Enedis;2024;E;242900694;Communauté d'agglomération Quimperlé Communauté;PRO;;;A;8000.576;439;0.684;;0;0;17X100A100A0001A
Enedis;2024;E;242900702;Communauté de communes du Pays Bigouden Sud;ENT;01;Culture et production animale, chasse et services annexes;A;1529.602;12;0.99999;;0;0;17X100A100A0001A
Enedis;2024;E;242900702;Communauté de communes du Pays Bigouden Sud;ENT;03;Pêche et aquaculture;A;483.466;3;0.99999;;0;0;17X100A100A0001A
Enedis;2024;E;242900702;Communauté de communes du Pays Bigouden Sud;PRO;;;A;687.938;83;0.6678;;0;0;17X100A100A0001A
Enedis;2024;E;242900710;Communauté de communes du Haut Pays Bigouden;ENT;01;Culture et production animale, chasse et services annexes;A;4949.598;17;0.99999;;0;0;17X100A100A0001A
Enedis;2024;E;242900710;Communauté de communes du Haut Pays Bigouden;PRO;;;A;3149.598;167;0.7072;;0;0;17X100A100A0001A
Enedis;2024;E;242900744;Communauté de communes Poher communauté;ENT;01;Culture et production animale, chasse et services annexes;A;5620.142;30;0.99999;;0;0;17X100A100A0001A
Enedis;2024;E;242900744;Communauté de communes Poher communauté;PRO;;;A;5130.922;281;0;;0;1;17X100A100A0001A
Enedis;2024;E;242900751;Communauté de communes du Pays de Landivisiau;ENT;01;Culture et production animale, chasse et services annexes;A;38045.951;144;0.99999;;0;0;17X100A100A0001A
Enedis;2024;E;242900751;Communauté de communes du Pays de Landivisiau;ENT;03;Pêche et aquaculture;A;1511.296;5;0.99999;;0;0;17X100A100A0001A
Enedis;2024;E;242900751;Communauté de communes du Pays de Landivisiau;PRO;;;A;9692.963;413;0;;0;1;17X100A100A0001A
Enedis;2024;E;242900769;Communauté d'agglomération Concarneau Cornouaille Agglomération;ENT;01;Culture et production animale, chasse et services annexes;A;4391.837;24;0.99999;;0;0;17X100A100A0001A
Enedis;2024;E;242900769;Communauté d'agglomération Concarneau Cornouaille Agglomération;ENT;03;Pêche et aquaculture;A;413.842;3;0.99999;;0;0;17X100A100A0001A
Enedis;2024;E;242900769;Communauté d'agglomération Concarneau Cornouaille Agglomération;PRO;;;A;4307.605;265;0;;0;2;17X100A100A0001A
Enedis;2024;E;242900793;Communauté de communes Communauté Lesneven Côte des Légendes;ENT;01;Culture et production animale, chasse et services annexes;A;10043.014;53;0.99999;;0;0;17X100A100A0001A
Enedis;2024;E;242900793;Communauté de communes Communauté Lesneven Côte des Légendes;ENT;03;Pêche et aquaculture;A;159.706;1;0.99999;;0;0;17X100A100A0001A
Enedis;2024;E;242900793;Communauté de communes Communauté Lesneven Côte des Légendes;PRO;;;A;5242.95;244;0;;0;2;17X100A100A0001A
Enedis;2024;E;242900801;Communauté d'agglomération du Pays de Landerneau-Daoulas;ENT;01;Culture et production animale, chasse et services annexes;A;17545.695;74;0.99999;;0;0;17X100A100A0001A
Enedis;2024;E;242900801;Communauté d'agglomération du Pays de Landerneau-Daoulas;ENT;03;Pêche et aquaculture;A;250.836;2;0.99999;;0;0;17X100A100A0001A
Enedis;2024;E;242900801;Communauté d'agglomération du Pays de Landerneau-Daoulas;PRO;;;A;5192.909;247;0.7048;;0;0;17X100A100A0001A
Enedis;2024;E;242900835;Communauté d'agglomération Morlaix Communauté;ENT;01;Culture et production animale, chasse et services annexes;A;17126.723;68;0.99999;;0;0;17X100A100A0001A
Enedis;2024;E;242900835;Communauté d'agglomération Morlaix Communauté;ENT;03;Pêche et aquaculture;A;1216.043;6;0.99999;;0;0;17X100A100A0001A
Enedis;2024;E;242900835;Communauté d'agglomération Morlaix Communauté;PRO;;;A;11455.198;520;0;;0;3;17X100A100A0001A
Enedis;2024;E;243000270;Communauté de communes du Pays Viganais;ENT;03;Pêche et aquaculture;A;13.601;1;0.99999;;0;0;17X100A100A0001A
Enedis;2024;E;243000270;Communauté de communes du Pays Viganais;PRO;;;A;360.408;51;0.6856;;0;0;17X100A100A0001A
Enedis;2024;E;243000296;Communauté de communes du Pays de Sommières;ENT;01;Culture et production animale, chasse et services annexes;A;287.093;5;0.99999;;0;0;17X100A100A0001A
Enedis;2024;E;243000296;Communauté de communes du Pays de Sommières;PRO;;;A;401.631;65;0.6215;;0;0;17X100A100A0001A
Enedis;2024;E;243000569;Communauté de communes Rhony,Vistre,Vidourle;ENT;01;Culture et production animale, chasse et services annexes;A;45.829;2;0.99999;;0;0;17X100A100A0001A
Enedis;2024;E;243000569;Communauté de communes Rhony,Vistre,Vidourle;PRO;;;A;409.914;43;0.657;;0;0;17X100A100A0001A
Enedis;2024;E;243000585;Communauté de communes Beaucaire Terre d'Argence;ENT;01;Culture et production animale, chasse et services annexes;A;4723.964;47;0.99999;;0;0;17X100A100A0001A
Enedis;2024;E;243000585;Communauté de communes Beaucaire Terre d'Argence;PRO;;;A;2237.594;201;0;;0;3;17X100A100A0001A
Enedis;2024;E;243000593;Communauté de communes de Petite Camargue;ENT;01;Culture et production animale, chasse et services annexes;A;2849.344;31;0.99999;;0;0;17X100A100A0001A
Enedis;2024;E;243000593;Communauté de communes de Petite Camargue;PRO;;;A;1332.411;137;0;;0;3;17X100A100A0001A
Enedis;2024;E;243000643;Communauté d'agglomération de Nîmes Métropole;ENT;01;Culture et production animale, chasse et services annexes;A;10516.592;97;0.99999;;0;0;17X100A100A0001A
Enedis;2024;E;243000643;Communauté d'agglomération de Nîmes Métropole;PRO;;;A;3182.047;353;0.6876;;0;0;17X100A100A0001A
Enedis;2024;E;243000650;Communauté de communes Terre de Camargue;ENT;01;Culture et production animale, chasse et services annexes;A;3120.738;18;0.99999;;0;0;17X100A100A0001A
Enedis;2024;E;243000650;Communauté de communes Terre de Camargue;ENT;03;Pêche et aquaculture;A;184.36;3;0.99999;;0;0;17X100A100A0001A
Enedis;2024;E;243000650;Communauté de communes Terre de Camargue;PRO;;;A;522.652;84;0;;0;1;17X100A100A0001A
Enedis;2024;E;243000684;Communauté de communes du Pont du Gard;ENT;01;Culture et production animale, chasse et services annexes;A;4431.517;14;0.99999;;0;0;17X100A100A0001A
Enedis;2024;E;243000684;Communauté de communes du Pont du Gard;ENT;02;Sylviculture et exploitation forestière;A;2.475;1;0.99999;;0;0;17X100A100A0001A
Enedis;2024;E;243000684;Communauté de communes du Pont du Gard;PRO;;;A;1340.198;174;0.7105;;0;0;17X100A100A0001A
Enedis;2024;E;243100518;Toulouse Métropole;ENT;01;Culture et production animale, chasse et services annexes;A;246.972;5;0.99999;;0;0;17X100A100A0001A
Enedis;2024;E;243100518;Toulouse Métropole;PRO;;;A;1013.794;164;0.7418;;0;0;17X100A100A0001A
Enedis;2024;E;243100567;Communauté de communes Aux sources du Canal du Midi;ENT;01;Culture et production animale, chasse et services annexes;A;1333.223;17;0.99999;;0;0;17X100A100A0001A
Enedis;2024;E;243100567;Communauté de communes Aux sources du Canal du Midi;PRO;;;A;1111.394;120;0.7121;;0;0;17X100A100A0001A
Enedis;2024;E;243100633;Communauté d'agglomération du Sicoval;ENT;01;Culture et production animale, chasse et services annexes;A;2097.15;5;0.99999;;0;0;17X100A100A0001A
Enedis;2024;E;243100633;Communauté d'agglomération du Sicoval;PRO;;;A;508.282;47;0.713;;0;0;17X100A100A0001A
Enedis;2024;E;243100732;Communauté de communes des Coteaux du Girou;ENT;01;Culture et production animale, chasse et services annexes;A;651.024;12;0.99999;;0;0;17X100A100A0001A
Enedis;2024;E;243100732;Communauté de communes des Coteaux du Girou;PRO;;;A;574.321;71;0.7429;;0;0;17X100A100A0001A
Enedis;2024;E;243100773;Communauté de communes Val'Aïgo;ENT;01;Culture et production animale, chasse et services annexes;A;1090.418;8;0.99999;;0;0;17X100A100A0001A
Enedis;2024;E;243100773;Communauté de communes Val'Aïgo;PRO;;;A;880.765;100;0.7135;;0;0;17X100A100A0001A
Enedis;2024;E;243100781;Communauté de communes Le Grand Ouest Toulousain;ENT;01;Culture et production animale, chasse et services annexes;A;289.644;9;0.99999;;0;0;17X100A100A0001A
Enedis;2024;E;243100781;Communauté de communes Le Grand Ouest Toulousain;PRO;;;A;341.192;45;0.6992;;0;0;17X100A100A0001A
Enedis;2024;E;243100815;Communauté de communes des Coteaux Bellevue;ENT;01;Culture et production animale, chasse et services annexes;A;58.508;4;0.99999;;0;0;17X100A100A0001A
Enedis;2024;E;243100815;Communauté de communes des Coteaux Bellevue;PRO;;;A;134.492;15;0.749;;0;0;17X100A100A0001A
Enedis;2024;E;243200391;Communauté de communes de la Lomagne Gersoise;ENT;01;Culture et production animale, chasse et services annexes;A;4283.526;72;0.99999;;0;0;17X100A100A0001A
Enedis;2024;E;243200391;Communauté de communes de la Lomagne Gersoise;PRO;;;A;3226.325;380;0.7226;;0;0;17X100A100A0001A
Enedis;2024;E;243200409;Communauté de communes du Bas Armagnac;ENT;01;Culture et production animale, chasse et services annexes;A;3179.344;59;0.9998;;0;0;17X100A100A0001A
Enedis;2024;E;243200409;Communauté de communes du Bas Armagnac;ENT;03;Pêche et aquaculture;A;1.975;1;0.99999;;0;0;17X100A100A0001A
Enedis;2024;E;243200409;Communauté de communes du Bas Armagnac;PRO;;;A;2539.727;261;0.746;;0;0;17X100A100A0001A
Enedis;2024;E;243200417;Communauté de communes de la Tenarèze;ENT;01;Culture et production animale, chasse et services annexes;A;4014.815;67;0.99999;;0;0;17X100A100A0001A
Enedis;2024;E;243200417;Communauté de communes de la Tenarèze;PRO;;;A;2438.547;323;0.726;;0;0;17X100A100A0001A
Enedis;2024;E;243200425;Communauté de communes Cœur d'Astarac en Gascogne;ENT;01;Culture et production animale, chasse et services annexes;A;732.818;21;0.99999;;0;0;17X100A100A0001A
Enedis;2024;E;243200425;Communauté de communes Cœur d'Astarac en Gascogne;PRO;;;A;1838.135;206;0.6611;;0;0;17X100A100A0001A
Enedis;2024;E;243200458;Communauté de communes du Grand Armagnac;ENT;01;Culture et production animale, chasse et services annexes;A;10107.949;92;0.99999;;0;0;17X100A100A0001A
Enedis;2024;E;243200458;Communauté de communes du Grand Armagnac;ENT;02;Sylviculture et exploitation forestière;A;65.063;1;0.99999;;0;0;17X100A100A0001A
Enedis;2024;E;243200458;Communauté de communes du Grand Armagnac;PRO;;;A;3277.152;375;0.749;;0;0;17X100A100A0001A
Enedis;2024;E;243200508;Communauté de communes Bastides et Vallons du Gers;ENT;01;Culture et production animale, chasse et services annexes;A;1916.753;40;0.99999;;0;0;17X100A100A0001A
Enedis;2024;E;243200508;Communauté de communes Bastides et Vallons du Gers;PRO;;;A;2054.716;217;0.7203;;0;0;17X100A100A0001A
Enedis;2024;E;243200599;Communauté de communes du Saves;ENT;01;Culture et production animale, chasse et services annexes;A;3132.568;41;0.99999;;0;0;17X100A100A0001A
Enedis;2024;E;243200599;Communauté de communes du Saves;PRO;;;A;1371.273;147;0.7374;;0;0;17X100A100A0001A
Enedis;2024;E;243200607;Communauté de communes Artagnan de Fezensac;ENT;01;Culture et production animale, chasse et services annexes;A;1196.813;41;0.99999;;0;0;17X100A100A0001A
Enedis;2024;E;243200607;Communauté de communes Artagnan de Fezensac;PRO;;;A;1757.614;236;0.741;;0;0;17X100A100A0001A
Enedis;2024;E;243300316;Bordeaux Métropole;ENT;01;Culture et production animale, chasse et services annexes;A;4158.152;29;0.9979;;0;0;17X100A100A0001A
Enedis;2024;E;243300316;Bordeaux Métropole;ENT;02;Sylviculture et exploitation forestière;A;719.642;2;0.99999;;0;0;17X100A100A0001A
Enedis;2024;E;243300316;Bordeaux Métropole;PRO;;;A;1482.25;156;0.6839;;0;0;17X100A100A0001A
Enedis;2024;E;243300563;Communauté d'agglomération Bassin d'Arcachon Sud (COBAS);ENT;01;Culture et production animale, chasse et services annexes;A;411.425;2;0.99999;;0;0;17X100A100A0001A
Enedis;2024;E;243300563;Communauté d'agglomération Bassin d'Arcachon Sud (COBAS);ENT;03;Pêche et aquaculture;A;1481.21;3;0.99999;;0;0;17X100A100A0001A
Enedis;2024;E;243300563;Communauté d'agglomération Bassin d'Arcachon Sud (COBAS);PRO;;;A;1641.183;195;0.695;;0;0;17X100A100A0001A
Enedis;2024;E;243300811;Communauté de communes de l'Estuaire;ENT;01;Culture et production animale, chasse et services annexes;A;572.019;10;0.99999;;0;0;17X100A100A0001A
Enedis;2024;E;243300811;Communauté de communes de l'Estuaire;ENT;02;Sylviculture et exploitation forestière;A;22.085;2;0.99999;;0;0;17X100A100A0001A
Enedis;2024;E;243300811;Communauté de communes de l'Estuaire;PRO;;;A;1245.932;113;0.6988;;0;0;17X100A100A0001A
Enedis;2024;E;243301165;Communauté de communes Jalle-Eau-Bourde;ENT;01;Culture et production animale, chasse et services annexes;A;14525.446;45;0.99999;;0;0;17X100A100A0001A
Enedis;2024;E;243301165;Communauté de communes Jalle-Eau-Bourde;ENT;02;Sylviculture et exploitation forestière;A;97.556;1;0.99999;;0;0;17X100A100A0001A
Enedis;2024;E;243301165;Communauté de communes Jalle-Eau-Bourde;PRO;;;A;73.202;10;0;;0;3;17X100A100A0001A
Enedis;2024;E;243301181;Communauté de communes Latitude Nord Gironde;ENT;01;Culture et production animale, chasse et services annexes;A;166.081;2;0.99999;;0;0;17X100A100A0001A
Enedis;2024;E;243301181;Communauté de communes Latitude Nord Gironde;PRO;;;A;532.772;53;0.6396;;0;0;17X100A100A0001A
Enedis;2024;E;243301215;Communauté de communes du Créonnais;ENT;01;Culture et production animale, chasse et services annexes;A;1825.365;24;0.99999;;0;0;17X100A100A0001A
Enedis;2024;E;243301215;Communauté de communes du Créonnais;PRO;;;A;793.785;82;0.741;;0;0;17X100A100A0001A
Enedis;2024;E;243301223;Communauté de communes du Grand Cubzaguais;ENT;01;Culture et production animale, chasse et services annexes;A;522.185;19;0.99999;;0;0;17X100A100A0001A
Enedis;2024;E;243301223;Communauté de communes du Grand Cubzaguais;PRO;;;A;1192.939;123;0.7212;;0;0;17X100A100A0001A
Enedis;2024;E;243301249;Communauté de communes Les Rives de la Laurence;ENT;01;Culture et production animale, chasse et services annexes;A;1448.266;15;0.99999;;0;0;17X100A100A0001A
Enedis;2024;E;243301249;Communauté de communes Les Rives de la Laurence;PRO;;;A;450.991;63;0;;0;1;17X100A100A0001A
Enedis;2024;E;243301264;Communauté de communes de Montesquieu;ENT;01;Culture et production animale, chasse et services annexes;A;9144.525;58;0.99999;;0;0;17X100A100A0001A
Enedis;2024;E;243301264;Communauté de communes de Montesquieu;PRO;;;A;1340.647;122;0.6742;;0;0;17X100A100A0001A
Enedis;2024;E;243301355;Communauté de communes Les Coteaux Bordelais;ENT;01;Culture et production animale, chasse et services annexes;A;934.023;9;0.99999;;0;0;17X100A100A0001A
Enedis;2024;E;243301355;Communauté de communes Les Coteaux Bordelais;PRO;;;A;356.246;30;0.7694;;0;0;17X100A100A0001A
Enedis;2024;E;243301371;Communauté de communes du Pays Foyen;ENT;01;Culture et production animale, chasse et services annexes;A;2663.505;30;0.99999;;0;0;17X100A100A0001A
Enedis;2024;E;243301371;Communauté de communes du Pays Foyen;PRO;;;A;1951.671;183;0.6972;;0;0;17X100A100A0001A
Enedis;2024;E;243301389;Communauté de communes Médullienne;ENT;01;Culture et production animale, chasse et services annexes;A;3883.044;40;0.99999;;0;0;17X100A100A0001A
Enedis;2024;E;243301389;Communauté de communes Médullienne;ENT;02;Sylviculture et exploitation forestière;A;62.787;1;0.99999;;0;0;17X100A100A0001A
Enedis;2024;E;243301389;Communauté de communes Médullienne;PRO;;;A;943.541;107;0.6829;;0;0;17X100A100A0001A
Enedis;2024;E;243301397;Communauté de communes du Fronsadais;ENT;01;Culture et production animale, chasse et services annexes;A;1765.18;22;0.99999;;0;0;17X100A100A0001A
Enedis;2024;E;243301397;Communauté de communes du Fronsadais;PRO;;;A;1851.044;166;0.7157;;0;0;17X100A100A0001A
Enedis;2024;E;243301405;Communauté de communes du Val de l'Eyre;ENT;01;Culture et production animale, chasse et services annexes;A;6354.749;46;0.99999;;0;0;17X100A100A0001A
Enedis;2024;E;243301405;Communauté de communes du Val de l'Eyre;ENT;02;Sylviculture et exploitation forestière;A;91.328;1;0.99999;;0;0;17X100A100A0001A
Enedis;2024;E;243301405;Communauté de communes du Val de l'Eyre;ENT;03;Pêche et aquaculture;A;212.051;1;0.99999;;0;0;17X100A100A0001A
Enedis;2024;E;243301405;Communauté de communes du Val de l'Eyre;PRO;;;A;192.065;30;0.512;;0;0;17X100A100A0001A
Enedis;2024;E;243301439;Communauté de communes des Portes de l'Entre-Deux-Mers;ENT;01;Culture et production animale, chasse et services annexes;A;972.757;19;0.99999;;0;0;17X100A100A0001A
Enedis;2024;E;243301439;Communauté de communes des Portes de l'Entre-Deux-Mers;PRO;;;A;951.887;86;0.7475;;0;0;17X100A100A0001A
Enedis;2024;E;243301447;Communauté de communes Médoc Estuaire;ENT;01;Culture et production animale, chasse et services annexes;A;14145.824;61;0.99999;;0;0;17X100A100A0001A
Enedis;2024;E;243301447;Communauté de communes Médoc Estuaire;PRO;;;A;1607.704;183;0;;0;1;17X100A100A0001A
Enedis;2024;E;243301454;Communauté de communes Castillon/Pujols;ENT;01;Culture et production animale, chasse et services annexes;A;3070.515;41;0.9988;;0;0;17X100A100A0001A
Enedis;2024;E;243301454;Communauté de communes Castillon/Pujols;PRO;;;A;3099.524;274;0.7185;;0;0;17X100A100A0001A
Enedis;2024;E;243301504;Communauté d'agglomération du Bassin d'Arcachon Nord;ENT;01;Culture et production animale, chasse et services annexes;A;5986.989;20;0.99999;;0;0;17X100A100A0001A
Enedis;2024;E;243301504;Communauté d'agglomération du Bassin d'Arcachon Nord;ENT;02;Sylviculture et exploitation forestière;A;56.251;2;0.99999;;0;0;17X100A100A0001A
Enedis;2024;E;243301504;Communauté d'agglomération du Bassin d'Arcachon Nord;ENT;03;Pêche et aquaculture;A;326.626;1;0.99999;;0;0;17X100A100A0001A
Enedis;2024;E;243301504;Communauté d'agglomération du Bassin d'Arcachon Nord;PRO;;;A;1687.779;188;0.7343;;0;0;17X100A100A0001A
Enedis;2024;E;243400017;Montpellier Méditerranée Métropole;ENT;01;Culture et production animale, chasse et services annexes;A;1537.991;11;0.99999;;0;0;17X100A100A0001A
Enedis;2024;E;243400017;Montpellier Méditerranée Métropole;PRO;;;A;1600.056;164;0.6481;;0;0;17X100A100A0001A
Enedis;2024;E;243400355;Communauté de communes du Clermontais;ENT;01;Culture et production animale, chasse et services annexes;A;482.88;5;0.99999;;0;0;17X100A100A0001A
Enedis;2024;E;243400355;Communauté de communes du Clermontais;PRO;;;A;606.932;76;0.6933;;0;0;17X100A100A0001A
Enedis;2024;E;243400470;Communauté d'agglomération du Pays de l'Or;ENT;01;Culture et production animale, chasse et services annexes;A;3569.997;18;0.99999;;0;0;17X100A100A0001A
Enedis;2024;E;243400470;Communauté d'agglomération du Pays de l'Or;PRO;;;A;1752.168;128;0.675;;0;0;17X100A100A0001A
Enedis;2024;E;243400488;Communauté de communes La Domitienne;ENT;01;Culture et production animale, chasse et services annexes;A;663.461;14;0.99999;;0;0;17X100A100A0001A
Enedis;2024;E;243400488;Communauté de communes La Domitienne;ENT;03;Pêche et aquaculture;A;201.59;1;0.99999;;0;0;17X100A100A0001A
Enedis;2024;E;243400488;Communauté de communes La Domitienne;PRO;;;A;673.966;52;0;;0;1;17X100A100A0001A
Enedis;2024;E;243400520;Communauté d'agglomération Lunel Agglo;ENT;01;Culture et production animale, chasse et services annexes;A;1664.186;15;0.99999;;0;0;17X100A100A0001A
Enedis;2024;E;243400520;Communauté d'agglomération Lunel Agglo;PRO;;;A;1044.98;99;0.6364;;0;0;17X100A100A0001A
Enedis;2024;E;243400694;Communauté de communes Vallée de l'Hérault;ENT;01;Culture et production animale, chasse et services annexes;A;487.823;10;0.99999;;0;0;17X100A100A0001A
Enedis;2024;E;243400694;Communauté de communes Vallée de l'Hérault;PRO;;;A;1136.437;103;0.6111;;0;0;17X100A100A0001A
Enedis;2024;E;243400736;Communauté de communes des Cévennes Gangeoises et Suménoises;ENT;01;Culture et production animale, chasse et services annexes;A;140.231;3;0.99999;;0;0;17X100A100A0001A
Enedis;2024;E;243400736;Communauté de communes des Cévennes Gangeoises et Suménoises;PRO;;;A;433.03;49;0.6826;;0;0;17X100A100A0001A
Enedis;2024;E;243400769;Communauté d'agglomération de Béziers-Méditerranée;ENT;01;Culture et production animale, chasse et services annexes;A;4292.859;31;0.99999;;0;0;17X100A100A0001A
Enedis;2024;E;243400769;Communauté d'agglomération de Béziers-Méditerranée;PRO;;;A;1617.777;210;0.6312;;0;0;17X100A100A0001A
Enedis;2024;E;243400819;Communauté d'agglomération Hérault-Méditerranée;ENT;01;Culture et production animale, chasse et services annexes;A;5428.536;55;0.99999;;0;0;17X100A100A0001A
Enedis;2024;E;243400819;Communauté d'agglomération Hérault-Méditerranée;PRO;;;A;2094.356;268;0.6351;;0;0;17X100A100A0001A
Enedis;2024;E;243500139;Rennes Métropole;ENT;01;Culture et production animale, chasse et services annexes;A;5495.547;36;0.99999;;0;0;17X100A100A0001A
Enedis;2024;E;243500139;Rennes Métropole;PRO;;;A;14802.62;614;0.6852;;0;0;17X100A100A0001A
Enedis;2024;E;243500550;Communauté de communes Montfort Communauté;ENT;01;Culture et production animale, chasse et services annexes;A;1647.731;11;0.99999;;0;0;17X100A100A0001A
Enedis;2024;E;243500550;Communauté de communes Montfort Communauté;PRO;;;A;4781.546;202;0;;0;3;17X100A100A0001A
Enedis;2024;E;243500618;Communauté de communes Brocéliande Communauté;ENT;01;Culture et production animale, chasse et services annexes;A;2605.794;19;0.99999;;0;0;17X100A100A0001A
Enedis;2024;E;243500618;Communauté de communes Brocéliande Communauté;PRO;;;A;4159.542;165;0.7144;;0;0;17X100A100A0001A
Enedis;2024;E;243500634;Communauté de communes Roche aux Fées Communauté;ENT;01;Culture et production animale, chasse et services annexes;A;6238.376;46;0.99999;;0;0;17X100A100A0001A
Enedis;2024;E;243500634;Communauté de communes Roche aux Fées Communauté;PRO;;;A;10014.997;392;0.6737;;0;0;17X100A100A0001A
Enedis;2024;E;243500659;Communauté de communes Pays de Châteaugiron Communauté;ENT;01;Culture et production animale, chasse et services annexes;A;1406.586;12;0.99999;;0;0;17X100A100A0001A
Enedis;2024;E;243500659;Communauté de communes Pays de Châteaugiron Communauté;PRO;;;A;3690.244;146;0.7039;;0;0;17X100A100A0001A
Enedis;2024;E;243500667;Communauté de communes Val d'Ille-Aubigné;ENT;01;Culture et production animale, chasse et services annexes;A;2538.438;19;0.99999;;0;0;17X100A100A0001A
Enedis;2024;E;243500667;Communauté de communes Val d'Ille-Aubigné;PRO;;;A;7149.432;301;0;;0;2;17X100A100A0001A
Enedis;2024;E;243500725;Communauté de communes Côte d'Émeraude;PRO;;;A;445.011;35;0.6734;;0;0;17X100A100A0001A
Enedis;2024;E;243500733;Communauté de communes Bretagne Romantique;ENT;01;Culture et production animale, chasse et services annexes;A;4941.29;32;0.99999;;0;0;17X100A100A0001A
Enedis;2024;E;243500733;Communauté de communes Bretagne Romantique;PRO;;;A;8760.773;369;0;;0;2;17X100A100A0001A
Enedis;2024;E;243500741;Communauté d'agglomération Redon Agglomération;ENT;01;Culture et production animale, chasse et services annexes;A;8121.343;53;0.99999;;0;0;17X100A100A0001A
Enedis;2024;E;243500741;Communauté d'agglomération Redon Agglomération;ENT;02;Sylviculture et exploitation forestière;A;31.086;1;0.99999;;0;0;17X100A100A0001A
Enedis;2024;E;243500741;Communauté d'agglomération Redon Agglomération;PRO;;;A;14396.351;698;0.7061;;0;0;17X100A100A0001A
Enedis;2024;E;243500774;Communauté de communes Liffré-Cormier Communauté;ENT;01;Culture et production animale, chasse et services annexes;A;1604.744;7;0.99999;;0;0;17X100A100A0001A
Enedis;2024;E;243500774;Communauté de communes Liffré-Cormier Communauté;PRO;;;A;3770.051;167;0.6881;;0;0;17X100A100A0001A
Enedis;2024;E;243500782;Communauté d'agglomération du Pays de Saint Malo Agglomération;ENT;01;Culture et production animale, chasse et services annexes;A;1149.8;6;0.99999;;0;0;17X100A100A0001A
Enedis;2024;E;243500782;Communauté d'agglomération du Pays de Saint Malo Agglomération;ENT;03;Pêche et aquaculture;A;1418.194;5;0.99999;;0;0;17X100A100A0001A
Enedis;2024;E;243500782;Communauté d'agglomération du Pays de Saint Malo Agglomération;PRO;;;A;4118.505;283;0.6992;;0;0;17X100A100A0001A
Enedis;2024;E;243600202;Communauté de communes Chabris - Pays de Bazelle;ENT;01;Culture et production animale, chasse et services annexes;A;365.031;11;0.99999;;0;0;17X100A100A0001A
Enedis;2024;E;243600202;Communauté de communes Chabris - Pays de Bazelle;PRO;;;A;937.709;92;0.7064;;0;0;17X100A100A0001A
Enedis;2024;E;243600236;Communauté de communes du Pays d'Issoudun;ENT;01;Culture et production animale, chasse et services annexes;A;650.438;23;0.99999;;0;0;17X100A100A0001A
Enedis;2024;E;243600236;Communauté de communes du Pays d'Issoudun;PRO;;;A;1129.152;151;0.7154;;0;0;17X100A100A0001A
Enedis;2024;E;243600293;Communauté de communes Levroux Boischaut Champagne;ENT;01;Culture et production animale, chasse et services annexes;A;610.474;23;0.99999;;0;0;17X100A100A0001A
Enedis;2024;E;243600293;Communauté de communes Levroux Boischaut Champagne;PRO;;;A;1029.364;124;0.7105;;0;0;17X100A100A0001A
Enedis;2024;E;243600301;Communauté de communes Val de l'Indre - Brenne;ENT;01;Culture et production animale, chasse et services annexes;A;1191.567;21;0.99999;;0;0;17X100A100A0001A
Enedis;2024;E;243600301;Communauté de communes Val de l'Indre - Brenne;ENT;02;Sylviculture et exploitation forestière;A;484.726;2;0.99999;;0;0;17X100A100A0001A
Enedis;2024;E;243600301;Communauté de communes Val de l'Indre - Brenne;ENT;03;Pêche et aquaculture;A;3.785;1;0.99999;;0;0;17X100A100A0001A
Enedis;2024;E;243600301;Communauté de communes Val de l'Indre - Brenne;PRO;;;A;1303.214;157;0.6646;;0;0;17X100A100A0001A
Enedis;2024;E;243600319;Communauté de communes Brenne - Val de Creuse;ENT;01;Culture et production animale, chasse et services annexes;A;1914.404;40;0.99999;;0;0;17X100A100A0001A
Enedis;2024;E;243600319;Communauté de communes Brenne - Val de Creuse;PRO;;;A;2705.685;305;0.5716;;0;0;17X100A100A0001A
Enedis;2024;E;243600327;Communauté d'agglomération Châteauroux Métropole;ENT;01;Culture et production animale, chasse et services annexes;A;1150.264;38;0.99999;;0;0;17X100A100A0001A
Enedis;2024;E;243600327;Communauté d'agglomération Châteauroux Métropole;PRO;;;A;1251.048;153;0.6731;;0;0;17X100A100A0001A
Enedis;2024;E;243600343;Communauté de communes Cœur de Brenne;ENT;01;Culture et production animale, chasse et services annexes;A;135.686;7;0.99999;;0;0;17X100A100A0001A
Enedis;2024;E;243600343;Communauté de communes Cœur de Brenne;ENT;03;Pêche et aquaculture;A;57.057;1;0.99999;;0;0;17X100A100A0001A
Enedis;2024;E;243600343;Communauté de communes Cœur de Brenne;PRO;;;A;1884.04;159;0.6282;;0;0;17X100A100A0001A
Enedis;2024;E;243600350;Communauté de communes de la Châtre et Sainte-Sévère;ENT;01;Culture et production animale, chasse et services annexes;A;1245.34;15;0.99999;;0;0;17X100A100A0001A
Enedis;2024;E;243600350;Communauté de communes de la Châtre et Sainte-Sévère;PRO;;;A;2847.007;349;0.6808;;0;0;17X100A100A0001A
Enedis;2024;E;243700499;Communauté de communes du Castelrenaudais;ENT;01;Culture et production animale, chasse et services annexes;A;864.211;25;0.99999;;0;0;17X100A100A0001A
Enedis;2024;E;243700499;Communauté de communes du Castelrenaudais;PRO;;;A;1157.39;100;0.6872;;0;0;17X100A100A0001A
Enedis;2024;E;243700754;Tours Métropole Val de Loire;ENT;01;Culture et production animale, chasse et services annexes;A;456.632;17;0.99999;;0;0;17X100A100A0001A
Enedis;2024;E;243700754;Tours Métropole Val de Loire;ENT;03;Pêche et aquaculture;A;25.666;1;0.99999;;0;0;17X100A100A0001A
Enedis;2024;E;243700754;Tours Métropole Val de Loire;PRO;;;A;1044.024;131;0.7194;;0;0;17X100A100A0001A
Enedis;2024;E;243700820;Communauté de communes Autour de Chenonceaux Bléré-Val de Cher;ENT;01;Culture et production animale, chasse et services annexes;A;2100.195;43;0.99999;;0;0;17X100A100A0001A
Enedis;2024;E;243700820;Communauté de communes Autour de Chenonceaux Bléré-Val de Cher;PRO;;;A;1096.572;122;0.68;;0;0;17X100A100A0001A
Enedis;2024;E;243800604;Communauté d'agglomération Porte de l'Isère (CAPI);ENT;01;Culture et production animale, chasse et services annexes;A;440.538;11;0.99999;;0;0;17X100A100A0001A
Enedis;2024;E;243800604;Communauté d'agglomération Porte de l'Isère (CAPI);PRO;;;A;916.47;90;0.6273;;0;0;17X100A100A0001A
Enedis;2024;E;243800745;Communauté de communes de l'Oisans;PRO;;;A;215.803;19;0.8492;;0;0;17X100A100A0001A
Enedis;2024;E;243800935;Communauté de communes Lyon Saint Exupéry en Dauphiné;ENT;01;Culture et production animale, chasse et services annexes;A;535.513;10;0.99999;;0;0;17X100A100A0001A
Enedis;2024;E;243800935;Communauté de communes Lyon Saint Exupéry en Dauphiné;PRO;;;A;168.856;14;0;;0;3;17X100A100A0001A
Enedis;2024;E;243800984;Communauté d'agglomération du Pays Voironnais;ENT;01;Culture et production animale, chasse et services annexes;A;1312.334;5;0.99999;;0;0;17X100A100A0001A
Enedis;2024;E;243800984;Communauté d'agglomération du Pays Voironnais;ENT;02;Sylviculture et exploitation forestière;A;6.376;1;0.99999;;0;0;17X100A100A0001A
Enedis;2024;E;243800984;Communauté d'agglomération du Pays Voironnais;PRO;;;A;2091.962;174;0.7455;;0;0;17X100A100A0001A
Enedis;2024;E;243801024;Communauté de communes du Massif du Vercors;ENT;01;Culture et production animale, chasse et services annexes;A;188.33;3;0.99999;;0;0;17X100A100A0001A
Enedis;2024;E;243801024;Communauté de communes du Massif du Vercors;PRO;;;A;956.901;59;0.6944;;0;0;17X100A100A0001A
Enedis;2024;E;243801073;Communauté de communes de Bièvre Est;ENT;01;Culture et production animale, chasse et services annexes;A;332.035;4;0.99999;;0;0;17X100A100A0001A
Enedis;2024;E;243801073;Communauté de communes de Bièvre Est;PRO;;;A;1081.976;72;0.6168;;0;0;17X100A100A0001A
Enedis;2024;E;243801255;Communauté de communes Collines Isère Nord Communauté;ENT;01;Culture et production animale, chasse et services annexes;A;594.442;5;0.99999;;0;0;17X100A100A0001A
Enedis;2024;E;243801255;Communauté de communes Collines Isère Nord Communauté;ENT;02;Sylviculture et exploitation forestière;A;82.307;2;0.99999;;0;0;17X100A100A0001A
Enedis;2024;E;243801255;Communauté de communes Collines Isère Nord Communauté;PRO;;;A;316.784;41;0.7073;;0;0;17X100A100A0001A
Enedis;2024;E;243900354;Communauté de communes de la Station des Rousses-Haut Jura;ENT;01;Culture et production animale, chasse et services annexes;A;255.491;4;0.99999;;0;0;17X100A100A0001A
Enedis;2024;E;243900354;Communauté de communes de la Station des Rousses-Haut Jura;PRO;;;A;209.901;8;0;;0;2;17X100A100A0001A
Enedis;2024;E;243900420;Communauté de communes du Val d'Amour;ENT;01;Culture et production animale, chasse et services annexes;A;101.433;2;0.99999;;0;0;17X100A100A0001A
Enedis;2024;E;243900420;Communauté de communes du Val d'Amour;ENT;02;Sylviculture et exploitation forestière;A;6.589;1;0.99999;;0;0;17X100A100A0001A
Enedis;2024;E;243900420;Communauté de communes du Val d'Amour;PRO;;;A;1232.396;83;0.6751;;0;0;17X100A100A0001A
Enedis;2024;E;243900479;Communauté de communes Haut-Jura Arcade Communauté;ENT;01;Culture et production animale, chasse et services annexes;A;134.341;2;0.99999;;0;0;17X100A100A0001A
Enedis;2024;E;243900479;Communauté de communes Haut-Jura Arcade Communauté;PRO;;;A;392.649;18;0.76;;0;0;17X100A100A0001A
Enedis;2024;E;243900560;Communauté de communes Jura Nord;ENT;01;Culture et production animale, chasse et services annexes;A;92.052;2;0.99999;;0;0;17X100A100A0001A
Enedis;2024;E;243900560;Communauté de communes Jura Nord;PRO;;;A;1433.106;81;0.7169;;0;0;17X100A100A0001A
Enedis;2024;E;243900610;Communauté de communes La Grandvallière;ENT;01;Culture et production animale, chasse et services annexes;A;118.286;1;0.99999;;0;0;17X100A100A0001A
Enedis;2024;E;243900610;Communauté de communes La Grandvallière;PRO;;;A;985.416;55;0;;0;1;17X100A100A0001A
Enedis;2024;E;243901089;Communauté de communes de la Plaine Jurassienne;ENT;01;Culture et production animale, chasse et services annexes;A;570.034;4;0.99999;;0;0;17X100A100A0001A
Enedis;2024;E;243901089;Communauté de communes de la Plaine Jurassienne;PRO;;;A;1393.106;99;0.6226;;0;0;17X100A100A0001A
Enedis;2024;E;244000543;Communauté de communes de Mimizan;ENT;01;Culture et production animale, chasse et services annexes;A;548.851;15;0.99999;;0;0;17X100A100A0001A
Enedis;2024;E;244000543;Communauté de communes de Mimizan;ENT;03;Pêche et aquaculture;A;928.287;1;0.99999;;0;0;17X100A100A0001A
Enedis;2024;E;244000543;Communauté de communes de Mimizan;PRO;;;A;267.926;53;0.7351;;0;0;17X100A100A0001A
Enedis;2024;E;244000659;Communauté de communes du Seignanx;ENT;01;Culture et production animale, chasse et services annexes;A;4.106;1;0.99999;;0;0;17X100A100A0001A
Enedis;2024;E;244000659;Communauté de communes du Seignanx;PRO;;;A;455.673;57;0.7922;;0;0;17X100A100A0001A
Enedis;2024;E;244000675;Communauté d'agglomération du Grand Dax;ENT;01;Culture et production animale, chasse et services annexes;A;736.173;23;0.99999;;0;0;17X100A100A0001A
Enedis;2024;E;244000675;Communauté d'agglomération du Grand Dax;PRO;;;A;2128.228;242;0.7733;;0;0;17X100A100A0001A
Enedis;2024;E;244000691;Communauté de communes du Pays Morcenais;ENT;01;Culture et production animale, chasse et services annexes;A;4752.515;66;0.99999;;0;0;17X100A100A0001A
Enedis;2024;E;244000691;Communauté de communes du Pays Morcenais;PRO;;;A;972.463;109;0.7754;;0;0;17X100A100A0001A
Enedis;2024;E;244000766;Communauté de communes du Pays Tarusate;ENT;01;Culture et production animale, chasse et services annexes;A;4610.781;92;0.99999;;0;0;17X100A100A0001A
Enedis;2024;E;244000766;Communauté de communes du Pays Tarusate;ENT;02;Sylviculture et exploitation forestière;A;19.571;1;0.99999;;0;0;17X100A100A0001A
Enedis;2024;E;244000766;Communauté de communes du Pays Tarusate;PRO;;;A;5097.319;530;0.7465;;0;0;17X100A100A0001A
Enedis;2024;E;244000774;Communauté de communes du Pays de Villeneuve en Armagnac Landais;ENT;01;Culture et production animale, chasse et services annexes;A;2091.405;62;0.99999;;0;0;17X100A100A0001A
Enedis;2024;E;244000774;Communauté de communes du Pays de Villeneuve en Armagnac Landais;PRO;;;A;1611.351;179;0.6667;;0;0;17X100A100A0001A
Enedis;2024;E;244000808;Mont de Marsan Agglomération;ENT;01;Culture et production animale, chasse et services annexes;A;1952.125;63;0.99999;;0;0;17X100A100A0001A
Enedis;2024;E;244000808;Mont de Marsan Agglomération;ENT;02;Sylviculture et exploitation forestière;A;304.088;1;0.99999;;0;0;17X100A100A0001A
Enedis;2024;E;244000808;Mont de Marsan Agglomération;ENT;03;Pêche et aquaculture;A;150.109;1;0.99999;;0;0;17X100A100A0001A
Enedis;2024;E;244000808;Mont de Marsan Agglomération;PRO;;;A;2408.637;249;0.7162;;0;0;17X100A100A0001A
Enedis;2024;E;244000824;Communauté de communes du Pays Grenadois;ENT;01;Culture et production animale, chasse et services annexes;A;1034.339;28;0.99999;;0;0;17X100A100A0001A
Enedis;2024;E;244000824;Communauté de communes du Pays Grenadois;PRO;;;A;1912.656;175;0.7033;;0;0;17X100A100A0001A
Enedis;2024;E;244000857;Communauté de communes Côte Landes Nature;ENT;01;Culture et production animale, chasse et services annexes;A;691.863;23;0.99999;;0;0;17X100A100A0001A
Enedis;2024;E;244000857;Communauté de communes Côte Landes Nature;ENT;02;Sylviculture et exploitation forestière;A;71.524;2;0.99999;;0;0;17X100A100A0001A
Enedis;2024;E;244000857;Communauté de communes Côte Landes Nature;ENT;03;Pêche et aquaculture;A;421.579;2;0.99999;;0;0;17X100A100A0001A
Enedis;2024;E;244000857;Communauté de communes Côte Landes Nature;PRO;;;A;880.684;140;0.778;;0;0;17X100A100A0001A
Enedis;2024;E;244000865;Communauté de communes Maremne Adour Côte Sud;ENT;01;Culture et production animale, chasse et services annexes;A;2466.595;42;0.99999;;0;0;17X100A100A0001A
Enedis;2024;E;244000865;Communauté de communes Maremne Adour Côte Sud;ENT;02;Sylviculture et exploitation forestière;A;7.142;1;0.99999;;0;0;17X100A100A0001A
Enedis;2024;E;244000865;Communauté de communes Maremne Adour Côte Sud;ENT;03;Pêche et aquaculture;A;277.895;2;0.99999;;0;0;17X100A100A0001A
Enedis;2024;E;244000865;Communauté de communes Maremne Adour Côte Sud;PRO;;;A;4073.66;497;0.6856;;0;0;17X100A100A0001A
Enedis;2024;E;244000873;Communauté de communes des Grands Lacs;ENT;01;Culture et production animale, chasse et services annexes;A;11595.671;67;0.99999;;0;0;17X100A100A0001A
Enedis;2024;E;244000873;Communauté de communes des Grands Lacs;PRO;;;A;445.846;43;0.655;;0;0;17X100A100A0001A
Enedis;2024;E;244000881;Communauté de communes Coteaux et Vallées des Luys;ENT;01;Culture et production animale, chasse et services annexes;A;1223.23;17;0.99999;;0;0;17X100A100A0001A
Enedis;2024;E;244000881;Communauté de communes Coteaux et Vallées des Luys;PRO;;;A;1973.599;183;0.7244;;0;0;17X100A100A0001A
Enedis;2024;E;244100293;Communauté de communes des Collines du Perche;ENT;01;Culture et production animale, chasse et services annexes;A;621.453;18;0.99999;;0;0;17X100A100A0001A
Enedis;2024;E;244100293;Communauté de communes des Collines du Perche;PRO;;;A;2878.121;142;0.7487;;0;0;17X100A100A0001A
Enedis;2024;E;244100780;Communauté de communes de la Sologne des Étangs;ENT;01;Culture et production animale, chasse et services annexes;A;732.916;15;0.99999;;0;0;17X100A100A0001A
Enedis;2024;E;244100780;Communauté de communes de la Sologne des Étangs;ENT;02;Sylviculture et exploitation forestière;A;105.413;1;0.99999;;0;0;17X100A100A0001A
Enedis;2024;E;244100780;Communauté de communes de la Sologne des Étangs;ENT;03;Pêche et aquaculture;A;442.242;2;0.99999;;0;0;17X100A100A0001A
Enedis;2024;E;244100780;Communauté de communes de la Sologne des Étangs;PRO;;;A;717.053;55;0.7637;;0;0;17X100A100A0001A
Enedis;2024;E;244100798;Communauté de communes du Grand Chambord;ENT;01;Culture et production animale, chasse et services annexes;A;2280.584;46;0.99999;;0;0;17X100A100A0001A
Enedis;2024;E;244100798;Communauté de communes du Grand Chambord;PRO;;;A;998.279;97;0.6049;;0;0;17X100A100A0001A
Enedis;2024;E;244100806;Communauté de communes de la Sologne des Rivières;ENT;01;Culture et production animale, chasse et services annexes;A;307.387;7;0.99999;;0;0;17X100A100A0001A
Enedis;2024;E;244100806;Communauté de communes de la Sologne des Rivières;ENT;02;Sylviculture et exploitation forestière;A;55.262;4;0.99999;;0;0;17X100A100A0001A
Enedis;2024;E;244100806;Communauté de communes de la Sologne des Rivières;PRO;;;A;281.87;28;0;;0;4;17X100A100A0001A
Enedis;2024;E;244200614;Communauté de communes des Vals d'Aix et Isable;ENT;01;Culture et production animale, chasse et services annexes;A;322.747;5;0.99999;;0;0;17X100A100A0001A
Enedis;2024;E;244200614;Communauté de communes des Vals d'Aix et Isable;PRO;;;A;1964.956;156;0.7217;;0;0;17X100A100A0001A
Enedis;2024;E;244200622;Communauté de communes des Monts du Pilat;ENT;01;Culture et production animale, chasse et services annexes;A;319.657;4;0.8065;;0;0;17X100A100A0001A
Enedis;2024;E;244200622;Communauté de communes des Monts du Pilat;PRO;;;A;2571.554;156;0.7167;;0;0;17X100A100A0001A
Enedis;2024;E;244200630;Communauté de communes du Pays entre Loire et Rhône;ENT;01;Culture et production animale, chasse et services annexes;A;644.311;3;0.99999;;0;0;17X100A100A0001A
Enedis;2024;E;244200630;Communauté de communes du Pays entre Loire et Rhône;PRO;;;A;2273.698;169;0.729;;0;0;17X100A100A0001A
Enedis;2024;E;244200770;Saint-Etienne Métropole;ENT;01;Culture et production animale, chasse et services annexes;A;1640.357;16;0.99999;;0;0;17X100A100A0001A
Enedis;2024;E;244200770;Saint-Etienne Métropole;ENT;02;Sylviculture et exploitation forestière;A;288.602;1;0.99999;;0;0;17X100A100A0001A
Enedis;2024;E;244200770;Saint-Etienne Métropole;PRO;;;A;6367.873;433;0.7315;;0;0;17X100A100A0001A
Enedis;2024;E;244200820;Communauté de communes du Pays d'Urfé;ENT;01;Culture et production animale, chasse et services annexes;A;0.453;1;0.99999;;0;0;17X100A100A0001A
Enedis;2024;E;244200820;Communauté de communes du Pays d'Urfé;PRO;;;A;1819.358;93;0;;0;1;17X100A100A0001A
Enedis;2024;E;244200895;Communauté de communes du Pilat Rhodanien;ENT;01;Culture et production animale, chasse et services annexes;A;893.069;10;0.99999;;0;0;17X100A100A0001A
Enedis;2024;E;244200895;Communauté de communes du Pilat Rhodanien;PRO;;;A;1539.89;97;0.6335;;0;0;17X100A100A0001A
Enedis;2024;E;244300307;Communauté de communes Haut Pays du Velay Communauté;ENT;01;Culture et production animale, chasse et services annexes;A;15.002;1;0.99999;;0;0;17X100A100A0001A
Enedis;2024;E;244300307;Communauté de communes Haut Pays du Velay Communauté;PRO;;;A;1097.417;101;0;;0;1;17X100A100A0001A
Enedis;2024;E;244301016;Communauté de communes des Sucs;ENT;01;Culture et production animale, chasse et services annexes;A;56.548;1;0.99999;;0;0;17X100A100A0001A
Enedis;2024;E;244301016;Communauté de communes des Sucs;PRO;;;A;1879.805;149;0;;0;2;17X100A100A0001A
Enedis;2024;E;244301099;Communauté de communes Auzon Communauté;ENT;01;Culture et production animale, chasse et services annexes;A;235.242;5;0.99999;;0;0;17X100A100A0001A
Enedis;2024;E;244301099;Communauté de communes Auzon Communauté;PRO;;;A;378.519;55;0.6984;;0;0;17X100A100A0001A
Enedis;2024;E;244301107;Communauté de communes du Haut-Lignon;ENT;01;Culture et production animale, chasse et services annexes;A;151.819;2;0.99999;;0;0;17X100A100A0001A
Enedis;2024;E;244301107;Communauté de communes du Haut-Lignon;PRO;;;A;1265.141;111;0;;0;1;17X100A100A0001A
Enedis;2024;E;244301123;Communauté de communes des Pays de Cayres et de Pradelles;ENT;01;Culture et production animale, chasse et services annexes;A;346.146;3;0.99999;;0;0;17X100A100A0001A
Enedis;2024;E;244301123;Communauté de communes des Pays de Cayres et de Pradelles;PRO;;;A;3614.012;324;0.7121;;0;0;17X100A100A0001A
Enedis;2024;E;244301131;Communauté de communes Loire et Semène;PRO;;;A;911.712;57;0;;0;1;17X100A100A0001A
Enedis;2024;E;244400404;Nantes Métropole;ENT;01;Culture et production animale, chasse et services annexes;A;22695.275;30;0.99999;;0;0;17X100A100A0001A
Enedis;2024;E;244400404;Nantes Métropole;PRO;;;A;3176.429;249;0.7263;;0;0;17X100A100A0001A
Enedis;2024;E;244400438;Communauté de communes Grand Lieu Communauté;ENT;01;Culture et production animale, chasse et services annexes;A;7988.371;51;0.99999;;0;0;17X100A100A0001A
Enedis;2024;E;244400438;Communauté de communes Grand Lieu Communauté;PRO;;;A;3027.597;210;0;;0;2;17X100A100A0001A
Enedis;2024;E;244400453;Communauté de communes Pays de Blain Communauté;ENT;01;Culture et production animale, chasse et services annexes;A;180.967;3;0.99999;;0;0;17X100A100A0001A
Enedis;2024;E;244400453;Communauté de communes Pays de Blain Communauté;PRO;;;A;2285.839;105;0.7388;;0;0;17X100A100A0001A
Enedis;2024;E;244400503;Communauté de communes d'Erdre et Gesvres;ENT;01;Culture et production animale, chasse et services annexes;A;1892.608;15;0.99999;;0;0;17X100A100A0001A
Enedis;2024;E;244400503;Communauté de communes d'Erdre et Gesvres;PRO;;;A;5774.012;285;0;;0;1;17X100A100A0001A
Enedis;2024;E;244400537;Communauté de communes de Nozay;ENT;01;Culture et production animale, chasse et services annexes;A;1020.621;6;0.99999;;0;0;17X100A100A0001A
Enedis;2024;E;244400537;Communauté de communes de Nozay;PRO;;;A;5089.535;206;0.688;;0;0;17X100A100A0001A
Enedis;2024;E;244400552;Communauté de communes du Pays d'Ancenis;ENT;01;Culture et production animale, chasse et services annexes;A;14832.784;63;0.99999;;0;0;17X100A100A0001A
Enedis;2024;E;244400552;Communauté de communes du Pays d'Ancenis;PRO;;;A;9576.767;556;0.6974;;0;0;17X100A100A0001A
Enedis;2024;E;244400586;Communauté de communes du Sud Estuaire;ENT;01;Culture et production animale, chasse et services annexes;A;606.498;6;0.99999;;0;0;17X100A100A0001A
Enedis;2024;E;244400586;Communauté de communes du Sud Estuaire;PRO;;;A;1748.511;110;0;;0;1;17X100A100A0001A
Enedis;2024;E;244400610;Communauté d'agglomération de la Presqu'île de Guérande Atlantique (Cap Atlantique);ENT;01;Culture et production animale, chasse et services annexes;A;1177.312;10;0.99999;;0;0;17X100A100A0001A
Enedis;2024;E;244400610;Communauté d'agglomération de la Presqu'île de Guérande Atlantique (Cap Atlantique);ENT;03;Pêche et aquaculture;A;117.205;2;0.99999;;0;0;17X100A100A0001A
Enedis;2024;E;244400610;Communauté d'agglomération de la Presqu'île de Guérande Atlantique (Cap Atlantique);PRO;;;A;5171.703;274;0.6843;;0;0;17X100A100A0001A
Enedis;2024;E;244400644;Communauté d'agglomération de la Région Nazairienne et de l'Estuaire (CARENE);ENT;01;Culture et production animale, chasse et services annexes;A;75.976;2;0.99999;;0;0;17X100A100A0001A
Enedis;2024;E;244400644;Communauté d'agglomération de la Région Nazairienne et de l'Estuaire (CARENE);PRO;;;A;1087.701;72;0.7129;;0;0;17X100A100A0001A
Enedis;2024;E;244500203;Communauté d'agglomération Montargoise et Rives du Loing (AME);ENT;01;Culture et production animale, chasse et services annexes;A;1161.994;43;0.99999;;0;0;17X100A100A0001A
Enedis;2024;E;244500203;Communauté d'agglomération Montargoise et Rives du Loing (AME);ENT;02;Sylviculture et exploitation forestière;A;29.929;1;0.99999;;0;0;17X100A100A0001A
Enedis;2024;E;244500203;Communauté d'agglomération Montargoise et Rives du Loing (AME);PRO;;;A;540.657;72;0.7253;;0;0;17X100A100A0001A
Enedis;2024;E;244500211;Communauté de communes Giennoises;ENT;01;Culture et production animale, chasse et services annexes;A;936.404;30;0.99999;;0;0;17X100A100A0001A
Enedis;2024;E;244500211;Communauté de communes Giennoises;PRO;;;A;1108.517;77;0.712;;0;0;17X100A100A0001A
Enedis;2024;E;244500419;Communauté de communes des Quatre Vallées;ENT;01;Culture et production animale, chasse et services annexes;A;4183.719;110;0.9979;;0;0;17X100A100A0001A
Enedis;2024;E;244500419;Communauté de communes des Quatre Vallées;ENT;02;Sylviculture et exploitation forestière;A;38.016;1;0.99999;;0;0;17X100A100A0001A
Enedis;2024;E;244500419;Communauté de communes des Quatre Vallées;PRO;;;A;848.572;101;0.7065;;0;0;17X100A100A0001A
Enedis;2024;E;244500427;Communauté de communes des Loges;ENT;01;Culture et production animale, chasse et services annexes;A;3741.261;111;0.99999;;0;0;17X100A100A0001A
Enedis;2024;E;244500427;Communauté de communes des Loges;ENT;02;Sylviculture et exploitation forestière;A;3.89;1;0.99999;;0;0;17X100A100A0001A
Enedis;2024;E;244500427;Communauté de communes des Loges;PRO;;;A;2600.481;185;0.6885;;0;0;17X100A100A0001A
Enedis;2024;E;244500468;Orléans Métropole;ENT;01;Culture et production animale, chasse et services annexes;A;3610.956;67;0.99999;;0;0;17X100A100A0001A
Enedis;2024;E;244500468;Orléans Métropole;ENT;02;Sylviculture et exploitation forestière;A;116.573;3;0.99999;;0;0;17X100A100A0001A
Enedis;2024;E;244500468;Orléans Métropole;PRO;;;A;1358.175;189;0.7434;;0;0;17X100A100A0001A
Enedis;2024;E;244500484;Communauté de communes de la Forêt;ENT;01;Culture et production animale, chasse et services annexes;A;880.972;41;0.99999;;0;0;17X100A100A0001A
Enedis;2024;E;244500484;Communauté de communes de la Forêt;PRO;;;A;602.023;67;0;;0;1;17X100A100A0001A
Enedis;2024;E;244600433;Communauté de communes de la Vallée du Lot et du Vignoble;ENT;01;Culture et production animale, chasse et services annexes;A;607.443;11;0.99999;;0;0;17X100A100A0001A
Enedis;2024;E;244600433;Communauté de communes de la Vallée du Lot et du Vignoble;PRO;;;A;2116.904;198;0.65;;0;0;17X100A100A0001A
Enedis;2024;E;244600482;Communauté de communes Quercy - Bouriane;ENT;01;Culture et production animale, chasse et services annexes;A;141.848;1;0.99999;;0;0;17X100A100A0001A
Enedis;2024;E;244600482;Communauté de communes Quercy - Bouriane;PRO;;;A;1180.403;132;0.6892;;0;0;17X100A100A0001A
Enedis;2024;E;244600532;Communauté de communes du Pays de Lalbenque-Limogne;ENT;01;Culture et production animale, chasse et services annexes;A;158.732;4;0.99999;;0;0;17X100A100A0001A
Enedis;2024;E;244600532;Communauté de communes du Pays de Lalbenque-Limogne;PRO;;;A;1555.835;108;0.6686;;0;0;17X100A100A0001A
Enedis;2024;E;244600573;Communauté de communes du Causse de Labastide-Murat;ENT;01;Culture et production animale, chasse et services annexes;A;145.143;2;0.99999;;0;0;17X100A100A0001A
Enedis;2024;E;244600573;Communauté de communes du Causse de Labastide-Murat;PRO;;;A;905.068;93;0.6512;;0;0;17X100A100A0001A
Enedis;2024;E;244700449;Communauté de communes du Pays de Duras;ENT;01;Culture et production animale, chasse et services annexes;A;1355.615;30;0.99999;;0;0;17X100A100A0001A
Enedis;2024;E;244700449;Communauté de communes du Pays de Duras;PRO;;;A;1753.33;219;0.6687;;0;0;17X100A100A0001A
Enedis;2024;E;244700464;Communauté de communes du Pays de Lauzun;ENT;01;Culture et production animale, chasse et services annexes;A;710.312;23;0.99999;;0;0;17X100A100A0001A
Enedis;2024;E;244700464;Communauté de communes du Pays de Lauzun;PRO;;;A;2298.987;239;0.7143;;0;0;17X100A100A0001A
Enedis;2024;E;244701355;Communauté de communes des Coteaux et Landes de Gascogne;ENT;01;Culture et production animale, chasse et services annexes;A;2768.995;36;0.99999;;0;0;17X100A100A0001A
Enedis;2024;E;244701355;Communauté de communes des Coteaux et Landes de Gascogne;ENT;02;Sylviculture et exploitation forestière;A;53.257;2;0.99999;;0;0;17X100A100A0001A
Enedis;2024;E;244701355;Communauté de communes des Coteaux et Landes de Gascogne;ENT;03;Pêche et aquaculture;A;331.006;2;0.99999;;0;0;17X100A100A0001A
Enedis;2024;E;244701355;Communauté de communes des Coteaux et Landes de Gascogne;PRO;;;A;1150.319;159;0.781;;0;0;17X100A100A0001A
Enedis;2024;E;244701405;Communauté de communes Lot et Tolzac;ENT;01;Culture et production animale, chasse et services annexes;A;1944.688;38;0.99999;;0;0;17X100A100A0001A
Enedis;2024;E;244701405;Communauté de communes Lot et Tolzac;ENT;02;Sylviculture et exploitation forestière;A;14.658;1;0.99999;;0;0;17X100A100A0001A
Enedis;2024;E;244701405;Communauté de communes Lot et Tolzac;PRO;;;A;2390.126;252;0;;0;1;17X100A100A0001A
Enedis;2024;E;244800405;Communauté de communes Cœur de Lozère;ENT;01;Culture et production animale, chasse et services annexes;A;91.254;2;0.99999;;0;0;17X100A100A0001A
Enedis;2024;E;244800405;Communauté de communes Cœur de Lozère;PRO;;;A;492.014;62;0.7415;;0;0;17X100A100A0001A
Enedis;2024;E;244800470;Communauté de communes du Gévaudan;ENT;01;Culture et production animale, chasse et services annexes;A;148.452;4;0.99999;;0;0;17X100A100A0001A
Enedis;2024;E;244800470;Communauté de communes du Gévaudan;PRO;;;A;1430.584;161;0;;0;2;17X100A100A0001A
Enedis;2024;E;244900015;Communauté urbaine Angers Loire Métropole;ENT;01;Culture et production animale, chasse et services annexes;A;13129.462;77;0.99999;;0;0;17X100A100A0001A
Enedis;2024;E;244900015;Communauté urbaine Angers Loire Métropole;ENT;02;Sylviculture et exploitation forestière;A;15.246;1;0.99999;;0;0;17X100A100A0001A
Enedis;2024;E;244900015;Communauté urbaine Angers Loire Métropole;ENT;03;Pêche et aquaculture;A;41.671;1;0.99999;;0;0;17X100A100A0001A
Enedis;2024;E;244900015;Communauté urbaine Angers Loire Métropole;PRO;;;A;5318.763;483;0.6907;;0;0;17X100A100A0001A
Enedis;2024;E;244900809;Communauté de communes Anjou Bleu Communauté;ENT;01;Culture et production animale, chasse et services annexes;A;7169.74;52;0.99999;;0;0;17X100A100A0001A
Enedis;2024;E;244900809;Communauté de communes Anjou Bleu Communauté;PRO;;;A;11195.859;532;0.6993;;0;0;17X100A100A0001A
Enedis;2024;E;244900882;Communauté de communes Baugeois Vallée;ENT;01;Culture et production animale, chasse et services annexes;A;17150.459;121;0.99999;;0;0;17X100A100A0001A
Enedis;2024;E;244900882;Communauté de communes Baugeois Vallée;ENT;02;Sylviculture et exploitation forestière;A;29.109;2;0.99999;;0;0;17X100A100A0001A
Enedis;2024;E;244900882;Communauté de communes Baugeois Vallée;PRO;;;A;6054.575;492;0.7388;;0;0;17X100A100A0001A
Enedis;2024;E;245100615;Communauté de communes de la Grande Vallée de la Marne;ENT;01;Culture et production animale, chasse et services annexes;A;2451.232;43;0.99;;0;0;17X100A100A0001A
Enedis;2024;E;245100615;Communauté de communes de la Grande Vallée de la Marne;PRO;;;A;4003.776;373;0.6998;;0;0;17X100A100A0001A
Enedis;2024;E;245100888;Communauté de communes de la Brie Champenoise;ENT;01;Culture et production animale, chasse et services annexes;A;824.58;7;0.99999;;0;0;17X100A100A0001A
Enedis;2024;E;245100888;Communauté de communes de la Brie Champenoise;PRO;;;A;1010.419;119;0.7156;;0;0;17X100A100A0001A
Enedis;2024;E;245100979;Communauté de communes du Sud Marnais;ENT;01;Culture et production animale, chasse et services annexes;A;2693.865;25;0.99999;;0;0;17X100A100A0001A
Enedis;2024;E;245100979;Communauté de communes du Sud Marnais;PRO;;;A;909.231;129;0.6628;;0;0;17X100A100A0001A
Enedis;2024;E;245200597;Communauté de communes des Trois Forêts;ENT;01;Culture et production animale, chasse et services annexes;A;106.748;6;0.99999;;0;0;17X100A100A0001A
Enedis;2024;E;245200597;Communauté de communes des Trois Forêts;ENT;02;Sylviculture et exploitation forestière;A;36.704;1;0.99999;;0;0;17X100A100A0001A
Enedis;2024;E;245200597;Communauté de communes des Trois Forêts;PRO;;;A;1226.864;160;0.7107;;0;0;17X100A100A0001A
Enedis;2024;E;245300223;Communauté de communes du Pays de Meslay-Grez;ENT;01;Culture et production animale, chasse et services annexes;A;2480.244;27;0.99999;;0;0;17X100A100A0001A
Enedis;2024;E;245300223;Communauté de communes du Pays de Meslay-Grez;PRO;;;A;6756.279;338;0.7296;;0;0;17X100A100A0001A
Enedis;2024;E;245300355;Communauté de communes de l'Ernée;ENT;01;Culture et production animale, chasse et services annexes;A;2021.412;20;0.99999;;0;0;17X100A100A0001A
Enedis;2024;E;245300355;Communauté de communes de l'Ernée;PRO;;;A;14333.626;575;0.7221;;0;0;17X100A100A0001A
Enedis;2024;E;245300389;Communauté de communes du Bocage Mayennais;ENT;01;Culture et production animale, chasse et services annexes;A;3753.535;22;0.99999;;0;0;17X100A100A0001A
Enedis;2024;E;245300389;Communauté de communes du Bocage Mayennais;PRO;;;A;16371.833;722;0.74;;0;0;17X100A100A0001A
Enedis;2024;E;245300447;Communauté de communes du Pays de Château-Gontier;ENT;01;Culture et production animale, chasse et services annexes;A;2614.466;20;0.99999;;0;0;17X100A100A0001A
Enedis;2024;E;245300447;Communauté de communes du Pays de Château-Gontier;PRO;;;A;9040.493;395;0;;0;1;17X100A100A0001A
Enedis;2024;E;245400171;Communauté de communes Moselle et Madon;PRO;;;A;688.376;50;0.5767;;0;0;17X100A100A0001A
Enedis;2024;E;245400189;Communauté de communes des Pays du Sel et du Vermois;ENT;01;Culture et production animale, chasse et services annexes;A;1083.058;3;0.99999;;0;0;17X100A100A0001A
Enedis;2024;E;245400189;Communauté de communes des Pays du Sel et du Vermois;PRO;;;A;713.119;67;0.643;;0;0;17X100A100A0001A
Enedis;2024;E;245400262;Grand Longwy Agglomération;PRO;;;A;442.098;56;0.716;;0;0;17X100A100A0001A
Enedis;2024;E;245400510;Communauté de communes du Pays de Colombey et du Sud Toulois;ENT;01;Culture et production animale, chasse et services annexes;A;2.185;1;0.99999;;0;0;17X100A100A0001A
Enedis;2024;E;245400510;Communauté de communes du Pays de Colombey et du Sud Toulois;PRO;;;A;2031.685;134;0.7219;;0;0;17X100A100A0001A
Enedis;2024;E;245400601;Communauté de communes du Bassin de Pompey;ENT;01;Culture et production animale, chasse et services annexes;A;3530.698;2;0.99999;;0;0;17X100A100A0001A
Enedis;2024;E;245400601;Communauté de communes du Bassin de Pompey;PRO;;;A;243.003;30;0.7482;;0;0;17X100A100A0001A
Enedis;2024;E;245400676;Métropole du Grand Nancy;ENT;01;Culture et production animale, chasse et services annexes;A;15.892;2;0.99999;;0;0;17X100A100A0001A
Enedis;2024;E;245400676;Métropole du Grand Nancy;ENT;02;Sylviculture et exploitation forestière;A;441.974;2;0.99999;;0;0;17X100A100A0001A
Enedis;2024;E;245400676;Métropole du Grand Nancy;PRO;;;A;285.575;46;0.7069;;0;0;17X100A100A0001A
Enedis;2024;E;245400759;Communauté de communes du Pays du Sanon;ENT;01;Culture et production animale, chasse et services annexes;A;855.898;4;0.99999;;0;0;17X100A100A0001A
Enedis;2024;E;245400759;Communauté de communes du Pays du Sanon;PRO;;;A;2297.698;161;0.7107;;0;0;17X100A100A0001A
Enedis;2024;E;245500327;Communauté de communes du Sammiellois;ENT;01;Culture et production animale, chasse et services annexes;A;1163.083;5;0.99999;;0;0;17X100A100A0001A
Enedis;2024;E;245500327;Communauté de communes du Sammiellois;ENT;02;Sylviculture et exploitation forestière;A;16.613;1;0.99999;;0;0;17X100A100A0001A
Enedis;2024;E;245500327;Communauté de communes du Sammiellois;PRO;;;A;751.272;82;0.7041;;0;0;17X100A100A0001A
Enedis;2024;E;245501176;Communauté de communes du Territoire de Fresnes-en-Woëvre;ENT;01;Culture et production animale, chasse et services annexes;A;327.651;5;0.99999;;0;0;17X100A100A0001A
Enedis;2024;E;245501176;Communauté de communes du Territoire de Fresnes-en-Woëvre;PRO;;;A;1955.679;119;0.7117;;0;0;17X100A100A0001A
Enedis;2024;E;245501184;Communauté de communes du Pays de Revigny-sur-Ornain;ENT;01;Culture et production animale, chasse et services annexes;A;727.288;9;0.99999;;0;0;17X100A100A0001A
Enedis;2024;E;245501184;Communauté de communes du Pays de Revigny-sur-Ornain;PRO;;;A;605.809;58;0.5495;;0;0;17X100A100A0001A
Enedis;2024;E;245501242;Communauté de communes du Pays d'Étain;ENT;01;Culture et production animale, chasse et services annexes;A;377;4;0.99999;;0;0;17X100A100A0001A
Enedis;2024;E;245501242;Communauté de communes du Pays d'Étain;PRO;;;A;1694.731;95;0.7448;;0;0;17X100A100A0001A
Enedis;2024;E;245501259;Communauté de communes du Pays de Montmédy;ENT;01;Culture et production animale, chasse et services annexes;A;41.297;1;0.99999;;0;0;17X100A100A0001A
Enedis;2024;E;245501259;Communauté de communes du Pays de Montmédy;PRO;;;A;1417.757;107;0.7077;;0;0;17X100A100A0001A
Enedis;2024;E;245600440;Blavet Bellevue Océan Communauté;ENT;01;Culture et production animale, chasse et services annexes;A;1176.106;5;0.99999;;0;0;17X100A100A0001A
Enedis;2024;E;245600440;Blavet Bellevue Océan Communauté;PRO;;;A;1142.567;84;0.7031;;0;0;17X100A100A0001A
Enedis;2024;E;245600465;Communauté de communes de Belle-Île-en-Mer;ENT;01;Culture et production animale, chasse et services annexes;A;18.598;1;0.99999;;0;0;17X100A100A0001A
Enedis;2024;E;245600465;Communauté de communes de Belle-Île-en-Mer;PRO;;;A;338.62;32;0;;0;1;17X100A100A0001A
Enedis;2024;E;245614383;Communauté de communes Questembert Communauté;ENT;01;Culture et production animale, chasse et services annexes;A;4137.905;41;0.99999;;0;0;17X100A100A0001A
Enedis;2024;E;245614383;Communauté de communes Questembert Communauté;PRO;;;A;5343.526;285;0.7529;;0;0;17X100A100A0001A
Enedis;2024;E;245614417;Communauté de communes Roi Morvan Communauté;ENT;01;Culture et production animale, chasse et services annexes;A;7814.323;52;0.99999;;0;0;17X100A100A0001A
Enedis;2024;E;245614417;Communauté de communes Roi Morvan Communauté;PRO;;;A;10683.323;581;0;;0;1;17X100A100A0001A
Enedis;2024;E;245614433;Communauté de communes Pontivy Communauté;ENT;01;Culture et production animale, chasse et services annexes;A;19852.27;123;0.99999;;0;0;17X100A100A0001A
Enedis;2024;E;245614433;Communauté de communes Pontivy Communauté;PRO;;;A;13152.162;641;0;;0;4;17X100A100A0001A
Enedis;2024;E;245700133;Communauté de communes du District Urbain de Faulquemont;ENT;01;Culture et production animale, chasse et services annexes;A;12.948;1;0.99999;;0;0;17X100A100A0001A
Enedis;2024;E;245700133;Communauté de communes du District Urbain de Faulquemont;PRO;;;A;425.697;45;0.7416;;0;0;17X100A100A0001A
Enedis;2024;E;245700372;Communauté d'agglomération de Forbach Porte de France;PRO;;;A;645.309;27;0.7395;;0;0;17X100A100A0001A
Enedis;2024;E;245700398;Communauté de communes de Freyming-Merlebach;PRO;;;A;334.959;18;0.7361;;0;0;17X100A100A0001A
Enedis;2024;E;245700695;Communauté de communes de Cattenom et Environs;ENT;01;Culture et production animale, chasse et services annexes;A;136.314;2;0.99999;;0;0;17X100A100A0001A
Enedis;2024;E;245700695;Communauté de communes de Cattenom et Environs;PRO;;;A;997.183;94;0.6726;;0;0;17X100A100A0001A
Enedis;2024;E;245700950;Communauté de communes du Pays de Phalsbourg;ENT;01;Culture et production animale, chasse et services annexes;A;261.157;3;0.99999;;0;0;17X100A100A0001A
Enedis;2024;E;245700950;Communauté de communes du Pays de Phalsbourg;PRO;;;A;1102.713;59;0.6563;;0;0;17X100A100A0001A
Enedis;2024;E;245701164;Communauté de communes du Warndt;PRO;;;A;secret;secret;;;;3;17X100A100A0001A
Enedis;2024;E;245701206;Communauté de communes du Saulnois;ENT;01;Culture et production animale, chasse et services annexes;A;4214.289;10;0.99999;;0;0;17X100A100A0001A
Enedis;2024;E;245701206;Communauté de communes du Saulnois;ENT;02;Sylviculture et exploitation forestière;A;153.885;1;0.99999;;0;0;17X100A100A0001A
Enedis;2024;E;245701206;Communauté de communes du Saulnois;ENT;03;Pêche et aquaculture;A;917.429;1;0.99999;;0;0;17X100A100A0001A
Enedis;2024;E;245701206;Communauté de communes du Saulnois;PRO;;;A;7002.08;549;0.7115;;0;0;17X100A100A0001A
Enedis;2024;E;245701222;Communauté d'agglomération du Val de Fensch;ENT;01;Culture et production animale, chasse et services annexes;A;120.593;2;0.99999;;0;0;17X100A100A0001A
Enedis;2024;E;245701222;Communauté d'agglomération du Val de Fensch;PRO;;;A;secret;secret;;;;4;17X100A100A0001A
Enedis;2024;E;245701271;Communauté de communes du Pays Orne Moselle;PRO;;;A;secret;secret;;;;2;17X100A100A0001A
Enedis;2024;E;245701354;Communauté de communes de l'Arc Mosellan;ENT;01;Culture et production animale, chasse et services annexes;A;47.147;1;0.99999;;0;0;17X100A100A0001A
Enedis;2024;E;245701354;Communauté de communes de l'Arc Mosellan;PRO;;;A;600.729;69;0.699;;0;0;17X100A100A0001A
Enedis;2024;E;245701362;Communauté d'agglomération Portes de France-Thionville;ENT;01;Culture et production animale, chasse et services annexes;A;173.537;2;0.99999;;0;0;17X100A100A0001A
Enedis;2024;E;245701362;Communauté d'agglomération Portes de France-Thionville;PRO;;;A;483.981;50;0.7064;;0;0;17X100A100A0001A
Enedis;2024;E;245701404;Communauté de communes du Pays Haut Val d'Alzette;ENT;01;Culture et production animale, chasse et services annexes;A;12.119;1;0.99999;;0;0;17X100A100A0001A
Enedis;2024;E;245701404;Communauté de communes du Pays Haut Val d'Alzette;PRO;;;A;233.972;25;0.7106;;0;0;17X100A100A0001A
Enedis;2024;E;245801063;Communauté de communes Loire et Allier;ENT;01;Culture et production animale, chasse et services annexes;A;301.455;13;0.99999;;0;0;17X100A100A0001A
Enedis;2024;E;245801063;Communauté de communes Loire et Allier;PRO;;;A;731.331;75;0.6867;;0;0;17X100A100A0001A
Enedis;2024;E;245804406;Communauté d'agglomération de Nevers;ENT;01;Culture et production animale, chasse et services annexes;A;568.464;12;0.99999;;0;0;17X100A100A0001A
Enedis;2024;E;245804406;Communauté d'agglomération de Nevers;PRO;;;A;892.894;103;0.657;;0;0;17X100A100A0001A
Enedis;2024;E;245804497;Communauté de communes du Nivernais Bourbonnais;ENT;01;Culture et production animale, chasse et services annexes;A;374.923;12;0.99999;;0;0;17X100A100A0001A
Enedis;2024;E;245804497;Communauté de communes du Nivernais Bourbonnais;PRO;;;A;909.405;101;0;;0;1;17X100A100A0001A
Enedis;2024;E;245900428;Communauté urbaine de Dunkerque;ENT;01;Culture et production animale, chasse et services annexes;A;764.59;10;0.99999;;0;0;17X100A100A0001A
Enedis;2024;E;245900428;Communauté urbaine de Dunkerque;ENT;03;Pêche et aquaculture;A;19810.649;5;0.99999;;0;0;17X100A100A0001A
Enedis;2024;E;245900428;Communauté urbaine de Dunkerque;PRO;;;A;2201.475;177;0.7515;;0;0;17X100A100A0001A
Enedis;2024;E;245900758;Communauté de communes Flandre Lys;ENT;01;Culture et production animale, chasse et services annexes;A;3513.65;17;0.99999;;0;0;17X100A100A0001A
Enedis;2024;E;245900758;Communauté de communes Flandre Lys;PRO;;;A;1742.777;118;0;;0;2;17X100A100A0001A
Enedis;2024;E;245901038;Communauté de communes du Pays Solesmois;ENT;01;Culture et production animale, chasse et services annexes;A;133.864;3;0.99999;;0;0;17X100A100A0001A
Enedis;2024;E;245901038;Communauté de communes du Pays Solesmois;PRO;;;A;1258.987;82;0.698;;0;0;17X100A100A0001A
Enedis;2024;E;245901152;Communauté de communes Cœur d'Ostrevent;ENT;01;Culture et production animale, chasse et services annexes;A;1217.211;12;0.99999;;0;0;17X100A100A0001A
Enedis;2024;E;245901152;Communauté de communes Cœur d'Ostrevent;PRO;;;A;1013.927;69;0.7155;;0;0;17X100A100A0001A
Enedis;2024;E;245901160;Communauté d'agglomération Valenciennes Métropole;ENT;01;Culture et production animale, chasse et services annexes;A;257.29;3;0.99999;;0;0;17X100A100A0001A
Enedis;2024;E;245901160;Communauté d'agglomération Valenciennes Métropole;PRO;;;A;1821.876;111;0.7197;;0;0;17X100A100A0001A
Enedis;2024;E;246000129;Communauté de communes du Liancourtois;ENT;01;Culture et production animale, chasse et services annexes;A;20.338;2;0.99999;;0;0;17X100A100A0001A
Enedis;2024;E;246000129;Communauté de communes du Liancourtois;PRO;;;A;82.385;8;0.6951;;0;0;17X100A100A0001A
Enedis;2024;E;246000376;Communauté de communes du Clermontois;ENT;01;Culture et production animale, chasse et services annexes;A;62.987;2;0.99999;;0;0;17X100A100A0001A
Enedis;2024;E;246000376;Communauté de communes du Clermontois;PRO;;;A;282.239;22;0.4581;;0;0;17X100A100A0001A
Enedis;2024;E;246000566;Communauté de communes du Plateau Picard;ENT;01;Culture et production animale, chasse et services annexes;A;678.482;8;0.99999;;0;0;17X100A100A0001A
Enedis;2024;E;246000566;Communauté de communes du Plateau Picard;PRO;;;A;890.821;84;0.7095;;0;0;17X100A100A0001A
Enedis;2024;E;246000582;Communauté de communes des Sablons;ENT;01;Culture et production animale, chasse et services annexes;A;972.616;15;0.99999;;0;0;17X100A100A0001A
Enedis;2024;E;246000582;Communauté de communes des Sablons;PRO;;;A;755.386;69;0.6771;;0;0;17X100A100A0001A
Enedis;2024;E;246000707;Communauté de communes du Vexin-Thelle;ENT;01;Culture et production animale, chasse et services annexes;A;967.063;30;0.9986;;0;0;17X100A100A0001A
Enedis;2024;E;246000707;Communauté de communes du Vexin-Thelle;PRO;;;A;906.154;89;0.6615;;0;0;17X100A100A0001A
Enedis;2024;E;246000749;Communauté de communes des Lisières de l'Oise;ENT;01;Culture et production animale, chasse et services annexes;A;1648.378;22;0.99999;;0;0;17X100A100A0001A
Enedis;2024;E;246000749;Communauté de communes des Lisières de l'Oise;PRO;;;A;577.525;62;0.728;;0;0;17X100A100A0001A
Enedis;2024;E;246000756;Communauté de communes du Pays Noyonnais;ENT;01;Culture et production animale, chasse et services annexes;A;79.275;2;0.99999;;0;0;17X100A100A0001A
Enedis;2024;E;246000756;Communauté de communes du Pays Noyonnais;PRO;;;A;454.963;35;0.7593;;0;0;17X100A100A0001A
Enedis;2024;E;246000764;Communauté de communes de l'Aire Cantilienne;ENT;01;Culture et production animale, chasse et services annexes;A;505.112;7;0.99999;;0;0;17X100A100A0001A
Enedis;2024;E;246000764;Communauté de communes de l'Aire Cantilienne;PRO;;;A;265.073;23;0.8884;;0;0;17X100A100A0001A
Enedis;2024;E;246000772;Communauté de communes des Deux Vallées;PRO;;;A;69.185;2;0;;0;2;17X100A100A0001A
Enedis;2024;E;246000848;Communauté de communes de la Picardie Verte;ENT;01;Culture et production animale, chasse et services annexes;A;1852.46;9;0.99999;;0;0;17X100A100A0001A
Enedis;2024;E;246000848;Communauté de communes de la Picardie Verte;PRO;;;A;5903.001;359;0.6328;;0;0;17X100A100A0001A
Enedis;2024;E;246000871;Communauté de communes du Pays de Valois;ENT;01;Culture et production animale, chasse et services annexes;A;1262.758;22;0.99999;;0;0;17X100A100A0001A
Enedis;2024;E;246000871;Communauté de communes du Pays de Valois;PRO;;;A;1103.678;100;0.719;;0;0;17X100A100A0001A
Enedis;2024;E;246000913;Communauté de communes du Pays de Bray;ENT;01;Culture et production animale, chasse et services annexes;A;284.569;6;0.99999;;0;0;17X100A100A0001A
Enedis;2024;E;246000913;Communauté de communes du Pays de Bray;PRO;;;A;1390.74;91;0.6823;;0;0;17X100A100A0001A
Enedis;2024;E;246000921;Communauté de communes des Pays d'Oise et d'Halatte;PRO;;;A;50.415;5;0.7196;;0;0;17X100A100A0001A
Enedis;2024;E;246100390;Communauté de communes du Val d'Orne;ENT;01;Culture et production animale, chasse et services annexes;A;1218.14;7;0.99999;;0;0;17X100A100A0001A
Enedis;2024;E;246100390;Communauté de communes du Val d'Orne;PRO;;;A;3088.086;166;0.7241;;0;0;17X100A100A0001A
Enedis;2024;E;246100663;Communauté urbaine d'Alençon;ENT;01;Culture et production animale, chasse et services annexes;A;1910.513;8;0.99999;;0;0;17X100A100A0001A
Enedis;2024;E;246100663;Communauté urbaine d'Alençon;PRO;;;A;2597.471;191;0.7015;;0;0;17X100A100A0001A
Enedis;2024;E;246200299;Communauté d'agglomération d'Hénin-Carvin;ENT;01;Culture et production animale, chasse et services annexes;A;131.394;5;0.99999;;0;0;17X100A100A0001A
Enedis;2024;E;246200299;Communauté d'agglomération d'Hénin-Carvin;PRO;;;A;568.307;40;0.7307;;0;0;17X100A100A0001A
Enedis;2024;E;246200364;Communauté d'agglomération de Lens - Liévin;ENT;01;Culture et production animale, chasse et services annexes;A;1637.068;11;0.99999;;0;0;17X100A100A0001A
Enedis;2024;E;246200364;Communauté d'agglomération de Lens - Liévin;PRO;;;A;1396.446;115;0.7122;;0;0;17X100A100A0001A
Enedis;2024;E;246200380;Communauté de communes de la Terre des Deux Caps;ENT;01;Culture et production animale, chasse et services annexes;A;691.157;6;0.99999;;0;0;17X100A100A0001A
Enedis;2024;E;246200380;Communauté de communes de la Terre des Deux Caps;PRO;;;A;2350.892;132;0.6875;;0;0;17X100A100A0001A
Enedis;2024;E;246200729;Communauté d'agglomération du Boulonnais;ENT;03;Pêche et aquaculture;A;729.789;4;0.99999;;0;0;17X100A100A0001A
Enedis;2024;E;246200729;Communauté d'agglomération du Boulonnais;PRO;;;A;2175.242;101;0.7405;;0;0;17X100A100A0001A
Enedis;2024;E;246200844;Communauté de communes de la Région d'Audruicq;ENT;01;Culture et production animale, chasse et services annexes;A;1360.601;19;0.99999;;0;0;17X100A100A0001A
Enedis;2024;E;246200844;Communauté de communes de la Région d'Audruicq;PRO;;;A;2411.925;138;0.6946;;0;0;17X100A100A0001A
Enedis;2024;E;246201016;Communauté de communes du Pays de Lumbres;ENT;01;Culture et production animale, chasse et services annexes;A;472.249;5;0.99999;;0;0;17X100A100A0001A
Enedis;2024;E;246201016;Communauté de communes du Pays de Lumbres;ENT;03;Pêche et aquaculture;A;614.11;2;0.99999;;0;0;17X100A100A0001A
Enedis;2024;E;246201016;Communauté de communes du Pays de Lumbres;PRO;;;A;4293.055;216;0.7224;;0;0;17X100A100A0001A
Enedis;2024;E;246300701;Clermont Auvergne Métropole;ENT;01;Culture et production animale, chasse et services annexes;A;417.363;8;0.99999;;0;0;17X100A100A0001A
Enedis;2024;E;246300701;Clermont Auvergne Métropole;ENT;02;Sylviculture et exploitation forestière;A;28.69;1;0.99999;;0;0;17X100A100A0001A
Enedis;2024;E;246300701;Clermont Auvergne Métropole;PRO;;;A;848.182;109;0.6713;;0;0;17X100A100A0001A
Enedis;2024;E;246300966;Communauté de communes du Massif du Sancy;ENT;01;Culture et production animale, chasse et services annexes;A;1168.688;10;0.99999;;0;0;17X100A100A0001A
Enedis;2024;E;246300966;Communauté de communes du Massif du Sancy;PRO;;;A;8053.518;351;0.6739;;0;0;17X100A100A0001A
Enedis;2024;E;246301097;Communauté de communes Entre Dore et Allier;ENT;01;Culture et production animale, chasse et services annexes;A;166.074;4;0.99999;;0;0;17X100A100A0001A
Enedis;2024;E;246301097;Communauté de communes Entre Dore et Allier;PRO;;;A;1031.791;102;0.6812;;0;0;17X100A100A0001A
Enedis;2024;E;246400337;Communauté de communes de la Vallée d'Ossau;ENT;01;Culture et production animale, chasse et services annexes;A;240.493;3;0.99999;;0;0;17X100A100A0001A
Enedis;2024;E;246400337;Communauté de communes de la Vallée d'Ossau;PRO;;;A;1808.297;151;0.6436;;0;0;17X100A100A0001A
Enedis;2024;E;246401756;Communauté de communes Pays de Nay;ENT;01;Culture et production animale, chasse et services annexes;A;567.467;7;0.99999;;0;0;17X100A100A0001A
Enedis;2024;E;246401756;Communauté de communes Pays de Nay;PRO;;;A;2953.316;264;0.7038;;0;0;17X100A100A0001A
Enedis;2024;E;246500482;Communauté de communes de la Haute-Bigorre;ENT;01;Culture et production animale, chasse et services annexes;A;54.757;1;0.99999;;0;0;17X100A100A0001A
Enedis;2024;E;246500482;Communauté de communes de la Haute-Bigorre;PRO;;;A;356.482;78;0.5993;;0;0;17X100A100A0001A
Enedis;2024;E;246500573;Communauté de communes Aure Louron;ENT;02;Sylviculture et exploitation forestière;A;13.19;1;0.99999;;0;0;17X100A100A0001A
Enedis;2024;E;246500573;Communauté de communes Aure Louron;PRO;;;A;160.234;60;0.7433;;0;0;17X100A100A0001A
Enedis;2024;E;246600282;Communauté de communes Sud-Roussillon;ENT;01;Culture et production animale, chasse et services annexes;A;1902.549;6;0.99999;;0;0;17X100A100A0001A
Enedis;2024;E;246600282;Communauté de communes Sud-Roussillon;PRO;;;A;424.284;58;0.6369;;0;0;17X100A100A0001A
Enedis;2024;E;246600373;Communauté de communes du Vallespir;ENT;01;Culture et production animale, chasse et services annexes;A;80.199;1;0.99999;;0;0;17X100A100A0001A
Enedis;2024;E;246600373;Communauté de communes du Vallespir;PRO;;;A;164.149;29;0.5337;;0;0;17X100A100A0001A
Enedis;2024;E;246600399;Communauté de communes Pyrénées Cerdagne;PRO;;;A;313.931;35;0.5678;;0;0;17X100A100A0001A
Enedis;2024;E;246600415;Communauté de communes Roussillon-Conflent;ENT;01;Culture et production animale, chasse et services annexes;A;410.02;7;0.99999;;0;0;17X100A100A0001A
Enedis;2024;E;246600415;Communauté de communes Roussillon-Conflent;PRO;;;A;1679.744;176;0.6466;;0;0;17X100A100A0001A
Enedis;2024;E;246600423;Communauté de communes Agly Fenouillèdes;ENT;01;Culture et production animale, chasse et services annexes;A;613.37;6;0.99999;;0;0;17X100A100A0001A
Enedis;2024;E;246600423;Communauté de communes Agly Fenouillèdes;PRO;;;A;553.298;93;0.5826;;0;0;17X100A100A0001A
Enedis;2024;E;246600449;Communauté de communes des Aspres;ENT;01;Culture et production animale, chasse et services annexes;A;3259.828;12;0.99999;;0;0;17X100A100A0001A
Enedis;2024;E;246600449;Communauté de communes des Aspres;PRO;;;A;1949.275;184;0.7174;;0;0;17X100A100A0001A
Enedis;2024;E;246600464;Communauté de communes Pyrénées catalanes;ENT;02;Sylviculture et exploitation forestière;A;53.451;1;0.99999;;0;0;17X100A100A0001A
Enedis;2024;E;246600464;Communauté de communes Pyrénées catalanes;PRO;;;A;227.872;25;0.4887;;0;0;17X100A100A0001A
Enedis;2024;E;246600548;Communauté de communes du Haut Vallespir;PRO;;;A;73.683;11;0.241;;0;0;17X100A100A0001A
Enedis;2024;E;246700306;Communauté de communes de la Vallée de la Bruche;ENT;01;Culture et production animale, chasse et services annexes;A;58.016;1;0.99999;;0;0;17X100A100A0001A
Enedis;2024;E;246700306;Communauté de communes de la Vallée de la Bruche;PRO;;;A;139.506;13;0.5189;;0;0;17X100A100A0001A
Enedis;2024;E;246700777;Communauté de communes de la Vallée de Villé;ENT;01;Culture et production animale, chasse et services annexes;A;91.01;2;0.99999;;0;0;17X100A100A0001A
Enedis;2024;E;246700777;Communauté de communes de la Vallée de Villé;PRO;;;A;272.068;26;0.7416;;0;0;17X100A100A0001A
Enedis;2024;E;246700967;Communauté de communes de Sélestat;ENT;01;Culture et production animale, chasse et services annexes;A;1809.874;40;0.99999;;0;0;17X100A100A0001A
Enedis;2024;E;246700967;Communauté de communes de Sélestat;PRO;;;A;2113.298;167;0;;0;5;17X100A100A0001A
Enedis;2024;E;246800205;Communauté de communes de la Vallée de Saint-Amarin;ENT;01;Culture et production animale, chasse et services annexes;A;52.636;1;0.99999;;0;0;17X100A100A0001A
Enedis;2024;E;246800205;Communauté de communes de la Vallée de Saint-Amarin;PRO;;;A;187.462;20;0.3428;;0;0;17X100A100A0001A
Enedis;2024;E;246800395;Communauté de communes du Val d'Argent;PRO;;;A;170.41;12;0;;0;2;17X100A100A0001A
Enedis;2024;E;246800445;Communauté de communes du Centre du Haut-Rhin;ENT;01;Culture et production animale, chasse et services annexes;A;2970.438;78;0.99999;;0;0;17X100A100A0001A
Enedis;2024;E;246800445;Communauté de communes du Centre du Haut-Rhin;PRO;;;A;634.198;67;0.6936;;0;0;17X100A100A0001A
Enedis;2024;E;246800494;Communauté de communes du Pays de Rouffach,Vignobles et Châteaux;ENT;01;Culture et production animale, chasse et services annexes;A;914.346;16;0.99999;;0;0;17X100A100A0001A
Enedis;2024;E;246800494;Communauté de communes du Pays de Rouffach,Vignobles et Châteaux;ENT;02;Sylviculture et exploitation forestière;A;38.406;1;0.99999;;0;0;17X100A100A0001A
Enedis;2024;E;246800494;Communauté de communes du Pays de Rouffach,Vignobles et Châteaux;PRO;;;A;1970.583;185;0.5682;;0;0;17X100A100A0001A
Enedis;2024;E;246800551;Communauté de communes de la Vallée de Kaysersberg;ENT;01;Culture et production animale, chasse et services annexes;A;364.337;6;0.99999;;0;0;17X100A100A0001A
Enedis;2024;E;246800551;Communauté de communes de la Vallée de Kaysersberg;PRO;;;A;2216.968;191;0;;0;1;17X100A100A0001A
Enedis;2024;E;246800569;Communauté de communes de la Région de Guebwiller;ENT;01;Culture et production animale, chasse et services annexes;A;1349.425;21;0.9996;;0;0;17X100A100A0001A
Enedis;2024;E;246800569;Communauté de communes de la Région de Guebwiller;PRO;;;A;1320.234;136;0.6046;;0;0;17X100A100A0001A
Enedis;2024;E;246800577;Communauté de communes du Pays de Ribeauvillé;ENT;01;Culture et production animale, chasse et services annexes;A;1538.796;35;0.99999;;0;0;17X100A100A0001A
Enedis;2024;E;246800577;Communauté de communes du Pays de Ribeauvillé;ENT;02;Sylviculture et exploitation forestière;A;119.766;1;0.99999;;0;0;17X100A100A0001A
Enedis;2024;E;246800577;Communauté de communes du Pays de Ribeauvillé;PRO;;;A;2431.84;269;0.6803;;0;0;17X100A100A0001A
Enedis;2024;E;246800585;Communauté de communes de la Vallée de Munster;PRO;;;A;1062.501;71;0.656;;0;0;17X100A100A0001A
Enedis;2024;E;246800676;Communauté de communes de la Vallée de la Doller et du Soultzbach;ENT;01;Culture et production animale, chasse et services annexes;A;195.572;2;0.99999;;0;0;17X100A100A0001A
Enedis;2024;E;246800676;Communauté de communes de la Vallée de la Doller et du Soultzbach;PRO;;;A;508.366;36;0.5649;;0;0;17X100A100A0001A
Enedis;2024;E;246800726;Communauté d'agglomération Colmar Agglomération;ENT;01;Culture et production animale, chasse et services annexes;A;2354.338;41;0.99999;;0;0;17X100A100A0001A
Enedis;2024;E;246800726;Communauté d'agglomération Colmar Agglomération;PRO;;;A;2072.993;243;0.6581;;0;0;17X100A100A0001A
Enedis;2024;E;246900575;Communauté de communes de l'Est Lyonnais (CCEL);ENT;01;Culture et production animale, chasse et services annexes;A;448.163;7;0.99999;;0;0;17X100A100A0001A
Enedis;2024;E;246900575;Communauté de communes de l'Est Lyonnais (CCEL);PRO;;;A;758.296;52;0.7444;;0;0;17X100A100A0001A
Enedis;2024;E;246900625;Communauté de communes du Pays de l'Arbresle (CCPA);ENT;01;Culture et production animale, chasse et services annexes;A;195.408;3;0.99999;;0;0;17X100A100A0001A
Enedis;2024;E;246900625;Communauté de communes du Pays de l'Arbresle (CCPA);PRO;;;A;1755.62;117;0.6906;;0;0;17X100A100A0001A
Enedis;2024;E;246900724;Communauté de communes des Vallons du Lyonnais (CCVL);ENT;01;Culture et production animale, chasse et services annexes;A;700.814;4;0.99999;;0;0;17X100A100A0001A
Enedis;2024;E;246900724;Communauté de communes des Vallons du Lyonnais (CCVL);PRO;;;A;1214.987;69;0;;0;1;17X100A100A0001A
Enedis;2024;E;246900740;Communauté de communes du Pays Mornantais (COPAMO);ENT;01;Culture et production animale, chasse et services annexes;A;1034.598;8;0.99999;;0;0;17X100A100A0001A
Enedis;2024;E;246900740;Communauté de communes du Pays Mornantais (COPAMO);PRO;;;A;1924.767;116;0;;0;1;17X100A100A0001A
Enedis;2024;E;246900757;Communauté de communes de la Vallée du Garon (CCVG);PRO;;;A;243.315;20;0.7372;;0;0;17X100A100A0001A
Enedis;2024;E;246900765;Communauté de communes du Pays de l'Ozon;ENT;01;Culture et production animale, chasse et services annexes;A;595.786;7;0.99999;;0;0;17X100A100A0001A
Enedis;2024;E;246900765;Communauté de communes du Pays de l'Ozon;PRO;;;A;563.644;31;0.6698;;0;0;17X100A100A0001A
Enedis;2024;E;247000011;Communauté d'agglomération de Vesoul;ENT;01;Culture et production animale, chasse et services annexes;A;61.362;1;0.99999;;0;0;17X100A100A0001A
Enedis;2024;E;247000011;Communauté d'agglomération de Vesoul;PRO;;;A;317.135;27;0.7515;;0;0;17X100A100A0001A
Enedis;2024;E;247000367;Communauté de communes des Combes;ENT;01;Culture et production animale, chasse et services annexes;A;11.242;1;0.99999;;0;0;17X100A100A0001A
Enedis;2024;E;247000367;Communauté de communes des Combes;PRO;;;A;237.96;28;0.6769;;0;0;17X100A100A0001A
Enedis;2024;E;247000623;Communauté de communes des Quatre Rivières;ENT;01;Culture et production animale, chasse et services annexes;A;378.919;5;0.99999;;0;0;17X100A100A0001A
Enedis;2024;E;247000623;Communauté de communes des Quatre Rivières;PRO;;;A;699.902;80;0.7373;;0;0;17X100A100A0001A
Enedis;2024;E;247000664;Communauté de communes du Pays de Lure;PRO;;;A;758.067;53;0.7054;;0;0;17X100A100A0001A
Enedis;2024;E;247000698;Communauté de communes des Monts de Gy;ENT;01;Culture et production animale, chasse et services annexes;A;617.302;3;0.99999;;0;0;17X100A100A0001A
Enedis;2024;E;247000698;Communauté de communes des Monts de Gy;PRO;;;A;1196.834;86;0.7148;;0;0;17X100A100A0001A
Enedis;2024;E;247000706;Communauté de communes du Pays Riolais;ENT;01;Culture et production animale, chasse et services annexes;A;578.149;6;0.99999;;0;0;17X100A100A0001A
Enedis;2024;E;247000706;Communauté de communes du Pays Riolais;PRO;;;A;1155.655;74;0.6357;;0;0;17X100A100A0001A
Enedis;2024;E;247000714;Communauté de communes du Pays de Villersexel;ENT;01;Culture et production animale, chasse et services annexes;A;164.695;3;0.99999;;0;0;17X100A100A0001A
Enedis;2024;E;247000714;Communauté de communes du Pays de Villersexel;PRO;;;A;1171.899;83;0.7076;;0;0;17X100A100A0001A
Enedis;2024;E;247000722;Communauté de communes du Pays d'Héricourt;PRO;;;A;547.389;38;0.7384;;0;0;17X100A100A0001A
Enedis;2024;E;247000755;Communauté de communes du Pays de Luxeuil;ENT;01;Culture et production animale, chasse et services annexes;A;81.217;1;0.99999;;0;0;17X100A100A0001A
Enedis;2024;E;247000755;Communauté de communes du Pays de Luxeuil;PRO;;;A;791.065;49;0.7501;;0;0;17X100A100A0001A
Enedis;2024;E;247000821;Communauté de communes Rahin et Chérimont;PRO;;;A;67.262;19;0.6975;;0;0;17X100A100A0001A
Enedis;2024;E;247000854;Communauté de communes des 1000 étangs;ENT;02;Sylviculture et exploitation forestière;A;55.857;2;0.99999;;0;0;17X100A100A0001A
Enedis;2024;E;247000854;Communauté de communes des 1000 étangs;PRO;;;A;932.269;55;0.6934;;0;0;17X100A100A0001A
Enedis;2024;E;247100290;Communauté urbaine Le Creusot Montceau-les-Mines;PRO;;;A;3765.505;379;0.6697;;0;0;17X100A100A0001A
Enedis;2024;E;247100589;Communauté d'agglomération Le Grand Chalon;ENT;01;Culture et production animale, chasse et services annexes;A;1482.06;29;0.99999;;0;0;17X100A100A0001A
Enedis;2024;E;247100589;Communauté d'agglomération Le Grand Chalon;PRO;;;A;3432.222;318;0.6997;;0;0;17X100A100A0001A
Enedis;2024;E;247100639;Communauté de communes de Marcigny;ENT;01;Culture et production animale, chasse et services annexes;A;221.545;3;0.99999;;0;0;17X100A100A0001A
Enedis;2024;E;247100639;Communauté de communes de Marcigny;PRO;;;A;849.24;107;0.704;;0;0;17X100A100A0001A
Enedis;2024;E;247100647;Communauté de communes Bresse Nord Intercom';ENT;01;Culture et production animale, chasse et services annexes;A;353.443;4;0.99999;;0;0;17X100A100A0001A
Enedis;2024;E;247100647;Communauté de communes Bresse Nord Intercom';ENT;02;Sylviculture et exploitation forestière;A;79.334;1;0.99999;;0;0;17X100A100A0001A
Enedis;2024;E;247100647;Communauté de communes Bresse Nord Intercom';PRO;;;A;1616.092;107;0.7432;;0;0;17X100A100A0001A
Enedis;2024;E;247103765;Communauté de communes Entre Saône et Grosne;ENT;01;Culture et production animale, chasse et services annexes;A;19.058;1;0.99999;;0;0;17X100A100A0001A
Enedis;2024;E;247103765;Communauté de communes Entre Saône et Grosne;PRO;;;A;574.529;72;0.7082;;0;0;17X100A100A0001A
Enedis;2024;E;247103864;Communauté de communes de Semur-en-Brionnais;ENT;01;Culture et production animale, chasse et services annexes;A;47.791;1;0.99999;;0;0;17X100A100A0001A
Enedis;2024;E;247103864;Communauté de communes de Semur-en-Brionnais;PRO;;;A;421.603;77;0.7602;;0;0;17X100A100A0001A
Enedis;2024;E;247104094;Communauté de communes Sud Côte Chalonnaise;ENT;01;Culture et production animale, chasse et services annexes;A;137.123;3;0.99999;;0;0;17X100A100A0001A
Enedis;2024;E;247104094;Communauté de communes Sud Côte Chalonnaise;PRO;;;A;1425.808;162;0.6806;;0;0;17X100A100A0001A
Enedis;2024;E;247200090;Communauté de communes du Pays Sabolien;ENT;01;Culture et production animale, chasse et services annexes;A;4697.438;70;0.99999;;0;0;17X100A100A0001A
Enedis;2024;E;247200090;Communauté de communes du Pays Sabolien;ENT;02;Sylviculture et exploitation forestière;A;12.435;1;0.99999;;0;0;17X100A100A0001A
Enedis;2024;E;247200090;Communauté de communes du Pays Sabolien;PRO;;;A;4037.716;231;0.7047;;0;0;17X100A100A0001A
Enedis;2024;E;247200132;Communauté urbaine Le Mans Métropole;ENT;01;Culture et production animale, chasse et services annexes;A;2172.118;15;0.99999;;0;0;17X100A100A0001A
Enedis;2024;E;247200132;Communauté urbaine Le Mans Métropole;ENT;02;Sylviculture et exploitation forestière;A;165.947;2;0.99999;;0;0;17X100A100A0001A
Enedis;2024;E;247200132;Communauté urbaine Le Mans Métropole;PRO;;;A;1709.958;103;0.7049;;0;0;17X100A100A0001A
Enedis;2024;E;247200348;Communauté de communes du Pays Fléchois;ENT;01;Culture et production animale, chasse et services annexes;A;3020.312;58;0.99999;;0;0;17X100A100A0001A
Enedis;2024;E;247200348;Communauté de communes du Pays Fléchois;PRO;;;A;2606.951;184;0.6672;;0;0;17X100A100A0001A
Enedis;2024;E;247200421;Communauté de communes du Sud Est Manceau;ENT;01;Culture et production animale, chasse et services annexes;A;704.335;18;0.99999;;0;0;17X100A100A0001A
Enedis;2024;E;247200421;Communauté de communes du Sud Est Manceau;PRO;;;A;654.461;49;0.6995;;0;0;17X100A100A0001A
Enedis;2024;E;247200447;Communauté de communes Orée de Bercé - Belinois;ENT;01;Culture et production animale, chasse et services annexes;A;340.114;3;0.99999;;0;0;17X100A100A0001A
Enedis;2024;E;247200447;Communauté de communes Orée de Bercé - Belinois;PRO;;;A;1135.048;48;0;;0;2;17X100A100A0001A
Enedis;2024;E;247200629;Communauté de communes du Val de Sarthe;ENT;01;Culture et production animale, chasse et services annexes;A;2446.482;32;0.99999;;0;0;17X100A100A0001A
Enedis;2024;E;247200629;Communauté de communes du Val de Sarthe;ENT;02;Sylviculture et exploitation forestière;A;8.221;1;0.99999;;0;0;17X100A100A0001A
Enedis;2024;E;247200629;Communauté de communes du Val de Sarthe;PRO;;;A;2056.389;130;0.7005;;0;0;17X100A100A0001A
Enedis;2024;E;247200686;Communauté de communes du Pays de l'Huisne Sarthoise;ENT;01;Culture et production animale, chasse et services annexes;A;905.379;19;0.99999;;0;0;17X100A100A0001A
Enedis;2024;E;247200686;Communauté de communes du Pays de l'Huisne Sarthoise;PRO;;;A;3979.533;203;0.6601;;0;0;17X100A100A0001A
Enedis;2024;E;247300015;Communauté de communes des Vallées d'Aigueblanche;ENT;01;Culture et production animale, chasse et services annexes;A;46.345;1;0.99999;;0;0;17X100A100A0001A
Enedis;2024;E;247300015;Communauté de communes des Vallées d'Aigueblanche;PRO;;;A;330.477;22;0;;0;1;17X100A100A0001A
Enedis;2024;E;247300254;Communauté de communes de Haute-Tarentaise;ENT;01;Culture et production animale, chasse et services annexes;A;172.417;2;0.99999;;0;0;17X100A100A0001A
Enedis;2024;E;247300254;Communauté de communes de Haute-Tarentaise;PRO;;;A;853.022;52;0.6617;;0;0;17X100A100A0001A
Enedis;2024;E;247300262;Communauté de communes de Yenne;ENT;01;Culture et production animale, chasse et services annexes;A;157.684;2;0.99999;;0;0;17X100A100A0001A
Enedis;2024;E;247300262;Communauté de communes de Yenne;PRO;;;A;1538.709;67;0.6796;;0;0;17X100A100A0001A
Enedis;2024;E;247300361;Communauté de communes du Canton de La Chambre;PRO;;;A;105.931;14;0.7493;;0;0;17X100A100A0001A
Enedis;2024;E;247300528;Communauté de communes Val Guiers;ENT;01;Culture et production animale, chasse et services annexes;A;223.913;3;0.99999;;0;0;17X100A100A0001A
Enedis;2024;E;247300528;Communauté de communes Val Guiers;PRO;;;A;1180.565;61;0.7065;;0;0;17X100A100A0001A
Enedis;2024;E;247300668;Communauté de communes du Lac d'Aiguebelette (CCLA);ENT;01;Culture et production animale, chasse et services annexes;A;72.895;1;0.99999;;0;0;17X100A100A0001A
Enedis;2024;E;247300668;Communauté de communes du Lac d'Aiguebelette (CCLA);PRO;;;A;572.72;33;0.6912;;0;0;17X100A100A0001A
Enedis;2024;E;247300676;Communauté de communes Porte de Maurienne;PRO;;;A;202.277;17;0.6962;;0;0;17X100A100A0001A
Enedis;2024;E;247300817;Communauté de communes Les Versants d'Aime;ENT;01;Culture et production animale, chasse et services annexes;A;221.008;3;0.99999;;0;0;17X100A100A0001A
Enedis;2024;E;247300817;Communauté de communes Les Versants d'Aime;PRO;;;A;509.565;36;0;;0;1;17X100A100A0001A
Enedis;2024;E;247400047;Communauté de communes de la Vallée Verte;PRO;;;A;679.071;28;0.7099;;0;0;17X100A100A0001A
Enedis;2024;E;247400112;Communauté de communes du Pays de Cruseilles;ENT;01;Culture et production animale, chasse et services annexes;A;1139.842;13;0.99999;;0;0;17X100A100A0001A
Enedis;2024;E;247400112;Communauté de communes du Pays de Cruseilles;PRO;;;A;1431.961;69;0.6836;;0;0;17X100A100A0001A
Enedis;2024;E;247400567;Communauté de communes Fier et Usses;PRO;;;A;secret;secret;;;;1;17X100A100A0001A
Enedis;2024;E;247400583;Communauté de communes Arve et Salève;ENT;01;Culture et production animale, chasse et services annexes;A;1457.056;12;0.99999;;0;0;17X100A100A0001A
Enedis;2024;E;247400583;Communauté de communes Arve et Salève;PRO;;;A;1397.288;79;0;;0;1;17X100A100A0001A
Enedis;2024;E;247400666;Communauté de communes des Quatre Rivières;ENT;01;Culture et production animale, chasse et services annexes;A;91.68;2;0.99999;;0;0;17X100A100A0001A
Enedis;2024;E;247400666;Communauté de communes des Quatre Rivières;PRO;;;A;1027.402;52;0;;0;2;17X100A100A0001A
Enedis;2024;E;247400682;Communauté de communes du Haut-Chablais;ENT;01;Culture et production animale, chasse et services annexes;A;40.589;1;0.99999;;0;0;17X100A100A0001A
Enedis;2024;E;247400682;Communauté de communes du Haut-Chablais;PRO;;;A;596.44;39;0.7376;;0;0;17X100A100A0001A
Enedis;2024;E;247400690;Communauté de communes du Genevois;ENT;01;Culture et production animale, chasse et services annexes;A;772.137;13;0.99999;;0;0;17X100A100A0001A
Enedis;2024;E;247400690;Communauté de communes du Genevois;PRO;;;A;1877.683;102;0.6188;;0;0;17X100A100A0001A
Enedis;2024;E;247400724;Communauté de communes du Pays Rochois;ENT;01;Culture et production animale, chasse et services annexes;A;655.899;7;0.99999;;0;0;17X100A100A0001A
Enedis;2024;E;247400724;Communauté de communes du Pays Rochois;PRO;;;A;1224.928;62;0.7417;;0;0;17X100A100A0001A
Enedis;2024;E;247400740;Communauté de communes Rumilly Terre de Savoie;ENT;01;Culture et production animale, chasse et services annexes;A;865.648;8;0.99999;;0;0;17X100A100A0001A
Enedis;2024;E;247400740;Communauté de communes Rumilly Terre de Savoie;PRO;;;A;2691.194;121;0.6524;;0;0;17X100A100A0001A
Enedis;2024;E;247400773;Communauté de communes des Sources du Lac d'Annecy;ENT;01;Culture et production animale, chasse et services annexes;A;147.908;1;0.99999;;0;0;17X100A100A0001A
Enedis;2024;E;247400773;Communauté de communes des Sources du Lac d'Annecy;PRO;;;A;525.802;26;0.6712;;0;0;17X100A100A0001A
Enedis;2024;E;247600505;Communauté de communes Campagne-de-Caux;ENT;01;Culture et production animale, chasse et services annexes;A;1811.107;18;0.99999;;0;0;17X100A100A0001A
Enedis;2024;E;247600505;Communauté de communes Campagne-de-Caux;PRO;;;A;2417.743;105;0.6845;;0;0;17X100A100A0001A
Enedis;2024;E;247600588;Communauté de communes des Villes Sœurs;ENT;01;Culture et production animale, chasse et services annexes;A;669.85;7;0.99999;;0;0;17X100A100A0001A
Enedis;2024;E;247600588;Communauté de communes des Villes Sœurs;PRO;;;A;1414.347;110;0.7134;;0;0;17X100A100A0001A
Enedis;2024;E;247600604;Communauté de communes de Londinières;ENT;01;Culture et production animale, chasse et services annexes;A;662.292;3;0.99999;;0;0;17X100A100A0001A
Enedis;2024;E;247600604;Communauté de communes de Londinières;PRO;;;A;1732.604;113;0.6736;;0;0;17X100A100A0001A
Enedis;2024;E;247600620;Communauté de communes Yvetot Normandie;ENT;01;Culture et production animale, chasse et services annexes;A;1488.104;8;0.99999;;0;0;17X100A100A0001A
Enedis;2024;E;247600620;Communauté de communes Yvetot Normandie;PRO;;;A;2403.12;113;0.6426;;0;0;17X100A100A0001A
Enedis;2024;E;247600646;Communauté de communes Caux - Austreberthe;ENT;01;Culture et production animale, chasse et services annexes;A;77.694;1;0.99999;;0;0;17X100A100A0001A
Enedis;2024;E;247600646;Communauté de communes Caux - Austreberthe;PRO;;;A;1204.776;60;0.679;;0;0;17X100A100A0001A
Enedis;2024;E;247600729;Communauté de communes Falaises du Talou;ENT;01;Culture et production animale, chasse et services annexes;A;880.139;6;0.99999;;0;0;17X100A100A0001A
Enedis;2024;E;247600729;Communauté de communes Falaises du Talou;ENT;03;Pêche et aquaculture;A;328.836;1;0.99999;;0;0;17X100A100A0001A
Enedis;2024;E;247600729;Communauté de communes Falaises du Talou;PRO;;;A;2947.534;172;0.6954;;0;0;17X100A100A0001A
Enedis;2024;E;247600786;Communauté d'agglomération de la Région Dieppoise;ENT;01;Culture et production animale, chasse et services annexes;A;205.45;4;0.99999;;0;0;17X100A100A0001A
Enedis;2024;E;247600786;Communauté d'agglomération de la Région Dieppoise;PRO;;;A;676.213;66;0.5771;;0;0;17X100A100A0001A
Enedis;2024;E;247700032;Communauté de communes Moret Seine et Loing;ENT;01;Culture et production animale, chasse et services annexes;A;311.597;8;0.99999;;0;0;17X100A100A0001A
Enedis;2024;E;247700032;Communauté de communes Moret Seine et Loing;PRO;;;A;530.516;48;0.6689;;0;0;17X100A100A0001A
Enedis;2024;E;247700057;Communauté d'agglomération Melun Val de Seine;ENT;01;Culture et production animale, chasse et services annexes;A;132.999;6;0.99999;;0;0;17X100A100A0001A
Enedis;2024;E;247700057;Communauté d'agglomération Melun Val de Seine;PRO;;;A;343.897;37;0.6262;;0;0;17X100A100A0001A
Enedis;2024;E;247700065;Communauté de communes du Pays de l'Ourcq;ENT;01;Culture et production animale, chasse et services annexes;A;609.435;24;0.9968;;0;0;17X100A100A0001A
Enedis;2024;E;247700065;Communauté de communes du Pays de l'Ourcq;PRO;;;A;935.843;68;0.6953;;0;0;17X100A100A0001A
Enedis;2024;E;247700107;Communauté de communes Pays de Montereau;ENT;01;Culture et production animale, chasse et services annexes;A;69.541;4;0.99999;;0;0;17X100A100A0001A
Enedis;2024;E;247700107;Communauté de communes Pays de Montereau;PRO;;;A;539.717;66;0.4668;;0;0;17X100A100A0001A
Enedis;2024;E;247700339;Communauté d'agglomération Val d'Europe Agglomération;PRO;;;A;secret;secret;;;;3;17X100A100A0001A
Enedis;2024;E;247700594;Communauté d'agglomération Marne et Gondoire;ENT;01;Culture et production animale, chasse et services annexes;A;966.095;2;0.99999;;0;0;17X100A100A0001A
Enedis;2024;E;247700594;Communauté d'agglomération Marne et Gondoire;PRO;;;A;166.228;21;0.7242;;0;0;17X100A100A0001A
Enedis;2024;E;247700644;Communauté de communes l'Orée de la Brie;ENT;01;Culture et production animale, chasse et services annexes;A;201.719;2;0.99999;;0;0;17X100A100A0001A
Enedis;2024;E;247700644;Communauté de communes l'Orée de la Brie;PRO;;;A;134.731;16;0.5779;;0;0;17X100A100A0001A
Enedis;2024;E;247700701;Communauté de communes Brie Nangissienne;ENT;01;Culture et production animale, chasse et services annexes;A;2039.708;22;0.99999;;0;0;17X100A100A0001A
Enedis;2024;E;247700701;Communauté de communes Brie Nangissienne;PRO;;;A;1149.534;112;0.6746;;0;0;17X100A100A0001A
Enedis;2024;E;247800550;Communauté de communes du Pays Houdanais (CCPH);ENT;01;Culture et production animale, chasse et services annexes;A;5.336;2;0.99999;;0;0;17X100A100A0001A
Enedis;2024;E;247800550;Communauté de communes du Pays Houdanais (CCPH);PRO;;;A;280.093;28;0.6035;;0;0;17X100A100A0001A
Enedis;2024;E;247800584;Communauté d'agglomération Versailles Grand Parc (CAVGP);ENT;01;Culture et production animale, chasse et services annexes;A;267.66;4;0.99999;;0;0;17X100A100A0001A
Enedis;2024;E;247800584;Communauté d'agglomération Versailles Grand Parc (CAVGP);ENT;02;Sylviculture et exploitation forestière;A;7.545;1;0.99999;;0;0;17X100A100A0001A
Enedis;2024;E;247800584;Communauté d'agglomération Versailles Grand Parc (CAVGP);PRO;;;A;283.303;23;0.7302;;0;0;17X100A100A0001A
Enedis;2024;E;247800618;Communauté de communes Cœur d'Yvelines;ENT;01;Culture et production animale, chasse et services annexes;A;1840.017;16;0.99999;;0;0;17X100A100A0001A
Enedis;2024;E;247800618;Communauté de communes Cœur d'Yvelines;PRO;;;A;1046.542;66;0.7446;;0;0;17X100A100A0001A
Enedis;2024;E;247900798;Communauté de communes du Thouarsais;PRO;;;A;secret;secret;;;;1;17X100A100A0001A
Enedis;2024;E;248000499;Communauté de communes du Val de Somme;ENT;01;Culture et production animale, chasse et services annexes;A;1566.11;21;0.8904;;0;0;17X100A100A0001A
Enedis;2024;E;248000499;Communauté de communes du Val de Somme;PRO;;;A;878.203;110;0.7618;;0;0;17X100A100A0001A
Enedis;2024;E;248000531;Communauté d'agglomération Amiens Métropole;ENT;01;Culture et production animale, chasse et services annexes;A;583.859;15;0.99999;;0;0;17X100A100A0001A
Enedis;2024;E;248000531;Communauté d'agglomération Amiens Métropole;PRO;;;A;1782.264;174;0.6896;;0;0;17X100A100A0001A
Enedis;2024;E;248000747;Communauté de communes du Pays du Coquelicot;ENT;01;Culture et production animale, chasse et services annexes;A;5190.035;60;0.9994;;0;0;17X100A100A0001A
Enedis;2024;E;248000747;Communauté de communes du Pays du Coquelicot;PRO;;;A;3328.124;279;0.7016;;0;0;17X100A100A0001A
Enedis;2024;E;248100158;Communauté de communes du Sor et de l'Agout;ENT;01;Culture et production animale, chasse et services annexes;A;1398.2;14;0.99999;;0;0;17X100A100A0001A
Enedis;2024;E;248100158;Communauté de communes du Sor et de l'Agout;PRO;;;A;2019.357;205;0.7303;;0;0;17X100A100A0001A
Enedis;2024;E;248100430;Communauté d'agglomération de Castres Mazamet;ENT;01;Culture et production animale, chasse et services annexes;A;777.731;10;0.99999;;0;0;17X100A100A0001A
Enedis;2024;E;248100430;Communauté d'agglomération de Castres Mazamet;PRO;;;A;1161.153;114;0.6983;;0;0;17X100A100A0001A
Enedis;2024;E;248100497;Communauté de communes Val 81;ENT;01;Culture et production animale, chasse et services annexes;A;84.29;4;0.99999;;0;0;17X100A100A0001A
Enedis;2024;E;248100497;Communauté de communes Val 81;ENT;02;Sylviculture et exploitation forestière;A;18.132;1;0.99999;;0;0;17X100A100A0001A
Enedis;2024;E;248100497;Communauté de communes Val 81;PRO;;;A;1722.627;136;0.7365;;0;0;17X100A100A0001A
Enedis;2024;E;248100737;Communauté d'agglomération de l'Albigeois (C2A);ENT;01;Culture et production animale, chasse et services annexes;A;352.325;5;0.99999;;0;0;17X100A100A0001A
Enedis;2024;E;248100737;Communauté d'agglomération de l'Albigeois (C2A);PRO;;;A;1093.404;105;0.6997;;0;0;17X100A100A0001A
Enedis;2024;E;248100745;Communauté de communes Thoré Montagne Noire;PRO;;;A;279.591;27;0.7479;;0;0;17X100A100A0001A
Enedis;2024;E;248200016;Communauté de communes des Deux Rives;ENT;01;Culture et production animale, chasse et services annexes;A;3511.4;34;0.99999;;0;0;17X100A100A0001A
Enedis;2024;E;248200016;Communauté de communes des Deux Rives;PRO;;;A;2088.754;222;0.7491;;0;0;17X100A100A0001A
Enedis;2024;E;248200057;Communauté de communes du Quercy Caussadais;ENT;01;Culture et production animale, chasse et services annexes;A;2060.72;30;0.99999;;0;0;17X100A100A0001A
Enedis;2024;E;248200057;Communauté de communes du Quercy Caussadais;PRO;;;A;2807.456;275;0.7284;;0;0;17X100A100A0001A
Enedis;2024;E;248200065;Communauté de communes de la Lomagne Tarn-et-Garonnaise;ENT;01;Culture et production animale, chasse et services annexes;A;1650.539;30;0.9998;;0;0;17X100A100A0001A
Enedis;2024;E;248200065;Communauté de communes de la Lomagne Tarn-et-Garonnaise;PRO;;;A;1808.438;199;0.7143;;0;0;17X100A100A0001A
Enedis;2024;E;248200099;Communauté d'agglomération Grand Montauban;ENT;01;Culture et production animale, chasse et services annexes;A;10589.286;67;0.9979;;0;0;17X100A100A0001A
Enedis;2024;E;248200099;Communauté d'agglomération Grand Montauban;PRO;;;A;2645.415;250;0.7264;;0;0;17X100A100A0001A
Enedis;2024;E;248200107;Communauté de communes du Quercy Rouergue et des Gorges de l'Aveyron;ENT;01;Culture et production animale, chasse et services annexes;A;69.971;1;0.99999;;0;0;17X100A100A0001A
Enedis;2024;E;248200107;Communauté de communes du Quercy Rouergue et des Gorges de l'Aveyron;PRO;;;A;1796.972;141;0.7006;;0;0;17X100A100A0001A
Enedis;2024;E;248300394;Communauté d'agglomération Sud Sainte Baume;ENT;01;Culture et production animale, chasse et services annexes;A;1794.152;21;0.99999;;0;0;17X100A100A0001A
Enedis;2024;E;248300394;Communauté d'agglomération Sud Sainte Baume;PRO;;;A;1372.958;121;0.666;;0;0;17X100A100A0001A
Enedis;2024;E;248300410;Communauté de communes de la Vallée du Gapeau;ENT;01;Culture et production animale, chasse et services annexes;A;181.328;5;0.9144;;0;0;17X100A100A0001A
Enedis;2024;E;248300410;Communauté de communes de la Vallée du Gapeau;PRO;;;A;495.513;55;0.7285;;0;0;17X100A100A0001A
Enedis;2024;E;248300493;Communauté d'agglomération Dracénie Provence Verdon Agglomération;ENT;01;Culture et production animale, chasse et services annexes;A;8391.767;45;0.99999;;0;0;17X100A100A0001A
Enedis;2024;E;248300493;Communauté d'agglomération Dracénie Provence Verdon Agglomération;PRO;;;A;2408.141;209;0.7028;;0;0;17X100A100A0001A
Enedis;2024;E;248300543;Métropole Toulon-Provence-Méditerranée;ENT;01;Culture et production animale, chasse et services annexes;A;3082.746;45;0.99999;;0;0;17X100A100A0001A
Enedis;2024;E;248300543;Métropole Toulon-Provence-Méditerranée;ENT;02;Sylviculture et exploitation forestière;A;44.921;1;0.99999;;0;0;17X100A100A0001A
Enedis;2024;E;248300543;Métropole Toulon-Provence-Méditerranée;ENT;03;Pêche et aquaculture;A;160.075;2;0.99999;;0;0;17X100A100A0001A
Enedis;2024;E;248300543;Métropole Toulon-Provence-Méditerranée;PRO;;;A;4133.453;411;0.718;;0;0;17X100A100A0001A
Enedis;2024;E;248300550;Communauté de communes Cœur du Var;ENT;01;Culture et production animale, chasse et services annexes;A;5041.623;35;0.99999;;0;0;17X100A100A0001A
Enedis;2024;E;248300550;Communauté de communes Cœur du Var;PRO;;;A;2042.332;171;0;;0;2;17X100A100A0001A
Enedis;2024;E;248400053;Communauté d'agglomération Ventoux-Comtat-Venaissin (COVE);ENT;01;Culture et production animale, chasse et services annexes;A;2974.951;31;0.99999;;0;0;17X100A100A0001A
Enedis;2024;E;248400053;Communauté d'agglomération Ventoux-Comtat-Venaissin (COVE);PRO;;;A;5613.484;479;0.668;;0;0;17X100A100A0001A
Enedis;2024;E;248400160;Communauté de communes Aygues-Ouvèze en Provence (CCAOP);ENT;01;Culture et production animale, chasse et services annexes;A;1466.571;20;0.99999;;0;0;17X100A100A0001A
Enedis;2024;E;248400160;Communauté de communes Aygues-Ouvèze en Provence (CCAOP);PRO;;;A;1734.275;169;0;;0;1;17X100A100A0001A
Enedis;2024;E;248400236;Communauté de communes Pays d'Orange en Provence;ENT;01;Culture et production animale, chasse et services annexes;A;4929.327;49;0.99999;;0;0;17X100A100A0001A
Enedis;2024;E;248400236;Communauté de communes Pays d'Orange en Provence;PRO;;;A;3091.579;324;0.678;;0;0;17X100A100A0001A
Enedis;2024;E;248400251;Communauté d'agglomération du Grand Avignon (COGA);ENT;01;Culture et production animale, chasse et services annexes;A;2977.065;29;0.99999;;0;0;17X100A100A0001A
Enedis;2024;E;248400251;Communauté d'agglomération du Grand Avignon (COGA);PRO;;;A;2302.484;246;0.7065;;0;0;17X100A100A0001A
Enedis;2024;E;248400285;Communauté de communes Territoriale Sud-Luberon;ENT;01;Culture et production animale, chasse et services annexes;A;785.065;11;0.99999;;0;0;17X100A100A0001A
Enedis;2024;E;248400285;Communauté de communes Territoriale Sud-Luberon;PRO;;;A;1518.957;170;0.6794;;0;0;17X100A100A0001A
Enedis;2024;E;248400293;Communauté d'agglomération des Sorgues du Comtat;ENT;01;Culture et production animale, chasse et services annexes;A;3039.081;31;0.99999;;0;0;17X100A100A0001A
Enedis;2024;E;248400293;Communauté d'agglomération des Sorgues du Comtat;ENT;02;Sylviculture et exploitation forestière;A;27.31;1;0.99999;;0;0;17X100A100A0001A
Enedis;2024;E;248400293;Communauté d'agglomération des Sorgues du Comtat;PRO;;;A;2394.723;214;0.5952;;0;0;17X100A100A0001A
Enedis;2024;E;248400319;Communauté de communes du Pays des Sorgues et des Monts de Vaucluse;ENT;01;Culture et production animale, chasse et services annexes;A;5251.247;31;0.99999;;0;0;17X100A100A0001A
Enedis;2024;E;248400319;Communauté de communes du Pays des Sorgues et des Monts de Vaucluse;PRO;;;A;1437.363;160;0.6646;;0;0;17X100A100A0001A
Enedis;2024;E;248400335;Communauté de communes Vaison Ventoux;ENT;01;Culture et production animale, chasse et services annexes;A;686.18;14;0.99999;;0;0;17X100A100A0001A
Enedis;2024;E;248400335;Communauté de communes Vaison Ventoux;PRO;;;A;2209.717;237;0.6365;;0;0;17X100A100A0001A
Enedis;2024;E;248500191;Communauté de communes de l'Île de Noirmoutier;ENT;03;Pêche et aquaculture;A;2833.188;4;0.99999;;0;0;17X100A100A0001A
Enedis;2024;E;248500191;Communauté de communes de l'Île de Noirmoutier;PRO;;;A;696.627;79;0;;0;1;17X100A100A0001A
Enedis;2024;E;248500258;Communauté de communes Océan Marais de Monts;ENT;01;Culture et production animale, chasse et services annexes;A;259.828;3;0.99999;;0;0;17X100A100A0001A
Enedis;2024;E;248500258;Communauté de communes Océan Marais de Monts;PRO;;;A;865.215;67;0;;0;2;17X100A100A0001A
Enedis;2024;E;248500340;Communauté de communes Pays de Chantonnay;ENT;01;Culture et production animale, chasse et services annexes;A;2207.137;44;0.99999;;0;0;17X100A100A0001A
Enedis;2024;E;248500340;Communauté de communes Pays de Chantonnay;PRO;;;A;4990.531;295;0;;0;2;17X100A100A0001A
Enedis;2024;E;248500415;Communauté de communes du Pays de la Châtaigneraie;ENT;01;Culture et production animale, chasse et services annexes;A;4097.346;54;0.99999;;0;0;17X100A100A0001A
Enedis;2024;E;248500415;Communauté de communes du Pays de la Châtaigneraie;PRO;;;A;6113.481;368;0;;0;1;17X100A100A0001A
Enedis;2024;E;248500464;Communauté de communes du Pays de Pouzauges;ENT;01;Culture et production animale, chasse et services annexes;A;1970.554;28;0.99999;;0;0;17X100A100A0001A
Enedis;2024;E;248500464;Communauté de communes du Pays de Pouzauges;PRO;;;A;5300.258;377;0.7374;;0;0;17X100A100A0001A
Enedis;2024;E;248500530;Communauté de communes du Pays des Achards;ENT;01;Culture et production animale, chasse et services annexes;A;1365.115;32;0.99999;;0;0;17X100A100A0001A
Enedis;2024;E;248500530;Communauté de communes du Pays des Achards;PRO;;;A;2369.789;179;0.7498;;0;0;17X100A100A0001A
Enedis;2024;E;248500563;Communauté de communes Vendée,Sèvre,Autise;ENT;01;Culture et production animale, chasse et services annexes;A;2984.124;50;0.99999;;0;0;17X100A100A0001A
Enedis;2024;E;248500563;Communauté de communes Vendée,Sèvre,Autise;PRO;;;A;3465.208;282;0.638;;0;0;17X100A100A0001A
Enedis;2024;E;248500589;Communauté d'agglomération La Roche-sur-Yon Agglomération;ENT;01;Culture et production animale, chasse et services annexes;A;4430.198;45;0.99999;;0;0;17X100A100A0001A
Enedis;2024;E;248500589;Communauté d'agglomération La Roche-sur-Yon Agglomération;PRO;;;A;4459.105;320;0.7135;;0;0;17X100A100A0001A
Enedis;2024;E;248500621;Communauté de communes du Pays des Herbiers;ENT;01;Culture et production animale, chasse et services annexes;A;3456.733;30;0.99999;;0;0;17X100A100A0001A
Enedis;2024;E;248500621;Communauté de communes du Pays des Herbiers;PRO;;;A;4572.128;279;0.717;;0;0;17X100A100A0001A
Enedis;2024;E;248500662;Communauté de communes du Pays de Mortagne;ENT;01;Culture et production animale, chasse et services annexes;A;2483.781;40;0.99999;;0;0;17X100A100A0001A
Enedis;2024;E;248500662;Communauté de communes du Pays de Mortagne;PRO;;;A;5229.417;329;0;;0;1;17X100A100A0001A
Enedis;2024;E;248600413;Communauté d'agglomération Grand Châtellerault;ENT;01;Culture et production animale, chasse et services annexes;A;1117.29;39;0.99999;;0;0;17X100A100A0001A
Enedis;2024;E;248600413;Communauté d'agglomération Grand Châtellerault;ENT;02;Sylviculture et exploitation forestière;A;33.468;1;0.99999;;0;0;17X100A100A0001A
Enedis;2024;E;248600413;Communauté d'agglomération Grand Châtellerault;PRO;;;A;813.573;89;0.7308;;0;0;17X100A100A0001A
Enedis;2024;E;248600447;Communauté de communes du Pays Loudunais;PRO;;;A;secret;secret;;;;1;17X100A100A0001A
Enedis;2024;E;248700189;Communauté de communes du Pays de Saint-Yrieix;ENT;01;Culture et production animale, chasse et services annexes;A;137.553;3;0.99999;;0;0;17X100A100A0001A
Enedis;2024;E;248700189;Communauté de communes du Pays de Saint-Yrieix;ENT;02;Sylviculture et exploitation forestière;A;28.531;2;0.99999;;0;0;17X100A100A0001A
Enedis;2024;E;248700189;Communauté de communes du Pays de Saint-Yrieix;PRO;;;A;1587.348;209;0;;0;3;17X100A100A0001A
Enedis;2024;E;248719262;Communauté de communes Gartempe - Saint-Pardoux;ENT;01;Culture et production animale, chasse et services annexes;A;162.913;1;0.99999;;0;0;17X100A100A0001A
Enedis;2024;E;248719262;Communauté de communes Gartempe - Saint-Pardoux;PRO;;;A;510.254;112;0;;0;1;17X100A100A0001A
Enedis;2024;E;248719288;Communauté de communes du Val de Vienne;ENT;01;Culture et production animale, chasse et services annexes;A;218.021;2;0.99999;;0;0;17X100A100A0001A
Enedis;2024;E;248719288;Communauté de communes du Val de Vienne;PRO;;;A;385.388;61;0.7519;;0;0;17X100A100A0001A
Enedis;2024;E;248719312;Communauté urbaine Limoges Métropole;ENT;01;Culture et production animale, chasse et services annexes;A;176.257;3;0.99999;;0;0;17X100A100A0001A
Enedis;2024;E;248719312;Communauté urbaine Limoges Métropole;PRO;;;A;1178.245;181;0.7256;;0;0;17X100A100A0001A
Enedis;2024;E;248719338;Communauté de communes Briance-Combade;PRO;;;A;285.022;86;0.7237;;0;0;17X100A100A0001A
Enedis;2024;E;248719353;Communauté de communes des Portes de Vassivière;ENT;01;Culture et production animale, chasse et services annexes;A;154.797;1;0.99999;;0;0;17X100A100A0001A
Enedis;2024;E;248719353;Communauté de communes des Portes de Vassivière;ENT;02;Sylviculture et exploitation forestière;A;53.521;1;0.99999;;0;0;17X100A100A0001A
Enedis;2024;E;248719353;Communauté de communes des Portes de Vassivière;PRO;;;A;653.118;105;0.6293;;0;0;17X100A100A0001A
Enedis;2024;E;248719361;Communauté de communes de Noblat;ENT;01;Culture et production animale, chasse et services annexes;A;16.787;2;0.99999;;0;0;17X100A100A0001A
Enedis;2024;E;248719361;Communauté de communes de Noblat;PRO;;;A;1127.606;172;0;;0;1;17X100A100A0001A
Enedis;2024;E;248900334;Communauté d'agglomération du Grand Sénonais;ENT;01;Culture et production animale, chasse et services annexes;A;633.121;16;0.99999;;0;0;17X100A100A0001A
Enedis;2024;E;248900334;Communauté d'agglomération du Grand Sénonais;PRO;;;A;631.3;98;0.7046;;0;0;17X100A100A0001A
Enedis;2024;E;248900383;Communauté de communes de l'Agglomération Migennoise;ENT;01;Culture et production animale, chasse et services annexes;A;252.488;8;0.99999;;0;0;17X100A100A0001A
Enedis;2024;E;248900383;Communauté de communes de l'Agglomération Migennoise;PRO;;;A;113.225;16;0.7466;;0;0;17X100A100A0001A
Enedis;2024;E;248900524;Communauté de communes de l'Aillantais en Bourgogne;ENT;01;Culture et production animale, chasse et services annexes;A;607.092;11;0.99999;;0;0;17X100A100A0001A
Enedis;2024;E;248900524;Communauté de communes de l'Aillantais en Bourgogne;PRO;;;A;850.768;100;0.6764;;0;0;17X100A100A0001A
Enedis;2024;E;248900664;Communauté de communes de la Vanne et du Pays d'Othe;ENT;01;Culture et production animale, chasse et services annexes;A;1288.795;18;0.99999;;0;0;17X100A100A0001A
Enedis;2024;E;248900664;Communauté de communes de la Vanne et du Pays d'Othe;PRO;;;A;728.738;108;0.7035;;0;0;17X100A100A0001A
Enedis;2024;E;248900748;Communauté de communes du Gâtinais en Bourgogne;ENT;01;Culture et production animale, chasse et services annexes;A;671.212;8;0.9547;;0;0;17X100A100A0001A
Enedis;2024;E;248900748;Communauté de communes du Gâtinais en Bourgogne;PRO;;;A;1181.986;116;0.7158;;0;0;17X100A100A0001A
Enedis;2024;E;248900896;Communauté de communes Yonne Nord;ENT;01;Culture et production animale, chasse et services annexes;A;639.432;9;0.99999;;0;0;17X100A100A0001A
Enedis;2024;E;248900896;Communauté de communes Yonne Nord;PRO;;;A;660.603;123;0.6795;;0;0;17X100A100A0001A
Enedis;2024;E;248900938;Communauté de communes du Jovinien;ENT;01;Culture et production animale, chasse et services annexes;A;531.813;4;0.99999;;0;0;17X100A100A0001A
Enedis;2024;E;248900938;Communauté de communes du Jovinien;ENT;02;Sylviculture et exploitation forestière;A;176.775;1;0.99999;;0;0;17X100A100A0001A
Enedis;2024;E;248900938;Communauté de communes du Jovinien;PRO;;;A;671.349;96;0.6676;;0;0;17X100A100A0001A
Enedis;2024;E;249000241;Communauté de communes du Sud Territoire;ENT;01;Culture et production animale, chasse et services annexes;A;562.844;4;0.99999;;0;0;17X100A100A0001A
Enedis;2024;E;249000241;Communauté de communes du Sud Territoire;PRO;;;A;1565.803;77;0.6273;;0;0;17X100A100A0001A
Enedis;2024;E;249100074;Communauté de communes du Pays de Limours (CCPL);ENT;01;Culture et production animale, chasse et services annexes;A;1012.629;6;0.99999;;0;0;17X100A100A0001A
Enedis;2024;E;249100074;Communauté de communes du Pays de Limours (CCPL);PRO;;;A;450.984;33;0.6172;;0;0;17X100A100A0001A
Enedis;2024;E;249100157;Communauté de communes des Deux Vallées;ENT;01;Culture et production animale, chasse et services annexes;A;1713.219;21;0.99999;;0;0;17X100A100A0001A
Enedis;2024;E;249100157;Communauté de communes des Deux Vallées;PRO;;;A;235.627;23;0.6261;;0;0;17X100A100A0001A
Enedis;2024;E;249100546;Communauté de communes du Val d'Essonne (CCVE);ENT;01;Culture et production animale, chasse et services annexes;A;427.495;13;0.99999;;0;0;17X100A100A0001A
Enedis;2024;E;249100546;Communauté de communes du Val d'Essonne (CCVE);PRO;;;A;264.849;31;0.5791;;0;0;17X100A100A0001A
Enedis;2024;E;249100553;Communauté de communes Entre Juine et Renarde (CCEJR);ENT;01;Culture et production animale, chasse et services annexes;A;157.843;2;0.99999;;0;0;17X100A100A0001A
Enedis;2024;E;249100553;Communauté de communes Entre Juine et Renarde (CCEJR);PRO;;;A;99.803;15;0.7035;;0;0;17X100A100A0001A
Enedis;2024;E;249100595;Communauté de communes Le Dourdannais en Hurepoix (CCDH);ENT;01;Culture et production animale, chasse et services annexes;A;229.434;6;0.99999;;0;0;17X100A100A0001A
Enedis;2024;E;249100595;Communauté de communes Le Dourdannais en Hurepoix (CCDH);ENT;02;Sylviculture et exploitation forestière;A;1.545;1;0.99999;;0;0;17X100A100A0001A
Enedis;2024;E;249100595;Communauté de communes Le Dourdannais en Hurepoix (CCDH);PRO;;;A;260.656;32;0.5567;;0;0;17X100A100A0001A
Enedis;2024;E;249500109;Communauté d'agglomération de Cergy-Pontoise;ENT;01;Culture et production animale, chasse et services annexes;A;203.575;5;0.99999;;0;0;17X100A100A0001A
Enedis;2024;E;249500109;Communauté d'agglomération de Cergy-Pontoise;PRO;;;A;493.066;25;0.7696;;0;0;17X100A100A0001A
Enedis;2024;E;249500430;Communauté de communes Sausseron Impressionnistes;ENT;01;Culture et production animale, chasse et services annexes;A;133.881;2;0.99999;;0;0;17X100A100A0001A
Enedis;2024;E;249500430;Communauté de communes Sausseron Impressionnistes;PRO;;;A;254.922;16;0;;0;2;17X100A100A0001A
Enedis;2024;E;249500455;Communauté de communes de la Vallée de l'Oise et des Trois Forêts;ENT;01;Culture et production animale, chasse et services annexes;A;84.732;3;0.99999;;0;0;17X100A100A0001A
Enedis;2024;E;249500455;Communauté de communes de la Vallée de l'Oise et des Trois Forêts;PRO;;;A;359.314;20;0.713;;0;0;17X100A100A0001A
Enedis;2024;E;249500489;Communauté de communes du Haut Val d'Oise;ENT;01;Culture et production animale, chasse et services annexes;A;80.267;2;0.99999;;0;0;17X100A100A0001A
Enedis;2024;E;249500489;Communauté de communes du Haut Val d'Oise;PRO;;;A;61.849;6;0.3272;;0;0;17X100A100A0001A
Enedis;2024;E;249500513;Communauté de communes du Vexin-Val de Seine;ENT;01;Culture et production animale, chasse et services annexes;A;462.858;7;0.9729;;0;0;17X100A100A0001A
Enedis;2024;E;249500513;Communauté de communes du Vexin-Val de Seine;PRO;;;A;459.185;54;0.6622;;0;0;17X100A100A0001A
Enedis;2024;E;200000172;Communauté de communes Faucigny-Glières;ENT;01;Culture et production animale, chasse et services annexes;A;49.915;1;0.99999;;0;0;17X100A100A0001A
Enedis;2024;E;200000172;Communauté de communes Faucigny-Glières;PRO;;;A;695.007;34;0.6388;;0;0;17X100A100A0001A
Enedis;2024;E;200000438;Communauté de communes du Pays de Pontchâteau Saint-Gildas-des-Bois;ENT;01;Culture et production animale, chasse et services annexes;A;2558.952;12;0.99999;;0;0;17X100A100A0001A
Enedis;2024;E;200000438;Communauté de communes du Pays de Pontchâteau Saint-Gildas-des-Bois;PRO;;;A;2939.326;172;0.7267;;0;0;17X100A100A0001A
Enedis;2024;E;200000545;Communauté de communes des Portes de Romilly-sur-Seine;ENT;01;Culture et production animale, chasse et services annexes;A;1223.815;16;0.99999;;0;0;17X100A100A0001A
Enedis;2024;E;200000545;Communauté de communes des Portes de Romilly-sur-Seine;PRO;;;A;183.515;30;0.7184;;0;0;17X100A100A0001A
Enedis;2024;E;200000628;Communauté de communes Rhône Lez Provence;ENT;01;Culture et production animale, chasse et services annexes;A;1064.29;20;0.99999;;0;0;17X100A100A0001A
Enedis;2024;E;200000628;Communauté de communes Rhône Lez Provence;PRO;;;A;1838.749;167;0;;0;3;17X100A100A0001A
Enedis;2024;E;200000800;Communauté de communes Cœur de Sologne;ENT;01;Culture et production animale, chasse et services annexes;A;784.149;15;0.99999;;0;0;17X100A100A0001A
Enedis;2024;E;200000800;Communauté de communes Cœur de Sologne;ENT;02;Sylviculture et exploitation forestière;A;10.925;1;0.99999;;0;0;17X100A100A0001A
Enedis;2024;E;200000800;Communauté de communes Cœur de Sologne;PRO;;;A;294.396;36;0.6506;;0;0;17X100A100A0001A
Enedis;2024;E;200000925;Communauté de communes de la Plaine Dijonnaise;ENT;01;Culture et production animale, chasse et services annexes;A;494.694;8;0.99999;;0;0;17X100A100A0001A
Enedis;2024;E;200000925;Communauté de communes de la Plaine Dijonnaise;PRO;;;A;490.137;63;0.7186;;0;0;17X100A100A0001A
Enedis;2024;E;200000933;Communauté de communes Sauldre et Sologne;ENT;01;Culture et production animale, chasse et services annexes;A;4560.405;66;0.99999;;0;0;17X100A100A0001A
Enedis;2024;E;200000933;Communauté de communes Sauldre et Sologne;ENT;02;Sylviculture et exploitation forestière;A;167.221;3;0.7737;;0;0;17X100A100A0001A
Enedis;2024;E;200000933;Communauté de communes Sauldre et Sologne;ENT;03;Pêche et aquaculture;A;74.439;2;0.99999;;0;0;17X100A100A0001A
Enedis;2024;E;200000933;Communauté de communes Sauldre et Sologne;PRO;;;A;2071.727;192;0.6018;;0;0;17X100A100A0001A
Enedis;2024;E;200004802;Communauté de communes du Pays de Fayence;ENT;01;Culture et production animale, chasse et services annexes;A;119.249;5;0.99999;;0;0;17X100A100A0001A
Enedis;2024;E;200004802;Communauté de communes du Pays de Fayence;PRO;;;A;509.52;45;0.7612;;0;0;17X100A100A0001A
Enedis;2024;E;200005932;Communauté de communes des Portes de Sologne;ENT;01;Culture et production animale, chasse et services annexes;A;595.883;19;0.99999;;0;0;17X100A100A0001A
Enedis;2024;E;200005932;Communauté de communes des Portes de Sologne;ENT;03;Pêche et aquaculture;A;39.41;1;0.99999;;0;0;17X100A100A0001A
Enedis;2024;E;200005932;Communauté de communes des Portes de Sologne;PRO;;;A;364.743;36;0.6968;;0;0;17X100A100A0001A
Enedis;2024;E;200005957;Communauté de communes de la Région de Rambervillers;ENT;01;Culture et production animale, chasse et services annexes;A;71.594;2;0.99999;;0;0;17X100A100A0001A
Enedis;2024;E;200005957;Communauté de communes de la Région de Rambervillers;PRO;;;A;2872.333;165;0.7189;;0;0;17X100A100A0001A
Enedis;2024;E;200006682;Communauté d'agglomération Beaune,Côte et Sud - Communauté Beaune-Chagny-Nolay;ENT;01;Culture et production animale, chasse et services annexes;A;6506.339;73;0.99999;;0;0;17X100A100A0001A
Enedis;2024;E;200006682;Communauté d'agglomération Beaune,Côte et Sud - Communauté Beaune-Chagny-Nolay;PRO;;;A;9953.036;953;0.7097;;0;0;17X100A100A0001A
Enedis;2024;E;200006716;Communauté de communes du Nogentais;ENT;01;Culture et production animale, chasse et services annexes;A;2663.91;29;0.99999;;0;0;17X100A100A0001A
Enedis;2024;E;200006716;Communauté de communes du Nogentais;ENT;02;Sylviculture et exploitation forestière;A;67.898;1;0.99999;;0;0;17X100A100A0001A
Enedis;2024;E;200006716;Communauté de communes du Nogentais;PRO;;;A;804.727;103;0.7131;;0;0;17X100A100A0001A
Enedis;2024;E;200006930;Communauté de communes du Haut Allier;PRO;;;A;662.662;88;0.689;;0;0;17X100A100A0001A
Enedis;2024;E;200006971;Communauté de communes du Perche;ENT;01;Culture et production animale, chasse et services annexes;A;1640.251;15;0.99999;;0;0;17X100A100A0001A
Enedis;2024;E;200006971;Communauté de communes du Perche;ENT;03;Pêche et aquaculture;A;225.515;1;0.99999;;0;0;17X100A100A0001A
Enedis;2024;E;200006971;Communauté de communes du Perche;PRO;;;A;2850.963;181;0.7048;;0;0;17X100A100A0001A
Enedis;2024;E;200007052;Communauté de communes de la Marche Berrichonne;ENT;01;Culture et production animale, chasse et services annexes;A;232.745;2;0.99999;;0;0;17X100A100A0001A
Enedis;2024;E;200007052;Communauté de communes de la Marche Berrichonne;ENT;02;Sylviculture et exploitation forestière;A;169.934;1;0.99999;;0;0;17X100A100A0001A
Enedis;2024;E;200007052;Communauté de communes de la Marche Berrichonne;PRO;;;A;1007.534;170;0;;0;1;17X100A100A0001A
Enedis;2024;E;200007177;Communauté de communes Pays de Nérondes;ENT;01;Culture et production animale, chasse et services annexes;A;142.927;4;0.99999;;0;0;17X100A100A0001A
Enedis;2024;E;200007177;Communauté de communes Pays de Nérondes;PRO;;;A;764.917;102;0.7211;;0;0;17X100A100A0001A
Enedis;2024;E;200010650;Communauté d'agglomération du Grand Dole;ENT;01;Culture et production animale, chasse et services annexes;A;517.89;2;0.99999;;0;0;17X100A100A0001A
Enedis;2024;E;200010650;Communauté d'agglomération du Grand Dole;PRO;;;A;1503.739;146;0.7015;;0;0;17X100A100A0001A
Enedis;2024;E;200010700;Communauté d'agglomération Caux Seine Agglo;ENT;01;Culture et production animale, chasse et services annexes;A;5342.064;31;0.99999;;0;0;17X100A100A0001A
Enedis;2024;E;200010700;Communauté d'agglomération Caux Seine Agglo;ENT;03;Pêche et aquaculture;A;12.223;1;0.99999;;0;0;17X100A100A0001A
Enedis;2024;E;200010700;Communauté d'agglomération Caux Seine Agglo;PRO;;;A;4966.302;285;0.7049;;0;0;17X100A100A0001A
Enedis;2024;E;200011773;Communauté d'agglomération Annemasse-Les Voirons-Agglomération;ENT;01;Culture et production animale, chasse et services annexes;A;538.568;7;0.99999;;0;0;17X100A100A0001A
Enedis;2024;E;200011773;Communauté d'agglomération Annemasse-Les Voirons-Agglomération;PRO;;;A;637.34;46;0.6726;;0;0;17X100A100A0001A
Enedis;2024;E;200011781;Communauté de communes Portes du Berry entre Loire et Val d'Aubois;ENT;01;Culture et production animale, chasse et services annexes;A;216.042;8;0.99999;;0;0;17X100A100A0001A
Enedis;2024;E;200011781;Communauté de communes Portes du Berry entre Loire et Val d'Aubois;PRO;;;A;514.667;77;0.6849;;0;0;17X100A100A0001A
Enedis;2024;E;200016905;Communauté de communes du Pays de Lamastre;ENT;01;Culture et production animale, chasse et services annexes;A;69.702;2;0.99999;;0;0;17X100A100A0001A
Enedis;2024;E;200016905;Communauté de communes du Pays de Lamastre;PRO;;;A;792.449;103;0.733;;0;0;17X100A100A0001A
Enedis;2024;E;200017341;Communauté de communes Lodévois et Larzac;ENT;01;Culture et production animale, chasse et services annexes;A;267.304;3;0.99999;;0;0;17X100A100A0001A
Enedis;2024;E;200017341;Communauté de communes Lodévois et Larzac;PRO;;;A;936.939;104;0.692;;0;0;17X100A100A0001A
Enedis;2024;E;200017846;Communauté d'agglomération Étampois Sud Essonne;ENT;01;Culture et production animale, chasse et services annexes;A;2749.48;65;0.99999;;0;0;17X100A100A0001A
Enedis;2024;E;200017846;Communauté d'agglomération Étampois Sud Essonne;PRO;;;A;1054.847;156;0.6955;;0;0;17X100A100A0001A
Enedis;2024;E;200018083;Communauté de communes de Desvres-Samer;ENT;01;Culture et production animale, chasse et services annexes;A;175.143;1;0.99999;;0;0;17X100A100A0001A
Enedis;2024;E;200018083;Communauté de communes de Desvres-Samer;PRO;;;A;5295.375;199;0;;0;4;17X100A100A0001A
Enedis;2024;E;200018166;Communauté de communes Le Grésivaudan;ENT;01;Culture et production animale, chasse et services annexes;A;177.076;7;0.99999;;0;0;17X100A100A0001A
Enedis;2024;E;200018166;Communauté de communes Le Grésivaudan;PRO;;;A;1225.144;94;0.7035;;0;0;17X100A100A0001A
Enedis;2024;E;200018406;Communauté de communes du Romorantinais et du Monestois;ENT;01;Culture et production animale, chasse et services annexes;A;709.666;25;0.99999;;0;0;17X100A100A0001A
Enedis;2024;E;200018406;Communauté de communes du Romorantinais et du Monestois;ENT;02;Sylviculture et exploitation forestière;A;133.94;3;0.99999;;0;0;17X100A100A0001A
Enedis;2024;E;200018406;Communauté de communes du Romorantinais et du Monestois;PRO;;;A;1151.007;77;0.7443;;0;0;17X100A100A0001A
Enedis;2024;E;200018521;Communauté de communes du Val de Bouzanne;ENT;01;Culture et production animale, chasse et services annexes;A;434.027;3;0.99999;;0;0;17X100A100A0001A
Enedis;2024;E;200018521;Communauté de communes du Val de Bouzanne;PRO;;;A;983.421;134;0.6826;;0;0;17X100A100A0001A
Enedis;2024;E;200022986;Communauté de communes du Grand Pic Saint-Loup;ENT;01;Culture et production animale, chasse et services annexes;A;294.779;5;0.9982;;0;0;17X100A100A0001A
Enedis;2024;E;200022986;Communauté de communes du Grand Pic Saint-Loup;PRO;;;A;370.53;19;0;;0;3;17X100A100A0001A
Enedis;2024;E;200023075;Communauté de communes du Pays de Maîche;ENT;01;Culture et production animale, chasse et services annexes;A;457.532;5;0.99999;;0;0;17X100A100A0001A
Enedis;2024;E;200023075;Communauté de communes du Pays de Maîche;PRO;;;A;6120.348;317;0.7264;;0;0;17X100A100A0001A
Enedis;2024;E;200023125;Communauté de communes Les Portes Briardes entre Villes et Forêts;ENT;01;Culture et production animale, chasse et services annexes;A;299.444;2;0.99999;;0;0;17X100A100A0001A
Enedis;2024;E;200023125;Communauté de communes Les Portes Briardes entre Villes et Forêts;PRO;;;A;236.868;17;0.4465;;0;0;17X100A100A0001A
Enedis;2024;E;200023240;Communauté de communes Pays de Nemours;ENT;01;Culture et production animale, chasse et services annexes;A;593.379;17;0.99999;;0;0;17X100A100A0001A
Enedis;2024;E;200023240;Communauté de communes Pays de Nemours;PRO;;;A;404.765;63;0.6367;;0;0;17X100A100A0001A
Enedis;2024;E;200023299;Communauté de communes Cœur de Tarentaise;ENT;01;Culture et production animale, chasse et services annexes;A;50.611;1;0.99999;;0;0;17X100A100A0001A
Enedis;2024;E;200023299;Communauté de communes Cœur de Tarentaise;PRO;;;A;150.962;18;0.4443;;0;0;17X100A100A0001A
Enedis;2024;E;200023307;Communauté d'agglomération du Grand Villeneuvois;ENT;01;Culture et production animale, chasse et services annexes;A;2731.352;41;0.99999;;0;0;17X100A100A0001A
Enedis;2024;E;200023307;Communauté d'agglomération du Grand Villeneuvois;PRO;;;A;2962.747;332;0.6317;;0;0;17X100A100A0001A
Enedis;2024;E;200023372;Communauté de communes de la Vallée de Chamonix-Mont-Blanc;PRO;;;A;101.809;7;0.7067;;0;0;17X100A100A0001A
Enedis;2024;E;200023414;Métropole Rouen Normandie;ENT;01;Culture et production animale, chasse et services annexes;A;1551.776;11;0.99999;;0;0;17X100A100A0001A
Enedis;2024;E;200023414;Métropole Rouen Normandie;ENT;02;Sylviculture et exploitation forestière;A;168.357;2;0.99999;;0;0;17X100A100A0001A
Enedis;2024;E;200023414;Métropole Rouen Normandie;PRO;;;A;3003.703;213;0.6656;;0;0;17X100A100A0001A
Enedis;2024;E;200023620;Communauté de communes de la Gascogne Toulousaine;ENT;01;Culture et production animale, chasse et services annexes;A;2919.306;26;0.99999;;0;0;17X100A100A0001A
Enedis;2024;E;200023620;Communauté de communes de la Gascogne Toulousaine;PRO;;;A;724.123;108;0.7339;;0;0;17X100A100A0001A
Enedis;2024;E;200023737;Communauté d'agglomération du Grand Cahors;ENT;01;Culture et production animale, chasse et services annexes;A;819.754;5;0.99999;;0;0;17X100A100A0001A
Enedis;2024;E;200023737;Communauté d'agglomération du Grand Cahors;PRO;;;A;1024.455;106;0.683;;0;0;17X100A100A0001A
Enedis;2024;E;200023778;Communauté d'agglomération du Pays de Saint-Gilles-Croix-de-Vie;ENT;01;Culture et production animale, chasse et services annexes;A;3756.294;28;0.99999;;0;0;17X100A100A0001A
Enedis;2024;E;200023778;Communauté d'agglomération du Pays de Saint-Gilles-Croix-de-Vie;PRO;;;A;3194.739;211;0;;0;3;17X100A100A0001A
Enedis;2024;E;200023794;Communauté de communes de Blaye;ENT;01;Culture et production animale, chasse et services annexes;A;735.647;16;0.99999;;0;0;17X100A100A0001A
Enedis;2024;E;200023794;Communauté de communes de Blaye;PRO;;;A;1764.481;181;0.7165;;0;0;17X100A100A0001A
Enedis;2024;E;200023919;Communauté de communes Gâtinais Val de Loing;ENT;01;Culture et production animale, chasse et services annexes;A;1796.931;55;0.9991;;0;0;17X100A100A0001A
Enedis;2024;E;200023919;Communauté de communes Gâtinais Val de Loing;PRO;;;A;634.399;115;0.6059;;0;0;17X100A100A0001A
Enedis;2024;E;200026573;Communauté de communes Haut-Jura Saint-Claude;ENT;01;Culture et production animale, chasse et services annexes;A;73.047;2;0.99999;;0;0;17X100A100A0001A
Enedis;2024;E;200026573;Communauté de communes Haut-Jura Saint-Claude;PRO;;;A;727.262;66;0.5398;;0;0;17X100A100A0001A
Enedis;2024;E;200027027;Communauté de communes Arc Sud Bretagne;ENT;01;Culture et production animale, chasse et services annexes;A;3139.398;30;0.99999;;0;0;17X100A100A0001A
Enedis;2024;E;200027027;Communauté de communes Arc Sud Bretagne;PRO;;;A;6192.739;287;0;;0;2;17X100A100A0001A
Enedis;2024;E;200027076;Communauté de communes Arnon Boischaut Cher;ENT;01;Culture et production animale, chasse et services annexes;A;1184.456;39;0.99999;;0;0;17X100A100A0001A
Enedis;2024;E;200027076;Communauté de communes Arnon Boischaut Cher;PRO;;;A;1334.784;129;0.6346;;0;0;17X100A100A0001A
Enedis;2024;E;200027100;Communauté de communes Méditerranée Porte des Maures;ENT;01;Culture et production animale, chasse et services annexes;A;4616.767;33;0.99999;;0;0;17X100A100A0001A
Enedis;2024;E;200027100;Communauté de communes Méditerranée Porte des Maures;ENT;02;Sylviculture et exploitation forestière;A;10.306;1;0.99999;;0;0;17X100A100A0001A
Enedis;2024;E;200027100;Communauté de communes Méditerranée Porte des Maures;PRO;;;A;1350.505;138;0.7271;;0;0;17X100A100A0001A
Enedis;2024;E;200027183;Communauté urbaine Perpignan Méditerranée Métropole;ENT;01;Culture et production animale, chasse et services annexes;A;3397.996;50;0.99999;;0;0;17X100A100A0001A
Enedis;2024;E;200027183;Communauté urbaine Perpignan Méditerranée Métropole;PRO;;;A;4788.189;628;0.6731;;0;0;17X100A100A0001A
Enedis;2024;E;200027217;Communauté de communes Sarlat-Périgord Noir;ENT;01;Culture et production animale, chasse et services annexes;A;178.129;8;0.99999;;0;0;17X100A100A0001A
Enedis;2024;E;200027217;Communauté de communes Sarlat-Périgord Noir;ENT;02;Sylviculture et exploitation forestière;A;234.667;1;0.99999;;0;0;17X100A100A0001A
Enedis;2024;E;200027217;Communauté de communes Sarlat-Périgord Noir;PRO;;;A;1235.608;80;0.6645;;0;0;17X100A100A0001A
Enedis;2024;E;200027308;Communauté de communes d'Auberive Vingeanne et Montsaugeonnais;ENT;01;Culture et production animale, chasse et services annexes;A;408.025;3;0.99999;;0;0;17X100A100A0001A
Enedis;2024;E;200027308;Communauté de communes d'Auberive Vingeanne et Montsaugeonnais;ENT;02;Sylviculture et exploitation forestière;A;46.961;1;0.99999;;0;0;17X100A100A0001A
Enedis;2024;E;200027308;Communauté de communes d'Auberive Vingeanne et Montsaugeonnais;PRO;;;A;2547.496;228;0.6789;;0;0;17X100A100A0001A
Enedis;2024;E;200029734;Communauté de communes des 4B Sud Charente;ENT;01;Culture et production animale, chasse et services annexes;A;1696.147;32;0.99999;;0;0;17X100A100A0001A
Enedis;2024;E;200029734;Communauté de communes des 4B Sud Charente;PRO;;;A;3764.993;438;0.6977;;0;0;17X100A100A0001A
Enedis;2024;E;200029999;Communauté de communes Rives de l'Ain - Pays du Cerdon;ENT;01;Culture et production animale, chasse et services annexes;A;206.747;6;0.99999;;0;0;17X100A100A0001A
Enedis;2024;E;200029999;Communauté de communes Rives de l'Ain - Pays du Cerdon;PRO;;;A;590.966;61;0.742;;0;0;17X100A100A0001A
Enedis;2024;E;200030195;Métropole Nice Côte d'Azur;ENT;01;Culture et production animale, chasse et services annexes;A;647.914;9;0.99999;;0;0;17X100A100A0001A
Enedis;2024;E;200030195;Métropole Nice Côte d'Azur;PRO;;;A;1485.746;186;0.7158;;0;0;17X100A100A0001A
Enedis;2024;E;200030385;"Communauté d'agglomération de Blois ""Agglopolys""";ENT;01;Culture et production animale, chasse et services annexes;A;3353.485;94;0.99999;;0;0;17X100A100A0001A
Enedis;2024;E;200030385;"Communauté d'agglomération de Blois ""Agglopolys""";ENT;02;Sylviculture et exploitation forestière;A;9.092;2;0.99999;;0;0;17X100A100A0001A
Enedis;2024;E;200030385;"Communauté d'agglomération de Blois ""Agglopolys""";PRO;;;A;2325.945;223;0.7078;;0;0;17X100A100A0001A
Enedis;2024;E;200030435;Communauté de communes d'Aire-sur-l'Adour;ENT;01;Culture et production animale, chasse et services annexes;A;1577.035;46;0.99999;;0;0;17X100A100A0001A
Enedis;2024;E;200030435;Communauté de communes d'Aire-sur-l'Adour;PRO;;;A;3166.406;319;0.7042;;0;0;17X100A100A0001A
Enedis;2024;E;200030526;Communauté de communes du Ried de Marckolsheim;ENT;01;Culture et production animale, chasse et services annexes;A;756.652;27;0.99999;;0;0;17X100A100A0001A
Enedis;2024;E;200030526;Communauté de communes du Ried de Marckolsheim;PRO;;;A;1709.99;146;0.7501;;0;0;17X100A100A0001A
Enedis;2024;E;200030633;Communauté d'agglomération du Caudrésis et du Catésis;ENT;01;Culture et production animale, chasse et services annexes;A;1306.001;21;0.99999;;0;0;17X100A100A0001A
Enedis;2024;E;200030633;Communauté d'agglomération du Caudrésis et du Catésis;PRO;;;A;5532.144;275;0.7222;;0;0;17X100A100A0001A
Enedis;2024;E;200030658;Communauté de communes du Trièves;ENT;01;Culture et production animale, chasse et services annexes;A;31.472;2;0.99999;;0;0;17X100A100A0001A
Enedis;2024;E;200030658;Communauté de communes du Trièves;ENT;02;Sylviculture et exploitation forestière;A;10.125;1;0.99999;;0;0;17X100A100A0001A
Enedis;2024;E;200030658;Communauté de communes du Trièves;PRO;;;A;1368.15;122;0.7066;;0;0;17X100A100A0001A
Enedis;2024;E;200030674;Communauté d'agglomération Val de Garonne Agglomération;ENT;01;Culture et production animale, chasse et services annexes;A;9249.467;104;0.9894;;0;0;17X100A100A0001A
Enedis;2024;E;200030674;Communauté d'agglomération Val de Garonne Agglomération;PRO;;;A;10857.701;1083;0.6898;;0;0;17X100A100A0001A
Enedis;2024;E;200032514;Communauté de communes Berry-Loire-Vauvise;ENT;01;Culture et production animale, chasse et services annexes;A;804.594;20;0.99999;;0;0;17X100A100A0001A
Enedis;2024;E;200032514;Communauté de communes Berry-Loire-Vauvise;PRO;;;A;800.838;103;0.7002;;0;0;17X100A100A0001A
Enedis;2024;E;200033025;Communauté d'agglomération de Bar-le-Duc - Sud Meuse;PRO;;;A;908.707;111;0.5903;;0;0;17X100A100A0001A
Enedis;2024;E;200033090;Communauté de communes Plaines et Monts de France;ENT;01;Culture et production animale, chasse et services annexes;A;1003.968;27;0.99999;;0;0;17X100A100A0001A
Enedis;2024;E;200033090;Communauté de communes Plaines et Monts de France;PRO;;;A;721.728;37;0.6964;;0;0;17X100A100A0001A
Enedis;2024;E;200033116;Communauté de communes Cluses-Arve et Montagnes;PRO;;;A;490.523;26;0.6778;;0;0;17X100A100A0001A
Enedis;2024;E;200033173;Communauté de communes de la Haute Vallée de Chevreuse;ENT;01;Culture et production animale, chasse et services annexes;A;28.834;1;0.99999;;0;0;17X100A100A0001A
Enedis;2024;E;200033173;Communauté de communes de la Haute Vallée de Chevreuse;PRO;;;A;303.784;15;0.6677;;0;0;17X100A100A0001A
Enedis;2024;E;200033181;Communauté d'agglomération Chartres Métropole;ENT;01;Culture et production animale, chasse et services annexes;A;4598.9;81;0.99999;;0;0;17X100A100A0001A
Enedis;2024;E;200033181;Communauté d'agglomération Chartres Métropole;ENT;03;Pêche et aquaculture;A;298.851;1;0.99999;;0;0;17X100A100A0001A
Enedis;2024;E;200033181;Communauté d'agglomération Chartres Métropole;PRO;;;A;1010.56;110;0.6726;;0;0;17X100A100A0001A
Enedis;2024;E;200033298;Communauté de communes des Coëvrons;ENT;01;Culture et production animale, chasse et services annexes;A;2505.688;28;0.9999;;0;0;17X100A100A0001A
Enedis;2024;E;200033298;Communauté de communes des Coëvrons;PRO;;;A;11509.86;566;0;;0;2;17X100A100A0001A
Enedis;2024;E;200033579;Communauté urbaine d'Arras;ENT;01;Culture et production animale, chasse et services annexes;A;3231.923;32;0.99999;;0;0;17X100A100A0001A
Enedis;2024;E;200033579;Communauté urbaine d'Arras;ENT;03;Pêche et aquaculture;A;769.966;3;0.99999;;0;0;17X100A100A0001A
Enedis;2024;E;200033579;Communauté urbaine d'Arras;PRO;;;A;2648.557;204;0.7713;;0;0;17X100A100A0001A
Enedis;2024;E;200033868;Communauté de communes des Ballons des Hautes-Vosges;PRO;;;A;598.567;39;0.6208;;0;0;17X100A100A0001A
Enedis;2024;E;200034023;Communauté de communes Tarn-Agout;ENT;01;Culture et production animale, chasse et services annexes;A;59.773;6;0.99999;;0;0;17X100A100A0001A
Enedis;2024;E;200034023;Communauté de communes Tarn-Agout;PRO;;;A;783.674;81;0.7257;;0;0;17X100A100A0001A
Enedis;2024;E;200034031;Communauté de communes des Monts d'Alban et du Villefranchois;ENT;01;Culture et production animale, chasse et services annexes;A;956.86;13;0.99999;;0;0;17X100A100A0001A
Enedis;2024;E;200034031;Communauté de communes des Monts d'Alban et du Villefranchois;PRO;;;A;3049.252;206;0.7448;;0;0;17X100A100A0001A
Enedis;2024;E;200034049;Communauté de communes Centre Tarn;ENT;01;Culture et production animale, chasse et services annexes;A;645.461;10;0.99999;;0;0;17X100A100A0001A
Enedis;2024;E;200034049;Communauté de communes Centre Tarn;ENT;02;Sylviculture et exploitation forestière;A;35.826;1;0.99999;;0;0;17X100A100A0001A
Enedis;2024;E;200034049;Communauté de communes Centre Tarn;PRO;;;A;2398.731;194;0.6991;;0;0;17X100A100A0001A
Enedis;2024;E;200034056;Communauté de communes du Lautrécois et du Pays d'Agout;ENT;01;Culture et production animale, chasse et services annexes;A;1202.148;28;0.9918;;0;0;17X100A100A0001A
Enedis;2024;E;200034056;Communauté de communes du Lautrécois et du Pays d'Agout;PRO;;;A;2357.747;258;0.7492;;0;0;17X100A100A0001A
Enedis;2024;E;200034064;Communauté de communes du Cordais et du Causse (4 C);ENT;01;Culture et production animale, chasse et services annexes;A;295.557;8;0.99999;;0;0;17X100A100A0001A
Enedis;2024;E;200034064;Communauté de communes du Cordais et du Causse (4 C);PRO;;;A;533.935;75;0.7157;;0;0;17X100A100A0001A
Enedis;2024;E;200034098;Communauté de communes des Montagnes du Giffre;ENT;01;Culture et production animale, chasse et services annexes;A;12.842;1;0.99999;;0;0;17X100A100A0001A
Enedis;2024;E;200034098;Communauté de communes des Montagnes du Giffre;PRO;;;A;940.262;40;0;;0;2;17X100A100A0001A
Enedis;2024;E;200034130;Communauté de communes Gally Mauldre;ENT;01;Culture et production animale, chasse et services annexes;A;701.704;7;0.99999;;0;0;17X100A100A0001A
Enedis;2024;E;200034130;Communauté de communes Gally Mauldre;PRO;;;A;419.052;38;0.5666;;0;0;17X100A100A0001A
Enedis;2024;E;200034197;Communauté de communes de Montaigne Montravel et Gurson;ENT;01;Culture et production animale, chasse et services annexes;A;721.178;14;0.99999;;0;0;17X100A100A0001A
Enedis;2024;E;200034197;Communauté de communes de Montaigne Montravel et Gurson;PRO;;;A;1298.216;163;0.6465;;0;0;17X100A100A0001A
Enedis;2024;E;200034270;Communauté de communes du Pays de Barr;ENT;01;Culture et production animale, chasse et services annexes;A;1324.453;17;0.99999;;0;0;17X100A100A0001A
Enedis;2024;E;200034270;Communauté de communes du Pays de Barr;PRO;;;A;2265.957;257;0.6602;;0;0;17X100A100A0001A
Enedis;2024;E;200034379;Communauté de communes Pays d'Uzès;ENT;01;Culture et production animale, chasse et services annexes;A;301.516;9;0.99999;;0;0;17X100A100A0001A
Enedis;2024;E;200034379;Communauté de communes Pays d'Uzès;ENT;02;Sylviculture et exploitation forestière;A;24.622;1;0.99999;;0;0;17X100A100A0001A
Enedis;2024;E;200034379;Communauté de communes Pays d'Uzès;PRO;;;A;1382.647;162;0.7195;;0;0;17X100A100A0001A
Enedis;2024;E;200034411;Communauté de communes du Piémont Cévenol;ENT;01;Culture et production animale, chasse et services annexes;A;212.272;6;0.99999;;0;0;17X100A100A0001A
Enedis;2024;E;200034411;Communauté de communes du Piémont Cévenol;PRO;;;A;1153.812;133;0.5999;;0;0;17X100A100A0001A
Enedis;2024;E;200034601;Communauté de communes Causses Aigoual Cévennes;ENT;01;Culture et production animale, chasse et services annexes;A;4.589;1;0.99999;;0;0;17X100A100A0001A
Enedis;2024;E;200034601;Communauté de communes Causses Aigoual Cévennes;PRO;;;A;734.842;90;0.6323;;0;0;17X100A100A0001A
Enedis;2024;E;200034692;Communauté d'agglomération du Gard Rhodanien;ENT;01;Culture et production animale, chasse et services annexes;A;2009.767;32;0.99999;;0;0;17X100A100A0001A
Enedis;2024;E;200034692;Communauté d'agglomération du Gard Rhodanien;PRO;;;A;3006.241;335;0.6851;;0;0;17X100A100A0001A
Enedis;2024;E;200034700;Communauté d'agglomération Durance-Lubéron-Verdon Agglomération;ENT;01;Culture et production animale, chasse et services annexes;A;3344.768;61;0.99999;;0;0;17X100A100A0001A
Enedis;2024;E;200034700;Communauté d'agglomération Durance-Lubéron-Verdon Agglomération;PRO;;;A;2350.826;291;0.6913;;0;0;17X100A100A0001A
Enedis;2024;E;200034718;Communauté de communes de Vitry,Champagne et Der;ENT;01;Culture et production animale, chasse et services annexes;A;4870.804;41;0.99999;;0;0;17X100A100A0001A
Enedis;2024;E;200034718;Communauté de communes de Vitry,Champagne et Der;PRO;;;A;1457.905;208;0.73;;0;0;17X100A100A0001A
Enedis;2024;E;200034726;Communauté de communes Bastides de Lomagne;ENT;01;Culture et production animale, chasse et services annexes;A;951.493;36;0.99999;;0;0;17X100A100A0001A
Enedis;2024;E;200034726;Communauté de communes Bastides de Lomagne;PRO;;;A;1846.762;230;0.7422;;0;0;17X100A100A0001A
Enedis;2024;E;200034825;Communauté d'agglomération du Grand Guéret;ENT;01;Culture et production animale, chasse et services annexes;A;179.172;2;0.99999;;0;0;17X100A100A0001A
Enedis;2024;E;200034825;Communauté d'agglomération du Grand Guéret;PRO;;;A;1015.151;197;0.7206;;0;0;17X100A100A0001A
Enedis;2024;E;200034833;Communauté de communes des Bastides Dordogne-Périgord;ENT;01;Culture et production animale, chasse et services annexes;A;311.952;14;0.99999;;0;0;17X100A100A0001A
Enedis;2024;E;200034833;Communauté de communes des Bastides Dordogne-Périgord;PRO;;;A;2678.145;208;0.7186;;0;0;17X100A100A0001A
Enedis;2024;E;200034874;Communauté de communes Côtes de Meuse Woëvre;ENT;01;Culture et production animale, chasse et services annexes;A;46.629;1;0.99999;;0;0;17X100A100A0001A
Enedis;2024;E;200034874;Communauté de communes Côtes de Meuse Woëvre;ENT;02;Sylviculture et exploitation forestière;A;1.743;1;0.99999;;0;0;17X100A100A0001A
Enedis;2024;E;200034874;Communauté de communes Côtes de Meuse Woëvre;PRO;;;A;2297.535;184;0.6852;;0;0;17X100A100A0001A
Enedis;2024;E;200034882;Communauté de communes Pays du Mont-Blanc;ENT;01;Culture et production animale, chasse et services annexes;A;438.043;7;0.99999;;0;0;17X100A100A0001A
Enedis;2024;E;200034882;Communauté de communes Pays du Mont-Blanc;PRO;;;A;971.856;59;0.6586;;0;0;17X100A100A0001A
Enedis;2024;E;200034957;Communauté de communes du Frontonnais;ENT;01;Culture et production animale, chasse et services annexes;A;384.933;7;0.99999;;0;0;17X100A100A0001A
Enedis;2024;E;200034957;Communauté de communes du Frontonnais;PRO;;;A;763.473;86;0.6704;;0;0;17X100A100A0001A
Enedis;2024;E;200035087;Communauté d'agglomération Terre de Provence;ENT;01;Culture et production animale, chasse et services annexes;A;10612.687;93;0.99999;;0;0;17X100A100A0001A
Enedis;2024;E;200035087;Communauté d'agglomération Terre de Provence;ENT;03;Pêche et aquaculture;A;21.074;1;0.99999;;0;0;17X100A100A0001A
Enedis;2024;E;200035087;Communauté d'agglomération Terre de Provence;PRO;;;A;8537.689;839;0;;0;2;17X100A100A0001A
Enedis;2024;E;200035103;Communauté de communes de la Vallée de la Haute Sarthe;ENT;01;Culture et production animale, chasse et services annexes;A;258.572;3;0.99999;;0;0;17X100A100A0001A
Enedis;2024;E;200035103;Communauté de communes de la Vallée de la Haute Sarthe;PRO;;;A;2916.413;145;0.7477;;0;0;17X100A100A0001A
Enedis;2024;E;200035111;Communauté de communes des Sources de l'Orne;ENT;01;Culture et production animale, chasse et services annexes;A;872.23;11;0.99999;;0;0;17X100A100A0001A
Enedis;2024;E;200035111;Communauté de communes des Sources de l'Orne;PRO;;;A;2521.353;187;0.6985;;0;0;17X100A100A0001A
Enedis;2024;E;200035129;Communauté de communes de Cèze Cévennes;ENT;01;Culture et production animale, chasse et services annexes;A;128.265;6;0.99999;;0;0;17X100A100A0001A
Enedis;2024;E;200035129;Communauté de communes de Cèze Cévennes;PRO;;;A;649.209;67;0.7294;;0;0;17X100A100A0001A
Enedis;2024;E;200035137;Communauté de communes Marche Occitane - Val d'Anglin;ENT;01;Culture et production animale, chasse et services annexes;A;218.681;7;0.99999;;0;0;17X100A100A0001A
Enedis;2024;E;200035137;Communauté de communes Marche Occitane - Val d'Anglin;PRO;;;A;1171.648;171;0.6504;;0;0;17X100A100A0001A
Enedis;2024;E;200035202;Communauté de communes Charlieu-Belmont;ENT;01;Culture et production animale, chasse et services annexes;A;44.665;1;0.99999;;0;0;17X100A100A0001A
Enedis;2024;E;200035202;Communauté de communes Charlieu-Belmont;PRO;;;A;1261.882;111;0.6735;;0;0;17X100A100A0001A
Enedis;2024;E;200035319;Communauté d'agglomération Estérel Côte d'Azur Agglomération;ENT;01;Culture et production animale, chasse et services annexes;A;1906.393;19;0.99999;;0;0;17X100A100A0001A
Enedis;2024;E;200035319;Communauté d'agglomération Estérel Côte d'Azur Agglomération;PRO;;;A;1254.049;94;0.6661;;0;0;17X100A100A0001A
Enedis;2024;E;200035327;Communauté de communes Cazals-Salviac;ENT;01;Culture et production animale, chasse et services annexes;A;1654.099;2;0.99999;;0;0;17X100A100A0001A
Enedis;2024;E;200035327;Communauté de communes Cazals-Salviac;PRO;;;A;805.918;78;0.6954;;0;0;17X100A100A0001A
Enedis;2024;E;200035442;Communauté de communes du Sud-Artois;ENT;01;Culture et production animale, chasse et services annexes;A;27206.712;141;0.99999;;0;0;17X100A100A0001A
Enedis;2024;E;200035442;Communauté de communes du Sud-Artois;PRO;;;A;4392;319;0.709;;0;0;17X100A100A0001A
Enedis;2024;E;200035533;Communauté de communes du Grand Saint-Émilionnais;ENT;01;Culture et production animale, chasse et services annexes;A;18928.312;157;0.9999;;0;0;17X100A100A0001A
Enedis;2024;E;200035533;Communauté de communes du Grand Saint-Émilionnais;PRO;;;A;11730.379;988;0.6923;;0;0;17X100A100A0001A
Enedis;2024;E;200035541;Communauté de communes des Landes d'Armagnac;ENT;01;Culture et production animale, chasse et services annexes;A;12969.929;190;0.99999;;0;0;17X100A100A0001A
Enedis;2024;E;200035541;Communauté de communes des Landes d'Armagnac;ENT;02;Sylviculture et exploitation forestière;A;118.383;2;0.99999;;0;0;17X100A100A0001A
Enedis;2024;E;200035541;Communauté de communes des Landes d'Armagnac;ENT;03;Pêche et aquaculture;A;1037.411;4;0.99999;;0;0;17X100A100A0001A
Enedis;2024;E;200035541;Communauté de communes des Landes d'Armagnac;PRO;;;A;2427.78;244;0.6919;;0;0;17X100A100A0001A
Enedis;2024;E;200035632;Communauté de communes Armagnac Adour;ENT;01;Culture et production animale, chasse et services annexes;A;5088.41;71;0.9975;;0;0;17X100A100A0001A
Enedis;2024;E;200035632;Communauté de communes Armagnac Adour;ENT;03;Pêche et aquaculture;A;317.983;1;0.99999;;0;0;17X100A100A0001A
Enedis;2024;E;200035632;Communauté de communes Armagnac Adour;PRO;;;A;3029.992;285;0.7564;;0;0;17X100A100A0001A
Enedis;2024;E;200035707;Communauté de communes Piège Lauragais Malepère;ENT;01;Culture et production animale, chasse et services annexes;A;1133.054;28;0.99999;;0;0;17X100A100A0001A
Enedis;2024;E;200035707;Communauté de communes Piège Lauragais Malepère;PRO;;;A;1741.478;210;0.715;;0;0;17X100A100A0001A
Enedis;2024;E;200035715;Communauté d'agglomération Carcassonne Agglo;ENT;01;Culture et production animale, chasse et services annexes;A;6260.991;62;0.99999;;0;0;17X100A100A0001A
Enedis;2024;E;200035715;Communauté d'agglomération Carcassonne Agglo;ENT;02;Sylviculture et exploitation forestière;A;41.825;1;0.99999;;0;0;17X100A100A0001A
Enedis;2024;E;200035715;Communauté d'agglomération Carcassonne Agglo;PRO;;;A;2791.505;450;0.6349;;0;0;17X100A100A0001A
Enedis;2024;E;200035723;Communauté de communes Ventoux Sud;ENT;01;Culture et production animale, chasse et services annexes;A;443.814;7;0.99999;;0;0;17X100A100A0001A
Enedis;2024;E;200035723;Communauté de communes Ventoux Sud;PRO;;;A;664.821;82;0.7;;0;0;17X100A100A0001A
Enedis;2024;E;200035731;Communauté d'agglomération Roannais Agglomération;ENT;01;Culture et production animale, chasse et services annexes;A;555.223;10;0.99999;;0;0;17X100A100A0001A
Enedis;2024;E;200035731;Communauté d'agglomération Roannais Agglomération;PRO;;;A;3134.646;287;0.6787;;0;0;17X100A100A0001A
Enedis;2024;E;200035756;Communauté de communes Astarac Arros en Gascogne;ENT;01;Culture et production animale, chasse et services annexes;A;4469.157;61;0.99999;;0;0;17X100A100A0001A
Enedis;2024;E;200035756;Communauté de communes Astarac Arros en Gascogne;PRO;;;A;3167.075;292;0.7271;;0;0;17X100A100A0001A
Enedis;2024;E;200035764;Communauté de communes de la Beauce Loirétaine;ENT;01;Culture et production animale, chasse et services annexes;A;11037.836;261;0.99999;;0;0;17X100A100A0001A
Enedis;2024;E;200035764;Communauté de communes de la Beauce Loirétaine;PRO;;;A;1285.583;171;0.7178;;0;0;17X100A100A0001A
Enedis;2024;E;200035772;Communauté de communes du Pays du Saintois;ENT;01;Culture et production animale, chasse et services annexes;A;336.138;6;0.99999;;0;0;17X100A100A0001A
Enedis;2024;E;200035772;Communauté de communes du Pays du Saintois;PRO;;;A;3000.418;235;0.676;;0;0;17X100A100A0001A
Enedis;2024;E;200035814;Communauté d'agglomération Flers Agglo;ENT;01;Culture et production animale, chasse et services annexes;A;2574.146;13;0.99999;;0;0;17X100A100A0001A
Enedis;2024;E;200035814;Communauté d'agglomération Flers Agglo;ENT;02;Sylviculture et exploitation forestière;A;104.791;2;0.99999;;0;0;17X100A100A0001A
Enedis;2024;E;200035814;Communauté d'agglomération Flers Agglo;PRO;;;A;10182.183;425;0.7415;;0;0;17X100A100A0001A
Enedis;2024;E;200035848;Communauté de communes du Châtillonnais en Berry;ENT;01;Culture et production animale, chasse et services annexes;A;440.083;7;0.99999;;0;0;17X100A100A0001A
Enedis;2024;E;200035848;Communauté de communes du Châtillonnais en Berry;PRO;;;A;1032.519;110;0;;0;2;17X100A100A0001A
Enedis;2024;E;200035855;Communauté de communes Castelnaudary Lauragais Audois;ENT;01;Culture et production animale, chasse et services annexes;A;12621.6;17;0.99999;;0;0;17X100A100A0001A
Enedis;2024;E;200035855;Communauté de communes Castelnaudary Lauragais Audois;PRO;;;A;1038.175;135;0.662;;0;0;17X100A100A0001A
Enedis;2024;E;200035863;Communauté de communes Région Lézignanaise,Corbières et Minervois;ENT;01;Culture et production animale, chasse et services annexes;A;2571.111;30;0.99999;;0;0;17X100A100A0001A
Enedis;2024;E;200035863;Communauté de communes Région Lézignanaise,Corbières et Minervois;PRO;;;A;1572.598;283;0.6357;;0;0;17X100A100A0001A
Enedis;2024;E;200035970;Communauté de communes Vexin Centre;ENT;01;Culture et production animale, chasse et services annexes;A;850.16;9;0.99999;;0;0;17X100A100A0001A
Enedis;2024;E;200035970;Communauté de communes Vexin Centre;PRO;;;A;757.5;70;0.6893;;0;0;17X100A100A0001A
Enedis;2024;E;200036069;Communauté de communes du Pays de Mortagne au Perche;ENT;01;Culture et production animale, chasse et services annexes;A;1940.978;13;0.99999;;0;0;17X100A100A0001A
Enedis;2024;E;200036069;Communauté de communes du Pays de Mortagne au Perche;ENT;02;Sylviculture et exploitation forestière;A;232.781;2;0.99999;;0;0;17X100A100A0001A
Enedis;2024;E;200036069;Communauté de communes du Pays de Mortagne au Perche;PRO;;;A;2815.315;197;0.7331;;0;0;17X100A100A0001A
Enedis;2024;E;200036077;Communauté de communes du Golfe de Saint-Tropez;ENT;01;Culture et production animale, chasse et services annexes;A;5872.908;30;0.99999;;0;0;17X100A100A0001A
Enedis;2024;E;200036077;Communauté de communes du Golfe de Saint-Tropez;PRO;;;A;1897.702;145;0.6208;;0;0;17X100A100A0001A
Enedis;2024;E;200036135;Communauté de communes Cœur de France;ENT;01;Culture et production animale, chasse et services annexes;A;142.275;5;0.99999;;0;0;17X100A100A0001A
Enedis;2024;E;200036135;Communauté de communes Cœur de France;PRO;;;A;1188.21;130;0.6741;;0;0;17X100A100A0001A
Enedis;2024;E;200036150;Communauté de communes des Hauts du Val de Saône;PRO;;;A;145.01;7;0;;0;1;17X100A100A0001A
Enedis;2024;E;200036465;Communauté de communes de Thann-Cernay;ENT;01;Culture et production animale, chasse et services annexes;A;457.029;8;0.99999;;0;0;17X100A100A0001A
Enedis;2024;E;200036465;Communauté de communes de Thann-Cernay;PRO;;;A;432.273;51;0.6701;;0;0;17X100A100A0001A
Enedis;2024;E;200036473;Communauté d'agglomération de Saintes - Grandes Rives - L'Agglo;ENT;01;Culture et production animale, chasse et services annexes;A;4727.164;93;0.99999;;0;0;17X100A100A0001A
Enedis;2024;E;200036473;Communauté d'agglomération de Saintes - Grandes Rives - L'Agglo;ENT;03;Pêche et aquaculture;A;255.842;2;0.99999;;0;0;17X100A100A0001A
Enedis;2024;E;200036473;Communauté d'agglomération de Saintes - Grandes Rives - L'Agglo;PRO;;;A;2009.035;255;0.7079;;0;0;17X100A100A0001A
Enedis;2024;E;200036523;Communauté de communes des Bastides en Haut Agenais Périgord;ENT;01;Culture et production animale, chasse et services annexes;A;2273.546;44;0.99999;;0;0;17X100A100A0001A
Enedis;2024;E;200036523;Communauté de communes des Bastides en Haut Agenais Périgord;PRO;;;A;6677.599;615;0.6617;;0;0;17X100A100A0001A
Enedis;2024;E;200036549;Communauté de communes Val de Gray;ENT;01;Culture et production animale, chasse et services annexes;A;610.101;7;0.99999;;0;0;17X100A100A0001A
Enedis;2024;E;200036549;Communauté de communes Val de Gray;ENT;02;Sylviculture et exploitation forestière;A;0.895;1;0.99999;;0;0;17X100A100A0001A
Enedis;2024;E;200036549;Communauté de communes Val de Gray;PRO;;;A;1976.64;190;0.7319;;0;0;17X100A100A0001A
Enedis;2024;E;200037059;Communauté de communes de la Haute Somme (Combles - Péronne - Roisel);ENT;01;Culture et production animale, chasse et services annexes;A;18.579;1;0.99999;;0;0;17X100A100A0001A
Enedis;2024;E;200037059;Communauté de communes de la Haute Somme (Combles - Péronne - Roisel);PRO;;;A;secret;secret;;;;1;17X100A100A0001A
Enedis;2024;E;200037133;Communauté de communes du Provinois;ENT;01;Culture et production animale, chasse et services annexes;A;6096.035;49;0.9985;;0;0;17X100A100A0001A
Enedis;2024;E;200037133;Communauté de communes du Provinois;PRO;;;A;2595.946;263;0.6333;;0;0;17X100A100A0001A
Enedis;2024;E;200038990;Communauté de communes de Saint-Méen Montauban;ENT;01;Culture et production animale, chasse et services annexes;A;8491.037;46;0.99999;;0;0;17X100A100A0001A
Enedis;2024;E;200038990;Communauté de communes de Saint-Méen Montauban;PRO;;;A;10127.081;361;0;;0;1;17X100A100A0001A
Enedis;2024;E;200039022;Communauté d'agglomération Vitré Communauté;ENT;01;Culture et production animale, chasse et services annexes;A;9861.388;67;0.99999;;0;0;17X100A100A0001A
Enedis;2024;E;200039022;Communauté d'agglomération Vitré Communauté;PRO;;;A;26614.333;973;0;;0;4;17X100A100A0001A
Enedis;2024;E;200039055;Communauté de communes Ouche et Montagne;ENT;01;Culture et production animale, chasse et services annexes;A;0.015;1;0.99999;;0;0;17X100A100A0001A
Enedis;2024;E;200039055;Communauté de communes Ouche et Montagne;PRO;;;A;444.248;60;0.6469;;0;0;17X100A100A0001A
Enedis;2024;E;200039063;Communauté de communes Forêts,Seine et Suzon;ENT;01;Culture et production animale, chasse et services annexes;A;107.681;3;0.99999;;0;0;17X100A100A0001A
Enedis;2024;E;200039063;Communauté de communes Forêts,Seine et Suzon;PRO;;;A;853.181;85;0.7057;;0;0;17X100A100A0001A
Enedis;2024;E;200039204;Communauté de communes de Lacq-Orthez;ENT;01;Culture et production animale, chasse et services annexes;A;907.322;24;0.99999;;0;0;17X100A100A0001A
Enedis;2024;E;200039204;Communauté de communes de Lacq-Orthez;ENT;02;Sylviculture et exploitation forestière;A;17.664;1;0.99999;;0;0;17X100A100A0001A
Enedis;2024;E;200039204;Communauté de communes de Lacq-Orthez;PRO;;;A;3414.44;510;0.7103;;0;0;17X100A100A0001A
Enedis;2024;E;200039519;Communauté de communes du Quercy Blanc;ENT;01;Culture et production animale, chasse et services annexes;A;195.738;6;0.99999;;0;0;17X100A100A0001A
Enedis;2024;E;200039519;Communauté de communes du Quercy Blanc;PRO;;;A;1720.368;176;0;;0;2;17X100A100A0001A
Enedis;2024;E;200039642;Communauté de communes Le Tonnerrois en Bourgogne;ENT;01;Culture et production animale, chasse et services annexes;A;1027.951;8;0.99999;;0;0;17X100A100A0001A
Enedis;2024;E;200039642;Communauté de communes Le Tonnerrois en Bourgogne;PRO;;;A;1948.775;265;0.6521;;0;0;17X100A100A0001A
Enedis;2024;E;200039709;Communauté de communes du Serein;ENT;01;Culture et production animale, chasse et services annexes;A;1406.122;6;0.99999;;0;0;17X100A100A0001A
Enedis;2024;E;200039709;Communauté de communes du Serein;ENT;02;Sylviculture et exploitation forestière;A;2.291;1;0.99999;;0;0;17X100A100A0001A
Enedis;2024;E;200039709;Communauté de communes du Serein;PRO;;;A;1244.253;165;0.6697;;0;0;17X100A100A0001A
Enedis;2024;E;200039758;Communauté de communes Avallon,Vézelay,Morvan;ENT;01;Culture et production animale, chasse et services annexes;A;256.175;6;0.99999;;0;0;17X100A100A0001A
Enedis;2024;E;200039758;Communauté de communes Avallon,Vézelay,Morvan;PRO;;;A;1302.124;164;0.7249;;0;0;17X100A100A0001A
Enedis;2024;E;200039808;Communauté de communes des Gorges de l'Ardèche;ENT;01;Culture et production animale, chasse et services annexes;A;521.519;10;0.9995;;0;0;17X100A100A0001A
Enedis;2024;E;200039808;Communauté de communes des Gorges de l'Ardèche;PRO;;;A;872.239;91;0.6643;;0;0;17X100A100A0001A
Enedis;2024;E;200039824;Communauté de communes Ardèche des Sources et Volcans;PRO;;;A;72.96;12;0.6629;;0;0;17X100A100A0001A
Enedis;2024;E;200039832;Communauté de communes Pays des Vans en Cévennes;ENT;01;Culture et production animale, chasse et services annexes;A;38.478;1;0.99999;;0;0;17X100A100A0001A
Enedis;2024;E;200039832;Communauté de communes Pays des Vans en Cévennes;PRO;;;A;397.056;48;0.667;;0;0;17X100A100A0001A
Enedis;2024;E;200039857;Communauté d'agglomération du Pays de Grasse;ENT;01;Culture et production animale, chasse et services annexes;A;405.454;8;0.99999;;0;0;17X100A100A0001A
Enedis;2024;E;200039857;Communauté d'agglomération du Pays de Grasse;ENT;02;Sylviculture et exploitation forestière;A;37.515;1;0.99999;;0;0;17X100A100A0001A
Enedis;2024;E;200039857;Communauté d'agglomération du Pays de Grasse;ENT;03;Pêche et aquaculture;A;145.452;2;0.99999;;0;0;17X100A100A0001A
Enedis;2024;E;200039857;Communauté d'agglomération du Pays de Grasse;PRO;;;A;711.111;81;0.762;;0;0;17X100A100A0001A
Enedis;2024;E;200039865;Metz Métropole;ENT;01;Culture et production animale, chasse et services annexes;A;17.308;2;0.99999;;0;0;17X100A100A0001A
Enedis;2024;E;200039865;Metz Métropole;PRO;;;A;148.468;14;0.7582;;0;0;17X100A100A0001A
Enedis;2024;E;200039915;Communauté d'agglomération Cannes Pays de Lérins;ENT;01;Culture et production animale, chasse et services annexes;A;60.511;1;0.99999;;0;0;17X100A100A0001A
Enedis;2024;E;200039915;Communauté d'agglomération Cannes Pays de Lérins;ENT;03;Pêche et aquaculture;A;226.641;1;0.99999;;0;0;17X100A100A0001A
Enedis;2024;E;200039915;Communauté d'agglomération Cannes Pays de Lérins;PRO;;;A;392.119;27;0.7865;;0;0;17X100A100A0001A
Enedis;2024;E;200039931;Communauté de communes Alpes d'Azur;PRO;;;A;223.536;31;0.7192;;0;0;17X100A100A0001A
Enedis;2024;E;200039949;Communauté de communes Rives de Moselle;ENT;01;Culture et production animale, chasse et services annexes;A;52.306;1;0.99999;;0;0;17X100A100A0001A
Enedis;2024;E;200039949;Communauté de communes Rives de Moselle;PRO;;;A;97.283;2;0;;0;3;17X100A100A0001A
Enedis;2024;E;200040038;Communauté de communes Saône Doubs Bresse;ENT;01;Culture et production animale, chasse et services annexes;A;257.535;7;0.99999;;0;0;17X100A100A0001A
Enedis;2024;E;200040038;Communauté de communes Saône Doubs Bresse;PRO;;;A;1303.019;123;0.7647;;0;0;17X100A100A0001A
Enedis;2024;E;200040095;Communauté de communes Isle Vern Salembre en Périgord;ENT;01;Culture et production animale, chasse et services annexes;A;621.597;6;0.99999;;0;0;17X100A100A0001A
Enedis;2024;E;200040095;Communauté de communes Isle Vern Salembre en Périgord;ENT;02;Sylviculture et exploitation forestière;A;415.164;1;0.99999;;0;0;17X100A100A0001A
Enedis;2024;E;200040095;Communauté de communes Isle Vern Salembre en Périgord;ENT;03;Pêche et aquaculture;A;1289.994;2;0.99999;;0;0;17X100A100A0001A
Enedis;2024;E;200040095;Communauté de communes Isle Vern Salembre en Périgord;PRO;;;A;572.213;56;0.7232;;0;0;17X100A100A0001A
Enedis;2024;E;200040111;Communauté de communes Cœur de Chartreuse;ENT;01;Culture et production animale, chasse et services annexes;A;251.058;2;0.99999;;0;0;17X100A100A0001A
Enedis;2024;E;200040111;Communauté de communes Cœur de Chartreuse;ENT;03;Pêche et aquaculture;A;203.182;1;0.99999;;0;0;17X100A100A0001A
Enedis;2024;E;200040111;Communauté de communes Cœur de Chartreuse;PRO;;;A;1016.242;65;0.7184;;0;0;17X100A100A0001A
Enedis;2024;E;200040137;Communauté de communes des Lacs de Champagne;ENT;01;Culture et production animale, chasse et services annexes;A;1450.184;20;0.99999;;0;0;17X100A100A0001A
Enedis;2024;E;200040137;Communauté de communes des Lacs de Champagne;PRO;;;A;970.393;105;0.59;;0;0;17X100A100A0001A
Enedis;2024;E;200040202;Communauté de communes Provence Verdon;ENT;01;Culture et production animale, chasse et services annexes;A;1043.45;11;0.99999;;0;0;17X100A100A0001A
Enedis;2024;E;200040202;Communauté de communes Provence Verdon;PRO;;;A;774.371;70;0.6591;;0;0;17X100A100A0001A
Enedis;2024;E;200040210;Communauté de communes Lacs et Gorges du Verdon;ENT;01;Culture et production animale, chasse et services annexes;A;551.005;6;0.99999;;0;0;17X100A100A0001A
Enedis;2024;E;200040210;Communauté de communes Lacs et Gorges du Verdon;PRO;;;A;598.538;49;0.6731;;0;0;17X100A100A0001A
Enedis;2024;E;200040244;Communauté d'agglomération du Bocage Bressuirais;PRO;;;A;secret;secret;;;;2;17X100A100A0001A
Enedis;2024;E;200040251;Communauté de communes Bassée-Montois;ENT;01;Culture et production animale, chasse et services annexes;A;1078.125;34;0.99999;;0;0;17X100A100A0001A
Enedis;2024;E;200040251;Communauté de communes Bassée-Montois;ENT;02;Sylviculture et exploitation forestière;A;3.734;1;0.99999;;0;0;17X100A100A0001A
Enedis;2024;E;200040251;Communauté de communes Bassée-Montois;PRO;;;A;1095.437;124;0.6354;;0;0;17X100A100A0001A
Enedis;2024;E;200040277;Communauté d'agglomération Agglo du Pays de Dreux;ENT;01;Culture et production animale, chasse et services annexes;A;2438.185;77;0.99999;;0;0;17X100A100A0001A
Enedis;2024;E;200040277;Communauté d'agglomération Agglo du Pays de Dreux;PRO;;;A;2374.393;293;0.662;;0;0;17X100A100A0001A
Enedis;2024;E;200040293;Communauté de communes du Clunisois;ENT;01;Culture et production animale, chasse et services annexes;A;76.502;2;0.99999;;0;0;17X100A100A0001A
Enedis;2024;E;200040293;Communauté de communes du Clunisois;PRO;;;A;1799.834;195;0.6555;;0;0;17X100A100A0001A
Enedis;2024;E;200040350;Communauté de communes Bugey Sud;ENT;01;Culture et production animale, chasse et services annexes;A;522.609;11;0.99999;;0;0;17X100A100A0001A
Enedis;2024;E;200040350;Communauté de communes Bugey Sud;PRO;;;A;1935.33;173;0.6477;;0;0;17X100A100A0001A
Enedis;2024;E;200040384;Communauté de communes Isle Double Landais;ENT;01;Culture et production animale, chasse et services annexes;A;771.444;12;0.99999;;0;0;17X100A100A0001A
Enedis;2024;E;200040384;Communauté de communes Isle Double Landais;ENT;03;Pêche et aquaculture;A;961.452;1;0.99999;;0;0;17X100A100A0001A
Enedis;2024;E;200040384;Communauté de communes Isle Double Landais;PRO;;;A;648.254;60;0.6784;;0;0;17X100A100A0001A
Enedis;2024;E;200040392;Communauté d'agglomération Le Grand Périgueux;ENT;01;Culture et production animale, chasse et services annexes;A;2067;32;0.99999;;0;0;17X100A100A0001A
Enedis;2024;E;200040392;Communauté d'agglomération Le Grand Périgueux;PRO;;;A;3798.236;324;0.7059;;0;0;17X100A100A0001A
Enedis;2024;E;200040400;Communauté de communes du Périgord Ribéracois;ENT;01;Culture et production animale, chasse et services annexes;A;1717.838;43;0.99999;;0;0;17X100A100A0001A
Enedis;2024;E;200040400;Communauté de communes du Périgord Ribéracois;ENT;02;Sylviculture et exploitation forestière;A;1332.064;3;0.99999;;0;0;17X100A100A0001A
Enedis;2024;E;200040400;Communauté de communes du Périgord Ribéracois;PRO;;;A;2227.379;182;0.7883;;0;0;17X100A100A0001A
Enedis;2024;E;200040418;Communauté de communes du Pays de Serres en Quercy;ENT;01;Culture et production animale, chasse et services annexes;A;487.671;9;0.99999;;0;0;17X100A100A0001A
Enedis;2024;E;200040418;Communauté de communes du Pays de Serres en Quercy;PRO;;;A;2731.532;279;0.6791;;0;0;17X100A100A0001A
Enedis;2024;E;200040426;Communauté de communes du Val de l'Oise;ENT;01;Culture et production animale, chasse et services annexes;A;1381.774;13;0.99999;;0;0;17X100A100A0001A
Enedis;2024;E;200040426;Communauté de communes du Val de l'Oise;PRO;;;A;1287.751;157;0.6469;;0;0;17X100A100A0001A
Enedis;2024;E;200040442;Communauté d'agglomération Luberon Monts de Vaucluse;ENT;01;Culture et production animale, chasse et services annexes;A;3899.272;33;0.99999;;0;0;17X100A100A0001A
Enedis;2024;E;200040442;Communauté d'agglomération Luberon Monts de Vaucluse;PRO;;;A;2344.452;227;0.7015;;0;0;17X100A100A0001A
Enedis;2024;E;200040459;Communauté d'agglomération Montélimar Agglomération;ENT;01;Culture et production animale, chasse et services annexes;A;7413.16;34;0.99999;;0;0;17X100A100A0001A
Enedis;2024;E;200040459;Communauté d'agglomération Montélimar Agglomération;PRO;;;A;2010.587;205;0.7344;;0;0;17X100A100A0001A
Enedis;2024;E;200040475;LBN Communauté;ENT;01;Culture et production animale, chasse et services annexes;A;3989.958;51;0.99999;;0;0;17X100A100A0001A
Enedis;2024;E;200040475;LBN Communauté;PRO;;;A;6222.146;328;0.6732;;0;0;17X100A100A0001A
Enedis;2024;E;200040491;Communauté de communes Porte de DrômArdèche;ENT;01;Culture et production animale, chasse et services annexes;A;4655;64;0.99999;;0;0;17X100A100A0001A
Enedis;2024;E;200040491;Communauté de communes Porte de DrômArdèche;ENT;03;Pêche et aquaculture;A;2095.433;2;0.99999;;0;0;17X100A100A0001A
Enedis;2024;E;200040491;Communauté de communes Porte de DrômArdèche;PRO;;;A;3383.082;323;0.7187;;0;0;17X100A100A0001A
Enedis;2024;E;200040509;Communauté de communes du Crestois et de Pays de Saillans Cœur de Drôme;ENT;01;Culture et production animale, chasse et services annexes;A;814.419;12;0.99999;;0;0;17X100A100A0001A
Enedis;2024;E;200040509;Communauté de communes du Crestois et de Pays de Saillans Cœur de Drôme;PRO;;;A;670.879;78;0.7052;;0;0;17X100A100A0001A
Enedis;2024;E;200040558;Communauté de communes Écueillé-Valençay;ENT;01;Culture et production animale, chasse et services annexes;A;1102.517;13;0.99999;;0;0;17X100A100A0001A
Enedis;2024;E;200040558;Communauté de communes Écueillé-Valençay;ENT;02;Sylviculture et exploitation forestière;A;78.996;1;0.99999;;0;0;17X100A100A0001A
Enedis;2024;E;200040558;Communauté de communes Écueillé-Valençay;PRO;;;A;3108.925;230;0.7047;;0;0;17X100A100A0001A
Enedis;2024;E;200040566;Communauté d'agglomération de l'Ouest Rhodanien;ENT;01;Culture et production animale, chasse et services annexes;A;1067.316;7;0.99999;;0;0;17X100A100A0001A
Enedis;2024;E;200040566;Communauté d'agglomération de l'Ouest Rhodanien;PRO;;;A;3976.542;251;0.6771;;0;0;17X100A100A0001A
Enedis;2024;E;200040574;Communauté de communes Beaujolais Pierres Dorées;ENT;01;Culture et production animale, chasse et services annexes;A;794.751;12;0.99999;;0;0;17X100A100A0001A
Enedis;2024;E;200040574;Communauté de communes Beaujolais Pierres Dorées;ENT;03;Pêche et aquaculture;A;525.358;1;0.99999;;0;0;17X100A100A0001A
Enedis;2024;E;200040574;Communauté de communes Beaujolais Pierres Dorées;PRO;;;A;1944.682;194;0.6803;;0;0;17X100A100A0001A
Enedis;2024;E;200040590;Communauté d'agglomération Villefranche Beaujolais Saône;ENT;01;Culture et production animale, chasse et services annexes;A;385.303;8;0.99999;;0;0;17X100A100A0001A
Enedis;2024;E;200040590;Communauté d'agglomération Villefranche Beaujolais Saône;PRO;;;A;1524.829;197;0.655;;0;0;17X100A100A0001A
Enedis;2024;E;200040624;Communauté de communes Pays d'Apt-Luberon;ENT;01;Culture et production animale, chasse et services annexes;A;1166.178;16;0.99999;;0;0;17X100A100A0001A
Enedis;2024;E;200040624;Communauté de communes Pays d'Apt-Luberon;PRO;;;A;2214.871;159;0.6846;;0;0;17X100A100A0001A
Enedis;2024;E;200040657;Communauté de communes de la Matheysine;ENT;01;Culture et production animale, chasse et services annexes;A;131.414;3;0.99999;;0;0;17X100A100A0001A
Enedis;2024;E;200040657;Communauté de communes de la Matheysine;PRO;;;A;656.03;86;0.7445;;0;0;17X100A100A0001A
Enedis;2024;E;200040681;Communauté de communes Enclave des Papes-Pays de Grignan;ENT;01;Culture et production animale, chasse et services annexes;A;1306.067;22;0.99999;;0;0;17X100A100A0001A
Enedis;2024;E;200040681;Communauté de communes Enclave des Papes-Pays de Grignan;PRO;;;A;2191.504;278;0.6428;;0;0;17X100A100A0001A
Enedis;2024;E;200040715;Grenoble-Alpes-Métropole;ENT;01;Culture et production animale, chasse et services annexes;A;77.851;3;0.99999;;0;0;17X100A100A0001A
Enedis;2024;E;200040715;Grenoble-Alpes-Métropole;ENT;02;Sylviculture et exploitation forestière;A;105.07;2;0.99999;;0;0;17X100A100A0001A
Enedis;2024;E;200040715;Grenoble-Alpes-Métropole;PRO;;;A;749.632;91;0.703;;0;0;17X100A100A0001A
Enedis;2024;E;200040772;Communauté de communes du Perche et Haut Vendômois;ENT;01;Culture et production animale, chasse et services annexes;A;2020.691;52;0.99999;;0;0;17X100A100A0001A
Enedis;2024;E;200040772;Communauté de communes du Perche et Haut Vendômois;ENT;02;Sylviculture et exploitation forestière;A;371.568;1;0.99999;;0;0;17X100A100A0001A
Enedis;2024;E;200040772;Communauté de communes du Perche et Haut Vendômois;PRO;;;A;2454.977;158;0.6552;;0;0;17X100A100A0001A
Enedis;2024;E;200040798;Communauté de communes Val Vanoise;ENT;01;Culture et production animale, chasse et services annexes;A;77.868;2;0.99999;;0;0;17X100A100A0001A
Enedis;2024;E;200040798;Communauté de communes Val Vanoise;PRO;;;A;369.109;36;0.7119;;0;0;17X100A100A0001A
Enedis;2024;E;200040814;Communauté de communes Briance Sud Haute Vienne;ENT;01;Culture et production animale, chasse et services annexes;A;21.024;1;0.99999;;0;0;17X100A100A0001A
Enedis;2024;E;200040814;Communauté de communes Briance Sud Haute Vienne;PRO;;;A;769.078;141;0.6665;;0;0;17X100A100A0001A
Enedis;2024;E;200040830;Communauté de communes du Pays de Fénelon;ENT;01;Culture et production animale, chasse et services annexes;A;2055.27;11;0.99999;;0;0;17X100A100A0001A
Enedis;2024;E;200040830;Communauté de communes du Pays de Fénelon;ENT;03;Pêche et aquaculture;A;292.194;2;0.99999;;0;0;17X100A100A0001A
Enedis;2024;E;200040830;Communauté de communes du Pays de Fénelon;PRO;;;A;1936.628;125;0.7481;;0;0;17X100A100A0001A
Enedis;2024;E;200040889;Communauté de communes de Portes Sud Périgord;ENT;01;Culture et production animale, chasse et services annexes;A;346.062;10;0.99999;;0;0;17X100A100A0001A
Enedis;2024;E;200040889;Communauté de communes de Portes Sud Périgord;PRO;;;A;1370.514;141;0.6826;;0;0;17X100A100A0001A
Enedis;2024;E;200040905;Communauté de communes Carmausin-Ségala;ENT;01;Culture et production animale, chasse et services annexes;A;168.38;4;0.99999;;0;0;17X100A100A0001A
Enedis;2024;E;200040905;Communauté de communes Carmausin-Ségala;PRO;;;A;597.549;65;0.6188;;0;0;17X100A100A0001A
Enedis;2024;E;200040947;Communauté d'agglomération Cœur de Flandre;ENT;01;Culture et production animale, chasse et services annexes;A;11307.805;78;0.99999;;0;0;17X100A100A0001A
Enedis;2024;E;200040947;Communauté d'agglomération Cœur de Flandre;PRO;;;A;16903.202;670;0.7268;;0;0;17X100A100A0001A
Enedis;2024;E;200040954;Communauté de communes des Hauts de Flandre;ENT;01;Culture et production animale, chasse et services annexes;A;15506.46;63;0.99999;;0;0;17X100A100A0001A
Enedis;2024;E;200040954;Communauté de communes des Hauts de Flandre;PRO;;;A;9317.666;458;0.6887;;0;0;17X100A100A0001A
Enedis;2024;E;200041010;Communauté de communes Cœur de Savoie;ENT;01;Culture et production animale, chasse et services annexes;A;679.14;11;0.99999;;0;0;17X100A100A0001A
Enedis;2024;E;200041010;Communauté de communes Cœur de Savoie;ENT;02;Sylviculture et exploitation forestière;A;9.257;1;0.99999;;0;0;17X100A100A0001A
Enedis;2024;E;200041010;Communauté de communes Cœur de Savoie;ENT;03;Pêche et aquaculture;A;660.496;1;0.99999;;0;0;17X100A100A0001A
Enedis;2024;E;200041010;Communauté de communes Cœur de Savoie;PRO;;;A;2395.963;180;0.6987;;0;0;17X100A100A0001A
Enedis;2024;E;200041051;Communauté de communes Vallée de la Dordogne et Forêt Bessède;ENT;01;Culture et production animale, chasse et services annexes;A;281.544;3;0.99999;;0;0;17X100A100A0001A
Enedis;2024;E;200041051;Communauté de communes Vallée de la Dordogne et Forêt Bessède;ENT;03;Pêche et aquaculture;A;43.343;1;0.99999;;0;0;17X100A100A0001A
Enedis;2024;E;200041051;Communauté de communes Vallée de la Dordogne et Forêt Bessède;PRO;;;A;458.304;56;0.689;;0;0;17X100A100A0001A
Enedis;2024;E;200041150;Communauté de communes Terrassonnais Haut Périgord Noir;ENT;01;Culture et production animale, chasse et services annexes;A;1088.584;13;0.99999;;0;0;17X100A100A0001A
Enedis;2024;E;200041150;Communauté de communes Terrassonnais Haut Périgord Noir;ENT;02;Sylviculture et exploitation forestière;A;347.85;1;0.99999;;0;0;17X100A100A0001A
Enedis;2024;E;200041150;Communauté de communes Terrassonnais Haut Périgord Noir;PRO;;;A;1710.329;150;0.6629;;0;0;17X100A100A0001A
Enedis;2024;E;200041168;Communauté de communes de la Vallée de l'Homme;ENT;01;Culture et production animale, chasse et services annexes;A;764.941;10;0.99999;;0;0;17X100A100A0001A
Enedis;2024;E;200041168;Communauté de communes de la Vallée de l'Homme;ENT;03;Pêche et aquaculture;A;366.258;3;0.99999;;0;0;17X100A100A0001A
Enedis;2024;E;200041168;Communauté de communes de la Vallée de l'Homme;PRO;;;A;1792.264;132;0.6774;;0;0;17X100A100A0001A
Enedis;2024;E;200041317;Communauté d'agglomération du Niortais;ENT;01;Culture et production animale, chasse et services annexes;A;1151.152;28;0.99999;;0;0;17X100A100A0001A
Enedis;2024;E;200041317;Communauté d'agglomération du Niortais;ENT;02;Sylviculture et exploitation forestière;A;10012.987;2;0.99999;;0;0;17X100A100A0001A
Enedis;2024;E;200041317;Communauté d'agglomération du Niortais;PRO;;;A;509.272;54;0.745;;0;0;17X100A100A0001A
Enedis;2024;E;200041333;Communauté de communes de Parthenay-Gâtine;PRO;;;A;secret;secret;;;;2;17X100A100A0001A
Enedis;2024;E;200041366;Communauté de communes Rhône Crussol;ENT;01;Culture et production animale, chasse et services annexes;A;110.858;2;0.99999;;0;0;17X100A100A0001A
Enedis;2024;E;200041366;Communauté de communes Rhône Crussol;PRO;;;A;1384.162;138;0.7165;;0;0;17X100A100A0001A
Enedis;2024;E;200041416;Communauté de communes Airvaudais-Val du Thouet;ENT;01;Culture et production animale, chasse et services annexes;A;3.025;1;0.99999;;0;0;17X100A100A0001A
Enedis;2024;E;200041416;Communauté de communes Airvaudais-Val du Thouet;PRO;;;A;secret;secret;;;;1;17X100A100A0001A
Enedis;2024;E;200041440;Communauté de communes de Domme-Villefranche du Périgord;ENT;01;Culture et production animale, chasse et services annexes;A;179.583;3;0.99999;;0;0;17X100A100A0001A
Enedis;2024;E;200041440;Communauté de communes de Domme-Villefranche du Périgord;PRO;;;A;1098.417;87;0.6578;;0;0;17X100A100A0001A
Enedis;2024;E;200041465;Communauté de communes Val Eyrieux;ENT;01;Culture et production animale, chasse et services annexes;A;4.082;1;0.99999;;0;0;17X100A100A0001A
Enedis;2024;E;200041465;Communauté de communes Val Eyrieux;PRO;;;A;575.772;75;0.7045;;0;0;17X100A100A0001A
Enedis;2024;E;200041499;Communauté de communes Aunis Atlantique;ENT;01;Culture et production animale, chasse et services annexes;A;3486.595;87;0.99999;;0;0;17X100A100A0001A
Enedis;2024;E;200041499;Communauté de communes Aunis Atlantique;PRO;;;A;4397.093;397;0.7212;;0;0;17X100A100A0001A
Enedis;2024;E;200041515;Communauté de communes du Bassin de Pont-à-Mousson;ENT;01;Culture et production animale, chasse et services annexes;A;116.483;2;0.99999;;0;0;17X100A100A0001A
Enedis;2024;E;200041515;Communauté de communes du Bassin de Pont-à-Mousson;ENT;02;Sylviculture et exploitation forestière;A;13.427;1;0.99999;;0;0;17X100A100A0001A
Enedis;2024;E;200041515;Communauté de communes du Bassin de Pont-à-Mousson;PRO;;;A;801.138;92;0.712;;0;0;17X100A100A0001A
Enedis;2024;E;200041523;Communauté de communes de la Haute Saintonge;ENT;01;Culture et production animale, chasse et services annexes;A;17036.011;166;0.99999;;0;0;17X100A100A0001A
Enedis;2024;E;200041523;Communauté de communes de la Haute Saintonge;ENT;02;Sylviculture et exploitation forestière;A;40.304;1;0.99999;;0;0;17X100A100A0001A
Enedis;2024;E;200041523;Communauté de communes de la Haute Saintonge;ENT;03;Pêche et aquaculture;A;1567.511;2;0.99999;;0;0;17X100A100A0001A
Enedis;2024;E;200041523;Communauté de communes de la Haute Saintonge;PRO;;;A;10857.063;1237;0.7158;;0;0;17X100A100A0001A
Enedis;2024;E;200041556;Communauté de communes Portes de la Creuse en Marche;ENT;01;Culture et production animale, chasse et services annexes;A;42.693;1;0.99999;;0;0;17X100A100A0001A
Enedis;2024;E;200041556;Communauté de communes Portes de la Creuse en Marche;PRO;;;A;882.283;171;0.6785;;0;0;17X100A100A0001A
Enedis;2024;E;200041572;Communauté de communes Dronne et Belle;ENT;01;Culture et production animale, chasse et services annexes;A;1315.364;25;0.99999;;0;0;17X100A100A0001A
Enedis;2024;E;200041572;Communauté de communes Dronne et Belle;ENT;02;Sylviculture et exploitation forestière;A;49.329;1;0.99999;;0;0;17X100A100A0001A
Enedis;2024;E;200041572;Communauté de communes Dronne et Belle;PRO;;;A;1333.203;101;0.7466;;0;0;17X100A100A0001A
Enedis;2024;E;200041614;Communauté de communes Aunis Sud;ENT;01;Culture et production animale, chasse et services annexes;A;5412.832;139;0.99999;;0;0;17X100A100A0001A
Enedis;2024;E;200041614;Communauté de communes Aunis Sud;PRO;;;A;2620.785;254;0.6866;;0;0;17X100A100A0001A
Enedis;2024;E;200041622;Communauté de communes Ardennes Thiérache;ENT;01;Culture et production animale, chasse et services annexes;A;1094.965;6;0.99999;;0;0;17X100A100A0001A
Enedis;2024;E;200041622;Communauté de communes Ardennes Thiérache;PRO;;;A;2856.447;234;0.6344;;0;0;17X100A100A0001A
Enedis;2024;E;200041630;Ardenne Métropole;ENT;01;Culture et production animale, chasse et services annexes;A;885.585;9;0.9982;;0;0;17X100A100A0001A
Enedis;2024;E;200041630;Ardenne Métropole;ENT;02;Sylviculture et exploitation forestière;A;236.196;4;0.99999;;0;0;17X100A100A0001A
Enedis;2024;E;200041630;Ardenne Métropole;PRO;;;A;1895.456;184;0.6953;;0;0;17X100A100A0001A
Enedis;2024;E;200041689;Communauté de communes Vals de Saintonge Communauté;ENT;01;Culture et production animale, chasse et services annexes;A;7480.176;258;0.99999;;0;0;17X100A100A0001A
Enedis;2024;E;200041689;Communauté de communes Vals de Saintonge Communauté;ENT;02;Sylviculture et exploitation forestière;A;29.965;1;0.99999;;0;0;17X100A100A0001A
Enedis;2024;E;200041689;Communauté de communes Vals de Saintonge Communauté;PRO;;;A;5623.54;690;0.7156;;0;0;17X100A100A0001A
Enedis;2024;E;200041721;Communauté de communes de la Haute Comté;ENT;01;Culture et production animale, chasse et services annexes;A;109.646;3;0.99999;;0;0;17X100A100A0001A
Enedis;2024;E;200041721;Communauté de communes de la Haute Comté;ENT;02;Sylviculture et exploitation forestière;A;17.428;1;0.99999;;0;0;17X100A100A0001A
Enedis;2024;E;200041721;Communauté de communes de la Haute Comté;PRO;;;A;1788.073;121;0.7595;;0;0;17X100A100A0001A
Enedis;2024;E;200041762;Communauté d'agglomération Rochefort Océan;ENT;01;Culture et production animale, chasse et services annexes;A;2073.216;75;0.9995;;0;0;17X100A100A0001A
Enedis;2024;E;200041762;Communauté d'agglomération Rochefort Océan;ENT;03;Pêche et aquaculture;A;48.633;1;0.99999;;0;0;17X100A100A0001A
Enedis;2024;E;200041762;Communauté d'agglomération Rochefort Océan;PRO;;;A;2733.306;302;0.7623;;0;0;17X100A100A0001A
Enedis;2024;E;200041853;Communauté de communes du Pays de Montbozon et du Chanois;ENT;01;Culture et production animale, chasse et services annexes;A;610.567;3;0.99999;;0;0;17X100A100A0001A
Enedis;2024;E;200041853;Communauté de communes du Pays de Montbozon et du Chanois;PRO;;;A;1187.908;64;0.6547;;0;0;17X100A100A0001A
Enedis;2024;E;200041861;Communauté de communes du Triangle Vert;ENT;01;Culture et production animale, chasse et services annexes;A;1347.18;11;0.99999;;0;0;17X100A100A0001A
Enedis;2024;E;200041861;Communauté de communes du Triangle Vert;PRO;;;A;2451.203;141;0.706;;0;0;17X100A100A0001A
Enedis;2024;E;200041879;Communauté de communes Terres de Saône;ENT;01;Culture et production animale, chasse et services annexes;A;183.852;3;0.99999;;0;0;17X100A100A0001A
Enedis;2024;E;200041879;Communauté de communes Terres de Saône;PRO;;;A;1254.843;81;0.7645;;0;0;17X100A100A0001A
Enedis;2024;E;200041887;Communauté de communes du Val Marnaysien;ENT;01;Culture et production animale, chasse et services annexes;A;472.391;4;0.99999;;0;0;17X100A100A0001A
Enedis;2024;E;200041887;Communauté de communes du Val Marnaysien;PRO;;;A;1721.479;128;0.6949;;0;0;17X100A100A0001A
Enedis;2024;E;200041960;Communauté de communes Pévèle-Carembault;ENT;01;Culture et production animale, chasse et services annexes;A;18626.827;44;0.9999;;0;0;17X100A100A0001A
Enedis;2024;E;200041960;Communauté de communes Pévèle-Carembault;PRO;;;A;5005.792;289;0.6667;;0;0;17X100A100A0001A
Enedis;2024;E;200041994;Communauté de communes Haut Val de Sèvre;PRO;;;A;secret;secret;;;;2;17X100A100A0001A
Enedis;2024;E;200042000;Communauté de communes Bruyères-Vallons des Vosges;ENT;01;Culture et production animale, chasse et services annexes;A;132.177;3;0.99999;;0;0;17X100A100A0001A
Enedis;2024;E;200042000;Communauté de communes Bruyères-Vallons des Vosges;PRO;;;A;1890.34;108;0.668;;0;0;17X100A100A0001A
Enedis;2024;E;200042174;Communauté d'agglomération Lorient Agglomération;ENT;01;Culture et production animale, chasse et services annexes;A;6898.514;46;0.99999;;0;0;17X100A100A0001A
Enedis;2024;E;200042174;Communauté d'agglomération Lorient Agglomération;ENT;03;Pêche et aquaculture;A;270.713;1;0.99999;;0;0;17X100A100A0001A
Enedis;2024;E;200042174;Communauté d'agglomération Lorient Agglomération;PRO;;;A;8600.874;506;0.7139;;0;0;17X100A100A0001A
Enedis;2024;E;200042182;Communauté de communes du Mont des Avaloirs;ENT;01;Culture et production animale, chasse et services annexes;A;549.566;9;0.99999;;0;0;17X100A100A0001A
Enedis;2024;E;200042182;Communauté de communes du Mont des Avaloirs;PRO;;;A;8553.355;406;0.7171;;0;0;17X100A100A0001A
Enedis;2024;E;200042190;Communauté d'agglomération de la Porte du Hainaut;ENT;01;Culture et production animale, chasse et services annexes;A;4635.024;18;0.99999;;0;0;17X100A100A0001A
Enedis;2024;E;200042190;Communauté d'agglomération de la Porte du Hainaut;ENT;02;Sylviculture et exploitation forestière;A;4.83;1;0.99999;;0;0;17X100A100A0001A
Enedis;2024;E;200042190;Communauté d'agglomération de la Porte du Hainaut;PRO;;;A;3308.575;192;0.7229;;0;0;17X100A100A0001A
Enedis;2024;E;200042372;Communauté de communes des Coteaux Arrats Gimone;ENT;01;Culture et production animale, chasse et services annexes;A;1112.844;38;0.99999;;0;0;17X100A100A0001A
Enedis;2024;E;200042372;Communauté de communes des Coteaux Arrats Gimone;PRO;;;A;1742.944;231;0.7123;;0;0;17X100A100A0001A
Enedis;2024;E;200042414;Communauté de communes Bresse Revermont 71;ENT;01;Culture et production animale, chasse et services annexes;A;179.503;4;0.99999;;0;0;17X100A100A0001A
Enedis;2024;E;200042414;Communauté de communes Bresse Revermont 71;PRO;;;A;1742.26;116;0.7716;;0;0;17X100A100A0001A
Enedis;2024;E;200042463;Communauté de communes de la Montagne Noire;ENT;01;Culture et production animale, chasse et services annexes;A;109.859;5;0.99999;;0;0;17X100A100A0001A
Enedis;2024;E;200042463;Communauté de communes de la Montagne Noire;PRO;;;A;311.248;40;0.6377;;0;0;17X100A100A0001A
Enedis;2024;E;200042497;Communauté de communes Dombes Saône Vallée;ENT;01;Culture et production animale, chasse et services annexes;A;46.709;3;0.99999;;0;0;17X100A100A0001A
Enedis;2024;E;200042497;Communauté de communes Dombes Saône Vallée;PRO;;;A;137.402;20;0.6616;;0;0;17X100A100A0001A
Enedis;2024;E;200042604;Communauté de communes de Granville,Terre et Mer;ENT;01;Culture et production animale, chasse et services annexes;A;1684.918;11;0.99999;;0;0;17X100A100A0001A
Enedis;2024;E;200042604;Communauté de communes de Granville,Terre et Mer;ENT;03;Pêche et aquaculture;A;131.782;1;0.99999;;0;0;17X100A100A0001A
Enedis;2024;E;200042604;Communauté de communes de Granville,Terre et Mer;PRO;;;A;5406.197;260;0.6966;;0;0;17X100A100A0001A
Enedis;2024;E;200042620;Communauté de communes de la Région de Suippes;ENT;01;Culture et production animale, chasse et services annexes;A;2677.104;28;0.99999;;0;0;17X100A100A0001A
Enedis;2024;E;200042620;Communauté de communes de la Région de Suippes;PRO;;;A;1411.433;213;0.7575;;0;0;17X100A100A0001A
Enedis;2024;E;200042646;Communauté de communes Grand Orb communauté de communes en Languedoc;ENT;01;Culture et production animale, chasse et services annexes;A;47.578;2;0.99999;;0;0;17X100A100A0001A
Enedis;2024;E;200042646;Communauté de communes Grand Orb communauté de communes en Languedoc;PRO;;;A;509.114;55;0.7572;;0;0;17X100A100A0001A
Enedis;2024;E;200042653;Communauté de communes Sud-Hérault;ENT;01;Culture et production animale, chasse et services annexes;A;689.948;16;0.99999;;0;0;17X100A100A0001A
Enedis;2024;E;200042653;Communauté de communes Sud-Hérault;PRO;;;A;1223.449;150;0.6759;;0;0;17X100A100A0001A
Enedis;2024;E;200042703;Communauté de communes de l'Argonne Champenoise;ENT;01;Culture et production animale, chasse et services annexes;A;1141.252;13;0.99999;;0;0;17X100A100A0001A
Enedis;2024;E;200042703;Communauté de communes de l'Argonne Champenoise;ENT;03;Pêche et aquaculture;A;129.611;2;0.99999;;0;0;17X100A100A0001A
Enedis;2024;E;200042703;Communauté de communes de l'Argonne Champenoise;PRO;;;A;2772.649;288;0.718;;0;0;17X100A100A0001A
Enedis;2024;E;200042729;Communauté de communes de la Baie du Cotentin;ENT;01;Culture et production animale, chasse et services annexes;A;1053.992;6;0.99999;;0;0;17X100A100A0001A
Enedis;2024;E;200042729;Communauté de communes de la Baie du Cotentin;PRO;;;A;8434.181;342;0.7315;;0;0;17X100A100A0001A
Enedis;2024;E;200042901;Communauté de communes Drôme Sud Provence;ENT;01;Culture et production animale, chasse et services annexes;A;6308.964;45;0.99999;;0;0;17X100A100A0001A
Enedis;2024;E;200042901;Communauté de communes Drôme Sud Provence;PRO;;;A;3413.37;261;0.7324;;0;0;17X100A100A0001A
Enedis;2024;E;200042935;Communauté d'agglomération Haut - Bugey Agglomération;ENT;01;Culture et production animale, chasse et services annexes;A;905.611;5;0.99999;;0;0;17X100A100A0001A
Enedis;2024;E;200042935;Communauté d'agglomération Haut - Bugey Agglomération;ENT;02;Sylviculture et exploitation forestière;A;139.052;2;0.99999;;0;0;17X100A100A0001A
Enedis;2024;E;200042935;Communauté d'agglomération Haut - Bugey Agglomération;ENT;03;Pêche et aquaculture;A;250.726;1;0.99999;;0;0;17X100A100A0001A
Enedis;2024;E;200042935;Communauté d'agglomération Haut - Bugey Agglomération;PRO;;;A;1935.02;134;0.7212;;0;0;17X100A100A0001A
Enedis;2024;E;200042992;Communauté de communes Perthois-Bocage et Der;ENT;01;Culture et production animale, chasse et services annexes;A;213.722;14;0.99999;;0;0;17X100A100A0001A
Enedis;2024;E;200042992;Communauté de communes Perthois-Bocage et Der;PRO;;;A;651.052;81;0.6741;;0;0;17X100A100A0001A
Enedis;2024;E;200043016;Communauté de communes Val de Charente;ENT;01;Culture et production animale, chasse et services annexes;A;3133.62;76;0.99999;;0;0;17X100A100A0001A
Enedis;2024;E;200043016;Communauté de communes Val de Charente;ENT;02;Sylviculture et exploitation forestière;A;214.606;2;0.99999;;0;0;17X100A100A0001A
Enedis;2024;E;200043016;Communauté de communes Val de Charente;PRO;;;A;1463.874;146;0.7193;;0;0;17X100A100A0001A
Enedis;2024;E;200043065;Communauté de communes du Val d'Amboise;ENT;01;Culture et production animale, chasse et services annexes;A;2935.365;27;0.99999;;0;0;17X100A100A0001A
Enedis;2024;E;200043065;Communauté de communes du Val d'Amboise;PRO;;;A;1116.258;90;0.7132;;0;0;17X100A100A0001A
Enedis;2024;E;200043081;Communauté de communes Chinon,Vienne et Loire;ENT;01;Culture et production animale, chasse et services annexes;A;35332.074;22;0.99999;;0;0;17X100A100A0001A
Enedis;2024;E;200043081;Communauté de communes Chinon,Vienne et Loire;PRO;;;A;1690.892;154;0.6548;;0;0;17X100A100A0001A
Enedis;2024;E;200043123;Communauté de communes Auray Quiberon Terre Atlantique;ENT;01;Culture et production animale, chasse et services annexes;A;1812.981;12;0.99999;;0;0;17X100A100A0001A
Enedis;2024;E;200043123;Communauté de communes Auray Quiberon Terre Atlantique;ENT;02;Sylviculture et exploitation forestière;A;43.213;1;0.99999;;0;0;17X100A100A0001A
Enedis;2024;E;200043123;Communauté de communes Auray Quiberon Terre Atlantique;ENT;03;Pêche et aquaculture;A;1222.331;5;0.99999;;0;0;17X100A100A0001A
Enedis;2024;E;200043123;Communauté de communes Auray Quiberon Terre Atlantique;PRO;;;A;7060.389;414;0.7016;;0;0;17X100A100A0001A
Enedis;2024;E;200043156;Communauté de communes du Pays Rethélois;ENT;01;Culture et production animale, chasse et services annexes;A;4723.752;47;0.99999;;0;0;17X100A100A0001A
Enedis;2024;E;200043156;Communauté de communes du Pays Rethélois;PRO;;;A;3783.548;514;0.6972;;0;0;17X100A100A0001A
Enedis;2024;E;200043172;Communauté d'agglomération du Bassin de Brive;ENT;01;Culture et production animale, chasse et services annexes;A;283.421;7;0.99999;;0;0;17X100A100A0001A
Enedis;2024;E;200043172;Communauté d'agglomération du Bassin de Brive;ENT;02;Sylviculture et exploitation forestière;A;3.116;1;0.99999;;0;0;17X100A100A0001A
Enedis;2024;E;200043172;Communauté d'agglomération du Bassin de Brive;PRO;;;A;2777.399;376;0.7274;;0;0;17X100A100A0001A
Enedis;2024;E;200043263;Communauté de communes Cœur de l'Avesnois;ENT;01;Culture et production animale, chasse et services annexes;A;1160.889;11;0.99999;;0;0;17X100A100A0001A
Enedis;2024;E;200043263;Communauté de communes Cœur de l'Avesnois;ENT;02;Sylviculture et exploitation forestière;A;4.338;1;0.99999;;0;0;17X100A100A0001A
Enedis;2024;E;200043263;Communauté de communes Cœur de l'Avesnois;PRO;;;A;9760.699;346;0.6857;;0;0;17X100A100A0001A
Enedis;2024;E;200043321;Communauté de communes du Pays de Mormal;ENT;01;Culture et production animale, chasse et services annexes;A;1189.12;9;0.99999;;0;0;17X100A100A0001A
Enedis;2024;E;200043321;Communauté de communes du Pays de Mormal;PRO;;;A;5522.509;275;0.6994;;0;0;17X100A100A0001A
Enedis;2024;E;200043354;Communauté de communes de Villedieu Intercom;ENT;01;Culture et production animale, chasse et services annexes;A;2029.811;14;0.99999;;0;0;17X100A100A0001A
Enedis;2024;E;200043354;Communauté de communes de Villedieu Intercom;PRO;;;A;7341.476;307;0;;0;1;17X100A100A0001A
Enedis;2024;E;200043396;Communauté d'agglomération Maubeuge Val de Sambre;ENT;01;Culture et production animale, chasse et services annexes;A;418.565;4;0.99999;;0;0;17X100A100A0001A
Enedis;2024;E;200043396;Communauté d'agglomération Maubeuge Val de Sambre;ENT;02;Sylviculture et exploitation forestière;A;48.52;1;0.99999;;0;0;17X100A100A0001A
Enedis;2024;E;200043396;Communauté d'agglomération Maubeuge Val de Sambre;PRO;;;A;5055.004;211;0.7319;;0;0;17X100A100A0001A
Enedis;2024;E;200043404;Communauté de communes du Sud Avesnois;ENT;01;Culture et production animale, chasse et services annexes;A;277.899;3;0.99999;;0;0;17X100A100A0001A
Enedis;2024;E;200043404;Communauté de communes du Sud Avesnois;PRO;;;A;1232.059;57;0.6261;;0;0;17X100A100A0001A
Enedis;2024;E;200043438;Communauté de communes de la Moivre à la Coole;ENT;01;Culture et production animale, chasse et services annexes;A;2472.4;38;0.99999;;0;0;17X100A100A0001A
Enedis;2024;E;200043438;Communauté de communes de la Moivre à la Coole;PRO;;;A;1422.971;178;0.7274;;0;0;17X100A100A0001A
Enedis;2024;E;200043495;Communauté d'agglomération du Pays de Laon;ENT;01;Culture et production animale, chasse et services annexes;A;1408.817;42;0.99999;;0;0;17X100A100A0001A
Enedis;2024;E;200043495;Communauté d'agglomération du Pays de Laon;PRO;;;A;399.948;52;0.6855;;0;0;17X100A100A0001A
Enedis;2024;E;200043602;Communauté de communes des Albères,de la Côte Vermeille et de l'Illibéris;ENT;01;Culture et production animale, chasse et services annexes;A;2878.001;22;0.99999;;0;0;17X100A100A0001A
Enedis;2024;E;200043602;Communauté de communes des Albères,de la Côte Vermeille et de l'Illibéris;PRO;;;A;2512.207;293;0.676;;0;0;17X100A100A0001A
Enedis;2024;E;200043693;Communauté de communes Terre Lorraine du Longuyonnais;ENT;01;Culture et production animale, chasse et services annexes;A;854.596;8;0.9851;;0;0;17X100A100A0001A
Enedis;2024;E;200043693;Communauté de communes Terre Lorraine du Longuyonnais;PRO;;;A;1484.899;122;0.6652;;0;0;17X100A100A0001A
Enedis;2024;E;200043776;Communauté de communes Pyrénées Audoises;ENT;01;Culture et production animale, chasse et services annexes;A;86.32;5;0.99999;;0;0;17X100A100A0001A
Enedis;2024;E;200043776;Communauté de communes Pyrénées Audoises;ENT;02;Sylviculture et exploitation forestière;A;6.889;1;0.99999;;0;0;17X100A100A0001A
Enedis;2024;E;200043776;Communauté de communes Pyrénées Audoises;PRO;;;A;332.025;85;0.7107;;0;0;17X100A100A0001A
Enedis;2024;E;200043974;Communauté de communes du Sud Gironde;ENT;01;Culture et production animale, chasse et services annexes;A;9810.094;51;0.9904;;0;0;17X100A100A0001A
Enedis;2024;E;200043974;Communauté de communes du Sud Gironde;ENT;03;Pêche et aquaculture;A;135.687;2;0.99999;;0;0;17X100A100A0001A
Enedis;2024;E;200043974;Communauté de communes du Sud Gironde;PRO;;;A;1784.515;201;0.7438;;0;0;17X100A100A0001A
Enedis;2024;E;200043982;Communauté de communes du Bazadais;ENT;01;Culture et production animale, chasse et services annexes;A;688.198;13;0.99999;;0;0;17X100A100A0001A
Enedis;2024;E;200043982;Communauté de communes du Bazadais;ENT;03;Pêche et aquaculture;A;288.614;2;0.99999;;0;0;17X100A100A0001A
Enedis;2024;E;200043982;Communauté de communes du Bazadais;PRO;;;A;428.006;48;0.7277;;0;0;17X100A100A0001A
Enedis;2024;E;200043990;Communauté de communes Vallons de Haute-Bretagne Communauté;ENT;01;Culture et production animale, chasse et services annexes;A;4069.89;23;0.99999;;0;0;17X100A100A0001A
Enedis;2024;E;200043990;Communauté de communes Vallons de Haute-Bretagne Communauté;PRO;;;A;8559.289;362;0;;0;1;17X100A100A0001A
Enedis;2024;E;200044014;Communauté de communes Creuse Grand Sud;ENT;01;Culture et production animale, chasse et services annexes;A;26.257;1;0.99999;;0;0;17X100A100A0001A
Enedis;2024;E;200044014;Communauté de communes Creuse Grand Sud;ENT;02;Sylviculture et exploitation forestière;A;11.454;2;0.99999;;0;0;17X100A100A0001A
Enedis;2024;E;200044014;Communauté de communes Creuse Grand Sud;PRO;;;A;857.4;179;0.6715;;0;0;17X100A100A0001A
Enedis;2024;E;200044030;Communauté de communes des 7 Vallées;ENT;01;Culture et production animale, chasse et services annexes;A;2299.96;25;0.99999;;0;0;17X100A100A0001A
Enedis;2024;E;200044030;Communauté de communes des 7 Vallées;ENT;03;Pêche et aquaculture;A;253.318;1;0.99999;;0;0;17X100A100A0001A
Enedis;2024;E;200044030;Communauté de communes des 7 Vallées;PRO;;;A;5502.964;302;0.7206;;0;0;17X100A100A0001A
Enedis;2024;E;200044048;Communauté de communes Osartis Marquion;ENT;01;Culture et production animale, chasse et services annexes;A;6250.141;67;0.99999;;0;0;17X100A100A0001A
Enedis;2024;E;200044048;Communauté de communes Osartis Marquion;ENT;03;Pêche et aquaculture;A;354.83;1;0.99999;;0;0;17X100A100A0001A
Enedis;2024;E;200044048;Communauté de communes Osartis Marquion;PRO;;;A;2392.03;230;0.7143;;0;0;17X100A100A0001A
Enedis;2024;E;200044253;Communauté de communes du Bassin de Joinville en Champagne;ENT;01;Culture et production animale, chasse et services annexes;A;144.003;3;0.99999;;0;0;17X100A100A0001A
Enedis;2024;E;200044253;Communauté de communes du Bassin de Joinville en Champagne;PRO;;;A;2659.985;221;0.6799;;0;0;17X100A100A0001A
Enedis;2024;E;200044394;Communauté de communes du Réolais en Sud Gironde;ENT;01;Culture et production animale, chasse et services annexes;A;500.599;13;0.99999;;0;0;17X100A100A0001A
Enedis;2024;E;200044394;Communauté de communes du Réolais en Sud Gironde;PRO;;;A;1372.259;144;0.6992;;0;0;17X100A100A0001A
Enedis;2024;E;200044469;Communauté de communes du Pays de Mirepoix;ENT;01;Culture et production animale, chasse et services annexes;A;471.558;18;0.99999;;0;0;17X100A100A0001A
Enedis;2024;E;200044469;Communauté de communes du Pays de Mirepoix;ENT;02;Sylviculture et exploitation forestière;A;2.119;1;0.99999;;0;0;17X100A100A0001A
Enedis;2024;E;200044469;Communauté de communes du Pays de Mirepoix;PRO;;;A;772.083;136;0.6944;;0;0;17X100A100A0001A
Enedis;2024;E;200044618;Communauté d'agglomération Douaisis Agglo;ENT;01;Culture et production animale, chasse et services annexes;A;1648.275;26;0.99999;;0;0;17X100A100A0001A
Enedis;2024;E;200044618;Communauté d'agglomération Douaisis Agglo;PRO;;;A;1861.941;159;0.7428;;0;0;17X100A100A0001A
Enedis;2024;E;200046977;Métropole de Lyon;ENT;01;Culture et production animale, chasse et services annexes;A;2959.69;19;0.99999;;0;0;17X100A100A0001A
Enedis;2024;E;200046977;Métropole de Lyon;PRO;;;A;1737.026;148;0.7206;;0;0;17X100A100A0001A
Enedis;2024;E;200048551;Communauté de communes du Pays de Craon;ENT;01;Culture et production animale, chasse et services annexes;A;5281.25;48;0.99999;;0;0;17X100A100A0001A
Enedis;2024;E;200048551;Communauté de communes du Pays de Craon;PRO;;;A;18162.02;766;0;;0;1;17X100A100A0001A
Enedis;2024;E;200049187;Communauté d'agglomération du Grand Verdun;ENT;01;Culture et production animale, chasse et services annexes;A;152.784;2;0.99999;;0;0;17X100A100A0001A
Enedis;2024;E;200049187;Communauté d'agglomération du Grand Verdun;PRO;;;A;1039.556;81;0.7004;;0;0;17X100A100A0001A
Enedis;2024;E;200049211;Communauté de communes Conflent-Canigó;ENT;01;Culture et production animale, chasse et services annexes;A;45.002;2;0.99999;;0;0;17X100A100A0001A
Enedis;2024;E;200049211;Communauté de communes Conflent-Canigó;PRO;;;A;637.389;73;0.6514;;0;0;17X100A100A0001A
Enedis;2024;E;200049484;Communauté de communes Berry Grand Sud;ENT;01;Culture et production animale, chasse et services annexes;A;879.474;16;0.99999;;0;0;17X100A100A0001A
Enedis;2024;E;200049484;Communauté de communes Berry Grand Sud;PRO;;;A;3858.909;445;0.7167;;0;0;17X100A100A0001A
Enedis;2024;E;200054781;Métropole du Grand Paris;ENT;01;Culture et production animale, chasse et services annexes;A;7466.988;23;0.99999;;0;0;17X100A100A0001A
Enedis;2024;E;200054781;Métropole du Grand Paris;ENT;02;Sylviculture et exploitation forestière;A;389.673;2;0.99999;;0;0;17X100A100A0001A
Enedis;2024;E;200054781;Métropole du Grand Paris;PRO;;;A;2351.008;310;0.6922;;0;0;17X100A100A0001A
Enedis;2024;E;200054807;Métropole d'Aix-Marseille-Provence;ENT;01;Culture et production animale, chasse et services annexes;A;22501.332;178;0.9988;;0;0;17X100A100A0001A
Enedis;2024;E;200054807;Métropole d'Aix-Marseille-Provence;ENT;02;Sylviculture et exploitation forestière;A;46.42;2;0.99999;;0;0;17X100A100A0001A
Enedis;2024;E;200054807;Métropole d'Aix-Marseille-Provence;ENT;03;Pêche et aquaculture;A;2.489;1;0.99999;;0;0;17X100A100A0001A
Enedis;2024;E;200054807;Métropole d'Aix-Marseille-Provence;PRO;;;A;13795.108;1231;0.6471;;0;0;17X100A100A0001A
Enedis;2024;E;200055481;Communauté de communes Beauce Val de Loire;ENT;01;Culture et production animale, chasse et services annexes;A;14205.917;174;0.99999;;0;0;17X100A100A0001A
Enedis;2024;E;200055481;Communauté de communes Beauce Val de Loire;ENT;02;Sylviculture et exploitation forestière;A;84.581;2;0.99999;;0;0;17X100A100A0001A
Enedis;2024;E;200055481;Communauté de communes Beauce Val de Loire;PRO;;;A;1377.596;160;0.68;;0;0;17X100A100A0001A
Enedis;2024;E;200055655;Communauté d'agglomération Roissy Pays de France;ENT;01;Culture et production animale, chasse et services annexes;A;1432.901;18;0.99999;;0;0;17X100A100A0001A
Enedis;2024;E;200055655;Communauté d'agglomération Roissy Pays de France;PRO;;;A;1380.102;111;0.7675;;0;0;17X100A100A0001A
Enedis;2024;E;200055887;Communauté de communes Mayenne Communauté;ENT;01;Culture et production animale, chasse et services annexes;A;1604.113;13;0.99999;;0;0;17X100A100A0001A
Enedis;2024;E;200055887;Communauté de communes Mayenne Communauté;ENT;02;Sylviculture et exploitation forestière;A;0.271;1;0.99999;;0;0;17X100A100A0001A
Enedis;2024;E;200055887;Communauté de communes Mayenne Communauté;PRO;;;A;14191.728;571;0;;0;6;17X100A100A0001A
Enedis;2024;E;200056232;Communauté d'agglomération Communauté Paris-Saclay;ENT;01;Culture et production animale, chasse et services annexes;A;54.015;2;0.99999;;0;0;17X100A100A0001A
Enedis;2024;E;200056232;Communauté d'agglomération Communauté Paris-Saclay;PRO;;;A;425.343;53;0.5322;;0;0;17X100A100A0001A
Enedis;2024;E;200056380;Communauté d'agglomération Plaine Vallée;ENT;01;Culture et production animale, chasse et services annexes;A;192.084;5;0.99999;;0;0;17X100A100A0001A
Enedis;2024;E;200056380;Communauté d'agglomération Plaine Vallée;PRO;;;A;429.893;30;0.7454;;0;0;17X100A100A0001A
Enedis;2024;E;200057859;Communauté d'agglomération Cœur d'Essonne Agglomération;ENT;01;Culture et production animale, chasse et services annexes;A;345.482;6;0.99999;;0;0;17X100A100A0001A
Enedis;2024;E;200057859;Communauté d'agglomération Cœur d'Essonne Agglomération;PRO;;;A;207.037;20;0.7665;;0;0;17X100A100A0001A
Enedis;2024;E;200057958;Communauté d'agglomération Paris - Vallée de la Marne;ENT;01;Culture et production animale, chasse et services annexes;A;10.859;1;0.99999;;0;0;17X100A100A0001A
Enedis;2024;E;200057958;Communauté d'agglomération Paris - Vallée de la Marne;PRO;;;A;66.02;6;0.296;;0;0;17X100A100A0001A
Enedis;2024;E;200058360;Communauté de communes entre Beauce et Perche;ENT;01;Culture et production animale, chasse et services annexes;A;488.873;9;0.99999;;0;0;17X100A100A0001A
Enedis;2024;E;200058360;Communauté de communes entre Beauce et Perche;PRO;;;A;327.851;45;0.7313;;0;0;17X100A100A0001A
Enedis;2024;E;200058477;Communauté d'agglomération Val d'Yerres Val de Seine;PRO;;;A;secret;secret;;;;8;17X100A100A0001A
Enedis;2024;E;200058485;Communauté d'agglomération Val Parisis;ENT;01;Culture et production animale, chasse et services annexes;A;54.058;2;0.99999;;0;0;17X100A100A0001A
Enedis;2024;E;200058485;Communauté d'agglomération Val Parisis;PRO;;;A;136.83;17;0.6807;;0;0;17X100A100A0001A
Enedis;2024;E;200058519;Communauté d'agglomération Saint Germain Boucles de Seine;ENT;01;Culture et production animale, chasse et services annexes;A;1652.384;4;0.99999;;0;0;17X100A100A0001A
Enedis;2024;E;200058519;Communauté d'agglomération Saint Germain Boucles de Seine;ENT;02;Sylviculture et exploitation forestière;A;154.436;2;0.99999;;0;0;17X100A100A0001A
Enedis;2024;E;200058519;Communauté d'agglomération Saint Germain Boucles de Seine;PRO;;;A;749.281;63;0.7596;;0;0;17X100A100A0001A
Enedis;2024;E;200058782;Communauté d'agglomération de Saint-Quentin-en-Yvelines;ENT;01;Culture et production animale, chasse et services annexes;A;746.107;3;0.99999;;0;0;17X100A100A0001A
Enedis;2024;E;200058782;Communauté d'agglomération de Saint-Quentin-en-Yvelines;PRO;;;A;213.047;23;0.7719;;0;0;17X100A100A0001A
Enedis;2024;E;200059228;Communauté d'agglomération Grand Paris Sud Seine Essonne Sénart;ENT;01;Culture et production animale, chasse et services annexes;A;736.266;5;0.99999;;0;0;17X100A100A0001A
Enedis;2024;E;200059228;Communauté d'agglomération Grand Paris Sud Seine Essonne Sénart;ENT;02;Sylviculture et exploitation forestière;A;40.176;1;0.99999;;0;0;17X100A100A0001A
Enedis;2024;E;200059228;Communauté d'agglomération Grand Paris Sud Seine Essonne Sénart;PRO;;;A;370.371;34;0.6875;;0;0;17X100A100A0001A
Enedis;2024;E;200059392;Communauté de communes Bièvre Isère;ENT;01;Culture et production animale, chasse et services annexes;A;2332.596;43;0.99999;;0;0;17X100A100A0001A
Enedis;2024;E;200059392;Communauté de communes Bièvre Isère;ENT;03;Pêche et aquaculture;A;1617.056;1;0.99999;;0;0;17X100A100A0001A
Enedis;2024;E;200059392;Communauté de communes Bièvre Isère;PRO;;;A;3903.984;263;0.672;;0;0;17X100A100A0001A
Enedis;2024;E;200059400;Communauté de communes Porte Océane du Limousin;ENT;01;Culture et production animale, chasse et services annexes;A;702.814;7;0.99999;;0;0;17X100A100A0001A
Enedis;2024;E;200059400;Communauté de communes Porte Océane du Limousin;PRO;;;A;870.49;137;0.7158;;0;0;17X100A100A0001A
Enedis;2024;E;200059889;Communauté urbaine Grand Paris Seine et Oise;ENT;01;Culture et production animale, chasse et services annexes;A;1276.543;13;0.99999;;0;0;17X100A100A0001A
Enedis;2024;E;200059889;Communauté urbaine Grand Paris Seine et Oise;PRO;;;A;1147.062;115;0.6718;;0;0;17X100A100A0001A
Enedis;2024;E;200060010;Communauté d'agglomération Mauges Communauté;ENT;01;Culture et production animale, chasse et services annexes;A;30892.901;237;0.99999;;0;0;17X100A100A0001A
Enedis;2024;E;200060010;Communauté d'agglomération Mauges Communauté;ENT;02;Sylviculture et exploitation forestière;A;141.45;3;0.99999;;0;0;17X100A100A0001A
Enedis;2024;E;200060010;Communauté d'agglomération Mauges Communauté;PRO;;;A;29579.071;1770;0;;0;2;17X100A100A0001A
Enedis;2024;E;200065563;Communauté de communes Normandie-Cabourg-Pays d'Auge;ENT;01;Culture et production animale, chasse et services annexes;A;1132.717;11;0.99999;;0;0;17X100A100A0001A
Enedis;2024;E;200065563;Communauté de communes Normandie-Cabourg-Pays d'Auge;PRO;;;A;1646.621;151;0.6354;;0;0;17X100A100A0001A
Enedis;2024;E;200065589;Communauté de communes Val ès Dunes;ENT;01;Culture et production animale, chasse et services annexes;A;422.243;7;0.99999;;0;0;17X100A100A0001A
Enedis;2024;E;200065589;Communauté de communes Val ès Dunes;PRO;;;A;546.717;53;0.6506;;0;0;17X100A100A0001A
Enedis;2024;E;200065597;Communauté urbaine Caen la Mer;ENT;01;Culture et production animale, chasse et services annexes;A;1175.546;9;0.99999;;0;0;17X100A100A0001A
Enedis;2024;E;200065597;Communauté urbaine Caen la Mer;ENT;02;Sylviculture et exploitation forestière;A;60.987;1;0.99999;;0;0;17X100A100A0001A
Enedis;2024;E;200065597;Communauté urbaine Caen la Mer;PRO;;;A;1582.865;162;0.6253;;0;0;17X100A100A0001A
Enedis;2024;E;200065647;Communauté d'agglomération Pays de Montbéliard Agglomération;ENT;01;Culture et production animale, chasse et services annexes;A;253.336;3;0.99999;;0;0;17X100A100A0001A
Enedis;2024;E;200065647;Communauté d'agglomération Pays de Montbéliard Agglomération;ENT;02;Sylviculture et exploitation forestière;A;16.196;1;0.99999;;0;0;17X100A100A0001A
Enedis;2024;E;200065647;Communauté d'agglomération Pays de Montbéliard Agglomération;PRO;;;A;2234.682;129;0.7032;;0;0;17X100A100A0001A
Enedis;2024;E;200065787;Communauté de communes de Pont-Audemer / Val de Risle;ENT;01;Culture et production animale, chasse et services annexes;A;1199.206;5;0.99999;;0;0;17X100A100A0001A
Enedis;2024;E;200065787;Communauté de communes de Pont-Audemer / Val de Risle;ENT;02;Sylviculture et exploitation forestière;A;20.021;1;0.99999;;0;0;17X100A100A0001A
Enedis;2024;E;200065787;Communauté de communes de Pont-Audemer / Val de Risle;ENT;03;Pêche et aquaculture;A;37.332;1;0.99999;;0;0;17X100A100A0001A
Enedis;2024;E;200065787;Communauté de communes de Pont-Audemer / Val de Risle;PRO;;;A;1851.347;116;0.7161;;0;0;17X100A100A0001A
Enedis;2024;E;200065886;Communauté d'agglomération Loire Forez Agglomération;ENT;01;Culture et production animale, chasse et services annexes;A;2870.81;28;0.99999;;0;0;17X100A100A0001A
Enedis;2024;E;200065886;Communauté d'agglomération Loire Forez Agglomération;ENT;02;Sylviculture et exploitation forestière;A;226.296;1;0.99999;;0;0;17X100A100A0001A
Enedis;2024;E;200065886;Communauté d'agglomération Loire Forez Agglomération;PRO;;;A;8607.283;680;0.7072;;0;0;17X100A100A0001A
Enedis;2024;E;200065894;Communauté de communes de Forez-Est;ENT;01;Culture et production animale, chasse et services annexes;A;1272.454;14;0.99999;;0;0;17X100A100A0001A
Enedis;2024;E;200065894;Communauté de communes de Forez-Est;PRO;;;A;6271.023;385;0.6866;;0;0;17X100A100A0001A
Enedis;2024;E;200065928;Communauté d'agglomération Lannion-Trégor Communauté;ENT;01;Culture et production animale, chasse et services annexes;A;16967.449;85;0.99999;;0;0;17X100A100A0001A
Enedis;2024;E;200065928;Communauté d'agglomération Lannion-Trégor Communauté;ENT;02;Sylviculture et exploitation forestière;A;146.806;1;0.99999;;0;0;17X100A100A0001A
Enedis;2024;E;200065928;Communauté d'agglomération Lannion-Trégor Communauté;ENT;03;Pêche et aquaculture;A;1096.426;5;0.99999;;0;0;17X100A100A0001A
Enedis;2024;E;200065928;Communauté d'agglomération Lannion-Trégor Communauté;PRO;;;A;17676.125;840;0.7163;;0;0;17X100A100A0001A
Enedis;2024;E;200066009;Communauté d'agglomération Mulhouse Alsace Agglomération;ENT;01;Culture et production animale, chasse et services annexes;A;3530.625;84;0.99999;;0;0;17X100A100A0001A
Enedis;2024;E;200066009;Communauté d'agglomération Mulhouse Alsace Agglomération;ENT;02;Sylviculture et exploitation forestière;A;32.477;1;0.99999;;0;0;17X100A100A0001A
Enedis;2024;E;200066009;Communauté d'agglomération Mulhouse Alsace Agglomération;PRO;;;A;1642.833;163;0.6256;;0;0;17X100A100A0001A
Enedis;2024;E;200066017;Communauté de communes Lieuvin Pays d'Auge;ENT;01;Culture et production animale, chasse et services annexes;A;484.241;9;0.9988;;0;0;17X100A100A0001A
Enedis;2024;E;200066017;Communauté de communes Lieuvin Pays d'Auge;ENT;03;Pêche et aquaculture;A;61.49;1;0.99999;;0;0;17X100A100A0001A
Enedis;2024;E;200066017;Communauté de communes Lieuvin Pays d'Auge;PRO;;;A;3870.802;203;0.7402;;0;0;17X100A100A0001A
Enedis;2024;E;200066025;Communauté de communes Alsace Rhin Brisach;ENT;01;Culture et production animale, chasse et services annexes;A;2838.638;69;0.99999;;0;0;17X100A100A0001A
Enedis;2024;E;200066025;Communauté de communes Alsace Rhin Brisach;PRO;;;A;388.334;44;0.4289;;0;0;17X100A100A0001A
Enedis;2024;E;200066033;Communauté de communes Sud Alsace Largue;ENT;01;Culture et production animale, chasse et services annexes;A;381.826;4;0.99999;;0;0;17X100A100A0001A
Enedis;2024;E;200066033;Communauté de communes Sud Alsace Largue;ENT;02;Sylviculture et exploitation forestière;A;58.508;2;0.99999;;0;0;17X100A100A0001A
Enedis;2024;E;200066033;Communauté de communes Sud Alsace Largue;ENT;03;Pêche et aquaculture;A;41.773;1;0.99999;;0;0;17X100A100A0001A
Enedis;2024;E;200066033;Communauté de communes Sud Alsace Largue;PRO;;;A;2338.643;144;0.6706;;0;0;17X100A100A0001A
Enedis;2024;E;200066041;Communauté de communes Sundgau;ENT;01;Culture et production animale, chasse et services annexes;A;434.267;7;0.99999;;0;0;17X100A100A0001A
Enedis;2024;E;200066041;Communauté de communes Sundgau;ENT;02;Sylviculture et exploitation forestière;A;16.096;1;0.99999;;0;0;17X100A100A0001A
Enedis;2024;E;200066041;Communauté de communes Sundgau;PRO;;;A;4290.935;312;0.6091;;0;0;17X100A100A0001A
Enedis;2024;E;200066058;Communauté d'agglomération Saint-Louis Agglomération;ENT;01;Culture et production animale, chasse et services annexes;A;255.642;8;0.99999;;0;0;17X100A100A0001A
Enedis;2024;E;200066058;Communauté d'agglomération Saint-Louis Agglomération;ENT;02;Sylviculture et exploitation forestière;A;121.273;1;0.99999;;0;0;17X100A100A0001A
Enedis;2024;E;200066058;Communauté d'agglomération Saint-Louis Agglomération;PRO;;;A;1469.532;135;0.597;;0;0;17X100A100A0001A
Enedis;2024;E;200066108;Communauté de communes des Portes de Meuse;ENT;01;Culture et production animale, chasse et services annexes;A;509.628;7;0.99999;;0;0;17X100A100A0001A
Enedis;2024;E;200066108;Communauté de communes des Portes de Meuse;PRO;;;A;1938.197;245;0.6682;;0;0;17X100A100A0001A
Enedis;2024;E;200066116;Communauté de communes Argonne-Meuse;ENT;01;Culture et production animale, chasse et services annexes;A;245.885;4;0.99999;;0;0;17X100A100A0001A
Enedis;2024;E;200066116;Communauté de communes Argonne-Meuse;PRO;;;A;2695.003;188;0.7185;;0;0;17X100A100A0001A
Enedis;2024;E;200066124;Communauté d'agglomération Gaillac-Graulhet;ENT;01;Culture et production animale, chasse et services annexes;A;5913.495;107;0.99999;;0;0;17X100A100A0001A
Enedis;2024;E;200066124;Communauté d'agglomération Gaillac-Graulhet;ENT;02;Sylviculture et exploitation forestière;A;8.693;1;0.99999;;0;0;17X100A100A0001A
Enedis;2024;E;200066124;Communauté d'agglomération Gaillac-Graulhet;PRO;;;A;5538.473;554;0.7324;;0;0;17X100A100A0001A
Enedis;2024;E;200066132;Communauté de communes du Pays de Stenay et du Val Dunois;ENT;01;Culture et production animale, chasse et services annexes;A;1188.866;4;0.99999;;0;0;17X100A100A0001A
Enedis;2024;E;200066132;Communauté de communes du Pays de Stenay et du Val Dunois;ENT;02;Sylviculture et exploitation forestière;A;814.881;1;0.99999;;0;0;17X100A100A0001A
Enedis;2024;E;200066132;Communauté de communes du Pays de Stenay et du Val Dunois;PRO;;;A;2339.251;166;0.649;;0;0;17X100A100A0001A
Enedis;2024;E;200066140;Communauté de communes de l'Aire à l'Argonne;ENT;01;Culture et production animale, chasse et services annexes;A;541.048;5;0.99999;;0;0;17X100A100A0001A
Enedis;2024;E;200066140;Communauté de communes de l'Aire à l'Argonne;PRO;;;A;3008.883;344;0.6923;;0;0;17X100A100A0001A
Enedis;2024;E;200066157;Communauté de communes de Commercy - Void - Vaucouleurs;ENT;01;Culture et production animale, chasse et services annexes;A;1715.552;11;0.99999;;0;0;17X100A100A0001A
Enedis;2024;E;200066157;Communauté de communes de Commercy - Void - Vaucouleurs;PRO;;;A;2519.556;256;0.6858;;0;0;17X100A100A0001A
Enedis;2024;E;200066165;Communauté de communes Val de Meuse - Voie Sacrée;ENT;01;Culture et production animale, chasse et services annexes;A;672.673;6;0.99999;;0;0;17X100A100A0001A
Enedis;2024;E;200066165;Communauté de communes Val de Meuse - Voie Sacrée;PRO;;;A;1338.991;107;0.6554;;0;0;17X100A100A0001A
Enedis;2024;E;200066173;Communauté de communes de Damvillers Spincourt;ENT;01;Culture et production animale, chasse et services annexes;A;1254.49;6;0.99999;;0;0;17X100A100A0001A
Enedis;2024;E;200066173;Communauté de communes de Damvillers Spincourt;PRO;;;A;3398.542;193;0.6894;;0;0;17X100A100A0001A
Enedis;2024;E;200066223;Communauté de communes Arize Lèze;ENT;01;Culture et production animale, chasse et services annexes;A;614.824;33;0.99999;;0;0;17X100A100A0001A
Enedis;2024;E;200066223;Communauté de communes Arize Lèze;PRO;;;A;1353.058;208;0.6295;;0;0;17X100A100A0001A
Enedis;2024;E;200066231;Communauté de communes des Portes d'Ariège Pyrénées;ENT;01;Culture et production animale, chasse et services annexes;A;408.303;20;0.99999;;0;0;17X100A100A0001A
Enedis;2024;E;200066231;Communauté de communes des Portes d'Ariège Pyrénées;PRO;;;A;1150.735;191;0.7473;;0;0;17X100A100A0001A
Enedis;2024;E;200066280;Communauté de communes du Pithiverais;ENT;01;Culture et production animale, chasse et services annexes;A;5.142;1;0.99999;;0;0;17X100A100A0001A
Enedis;2024;E;200066322;Communauté de communes Terres des Confluences;ENT;01;Culture et production animale, chasse et services annexes;A;3640.777;91;0.99999;;0;0;17X100A100A0001A
Enedis;2024;E;200066322;Communauté de communes Terres des Confluences;PRO;;;A;5334.288;518;0.7329;;0;0;17X100A100A0001A
Enedis;2024;E;200066330;Communauté de communes Terres du Haut Berry;ENT;01;Culture et production animale, chasse et services annexes;A;5828.71;60;0.99999;;0;0;17X100A100A0001A
Enedis;2024;E;200066330;Communauté de communes Terres du Haut Berry;PRO;;;A;2647.443;262;0.6676;;0;0;17X100A100A0001A
Enedis;2024;E;200066348;Communauté de communes du Minervois au Caroux;ENT;01;Culture et production animale, chasse et services annexes;A;818.274;6;0.99999;;0;0;17X100A100A0001A
Enedis;2024;E;200066348;Communauté de communes du Minervois au Caroux;PRO;;;A;994.759;154;0.6474;;0;0;17X100A100A0001A
Enedis;2024;E;200066355;Communauté d'agglomération Sète Agglopôle Méditerranée;ENT;01;Culture et production animale, chasse et services annexes;A;540.932;11;0.99999;;0;0;17X100A100A0001A
Enedis;2024;E;200066355;Communauté d'agglomération Sète Agglopôle Méditerranée;ENT;03;Pêche et aquaculture;A;4969.872;12;0.99999;;0;0;17X100A100A0001A
Enedis;2024;E;200066355;Communauté d'agglomération Sète Agglopôle Méditerranée;PRO;;;A;4203.973;512;0.6864;;0;0;17X100A100A0001A
Enedis;2024;E;200066363;Communauté de communes de la Haute Ariège;ENT;03;Pêche et aquaculture;A;57.173;1;0.99999;;0;0;17X100A100A0001A
Enedis;2024;E;200066363;Communauté de communes de la Haute Ariège;PRO;;;A;157.549;44;0.6941;;0;0;17X100A100A0001A
Enedis;2024;E;200066371;Communauté de communes Causses et Vallée de la Dordogne;ENT;01;Culture et production animale, chasse et services annexes;A;2214.501;22;0.99999;;0;0;17X100A100A0001A
Enedis;2024;E;200066371;Communauté de communes Causses et Vallée de la Dordogne;PRO;;;A;6046.182;638;0.6595;;0;0;17X100A100A0001A
Enedis;2024;E;200066389;Communauté d'agglomération Saint-Lô Agglo;ENT;01;Culture et production animale, chasse et services annexes;A;4533.37;36;0.99999;;0;0;17X100A100A0001A
Enedis;2024;E;200066389;Communauté d'agglomération Saint-Lô Agglo;PRO;;;A;16451.611;682;0.7155;;0;0;17X100A100A0001A
Enedis;2024;E;200066405;Communauté de communes Roumois Seine;ENT;01;Culture et production animale, chasse et services annexes;A;1842.985;11;0.99999;;0;0;17X100A100A0001A
Enedis;2024;E;200066405;Communauté de communes Roumois Seine;PRO;;;A;2429.954;159;0.686;;0;0;17X100A100A0001A
Enedis;2024;E;200066413;Communauté de communes Intercom Bernay Terres de Normandie;ENT;01;Culture et production animale, chasse et services annexes;A;2738.095;21;0.99999;;0;0;17X100A100A0001A
Enedis;2024;E;200066413;Communauté de communes Intercom Bernay Terres de Normandie;ENT;03;Pêche et aquaculture;A;44.013;1;0.99999;;0;0;17X100A100A0001A
Enedis;2024;E;200066413;Communauté de communes Intercom Bernay Terres de Normandie;PRO;;;A;6221.312;438;0.6719;;0;0;17X100A100A0001A
Enedis;2024;E;200066462;Communauté de communes Interco Normandie Sud Eure;ENT;01;Culture et production animale, chasse et services annexes;A;1742.107;32;0.99999;;0;0;17X100A100A0001A
Enedis;2024;E;200066462;Communauté de communes Interco Normandie Sud Eure;PRO;;;A;3802.487;332;0.7036;;0;0;17X100A100A0001A
Enedis;2024;E;200066512;Communauté de communes Élan Limousin Avenir Nature;ENT;01;Culture et production animale, chasse et services annexes;A;134.474;3;0.9997;;0;0;17X100A100A0001A
Enedis;2024;E;200066512;Communauté de communes Élan Limousin Avenir Nature;ENT;02;Sylviculture et exploitation forestière;A;20.572;1;0.99999;;0;0;17X100A100A0001A
Enedis;2024;E;200066512;Communauté de communes Élan Limousin Avenir Nature;PRO;;;A;1086.346;175;0.7386;;0;0;17X100A100A0001A
Enedis;2024;E;200066520;Communauté de communes Ouest Limousin;ENT;01;Culture et production animale, chasse et services annexes;A;35.421;1;0.99999;;0;0;17X100A100A0001A
Enedis;2024;E;200066520;Communauté de communes Ouest Limousin;ENT;03;Pêche et aquaculture;A;10.649;1;0.99999;;0;0;17X100A100A0001A
Enedis;2024;E;200066520;Communauté de communes Ouest Limousin;PRO;;;A;1167.524;156;0.7127;;0;0;17X100A100A0001A
Enedis;2024;E;200066553;Communauté de communes des Monts de Lacaune et de la Montagne du Haut Languedoc;ENT;01;Culture et production animale, chasse et services annexes;A;598.517;6;0.99999;;0;0;17X100A100A0001A
Enedis;2024;E;200066553;Communauté de communes des Monts de Lacaune et de la Montagne du Haut Languedoc;ENT;02;Sylviculture et exploitation forestière;A;4.626;1;0.99999;;0;0;17X100A100A0001A
Enedis;2024;E;200066553;Communauté de communes des Monts de Lacaune et de la Montagne du Haut Languedoc;PRO;;;A;1948.824;175;0.7396;;0;0;17X100A100A0001A
Enedis;2024;E;200066561;Communauté de communes Sidobre Vals et Plateaux;ENT;01;Culture et production animale, chasse et services annexes;A;36.075;3;0.99999;;0;0;17X100A100A0001A
Enedis;2024;E;200066561;Communauté de communes Sidobre Vals et Plateaux;ENT;02;Sylviculture et exploitation forestière;A;24.565;2;0.99999;;0;0;17X100A100A0001A
Enedis;2024;E;200066561;Communauté de communes Sidobre Vals et Plateaux;PRO;;;A;1613.002;136;0.6388;;0;0;17X100A100A0001A
Enedis;2024;E;200066587;Communauté de communes des Monts du Lyonnais;ENT;01;Culture et production animale, chasse et services annexes;A;833.447;9;0.99999;;0;0;17X100A100A0001A
Enedis;2024;E;200066587;Communauté de communes des Monts du Lyonnais;PRO;;;A;8576.434;463;0.7151;;0;0;17X100A100A0001A
Enedis;2024;E;200066603;Communauté de communes du Pays de Lubersac-Pompadour;ENT;01;Culture et production animale, chasse et services annexes;A;113.548;1;0.99999;;0;0;17X100A100A0001A
Enedis;2024;E;200066603;Communauté de communes du Pays de Lubersac-Pompadour;PRO;;;A;1364.861;215;0.7121;;0;0;17X100A100A0001A
Enedis;2024;E;200066637;Communauté de communes Hautes Terres Communauté;ENT;01;Culture et production animale, chasse et services annexes;A;898.082;7;0.99999;;0;0;17X100A100A0001A
Enedis;2024;E;200066637;Communauté de communes Hautes Terres Communauté;PRO;;;A;6342.03;724;0.7256;;0;0;17X100A100A0001A
Enedis;2024;E;200066645;Communauté de communes Vézère-Monédières-Millesources;PRO;;;A;767.38;145;0.7263;;0;0;17X100A100A0001A
Enedis;2024;E;200066652;Communauté de communes Grand Sud Tarn et Garonne;ENT;01;Culture et production animale, chasse et services annexes;A;2324.531;50;0.99999;;0;0;17X100A100A0001A
Enedis;2024;E;200066652;Communauté de communes Grand Sud Tarn et Garonne;PRO;;;A;2170.945;263;0.7248;;0;0;17X100A100A0001A
Enedis;2024;E;200066660;Saint-Flour Communauté;ENT;01;Culture et production animale, chasse et services annexes;A;466.365;8;0.99999;;0;0;17X100A100A0001A
Enedis;2024;E;200066660;Saint-Flour Communauté;ENT;02;Sylviculture et exploitation forestière;A;11.745;2;0.99999;;0;0;17X100A100A0001A
Enedis;2024;E;200066660;Saint-Flour Communauté;PRO;;;A;10772.859;1205;0.7128;;0;0;17X100A100A0001A
Enedis;2024;E;200066678;Communauté de communes de la Châtaigneraie Cantalienne;ENT;01;Culture et production animale, chasse et services annexes;A;787.292;12;0.99999;;0;0;17X100A100A0001A
Enedis;2024;E;200066678;Communauté de communes de la Châtaigneraie Cantalienne;PRO;;;A;8299.085;782;0.7032;;0;0;17X100A100A0001A
Enedis;2024;E;200066710;Communauté de communes Cingal-Suisse Normande;ENT;01;Culture et production animale, chasse et services annexes;A;581.235;5;0.99999;;0;0;17X100A100A0001A
Enedis;2024;E;200066710;Communauté de communes Cingal-Suisse Normande;PRO;;;A;2526.736;160;0.6426;;0;0;17X100A100A0001A
Enedis;2024;E;200066728;Communauté de communes Vallées de l'Orne et de l'Odon;ENT;01;Culture et production animale, chasse et services annexes;A;1598.178;11;0.99999;;0;0;17X100A100A0001A
Enedis;2024;E;200066728;Communauté de communes Vallées de l'Orne et de l'Odon;PRO;;;A;840.508;58;0.7003;;0;0;17X100A100A0001A
Enedis;2024;E;200066744;Communauté de communes Haute-Corrèze Communauté;ENT;01;Culture et production animale, chasse et services annexes;A;6.42;1;0.99999;;0;0;17X100A100A0001A
Enedis;2024;E;200066744;Communauté de communes Haute-Corrèze Communauté;ENT;02;Sylviculture et exploitation forestière;A;301.787;4;0.99999;;0;0;17X100A100A0001A
Enedis;2024;E;200066744;Communauté de communes Haute-Corrèze Communauté;PRO;;;A;2396.74;454;0.726;;0;0;17X100A100A0001A
Enedis;2024;E;200066751;Communauté de communes Xaintrie Val'Dordogne;ENT;01;Culture et production animale, chasse et services annexes;A;2.636;1;0.99999;;0;0;17X100A100A0001A
Enedis;2024;E;200066751;Communauté de communes Xaintrie Val'Dordogne;PRO;;;A;1875.76;351;0.7167;;0;0;17X100A100A0001A
Enedis;2024;E;200066769;Communauté de communes Midi Corrézien;ENT;01;Culture et production animale, chasse et services annexes;A;30.114;1;0.99999;;0;0;17X100A100A0001A
Enedis;2024;E;200066769;Communauté de communes Midi Corrézien;ENT;02;Sylviculture et exploitation forestière;A;3.026;1;0.99999;;0;0;17X100A100A0001A
Enedis;2024;E;200066769;Communauté de communes Midi Corrézien;PRO;;;A;1334.73;235;0.7052;;0;0;17X100A100A0001A
Enedis;2024;E;200066777;Ploërmel Communauté;ENT;01;Culture et production animale, chasse et services annexes;A;15478.451;118;0.99999;;0;0;17X100A100A0001A
Enedis;2024;E;200066777;Ploërmel Communauté;PRO;;;A;12735.937;619;0.6996;;0;0;17X100A100A0001A
Enedis;2024;E;200066785;Communauté de communes de l'Oust à Brocéliande;ENT;01;Culture et production animale, chasse et services annexes;A;19649.425;93;0.99999;;0;0;17X100A100A0001A
Enedis;2024;E;200066785;Communauté de communes de l'Oust à Brocéliande;ENT;02;Sylviculture et exploitation forestière;A;468.511;2;0.99999;;0;0;17X100A100A0001A
Enedis;2024;E;200066785;Communauté de communes de l'Oust à Brocéliande;PRO;;;A;10304.188;540;0.696;;0;0;17X100A100A0001A
Enedis;2024;E;200066793;Communauté d'agglomération du Grand Annecy;ENT;01;Culture et production animale, chasse et services annexes;A;1419.156;14;0.99999;;0;0;17X100A100A0001A
Enedis;2024;E;200066793;Communauté d'agglomération du Grand Annecy;PRO;;;A;2138.329;146;0.6237;;0;0;17X100A100A0001A
Enedis;2024;E;200066801;Communauté de communes Isigny-Omaha Intercom;ENT;01;Culture et production animale, chasse et services annexes;A;1773.414;19;0.99999;;0;0;17X100A100A0001A
Enedis;2024;E;200066801;Communauté de communes Isigny-Omaha Intercom;ENT;03;Pêche et aquaculture;A;602.269;3;0.99999;;0;0;17X100A100A0001A
Enedis;2024;E;200066801;Communauté de communes Isigny-Omaha Intercom;PRO;;;A;10687.802;470;0.6472;;0;0;17X100A100A0001A
Enedis;2024;E;200066819;Communauté de communes du Volvestre;ENT;01;Culture et production animale, chasse et services annexes;A;2150.218;54;0.99999;;0;0;17X100A100A0001A
Enedis;2024;E;200066819;Communauté de communes du Volvestre;ENT;02;Sylviculture et exploitation forestière;A;1.315;1;0.99999;;0;0;17X100A100A0001A
Enedis;2024;E;200066819;Communauté de communes du Volvestre;PRO;;;A;1664.447;200;0.748;;0;0;17X100A100A0001A
Enedis;2024;E;200066827;Communauté de communes du Pays de Honfleur-Beuzeville;ENT;01;Culture et production animale, chasse et services annexes;A;426.325;6;0.99999;;0;0;17X100A100A0001A
Enedis;2024;E;200066827;Communauté de communes du Pays de Honfleur-Beuzeville;PRO;;;A;1093.78;75;0.5291;;0;0;17X100A100A0001A
Enedis;2024;E;200066835;Communauté de communes de Sézanne-Sud Ouest Marnais;ENT;01;Culture et production animale, chasse et services annexes;A;3207.923;44;0.99999;;0;0;17X100A100A0001A
Enedis;2024;E;200066835;Communauté de communes de Sézanne-Sud Ouest Marnais;PRO;;;A;3329.641;456;0.6884;;0;0;17X100A100A0001A
Enedis;2024;E;200066850;Communauté de communes des Paysages de la Champagne;ENT;01;Culture et production animale, chasse et services annexes;A;2512.227;43;0.998;;0;0;17X100A100A0001A
Enedis;2024;E;200066850;Communauté de communes des Paysages de la Champagne;PRO;;;A;9944.058;1059;0.7227;;0;0;17X100A100A0001A
Enedis;2024;E;200066868;Communauté de communes Presqu'île de Crozon-Aulne maritime;ENT;01;Culture et production animale, chasse et services annexes;A;1378.629;10;0.99999;;0;0;17X100A100A0001A
Enedis;2024;E;200066868;Communauté de communes Presqu'île de Crozon-Aulne maritime;PRO;;;A;3081.059;145;0.6988;;0;0;17X100A100A0001A
Enedis;2024;E;200066876;Communauté d'agglomération de Châlons-en-Champagne;ENT;01;Culture et production animale, chasse et services annexes;A;6754.787;62;0.99999;;0;0;17X100A100A0001A
Enedis;2024;E;200066876;Communauté d'agglomération de Châlons-en-Champagne;PRO;;;A;2742.828;388;0.697;;0;0;17X100A100A0001A
Enedis;2024;E;200066884;Communauté de communes Quercy Vert-Aveyron;ENT;01;Culture et production animale, chasse et services annexes;A;1850.469;40;0.99999;;0;0;17X100A100A0001A
Enedis;2024;E;200066884;Communauté de communes Quercy Vert-Aveyron;PRO;;;A;2893.212;262;0.7019;;0;0;17X100A100A0001A
Enedis;2024;E;200066892;Communauté de communes de Vendeuvre-Soulaines;ENT;01;Culture et production animale, chasse et services annexes;A;280.601;6;0.99999;;0;0;17X100A100A0001A
Enedis;2024;E;200066892;Communauté de communes de Vendeuvre-Soulaines;PRO;;;A;1799.837;187;0.6691;;0;0;17X100A100A0001A
Enedis;2024;E;200066918;Communauté d'agglomération Alès Agglomération;ENT;01;Culture et production animale, chasse et services annexes;A;488.46;13;0.99999;;0;0;17X100A100A0001A
Enedis;2024;E;200066918;Communauté d'agglomération Alès Agglomération;ENT;02;Sylviculture et exploitation forestière;A;83.876;1;0.99999;;0;0;17X100A100A0001A
Enedis;2024;E;200066918;Communauté d'agglomération Alès Agglomération;PRO;;;A;1643.253;207;0.6637;;0;0;17X100A100A0001A
Enedis;2024;E;200066926;Communauté d'agglomération Grand Auch Cœur de Gascogne;ENT;01;Culture et production animale, chasse et services annexes;A;1299.24;33;0.99999;;0;0;17X100A100A0001A
Enedis;2024;E;200066926;Communauté d'agglomération Grand Auch Cœur de Gascogne;PRO;;;A;2377.688;288;0.7042;;0;0;17X100A100A0001A
Enedis;2024;E;200066975;Communauté de communes Senlis Sud Oise;ENT;01;Culture et production animale, chasse et services annexes;A;134.905;3;0.99999;;0;0;17X100A100A0001A
Enedis;2024;E;200066975;Communauté de communes Senlis Sud Oise;PRO;;;A;228.671;22;0.8134;;0;0;17X100A100A0001A
Enedis;2024;E;200067023;Communauté de communes Coutances Mer et Bocage;ENT;01;Culture et production animale, chasse et services annexes;A;2992.311;14;0.99999;;0;0;17X100A100A0001A
Enedis;2024;E;200067023;Communauté de communes Coutances Mer et Bocage;ENT;03;Pêche et aquaculture;A;1241.27;12;0.99999;;0;0;17X100A100A0001A
Enedis;2024;E;200067023;Communauté de communes Coutances Mer et Bocage;PRO;;;A;14609.735;648;0.7379;;0;0;17X100A100A0001A
Enedis;2024;E;200067031;Communauté de communes Côte Ouest Centre Manche;ENT;01;Culture et production animale, chasse et services annexes;A;2915.818;13;0.99999;;0;0;17X100A100A0001A
Enedis;2024;E;200067031;Communauté de communes Côte Ouest Centre Manche;ENT;03;Pêche et aquaculture;A;119.657;1;0.99999;;0;0;17X100A100A0001A
Enedis;2024;E;200067031;Communauté de communes Côte Ouest Centre Manche;PRO;;;A;10262.082;513;0;;0;1;17X100A100A0001A
Enedis;2024;E;200067064;Communauté de communes Decazeville Communauté;ENT;01;Culture et production animale, chasse et services annexes;A;142.52;3;0.99999;;0;0;17X100A100A0001A
Enedis;2024;E;200067064;Communauté de communes Decazeville Communauté;PRO;;;A;1265.107;127;0.7078;;0;0;17X100A100A0001A
Enedis;2024;E;200067072;Communauté de communes Haut-Léon Communauté;ENT;01;Culture et production animale, chasse et services annexes;A;19010.702;91;0.99999;;0;0;17X100A100A0001A
Enedis;2024;E;200067072;Communauté de communes Haut-Léon Communauté;ENT;03;Pêche et aquaculture;A;878.054;3;0.99999;;0;0;17X100A100A0001A
Enedis;2024;E;200067072;Communauté de communes Haut-Léon Communauté;PRO;;;A;7478.093;483;0;;0;3;17X100A100A0001A
Enedis;2024;E;200067080;Communauté de communes Chablis Villages et Terroirs;ENT;01;Culture et production animale, chasse et services annexes;A;5164.814;67;0.99999;;0;0;17X100A100A0001A
Enedis;2024;E;200067080;Communauté de communes Chablis Villages et Terroirs;ENT;02;Sylviculture et exploitation forestière;A;1.078;1;0.99999;;0;0;17X100A100A0001A
Enedis;2024;E;200067080;Communauté de communes Chablis Villages et Terroirs;PRO;;;A;4759.398;483;0.7067;;0;0;17X100A100A0001A
Enedis;2024;E;200067106;Communauté d'agglomération du Pays Basque;ENT;01;Culture et production animale, chasse et services annexes;A;5366.659;38;0.99999;;0;0;17X100A100A0001A
Enedis;2024;E;200067106;Communauté d'agglomération du Pays Basque;ENT;02;Sylviculture et exploitation forestière;A;1.642;1;0.7236;;0;0;17X100A100A0001A
Enedis;2024;E;200067106;Communauté d'agglomération du Pays Basque;ENT;03;Pêche et aquaculture;A;3095.88;4;0.99999;;0;0;17X100A100A0001A
Enedis;2024;E;200067106;Communauté d'agglomération du Pays Basque;PRO;;;A;26755.824;2367;0.6996;;0;0;17X100A100A0001A
Enedis;2024;E;200067114;Communauté d'agglomération de l'Auxerrois;ENT;01;Culture et production animale, chasse et services annexes;A;741.765;16;0.99999;;0;0;17X100A100A0001A
Enedis;2024;E;200067114;Communauté d'agglomération de l'Auxerrois;PRO;;;A;1931.148;213;0.6828;;0;0;17X100A100A0001A
Enedis;2024;E;200067122;Communauté de communes du Pays de Lafrançaise;ENT;01;Culture et production animale, chasse et services annexes;A;791.379;21;0.99999;;0;0;17X100A100A0001A
Enedis;2024;E;200067122;Communauté de communes du Pays de Lafrançaise;PRO;;;A;2305.715;219;0;;0;1;17X100A100A0001A
Enedis;2024;E;200067130;Communauté de communes de Puisaye-Forterre;ENT;01;Culture et production animale, chasse et services annexes;A;2445.098;38;0.99999;;0;0;17X100A100A0001A
Enedis;2024;E;200067130;Communauté de communes de Puisaye-Forterre;ENT;02;Sylviculture et exploitation forestière;A;322.134;2;0.9458;;0;0;17X100A100A0001A
Enedis;2024;E;200067130;Communauté de communes de Puisaye-Forterre;PRO;;;A;6744.866;612;0.6796;;0;0;17X100A100A0001A
Enedis;2024;E;200067155;Communauté de communes Saint Affricain,Roquefort,Sept Vallons;ENT;01;Culture et production animale, chasse et services annexes;A;349.126;10;0.99999;;0;0;17X100A100A0001A
Enedis;2024;E;200067155;Communauté de communes Saint Affricain,Roquefort,Sept Vallons;PRO;;;A;2698.205;182;0;;0;2;17X100A100A0001A
Enedis;2024;E;200067163;Communauté de communes Monts,Rance et Rougier;ENT;01;Culture et production animale, chasse et services annexes;A;282.228;6;0.99999;;0;0;17X100A100A0001A
Enedis;2024;E;200067163;Communauté de communes Monts,Rance et Rougier;PRO;;;A;4679.559;274;0.664;;0;0;17X100A100A0001A
Enedis;2024;E;200067171;Communauté de communes Aubrac,Carladez et Viadène;ENT;01;Culture et production animale, chasse et services annexes;A;891.256;12;0.99999;;0;0;17X100A100A0001A
Enedis;2024;E;200067171;Communauté de communes Aubrac,Carladez et Viadène;PRO;;;A;4502.539;626;0;;0;1;17X100A100A0001A
Enedis;2024;E;200067189;Creuse Sud Ouest;ENT;01;Culture et production animale, chasse et services annexes;A;37.923;1;0.99999;;0;0;17X100A100A0001A
Enedis;2024;E;200067189;Creuse Sud Ouest;PRO;;;A;1119.981;266;0.6937;;0;0;17X100A100A0001A
Enedis;2024;E;200067197;Communauté de communes Monts d'Arrée Communauté;ENT;01;Culture et production animale, chasse et services annexes;A;2257.841;15;0.99999;;0;0;17X100A100A0001A
Enedis;2024;E;200067197;Communauté de communes Monts d'Arrée Communauté;ENT;03;Pêche et aquaculture;A;794.173;1;0.99999;;0;0;17X100A100A0001A
Enedis;2024;E;200067197;Communauté de communes Monts d'Arrée Communauté;PRO;;;A;3446.875;182;0.6842;;0;0;17X100A100A0001A
Enedis;2024;E;200067205;Communauté d'agglomération du Cotentin;ENT;01;Culture et production animale, chasse et services annexes;A;3569.727;28;0.99999;;0;0;17X100A100A0001A
Enedis;2024;E;200067205;Communauté d'agglomération du Cotentin;ENT;03;Pêche et aquaculture;A;1096.007;4;0.99999;;0;0;17X100A100A0001A
Enedis;2024;E;200067205;Communauté d'agglomération du Cotentin;PRO;;;A;24425.698;1194;0.7198;;0;0;17X100A100A0001A
Enedis;2024;E;200067213;Communauté urbaine du Grand Reims;ENT;01;Culture et production animale, chasse et services annexes;A;8609.26;106;0.99999;;0;0;17X100A100A0001A
Enedis;2024;E;200067213;Communauté urbaine du Grand Reims;PRO;;;A;14219.86;1591;0.6899;;0;0;17X100A100A0001A
Enedis;2024;E;200067239;Communauté de communes des Luys en Béarn;ENT;01;Culture et production animale, chasse et services annexes;A;3063.244;30;0.99999;;0;0;17X100A100A0001A
Enedis;2024;E;200067239;Communauté de communes des Luys en Béarn;ENT;03;Pêche et aquaculture;A;121.196;1;0.99999;;0;0;17X100A100A0001A
Enedis;2024;E;200067239;Communauté de communes des Luys en Béarn;PRO;;;A;5968.982;641;0.7136;;0;0;17X100A100A0001A
Enedis;2024;E;200067247;Communauté de communes Pleyben-Châteaulin-Porzay;ENT;01;Culture et production animale, chasse et services annexes;A;18968.408;85;0.99999;;0;0;17X100A100A0001A
Enedis;2024;E;200067247;Communauté de communes Pleyben-Châteaulin-Porzay;ENT;03;Pêche et aquaculture;A;1307.594;2;0.99999;;0;0;17X100A100A0001A
Enedis;2024;E;200067247;Communauté de communes Pleyben-Châteaulin-Porzay;PRO;;;A;6509.326;331;0.6852;;0;0;17X100A100A0001A
Enedis;2024;E;200067254;Communauté d'agglomération Pau Béarn Pyrénées;ENT;01;Culture et production animale, chasse et services annexes;A;737.701;12;0.99999;;0;0;17X100A100A0001A
Enedis;2024;E;200067254;Communauté d'agglomération Pau Béarn Pyrénées;PRO;;;A;1942.053;265;0.7253;;0;0;17X100A100A0001A
Enedis;2024;E;200067262;Communauté de communes du Haut Béarn;ENT;01;Culture et production animale, chasse et services annexes;A;233.333;4;0.99999;;0;0;17X100A100A0001A
Enedis;2024;E;200067262;Communauté de communes du Haut Béarn;ENT;03;Pêche et aquaculture;A;161.552;1;0.99999;;0;0;17X100A100A0001A
Enedis;2024;E;200067262;Communauté de communes du Haut Béarn;PRO;;;A;3580.055;366;0.6663;;0;0;17X100A100A0001A
Enedis;2024;E;200067288;Communauté de communes du Béarn des Gaves;ENT;01;Culture et production animale, chasse et services annexes;A;615.998;19;0.99999;;0;0;17X100A100A0001A
Enedis;2024;E;200067288;Communauté de communes du Béarn des Gaves;PRO;;;A;3263.218;409;0.7281;;0;0;17X100A100A0001A
Enedis;2024;E;200067296;Communauté de communes du Nord Est Béarn;ENT;01;Culture et production animale, chasse et services annexes;A;5021.53;44;0.9999;;0;0;17X100A100A0001A
Enedis;2024;E;200067296;Communauté de communes du Nord Est Béarn;ENT;02;Sylviculture et exploitation forestière;A;25.102;1;0.99999;;0;0;17X100A100A0001A
Enedis;2024;E;200067296;Communauté de communes du Nord Est Béarn;PRO;;;A;7534.845;692;0.6974;;0;0;17X100A100A0001A
Enedis;2024;E;200067304;Communauté de communes Serein et Armance;ENT;01;Culture et production animale, chasse et services annexes;A;608.936;13;0.99999;;0;0;17X100A100A0001A
Enedis;2024;E;200067304;Communauté de communes Serein et Armance;PRO;;;A;2165.088;172;0.6627;;0;0;17X100A100A0001A
Enedis;2024;E;200067320;Communauté de communes Serre-Ponçon Val d'Avance;PRO;;;A;533.164;77;0.7161;;0;0;17X100A100A0001A
Enedis;2024;E;200067346;Communauté d'agglomération Pornic Agglo Pays de Retz;ENT;01;Culture et production animale, chasse et services annexes;A;1623.309;24;0.99999;;0;0;17X100A100A0001A
Enedis;2024;E;200067346;Communauté d'agglomération Pornic Agglo Pays de Retz;ENT;03;Pêche et aquaculture;A;126.496;1;0.99999;;0;0;17X100A100A0001A
Enedis;2024;E;200067346;Communauté d'agglomération Pornic Agglo Pays de Retz;PRO;;;A;6762.268;351;0;;0;2;17X100A100A0001A
Enedis;2024;E;200067361;Communauté de communes Grand-Figeac;ENT;01;Culture et production animale, chasse et services annexes;A;807.377;17;0.99999;;0;0;17X100A100A0001A
Enedis;2024;E;200067361;Communauté de communes Grand-Figeac;ENT;02;Sylviculture et exploitation forestière;A;21.479;1;0.99999;;0;0;17X100A100A0001A
Enedis;2024;E;200067361;Communauté de communes Grand-Figeac;PRO;;;A;7215.081;738;0.708;;0;0;17X100A100A0001A
Enedis;2024;E;200067379;Communauté de communes Côtes de Champagne et Val de Saulx;ENT;01;Culture et production animale, chasse et services annexes;A;117.939;3;0.99999;;0;0;17X100A100A0001A
Enedis;2024;E;200067379;Communauté de communes Côtes de Champagne et Val de Saulx;PRO;;;A;1470.049;187;0.6282;;0;0;17X100A100A0001A
Enedis;2024;E;200067429;Communauté de communes Haut Nivernais-Val d'Yonne;ENT;01;Culture et production animale, chasse et services annexes;A;564.857;16;0.99999;;0;0;17X100A100A0001A
Enedis;2024;E;200067429;Communauté de communes Haut Nivernais-Val d'Yonne;ENT;02;Sylviculture et exploitation forestière;A;4.138;1;0.99999;;0;0;17X100A100A0001A
Enedis;2024;E;200067429;Communauté de communes Haut Nivernais-Val d'Yonne;PRO;;;A;1012.995;127;0.648;;0;0;17X100A100A0001A
Enedis;2024;E;200067437;Communauté d'agglomération Provence-Alpes-Agglomération;ENT;01;Culture et production animale, chasse et services annexes;A;6957.118;24;0.99999;;0;0;17X100A100A0001A
Enedis;2024;E;200067437;Communauté d'agglomération Provence-Alpes-Agglomération;ENT;02;Sylviculture et exploitation forestière;A;10.127;1;0.99999;;0;0;17X100A100A0001A
Enedis;2024;E;200067437;Communauté d'agglomération Provence-Alpes-Agglomération;PRO;;;A;1627.018;213;0.7118;;0;0;17X100A100A0001A
Enedis;2024;E;200067445;Communauté de communes Buëch-Dévoluy;ENT;01;Culture et production animale, chasse et services annexes;A;135.203;4;0.99999;;0;0;17X100A100A0001A
Enedis;2024;E;200067445;Communauté de communes Buëch-Dévoluy;PRO;;;A;838.382;126;0.6712;;0;0;17X100A100A0001A
Enedis;2024;E;200067452;Communauté de communes du Guillestrois et du Queyras;ENT;02;Sylviculture et exploitation forestière;A;85.03;2;0.99999;;0;0;17X100A100A0001A
Enedis;2024;E;200067452;Communauté de communes du Guillestrois et du Queyras;PRO;;;A;524.522;85;0.6998;;0;0;17X100A100A0001A
Enedis;2024;E;200067460;Communauté de communes Loudéac Communauté - Bretagne Centre;ENT;01;Culture et production animale, chasse et services annexes;A;37788.521;192;0.99999;;0;0;17X100A100A0001A
Enedis;2024;E;200067460;Communauté de communes Loudéac Communauté - Bretagne Centre;PRO;;;A;33785.001;1371;0.7115;;0;0;17X100A100A0001A
Enedis;2024;E;200067478;Communauté de communes Comtal Lot et Truyère;ENT;01;Culture et production animale, chasse et services annexes;A;1699.833;17;0.99999;;0;0;17X100A100A0001A
Enedis;2024;E;200067478;Communauté de communes Comtal Lot et Truyère;ENT;02;Sylviculture et exploitation forestière;A;40.614;1;0.99999;;0;0;17X100A100A0001A
Enedis;2024;E;200067478;Communauté de communes Comtal Lot et Truyère;PRO;;;A;3557.589;408;0.7169;;0;0;17X100A100A0001A
Enedis;2024;E;200067486;Communauté de communes Bouzonvillois-Trois Frontières;ENT;01;Culture et production animale, chasse et services annexes;A;241.327;2;0.99999;;0;0;17X100A100A0001A
Enedis;2024;E;200067486;Communauté de communes Bouzonvillois-Trois Frontières;PRO;;;A;2396.27;127;0.6688;;0;0;17X100A100A0001A
Enedis;2024;E;200067502;Communauté d'agglomération Saint-Avold Synergie;ENT;01;Culture et production animale, chasse et services annexes;A;134.083;2;0.99999;;0;0;17X100A100A0001A
Enedis;2024;E;200067502;Communauté d'agglomération Saint-Avold Synergie;ENT;02;Sylviculture et exploitation forestière;A;16.457;1;0.99999;;0;0;17X100A100A0001A
Enedis;2024;E;200067502;Communauté d'agglomération Saint-Avold Synergie;PRO;;;A;2154.884;154;0.6918;;0;0;17X100A100A0001A
Enedis;2024;E;200067544;Creuse Confluence;ENT;01;Culture et production animale, chasse et services annexes;A;806.913;8;0.99999;;0;0;17X100A100A0001A
Enedis;2024;E;200067544;Creuse Confluence;ENT;02;Sylviculture et exploitation forestière;A;1.769;1;0.99999;;0;0;17X100A100A0001A
Enedis;2024;E;200067544;Creuse Confluence;PRO;;;A;3141.976;527;0.7278;;0;0;17X100A100A0001A
Enedis;2024;E;200067551;Communauté d'agglomération Thonon Agglomération;ENT;01;Culture et production animale, chasse et services annexes;A;1254.513;19;0.99999;;0;0;17X100A100A0001A
Enedis;2024;E;200067551;Communauté d'agglomération Thonon Agglomération;ENT;03;Pêche et aquaculture;A;156.225;1;0.99999;;0;0;17X100A100A0001A
Enedis;2024;E;200067551;Communauté d'agglomération Thonon Agglomération;PRO;;;A;2017.515;141;0.6958;;0;0;17X100A100A0001A
Enedis;2024;E;200067593;Communauté de communes Marche et Combraille en Aquitaine;ENT;01;Culture et production animale, chasse et services annexes;A;510.78;4;0.99999;;0;0;17X100A100A0001A
Enedis;2024;E;200067593;Communauté de communes Marche et Combraille en Aquitaine;ENT;02;Sylviculture et exploitation forestière;A;1025.683;1;0.99999;;0;0;17X100A100A0001A
Enedis;2024;E;200067593;Communauté de communes Marche et Combraille en Aquitaine;PRO;;;A;3314.397;530;0.766;;0;0;17X100A100A0001A
Enedis;2024;E;200067627;Communauté de communes Billom Communauté;ENT;01;Culture et production animale, chasse et services annexes;A;143.618;4;0.99999;;0;0;17X100A100A0001A
Enedis;2024;E;200067627;Communauté de communes Billom Communauté;PRO;;;A;1034.846;150;0.6716;;0;0;17X100A100A0001A
Enedis;2024;E;200067635;Communauté d'agglomération Clisson Sèvre et Maine Agglo;ENT;01;Culture et production animale, chasse et services annexes;A;11376.876;48;0.99999;;0;0;17X100A100A0001A
Enedis;2024;E;200067635;Communauté d'agglomération Clisson Sèvre et Maine Agglo;PRO;;;A;5628.598;391;0;;0;1;17X100A100A0001A
Enedis;2024;E;200067643;Communauté de communes Meurthe Mortagne Moselle;ENT;01;Culture et production animale, chasse et services annexes;A;255.195;4;0.99999;;0;0;17X100A100A0001A
Enedis;2024;E;200067643;Communauté de communes Meurthe Mortagne Moselle;PRO;;;A;1921.553;163;0.7269;;0;0;17X100A100A0001A
Enedis;2024;E;200067650;Communauté de communes Houve-Pays Boulageois;ENT;01;Culture et production animale, chasse et services annexes;A;504.059;3;0.99999;;0;0;17X100A100A0001A
Enedis;2024;E;200067650;Communauté de communes Houve-Pays Boulageois;PRO;;;A;2036.493;126;0.7228;;0;0;17X100A100A0001A
Enedis;2024;E;200067668;Communauté de communes de la Cléry,du Betz et de l'Ouanne;ENT;01;Culture et production animale, chasse et services annexes;A;2613.781;53;0.99999;;0;0;17X100A100A0001A
Enedis;2024;E;200067668;Communauté de communes de la Cléry,du Betz et de l'Ouanne;PRO;;;A;1494.565;167;0.6873;;0;0;17X100A100A0001A
Enedis;2024;E;200067676;Communauté de communes Canaux et Forêts en Gâtinais;ENT;01;Culture et production animale, chasse et services annexes;A;6117.577;151;0.99999;;0;0;17X100A100A0001A
Enedis;2024;E;200067676;Communauté de communes Canaux et Forêts en Gâtinais;ENT;02;Sylviculture et exploitation forestière;A;107.268;2;0.99999;;0;0;17X100A100A0001A
Enedis;2024;E;200067676;Communauté de communes Canaux et Forêts en Gâtinais;PRO;;;A;3576.035;342;0.7038;;0;0;17X100A100A0001A
Enedis;2024;E;200067684;Communauté d'agglomération Épernay,Coteaux et Plaine de Champagne;ENT;01;Culture et production animale, chasse et services annexes;A;6712.028;113;0.9997;;0;0;17X100A100A0001A
Enedis;2024;E;200067684;Communauté d'agglomération Épernay,Coteaux et Plaine de Champagne;PRO;;;A;8779.078;1003;0.6992;;0;0;17X100A100A0001A
Enedis;2024;E;200067692;Communauté de communes Tannay-Brinon-Corbigny;ENT;01;Culture et production animale, chasse et services annexes;A;133.956;5;0.99999;;0;0;17X100A100A0001A
Enedis;2024;E;200067692;Communauté de communes Tannay-Brinon-Corbigny;ENT;02;Sylviculture et exploitation forestière;A;60.074;1;0.99999;;0;0;17X100A100A0001A
Enedis;2024;E;200067692;Communauté de communes Tannay-Brinon-Corbigny;PRO;;;A;1453.078;277;0.6825;;0;0;17X100A100A0001A
Enedis;2024;E;200067700;Communauté de communes Sud Nivernais;ENT;01;Culture et production animale, chasse et services annexes;A;636.832;16;0.99999;;0;0;17X100A100A0001A
Enedis;2024;E;200067700;Communauté de communes Sud Nivernais;PRO;;;A;1435.315;178;0.671;;0;0;17X100A100A0001A
Enedis;2024;E;200067742;Communauté de communes Serre-Ponçon;PRO;;;A;924.644;141;0.7449;;0;0;17X100A100A0001A
Enedis;2024;E;200067759;Communauté de communes Vallées et Plateau d'Ardenne;PRO;;;A;984.187;83;0.7117;;0;0;17X100A100A0001A
Enedis;2024;E;200067767;Communauté de communes du Royans-Vercors;ENT;01;Culture et production animale, chasse et services annexes;A;236.548;3;0.99999;;0;0;17X100A100A0001A
Enedis;2024;E;200067767;Communauté de communes du Royans-Vercors;ENT;03;Pêche et aquaculture;A;134.787;1;0.99999;;0;0;17X100A100A0001A
Enedis;2024;E;200067767;Communauté de communes du Royans-Vercors;PRO;;;A;1505.596;126;0.7058;;0;0;17X100A100A0001A
Enedis;2024;E;200067783;Communauté de communes de Hanau-La Petite Pierre;ENT;01;Culture et production animale, chasse et services annexes;A;38.4;1;0.99999;;0;0;17X100A100A0001A
Enedis;2024;E;200067783;Communauté de communes de Hanau-La Petite Pierre;PRO;;;A;secret;secret;;;;2;17X100A100A0001A
Enedis;2024;E;200067791;Communauté d'agglomération L'agglo Foix-Varilhes;ENT;01;Culture et production animale, chasse et services annexes;A;35.673;2;0.99999;;0;0;17X100A100A0001A
Enedis;2024;E;200067791;Communauté d'agglomération L'agglo Foix-Varilhes;PRO;;;A;753.72;115;0.5574;;0;0;17X100A100A0001A
Enedis;2024;E;200067817;Communauté de communes Saône-Beaujolais;ENT;01;Culture et production animale, chasse et services annexes;A;2342.97;35;0.99999;;0;0;17X100A100A0001A
Enedis;2024;E;200067817;Communauté de communes Saône-Beaujolais;ENT;02;Sylviculture et exploitation forestière;A;64.691;1;0.99999;;0;0;17X100A100A0001A
Enedis;2024;E;200067817;Communauté de communes Saône-Beaujolais;PRO;;;A;5488.185;611;0.7016;;0;0;17X100A100A0001A
Enedis;2024;E;200067825;Communauté d'agglomération Gap-Tallard-Durance;ENT;01;Culture et production animale, chasse et services annexes;A;1333.197;24;0.99999;;0;0;17X100A100A0001A
Enedis;2024;E;200067825;Communauté d'agglomération Gap-Tallard-Durance;PRO;;;A;1432.1;128;0.7383;;0;0;17X100A100A0001A
Enedis;2024;E;200067841;Communauté de communes de l'Alsace Bossue;ENT;01;Culture et production animale, chasse et services annexes;A;1225.919;8;0.99999;;0;0;17X100A100A0001A
Enedis;2024;E;200067841;Communauté de communes de l'Alsace Bossue;PRO;;;A;3002.826;179;0.6951;;0;0;17X100A100A0001A
Enedis;2024;E;200067866;Communauté de communes Sèvre et Loire;ENT;01;Culture et production animale, chasse et services annexes;A;11218.28;35;0.99999;;0;0;17X100A100A0001A
Enedis;2024;E;200067866;Communauté de communes Sèvre et Loire;PRO;;;A;3592.173;415;0;;0;2;17X100A100A0001A
Enedis;2024;E;200067882;Communauté de communes Bazois Loire Morvan;ENT;01;Culture et production animale, chasse et services annexes;A;389.443;7;0.99999;;0;0;17X100A100A0001A
Enedis;2024;E;200067882;Communauté de communes Bazois Loire Morvan;PRO;;;A;3630.381;519;0.6855;;0;0;17X100A100A0001A
Enedis;2024;E;200067890;Communauté de communes Morvan Sommets et Grands Lacs;PRO;;;A;1581.064;263;0.72;;0;0;17X100A100A0001A
Enedis;2024;E;200067908;Communauté de communes Amognes Cœur du Nivernais;ENT;01;Culture et production animale, chasse et services annexes;A;160.561;4;0.99999;;0;0;17X100A100A0001A
Enedis;2024;E;200067908;Communauté de communes Amognes Cœur du Nivernais;PRO;;;A;1521.113;192;0.7028;;0;0;17X100A100A0001A
Enedis;2024;E;200067916;Communauté de communes Cœur de Loire;ENT;01;Culture et production animale, chasse et services annexes;A;2930.707;63;0.99999;;0;0;17X100A100A0001A
Enedis;2024;E;200067916;Communauté de communes Cœur de Loire;ENT;02;Sylviculture et exploitation forestière;A;410.921;1;0.99999;;0;0;17X100A100A0001A
Enedis;2024;E;200067916;Communauté de communes Cœur de Loire;PRO;;;A;3113.667;338;0.7353;;0;0;17X100A100A0001A
Enedis;2024;E;200067924;Communauté de communes du Canton d'Erstein;ENT;01;Culture et production animale, chasse et services annexes;A;1924.096;18;0.99999;;0;0;17X100A100A0001A
Enedis;2024;E;200067924;Communauté de communes du Canton d'Erstein;PRO;;;A;976.527;69;0.5547;;0;0;17X100A100A0001A
Enedis;2024;E;200067932;Communauté d'agglomération Golfe du Morbihan - Vannes Agglomération;ENT;01;Culture et production animale, chasse et services annexes;A;8012.656;47;0.99999;;0;0;17X100A100A0001A
Enedis;2024;E;200067932;Communauté d'agglomération Golfe du Morbihan - Vannes Agglomération;ENT;03;Pêche et aquaculture;A;535.086;3;0.99999;;0;0;17X100A100A0001A
Enedis;2024;E;200067932;Communauté d'agglomération Golfe du Morbihan - Vannes Agglomération;PRO;;;A;9548.104;618;0.6948;;0;0;17X100A100A0001A
Enedis;2024;E;200067940;Communauté de communes Couserans-Pyrénées;ENT;01;Culture et production animale, chasse et services annexes;A;38.567;3;0.99999;;0;0;17X100A100A0001A
Enedis;2024;E;200067940;Communauté de communes Couserans-Pyrénées;ENT;02;Sylviculture et exploitation forestière;A;40.33;1;0.99999;;0;0;17X100A100A0001A
Enedis;2024;E;200067940;Communauté de communes Couserans-Pyrénées;PRO;;;A;1488.438;339;0.6716;;0;0;17X100A100A0001A
Enedis;2024;E;200067957;Communauté de communes Haut Chemin-Pays de Pange;PRO;;;A;secret;secret;;;;1;17X100A100A0001A
Enedis;2024;E;200067965;Communauté d'agglomération de la Région de Compiègne et de la Basse Automne;PRO;;;A;278.938;23;0.4707;;0;0;17X100A100A0001A
Enedis;2024;E;200067973;Communauté de communes Thelloise;ENT;01;Culture et production animale, chasse et services annexes;A;754.556;13;0.99999;;0;0;17X100A100A0001A
Enedis;2024;E;200067973;Communauté de communes Thelloise;ENT;02;Sylviculture et exploitation forestière;A;402.357;1;0.99999;;0;0;17X100A100A0001A
Enedis;2024;E;200067973;Communauté de communes Thelloise;PRO;;;A;693.88;71;0.695;;0;0;17X100A100A0001A
Enedis;2024;E;200067981;Communauté d'agglomération Guingamp-Paimpol Agglomération de l'Armor à l'Argoat;ENT;01;Culture et production animale, chasse et services annexes;A;20931.385;95;0.9998;;0;0;17X100A100A0001A
Enedis;2024;E;200067981;Communauté d'agglomération Guingamp-Paimpol Agglomération de l'Armor à l'Argoat;ENT;03;Pêche et aquaculture;A;570.47;5;0.99999;;0;0;17X100A100A0001A
Enedis;2024;E;200067981;Communauté d'agglomération Guingamp-Paimpol Agglomération de l'Armor à l'Argoat;PRO;;;A;22268.132;1097;0.7067;;0;0;17X100A100A0001A
Enedis;2024;E;200067999;Communauté d'agglomération du Beauvaisis;ENT;01;Culture et production animale, chasse et services annexes;A;430.41;11;0.99999;;0;0;17X100A100A0001A
Enedis;2024;E;200067999;Communauté d'agglomération du Beauvaisis;PRO;;;A;2954.064;221;0.6786;;0;0;17X100A100A0001A
Enedis;2024;E;200068005;Communauté de communes de l'Oise Picarde;ENT;01;Culture et production animale, chasse et services annexes;A;482.486;12;0.99999;;0;0;17X100A100A0001A
Enedis;2024;E;200068005;Communauté de communes de l'Oise Picarde;PRO;;;A;1992.071;193;0.6563;;0;0;17X100A100A0001A
Enedis;2024;E;200068047;Communauté d'agglomération Creil Sud Oise;ENT;01;Culture et production animale, chasse et services annexes;A;163.56;2;0.99999;;0;0;17X100A100A0001A
Enedis;2024;E;200068047;Communauté d'agglomération Creil Sud Oise;PRO;;;A;205.593;16;0.5731;;0;0;17X100A100A0001A
Enedis;2024;E;200068070;Communauté de communes Loue-Lison;ENT;01;Culture et production animale, chasse et services annexes;A;3027.115;23;0.99999;;0;0;17X100A100A0001A
Enedis;2024;E;200068070;Communauté de communes Loue-Lison;ENT;02;Sylviculture et exploitation forestière;A;1.132;1;0.99999;;0;0;17X100A100A0001A
Enedis;2024;E;200068070;Communauté de communes Loue-Lison;PRO;;;A;5642.645;297;0.7312;;0;0;17X100A100A0001A
Enedis;2024;E;200068088;Communauté de communes Les Bertranges;ENT;01;Culture et production animale, chasse et services annexes;A;1055.502;16;0.99999;;0;0;17X100A100A0001A
Enedis;2024;E;200068088;Communauté de communes Les Bertranges;PRO;;;A;906.731;134;0.7093;;0;0;17X100A100A0001A
Enedis;2024;E;200068096;Communauté de communes Champsaur-Valgaudemar;ENT;01;Culture et production animale, chasse et services annexes;A;380.222;3;0.99999;;0;0;17X100A100A0001A
Enedis;2024;E;200068096;Communauté de communes Champsaur-Valgaudemar;PRO;;;A;1782.595;175;0.7244;;0;0;17X100A100A0001A
Enedis;2024;E;200068104;Communauté d'agglomération de la Provence Verte;ENT;01;Culture et production animale, chasse et services annexes;A;5144.286;47;0.99999;;0;0;17X100A100A0001A
Enedis;2024;E;200068104;Communauté d'agglomération de la Provence Verte;PRO;;;A;2694.218;288;0.6458;;0;0;17X100A100A0001A
Enedis;2024;E;200068120;Communauté d'agglomération Quimper Bretagne Occidentale;ENT;01;Culture et production animale, chasse et services annexes;A;7850.173;49;0.99999;;0;0;17X100A100A0001A
Enedis;2024;E;200068120;Communauté d'agglomération Quimper Bretagne Occidentale;ENT;03;Pêche et aquaculture;A;938.236;2;0.99999;;0;0;17X100A100A0001A
Enedis;2024;E;200068120;Communauté d'agglomération Quimper Bretagne Occidentale;PRO;;;A;6386.949;340;0;;0;15;17X100A100A0001A
Enedis;2024;E;200068146;Communauté de communes Sarrebourg Moselle Sud;ENT;01;Culture et production animale, chasse et services annexes;A;469.24;6;0.99999;;0;0;17X100A100A0001A
Enedis;2024;E;200068146;Communauté de communes Sarrebourg Moselle Sud;PRO;;;A;5764.169;362;0.7222;;0;0;17X100A100A0001A
Enedis;2024;E;200068229;Communauté de communes des Baronnies en Drôme Provençale;ENT;01;Culture et production animale, chasse et services annexes;A;400.712;12;0.99999;;0;0;17X100A100A0001A
Enedis;2024;E;200068229;Communauté de communes des Baronnies en Drôme Provençale;PRO;;;A;2209.556;300;0.6212;;0;0;17X100A100A0001A
Enedis;2024;E;200068278;Communauté de communes Berry Loire Puisaye;ENT;01;Culture et production animale, chasse et services annexes;A;4264.723;54;0.99999;;0;0;17X100A100A0001A
Enedis;2024;E;200068278;Communauté de communes Berry Loire Puisaye;PRO;;;A;1965.029;145;0.6097;;0;0;17X100A100A0001A
Enedis;2024;E;200068294;Communauté de communes des Deux Vallées Vertes;ENT;01;Culture et production animale, chasse et services annexes;A;573.523;7;0.99999;;0;0;17X100A100A0001A
Enedis;2024;E;200068294;Communauté de communes des Deux Vallées Vertes;PRO;;;A;2100.719;130;0.6796;;0;0;17X100A100A0001A
Enedis;2024;E;200068369;Communauté de communes de Mirecourt Dompaire;ENT;01;Culture et production animale, chasse et services annexes;A;297.908;4;0.99999;;0;0;17X100A100A0001A
Enedis;2024;E;200068369;Communauté de communes de Mirecourt Dompaire;ENT;02;Sylviculture et exploitation forestière;A;25.885;1;0.99999;;0;0;17X100A100A0001A
Enedis;2024;E;200068369;Communauté de communes de Mirecourt Dompaire;PRO;;;A;4174.53;278;0.6864;;0;0;17X100A100A0001A
Enedis;2024;E;200068377;Communauté de communes de la Porte des Vosges Méridionales;ENT;01;Culture et production animale, chasse et services annexes;A;46.063;1;0.99999;;0;0;17X100A100A0001A
Enedis;2024;E;200068377;Communauté de communes de la Porte des Vosges Méridionales;PRO;;;A;1382.007;83;0.6949;;0;0;17X100A100A0001A
Enedis;2024;E;200068435;Communauté de communes Cœur du Perche;ENT;01;Culture et production animale, chasse et services annexes;A;429.385;13;0.99999;;0;0;17X100A100A0001A
Enedis;2024;E;200068435;Communauté de communes Cœur du Perche;PRO;;;A;2332.494;150;0;;0;3;17X100A100A0001A
Enedis;2024;E;200068443;Communauté de communes Andaine - Passais;ENT;01;Culture et production animale, chasse et services annexes;A;4628.06;19;0.99999;;0;0;17X100A100A0001A
Enedis;2024;E;200068443;Communauté de communes Andaine - Passais;PRO;;;A;8730.107;394;0;;0;1;17X100A100A0001A
Enedis;2024;E;200068450;Communauté de communes Terres d'Argentan Interco;ENT;01;Culture et production animale, chasse et services annexes;A;2014.332;22;0.99999;;0;0;17X100A100A0001A
Enedis;2024;E;200068450;Communauté de communes Terres d'Argentan Interco;PRO;;;A;7308.533;423;0.682;;0;0;17X100A100A0001A
Enedis;2024;E;200068468;Communauté de communes des Pays de L'Aigle;ENT;01;Culture et production animale, chasse et services annexes;A;1804.486;12;0.99999;;0;0;17X100A100A0001A
Enedis;2024;E;200068468;Communauté de communes des Pays de L'Aigle;PRO;;;A;4186.756;250;0.6211;;0;0;17X100A100A0001A
Enedis;2024;E;200068484;Communauté de communes des Causses à l'Aubrac;ENT;01;Culture et production animale, chasse et services annexes;A;369.119;8;0.99999;;0;0;17X100A100A0001A
Enedis;2024;E;200068484;Communauté de communes des Causses à l'Aubrac;PRO;;;A;5058.548;464;0;;0;1;17X100A100A0001A
Enedis;2024;E;200068500;Communauté d'agglomération de Cambrai;ENT;01;Culture et production animale, chasse et services annexes;A;6817.897;60;0.99999;;0;0;17X100A100A0001A
Enedis;2024;E;200068500;Communauté d'agglomération de Cambrai;ENT;02;Sylviculture et exploitation forestière;A;136.362;2;0.99999;;0;0;17X100A100A0001A
Enedis;2024;E;200068500;Communauté d'agglomération de Cambrai;PRO;;;A;2646.561;252;0.6858;;0;0;17X100A100A0001A
Enedis;2024;E;200068534;Communauté de communes Terroir de Caux;ENT;01;Culture et production animale, chasse et services annexes;A;4888.056;34;0.99999;;0;0;17X100A100A0001A
Enedis;2024;E;200068534;Communauté de communes Terroir de Caux;ENT;03;Pêche et aquaculture;A;1072.927;2;0.99999;;0;0;17X100A100A0001A
Enedis;2024;E;200068534;Communauté de communes Terroir de Caux;PRO;;;A;3756.14;301;0.7135;;0;0;17X100A100A0001A
Enedis;2024;E;200068542;Communauté de communes Les Balcons du Dauphiné;ENT;01;Culture et production animale, chasse et services annexes;A;3156.469;57;0.9835;;0;0;17X100A100A0001A
Enedis;2024;E;200068542;Communauté de communes Les Balcons du Dauphiné;ENT;02;Sylviculture et exploitation forestière;A;4.371;1;0.99999;;0;0;17X100A100A0001A
Enedis;2024;E;200068542;Communauté de communes Les Balcons du Dauphiné;PRO;;;A;2403.948;218;0.7091;;0;0;17X100A100A0001A
Enedis;2024;E;200068559;Communauté de communes de l'Ouest Vosgien;ENT;01;Culture et production animale, chasse et services annexes;A;1060.207;10;0.99999;;0;0;17X100A100A0001A
Enedis;2024;E;200068559;Communauté de communes de l'Ouest Vosgien;PRO;;;A;4834.774;305;0.7398;;0;0;17X100A100A0001A
Enedis;2024;E;200068567;Communauté de communes Les Vals du Dauphiné;ENT;01;Culture et production animale, chasse et services annexes;A;156.806;3;0.99999;;0;0;17X100A100A0001A
Enedis;2024;E;200068567;Communauté de communes Les Vals du Dauphiné;PRO;;;A;3446.478;196;0.6465;;0;0;17X100A100A0001A
Enedis;2024;E;200068625;Communauté de communes Alpes-Provence-Verdon - Sources de Lumière;ENT;01;Culture et production animale, chasse et services annexes;A;19.696;1;0.99999;;0;0;17X100A100A0001A
Enedis;2024;E;200068625;Communauté de communes Alpes-Provence-Verdon - Sources de Lumière;ENT;02;Sylviculture et exploitation forestière;A;35.404;1;0.99999;;0;0;17X100A100A0001A
Enedis;2024;E;200068625;Communauté de communes Alpes-Provence-Verdon - Sources de Lumière;PRO;;;A;467.602;107;0.6521;;0;0;17X100A100A0001A
Enedis;2024;E;200068641;Communauté d'agglomération Le Muretain Agglo;ENT;01;Culture et production animale, chasse et services annexes;A;1853.09;54;0.99999;;0;0;17X100A100A0001A
Enedis;2024;E;200068641;Communauté d'agglomération Le Muretain Agglo;ENT;02;Sylviculture et exploitation forestière;A;5.633;1;0.99999;;0;0;17X100A100A0001A
Enedis;2024;E;200068641;Communauté d'agglomération Le Muretain Agglo;PRO;;;A;683.614;90;0.7349;;0;0;17X100A100A0001A
Enedis;2024;E;200068658;Communauté d'agglomération de Chaumont;ENT;01;Culture et production animale, chasse et services annexes;A;827.181;10;0.99999;;0;0;17X100A100A0001A
Enedis;2024;E;200068658;Communauté d'agglomération de Chaumont;PRO;;;A;2712.43;281;0.732;;0;0;17X100A100A0001A
Enedis;2024;E;200068666;Communauté d'agglomération de Saint-Dizier Der et Blaise;ENT;01;Culture et production animale, chasse et services annexes;A;1892.239;14;0.99999;;0;0;17X100A100A0001A
Enedis;2024;E;200068666;Communauté d'agglomération de Saint-Dizier Der et Blaise;PRO;;;A;3736.272;276;0.713;;0;0;17X100A100A0001A
Enedis;2024;E;200068674;Communauté d'agglomération Grand Lac;ENT;01;Culture et production animale, chasse et services annexes;A;1383.575;13;0.99999;;0;0;17X100A100A0001A
Enedis;2024;E;200068674;Communauté d'agglomération Grand Lac;PRO;;;A;1629.797;107;0.5392;;0;0;17X100A100A0001A
Enedis;2024;E;200068682;Communauté de communes Terre d'Eau;ENT;01;Culture et production animale, chasse et services annexes;A;892.272;6;0.99999;;0;0;17X100A100A0001A
Enedis;2024;E;200068682;Communauté de communes Terre d'Eau;ENT;02;Sylviculture et exploitation forestière;A;48.246;1;0.99999;;0;0;17X100A100A0001A
Enedis;2024;E;200068682;Communauté de communes Terre d'Eau;PRO;;;A;3521.779;214;0.6758;;0;0;17X100A100A0001A
Enedis;2024;E;200068757;Communauté d'agglomération d'Épinal;ENT;01;Culture et production animale, chasse et services annexes;A;769.343;7;0.99999;;0;0;17X100A100A0001A
Enedis;2024;E;200068757;Communauté d'agglomération d'Épinal;ENT;02;Sylviculture et exploitation forestière;A;71.516;2;0.99999;;0;0;17X100A100A0001A
Enedis;2024;E;200068757;Communauté d'agglomération d'Épinal;PRO;;;A;7284.813;443;0.6831;;0;0;17X100A100A0001A
Enedis;2024;E;200068765;Communauté de communes du Sisteronais-Buëch;ENT;01;Culture et production animale, chasse et services annexes;A;4194.901;49;0.99999;;0;0;17X100A100A0001A
Enedis;2024;E;200068765;Communauté de communes du Sisteronais-Buëch;PRO;;;A;2306.425;296;0.6801;;0;0;17X100A100A0001A
Enedis;2024;E;200068773;Communauté de communes des Vosges côté Sud Ouest;ENT;01;Culture et production animale, chasse et services annexes;A;696.239;5;0.99999;;0;0;17X100A100A0001A
Enedis;2024;E;200068773;Communauté de communes des Vosges côté Sud Ouest;PRO;;;A;4998.81;329;0.7162;;0;0;17X100A100A0001A
Enedis;2024;E;200068781;Communauté d'agglomération Valence Romans Agglo;ENT;01;Culture et production animale, chasse et services annexes;A;18842.483;150;0.99999;;0;0;17X100A100A0001A
Enedis;2024;E;200068781;Communauté d'agglomération Valence Romans Agglo;ENT;02;Sylviculture et exploitation forestière;A;66.47;1;0.99999;;0;0;17X100A100A0001A
Enedis;2024;E;200068781;Communauté d'agglomération Valence Romans Agglo;PRO;;;A;9472.356;806;0.6683;;0;0;17X100A100A0001A
Enedis;2024;E;200068799;Communauté de communes Intercom de la Vire au Noireau;ENT;01;Culture et production animale, chasse et services annexes;A;2434.177;20;0.99999;;0;0;17X100A100A0001A
Enedis;2024;E;200068799;Communauté de communes Intercom de la Vire au Noireau;PRO;;;A;16063.817;683;0.7176;;0;0;17X100A100A0001A
Enedis;2024;E;200068807;Communauté de communes du Bassin Auterivain Haut-Garonnais;ENT;01;Culture et production animale, chasse et services annexes;A;475.154;15;0.99999;;0;0;17X100A100A0001A
Enedis;2024;E;200068807;Communauté de communes du Bassin Auterivain Haut-Garonnais;PRO;;;A;822.013;136;0.6417;;0;0;17X100A100A0001A
Enedis;2024;E;200068815;Communauté de communes Cœur de Garonne;ENT;01;Culture et production animale, chasse et services annexes;A;2056.751;62;0.9999;;0;0;17X100A100A0001A
Enedis;2024;E;200068815;Communauté de communes Cœur de Garonne;PRO;;;A;1949.95;265;0.7159;;0;0;17X100A100A0001A
Enedis;2024;E;200068831;Communauté de communes Pays Ségali Communauté;ENT;01;Culture et production animale, chasse et services annexes;A;2119.352;20;0.99999;;0;0;17X100A100A0001A
Enedis;2024;E;200068831;Communauté de communes Pays Ségali Communauté;PRO;;;A;9958.425;771;0.7261;;0;0;17X100A100A0001A
Enedis;2024;E;200068856;Communauté de communes des Hauts du Perche;ENT;01;Culture et production animale, chasse et services annexes;A;706.915;6;0.99999;;0;0;17X100A100A0001A
Enedis;2024;E;200068856;Communauté de communes des Hauts du Perche;ENT;02;Sylviculture et exploitation forestière;A;54.275;1;0.99999;;0;0;17X100A100A0001A
Enedis;2024;E;200068856;Communauté de communes des Hauts du Perche;PRO;;;A;1348.776;108;0.7239;;0;0;17X100A100A0001A
Enedis;2024;E;200068872;Communauté de communes Éguzon - Argenton - Vallée de la Creuse;ENT;01;Culture et production animale, chasse et services annexes;A;87.863;2;0.99999;;0;0;17X100A100A0001A
Enedis;2024;E;200068872;Communauté de communes Éguzon - Argenton - Vallée de la Creuse;PRO;;;A;956.594;130;0.6577;;0;0;17X100A100A0001A
Enedis;2024;E;200068880;Communauté de communes Champagne Boischauts;ENT;01;Culture et production animale, chasse et services annexes;A;655.94;22;0.99999;;0;0;17X100A100A0001A
Enedis;2024;E;200068880;Communauté de communes Champagne Boischauts;PRO;;;A;2069.047;256;0.6915;;0;0;17X100A100A0001A
Enedis;2024;E;200068914;Communauté de communes La Rochefoucauld porte du Périgord;ENT;01;Culture et production animale, chasse et services annexes;A;4544.377;65;0.99999;;0;0;17X100A100A0001A
Enedis;2024;E;200068914;Communauté de communes La Rochefoucauld porte du Périgord;ENT;02;Sylviculture et exploitation forestière;A;263.222;2;0.99999;;0;0;17X100A100A0001A
Enedis;2024;E;200068914;Communauté de communes La Rochefoucauld porte du Périgord;PRO;;;A;859.647;133;0.705;;0;0;17X100A100A0001A
Enedis;2024;E;200068922;Communauté de communes du Confluent et des Coteaux de Prayssas;ENT;01;Culture et production animale, chasse et services annexes;A;7117.772;69;0.99999;;0;0;17X100A100A0001A
Enedis;2024;E;200068922;Communauté de communes du Confluent et des Coteaux de Prayssas;PRO;;;A;5805.604;565;0.6836;;0;0;17X100A100A0001A
Enedis;2024;E;200068930;Communauté de communes Fumel Vallée du Lot;ENT;01;Culture et production animale, chasse et services annexes;A;951.204;24;0.99999;;0;0;17X100A100A0001A
Enedis;2024;E;200068930;Communauté de communes Fumel Vallée du Lot;ENT;02;Sylviculture et exploitation forestière;A;1.248;1;0.99999;;0;0;17X100A100A0001A
Enedis;2024;E;200068930;Communauté de communes Fumel Vallée du Lot;PRO;;;A;2707.226;311;0.7188;;0;0;17X100A100A0001A
Enedis;2024;E;200068948;Communauté de communes Albret Communauté;ENT;01;Culture et production animale, chasse et services annexes;A;8499.271;107;0.99999;;0;0;17X100A100A0001A
Enedis;2024;E;200068948;Communauté de communes Albret Communauté;ENT;02;Sylviculture et exploitation forestière;A;45.182;1;0.99999;;0;0;17X100A100A0001A
Enedis;2024;E;200068948;Communauté de communes Albret Communauté;PRO;;;A;5621.465;630;0.6993;;0;0;17X100A100A0001A
Enedis;2024;E;200068955;Communauté de communes Anjou Loir et Sarthe;ENT;01;Culture et production animale, chasse et services annexes;A;4300.188;56;0.99999;;0;0;17X100A100A0001A
Enedis;2024;E;200068955;Communauté de communes Anjou Loir et Sarthe;ENT;02;Sylviculture et exploitation forestière;A;22.794;1;0.99999;;0;0;17X100A100A0001A
Enedis;2024;E;200068955;Communauté de communes Anjou Loir et Sarthe;PRO;;;A;3757.916;235;0;;0;1;17X100A100A0001A
Enedis;2024;E;200068963;Communauté de communes Maine Cœur de Sarthe;ENT;01;Culture et production animale, chasse et services annexes;A;858.903;17;0.99999;;0;0;17X100A100A0001A
Enedis;2024;E;200068963;Communauté de communes Maine Cœur de Sarthe;PRO;;;A;2381.811;108;0.7229;;0;0;17X100A100A0001A
Enedis;2024;E;200068989;Communauté d'agglomération Dinan Agglomération;ENT;01;Culture et production animale, chasse et services annexes;A;18383.354;107;0.99999;;0;0;17X100A100A0001A
Enedis;2024;E;200068989;Communauté d'agglomération Dinan Agglomération;ENT;02;Sylviculture et exploitation forestière;A;33.956;2;0.99999;;0;0;17X100A100A0001A
Enedis;2024;E;200068989;Communauté d'agglomération Dinan Agglomération;ENT;03;Pêche et aquaculture;A;44.169;2;0.99999;;0;0;17X100A100A0001A
Enedis;2024;E;200068989;Communauté d'agglomération Dinan Agglomération;PRO;;;A;21006.589;824;0.7182;;0;0;17X100A100A0001A
Enedis;2024;E;200068997;Communauté d'agglomération Arlysère;ENT;01;Culture et production animale, chasse et services annexes;A;181.563;4;0.9434;;0;0;17X100A100A0001A
Enedis;2024;E;200068997;Communauté d'agglomération Arlysère;ENT;02;Sylviculture et exploitation forestière;A;129.625;2;0.99999;;0;0;17X100A100A0001A
Enedis;2024;E;200068997;Communauté d'agglomération Arlysère;PRO;;;A;1913.11;147;0.6397;;0;0;17X100A100A0001A
Enedis;2024;E;200069003;Communauté de communes du Barséquanais en Champagne;ENT;01;Culture et production animale, chasse et services annexes;A;2682.492;56;0.99999;;0;0;17X100A100A0001A
Enedis;2024;E;200069003;Communauté de communes du Barséquanais en Champagne;PRO;;;A;7271.022;783;0.6897;;0;0;17X100A100A0001A
Enedis;2024;E;200069029;Communauté d'agglomération des Deux Baies en Montreuillois;ENT;01;Culture et production animale, chasse et services annexes;A;2830.19;37;0.999;;0;0;17X100A100A0001A
Enedis;2024;E;200069029;Communauté d'agglomération des Deux Baies en Montreuillois;ENT;02;Sylviculture et exploitation forestière;A;33.008;1;0.99999;;0;0;17X100A100A0001A
Enedis;2024;E;200069029;Communauté d'agglomération des Deux Baies en Montreuillois;PRO;;;A;3189.959;211;0.7084;;0;0;17X100A100A0001A
Enedis;2024;E;200069037;Communauté d'agglomération du Pays de Saint-Omer;ENT;01;Culture et production animale, chasse et services annexes;A;3667.697;24;0.99999;;0;0;17X100A100A0001A
Enedis;2024;E;200069037;Communauté d'agglomération du Pays de Saint-Omer;PRO;;;A;8237.168;400;0.7211;;0;0;17X100A100A0001A
Enedis;2024;E;200069052;Communauté d'agglomération Grand Belfort;ENT;01;Culture et production animale, chasse et services annexes;A;1504.574;2;0.99999;;0;0;17X100A100A0001A
Enedis;2024;E;200069052;Communauté d'agglomération Grand Belfort;PRO;;;A;1133.606;106;0.7141;;0;0;17X100A100A0001A
Enedis;2024;E;200069060;Communauté de communes des Vosges du Sud;PRO;;;A;323.595;26;0.5484;;0;0;17X100A100A0001A
Enedis;2024;E;200069086;Communauté de communes Leff Armor Communauté;ENT;01;Culture et production animale, chasse et services annexes;A;9919.076;65;0.99999;;0;0;17X100A100A0001A
Enedis;2024;E;200069086;Communauté de communes Leff Armor Communauté;PRO;;;A;10898.375;452;0;;0;1;17X100A100A0001A
Enedis;2024;E;200069094;Communauté de communes Isle et Crempse en Périgord;ENT;01;Culture et production animale, chasse et services annexes;A;519.07;9;0.99999;;0;0;17X100A100A0001A
Enedis;2024;E;200069094;Communauté de communes Isle et Crempse en Périgord;PRO;;;A;807.631;70;0.7244;;0;0;17X100A100A0001A
Enedis;2024;E;200069102;Communauté de communes Randon - Margeride;ENT;01;Culture et production animale, chasse et services annexes;A;136.577;2;0.99999;;0;0;17X100A100A0001A
Enedis;2024;E;200069102;Communauté de communes Randon - Margeride;PRO;;;A;2018.687;262;0.7135;;0;0;17X100A100A0001A
Enedis;2024;E;200069110;Communauté d'agglomération du Grand Chambéry;ENT;01;Culture et production animale, chasse et services annexes;A;1221.731;9;0.99999;;0;0;17X100A100A0001A
Enedis;2024;E;200069110;Communauté d'agglomération du Grand Chambéry;PRO;;;A;2322.624;139;0.71;;0;0;17X100A100A0001A
Enedis;2024;E;200069128;Communauté de communes Mont Lozère;ENT;02;Sylviculture et exploitation forestière;A;215.164;1;0.99999;;0;0;17X100A100A0001A
Enedis;2024;E;200069128;Communauté de communes Mont Lozère;PRO;;;A;1518.68;171;0.7051;;0;0;17X100A100A0001A
Enedis;2024;E;200069136;Communauté de communes des Cévennes au Mont Lozère;PRO;;;A;663.981;83;0.628;;0;0;17X100A100A0001A
Enedis;2024;E;200069144;Communauté de communes des Hautes Terres de l'Aubrac;ENT;01;Culture et production animale, chasse et services annexes;A;91.935;2;0.99999;;0;0;17X100A100A0001A
Enedis;2024;E;200069144;Communauté de communes des Hautes Terres de l'Aubrac;ENT;02;Sylviculture et exploitation forestière;A;28.915;1;0.99999;;0;0;17X100A100A0001A
Enedis;2024;E;200069144;Communauté de communes des Hautes Terres de l'Aubrac;PRO;;;A;1728.517;374;0.704;;0;0;17X100A100A0001A
Enedis;2024;E;200069151;Communauté de communes Gorges Causses Cévennes;ENT;01;Culture et production animale, chasse et services annexes;A;136.729;4;0.99999;;0;0;17X100A100A0001A
Enedis;2024;E;200069151;Communauté de communes Gorges Causses Cévennes;PRO;;;A;1228.095;144;0.6113;;0;0;17X100A100A0001A
Enedis;2024;E;200069169;Communauté de communes Dômes Sancy Artense;ENT;01;Culture et production animale, chasse et services annexes;A;1125.106;11;0.99999;;0;0;17X100A100A0001A
Enedis;2024;E;200069169;Communauté de communes Dômes Sancy Artense;PRO;;;A;8356.566;572;0.6906;;0;0;17X100A100A0001A
Enedis;2024;E;200069177;Communauté de communes Mond'Arverne Communauté;ENT;01;Culture et production animale, chasse et services annexes;A;729.759;9;0.99999;;0;0;17X100A100A0001A
Enedis;2024;E;200069177;Communauté de communes Mond'Arverne Communauté;PRO;;;A;1251.417;137;0.7435;;0;0;17X100A100A0001A
Enedis;2024;E;200069185;Communauté de communes des Terres d'Apcher-Margeride-Aubrac;ENT;01;Culture et production animale, chasse et services annexes;A;61.287;1;0.99999;;0;0;17X100A100A0001A
Enedis;2024;E;200069185;Communauté de communes des Terres d'Apcher-Margeride-Aubrac;PRO;;;A;1882.216;300;0.6941;;0;0;17X100A100A0001A
Enedis;2024;E;200069193;Communauté de communes de la Dombes;ENT;01;Culture et production animale, chasse et services annexes;A;2212.089;42;0.9978;;0;0;17X100A100A0001A
Enedis;2024;E;200069193;Communauté de communes de la Dombes;ENT;03;Pêche et aquaculture;A;36.517;2;0.99999;;0;0;17X100A100A0001A
Enedis;2024;E;200069193;Communauté de communes de la Dombes;PRO;;;A;4714.054;262;0.7229;;0;0;17X100A100A0001A
Enedis;2024;E;200069227;Communauté de communes Pays Fort Sancerrois Val de Loire;ENT;01;Culture et production animale, chasse et services annexes;A;4848.209;45;0.99999;;0;0;17X100A100A0001A
Enedis;2024;E;200069227;Communauté de communes Pays Fort Sancerrois Val de Loire;ENT;02;Sylviculture et exploitation forestière;A;55.694;1;0.99999;;0;0;17X100A100A0001A
Enedis;2024;E;200069227;Communauté de communes Pays Fort Sancerrois Val de Loire;PRO;;;A;7358.359;583;0.7273;;0;0;17X100A100A0001A
Enedis;2024;E;200069235;Communauté de communes du Haut Pays du Montreuillois;ENT;01;Culture et production animale, chasse et services annexes;A;2857.634;17;0.99999;;0;0;17X100A100A0001A
Enedis;2024;E;200069235;Communauté de communes du Haut Pays du Montreuillois;ENT;02;Sylviculture et exploitation forestière;A;34.288;2;0.99999;;0;0;17X100A100A0001A
Enedis;2024;E;200069235;Communauté de communes du Haut Pays du Montreuillois;PRO;;;A;6672.714;317;0.673;;0;0;17X100A100A0001A
Enedis;2024;E;200069250;Communauté d'agglomération Troyes Champagne Métropole;ENT;01;Culture et production animale, chasse et services annexes;A;2138.012;32;0.9998;;0;0;17X100A100A0001A
Enedis;2024;E;200069250;Communauté d'agglomération Troyes Champagne Métropole;ENT;02;Sylviculture et exploitation forestière;A;29.007;1;0.99999;;0;0;17X100A100A0001A
Enedis;2024;E;200069250;Communauté d'agglomération Troyes Champagne Métropole;PRO;;;A;2206.235;294;0.6885;;0;0;17X100A100A0001A
Enedis;2024;E;200069268;Aubrac Lot Causses Tarn;ENT;01;Culture et production animale, chasse et services annexes;A;533.718;7;0.99999;;0;0;17X100A100A0001A
Enedis;2024;E;200069268;Aubrac Lot Causses Tarn;ENT;03;Pêche et aquaculture;A;311.972;2;0.99999;;0;0;17X100A100A0001A
Enedis;2024;E;200069268;Aubrac Lot Causses Tarn;PRO;;;A;3450.018;266;0.6505;;0;0;17X100A100A0001A
Enedis;2024;E;200069300;Communauté d'agglomération Tarbes-Lourdes-Pyrénées;ENT;01;Culture et production animale, chasse et services annexes;A;1605.433;11;0.996;;0;0;17X100A100A0001A
Enedis;2024;E;200069300;Communauté d'agglomération Tarbes-Lourdes-Pyrénées;ENT;02;Sylviculture et exploitation forestière;A;103.712;1;0.99999;;0;0;17X100A100A0001A
Enedis;2024;E;200069300;Communauté d'agglomération Tarbes-Lourdes-Pyrénées;PRO;;;A;3166.702;401;0.7337;;0;0;17X100A100A0001A
Enedis;2024;E;200069383;Communauté de communes Ouest Aveyron Communauté;ENT;01;Culture et production animale, chasse et services annexes;A;570.817;12;0.99999;;0;0;17X100A100A0001A
Enedis;2024;E;200069383;Communauté de communes Ouest Aveyron Communauté;PRO;;;A;4317.153;436;0.7178;;0;0;17X100A100A0001A
Enedis;2024;E;200069391;Communauté d'agglomération Lamballe Terre et Mer;ENT;01;Culture et production animale, chasse et services annexes;A;47238.042;247;0.99999;;0;0;17X100A100A0001A
Enedis;2024;E;200069391;Communauté d'agglomération Lamballe Terre et Mer;ENT;02;Sylviculture et exploitation forestière;A;37.182;1;0.99999;;0;0;17X100A100A0001A
Enedis;2024;E;200069391;Communauté d'agglomération Lamballe Terre et Mer;ENT;03;Pêche et aquaculture;A;183.458;3;0.99999;;0;0;17X100A100A0001A
Enedis;2024;E;200069391;Communauté d'agglomération Lamballe Terre et Mer;PRO;;;A;27023.256;1052;0;;0;1;17X100A100A0001A
Enedis;2024;E;200069409;Communauté d'agglomération Saint-Brieuc Armor Agglomération;ENT;01;Culture et production animale, chasse et services annexes;A;14530.944;72;0.99999;;0;0;17X100A100A0001A
Enedis;2024;E;200069409;Communauté d'agglomération Saint-Brieuc Armor Agglomération;ENT;02;Sylviculture et exploitation forestière;A;21.564;1;0.99999;;0;0;17X100A100A0001A
Enedis;2024;E;200069409;Communauté d'agglomération Saint-Brieuc Armor Agglomération;ENT;03;Pêche et aquaculture;A;302.625;1;0.99999;;0;0;17X100A100A0001A
Enedis;2024;E;200069409;Communauté d'agglomération Saint-Brieuc Armor Agglomération;PRO;;;A;13784.304;559;0.7282;;0;0;17X100A100A0001A
Enedis;2024;E;200069417;Communauté de communes Pays d'Orthe et Arrigans;ENT;01;Culture et production animale, chasse et services annexes;A;628.03;21;0.99999;;0;0;17X100A100A0001A
Enedis;2024;E;200069417;Communauté de communes Pays d'Orthe et Arrigans;PRO;;;A;3879.915;393;0.7802;;0;0;17X100A100A0001A
Enedis;2024;E;200069425;Communauté d'agglomération Mont-Saint-Michel-Normandie;ENT;01;Culture et production animale, chasse et services annexes;A;14713.768;87;0.99999;;0;0;17X100A100A0001A
Enedis;2024;E;200069425;Communauté d'agglomération Mont-Saint-Michel-Normandie;PRO;;;A;43147.516;1871;0.7138;;0;0;17X100A100A0001A
Enedis;2024;E;200069433;Communauté de communes de Vezouze en Piémont;ENT;01;Culture et production animale, chasse et services annexes;A;1897.515;10;0.99999;;0;0;17X100A100A0001A
Enedis;2024;E;200069433;Communauté de communes de Vezouze en Piémont;PRO;;;A;3176.169;228;0.7222;;0;0;17X100A100A0001A
Enedis;2024;E;200069441;Communauté de communes du Pays de Bitche;ENT;01;Culture et production animale, chasse et services annexes;A;319.684;3;0.99999;;0;0;17X100A100A0001A
Enedis;2024;E;200069441;Communauté de communes du Pays de Bitche;PRO;;;A;1909.531;128;0.7098;;0;0;17X100A100A0001A
Enedis;2024;E;200069458;Communauté de communes des Vallées d'Auge et du Merlerault;ENT;01;Culture et production animale, chasse et services annexes;A;801.875;8;0.99999;;0;0;17X100A100A0001A
Enedis;2024;E;200069458;Communauté de communes des Vallées d'Auge et du Merlerault;ENT;02;Sylviculture et exploitation forestière;A;234.062;2;0.99999;;0;0;17X100A100A0001A
Enedis;2024;E;200069458;Communauté de communes des Vallées d'Auge et du Merlerault;PRO;;;A;5019.285;326;0.7272;;0;0;17X100A100A0001A
Enedis;2024;E;200069482;Communauté de communes des Campagnes de l'Artois;ENT;01;Culture et production animale, chasse et services annexes;A;4969.816;42;0.99999;;0;0;17X100A100A0001A
Enedis;2024;E;200069482;Communauté de communes des Campagnes de l'Artois;ENT;02;Sylviculture et exploitation forestière;A;24.936;2;0.99999;;0;0;17X100A100A0001A
Enedis;2024;E;200069482;Communauté de communes des Campagnes de l'Artois;PRO;;;A;7607.637;438;0.7447;;0;0;17X100A100A0001A
Enedis;2024;E;200069516;Communauté de communes Seulles Terre et Mer;ENT;01;Culture et production animale, chasse et services annexes;A;1915.739;5;0.99999;;0;0;17X100A100A0001A
Enedis;2024;E;200069516;Communauté de communes Seulles Terre et Mer;PRO;;;A;2134.086;140;0.643;;0;0;17X100A100A0001A
Enedis;2024;E;200069524;Communauté de communes Pré-Bocage Intercom;ENT;01;Culture et production animale, chasse et services annexes;A;642.462;5;0.99999;;0;0;17X100A100A0001A
Enedis;2024;E;200069524;Communauté de communes Pré-Bocage Intercom;PRO;;;A;4818.507;257;0.7136;;0;0;17X100A100A0001A
Enedis;2024;E;200069532;Communauté d'agglomération Lisieux Normandie;ENT;01;Culture et production animale, chasse et services annexes;A;4180.482;45;0.9882;;0;0;17X100A100A0001A
Enedis;2024;E;200069532;Communauté d'agglomération Lisieux Normandie;PRO;;;A;8211.455;514;0.6843;;0;0;17X100A100A0001A
Enedis;2024;E;200069540;Communauté de communes Norge et Tille;ENT;01;Culture et production animale, chasse et services annexes;A;504.925;10;0.99999;;0;0;17X100A100A0001A
Enedis;2024;E;200069540;Communauté de communes Norge et Tille;PRO;;;A;298.772;47;0.6424;;0;0;17X100A100A0001A
Enedis;2024;E;200069565;Communauté de communes des Lacs et Montagnes du Haut-Doubs;ENT;01;Culture et production animale, chasse et services annexes;A;573.488;7;0.99999;;0;0;17X100A100A0001A
Enedis;2024;E;200069565;Communauté de communes des Lacs et Montagnes du Haut-Doubs;PRO;;;A;2202.196;123;0.7232;;0;0;17X100A100A0001A
Enedis;2024;E;200069581;Communauté de communes Convergence Garonne;ENT;01;Culture et production animale, chasse et services annexes;A;3719.912;43;0.99999;;0;0;17X100A100A0001A
Enedis;2024;E;200069581;Communauté de communes Convergence Garonne;ENT;02;Sylviculture et exploitation forestière;A;15.401;1;0.99999;;0;0;17X100A100A0001A
Enedis;2024;E;200069581;Communauté de communes Convergence Garonne;PRO;;;A;2525.138;262;0.6505;;0;0;17X100A100A0001A
Enedis;2024;E;200069599;Communauté de communes rurales de l'Entre-Deux-Mers;ENT;01;Culture et production animale, chasse et services annexes;A;3786.48;66;0.99999;;0;0;17X100A100A0001A
Enedis;2024;E;200069599;Communauté de communes rurales de l'Entre-Deux-Mers;ENT;02;Sylviculture et exploitation forestière;A;79.103;1;0.99999;;0;0;17X100A100A0001A
Enedis;2024;E;200069599;Communauté de communes rurales de l'Entre-Deux-Mers;PRO;;;A;2863.335;310;0.6892;;0;0;17X100A100A0001A
Enedis;2024;E;200069615;Communauté de communes Bresse Haute Seille;ENT;01;Culture et production animale, chasse et services annexes;A;805.427;12;0.99999;;0;0;17X100A100A0001A
Enedis;2024;E;200069615;Communauté de communes Bresse Haute Seille;PRO;;;A;1976.201;159;0.722;;0;0;17X100A100A0001A
Enedis;2024;E;200069623;Communauté de communes Champagnole Nozeroy Jura;ENT;01;Culture et production animale, chasse et services annexes;A;908.09;12;0.99999;;0;0;17X100A100A0001A
Enedis;2024;E;200069623;Communauté de communes Champagnole Nozeroy Jura;ENT;02;Sylviculture et exploitation forestière;A;517.754;1;0.99999;;0;0;17X100A100A0001A
Enedis;2024;E;200069623;Communauté de communes Champagnole Nozeroy Jura;ENT;03;Pêche et aquaculture;A;174.395;1;0.99999;;0;0;17X100A100A0001A
Enedis;2024;E;200069623;Communauté de communes Champagnole Nozeroy Jura;PRO;;;A;6769.47;337;0.7069;;0;0;17X100A100A0001A
Enedis;2024;E;200069631;Communauté de communes Terres de Chalosse;ENT;01;Culture et production animale, chasse et services annexes;A;2892.036;41;0.99999;;0;0;17X100A100A0001A
Enedis;2024;E;200069631;Communauté de communes Terres de Chalosse;PRO;;;A;5694.114;461;0.7455;;0;0;17X100A100A0001A
Enedis;2024;E;200069649;Communauté de communes Chalosse Tursan;ENT;01;Culture et production animale, chasse et services annexes;A;5955.002;65;0.99999;;0;0;17X100A100A0001A
Enedis;2024;E;200069649;Communauté de communes Chalosse Tursan;ENT;02;Sylviculture et exploitation forestière;A;12.896;1;0.99999;;0;0;17X100A100A0001A
Enedis;2024;E;200069649;Communauté de communes Chalosse Tursan;PRO;;;A;7403.119;740;0.7149;;0;0;17X100A100A0001A
Enedis;2024;E;200069656;Communauté de communes Cœur Haute Lande;ENT;01;Culture et production animale, chasse et services annexes;A;36449.357;298;0.9999;;0;0;17X100A100A0001A
Enedis;2024;E;200069656;Communauté de communes Cœur Haute Lande;ENT;02;Sylviculture et exploitation forestière;A;17116.144;9;0.99999;;0;0;17X100A100A0001A
Enedis;2024;E;200069656;Communauté de communes Cœur Haute Lande;ENT;03;Pêche et aquaculture;A;700.004;4;0.99999;;0;0;17X100A100A0001A
Enedis;2024;E;200069656;Communauté de communes Cœur Haute Lande;PRO;;;A;1415.911;157;0.7254;;0;0;17X100A100A0001A
Enedis;2024;E;200069664;Communauté de communes Meuse Rognon;ENT;01;Culture et production animale, chasse et services annexes;A;1559.448;7;0.99999;;0;0;17X100A100A0001A
Enedis;2024;E;200069664;Communauté de communes Meuse Rognon;PRO;;;A;3964.444;305;0.7438;;0;0;17X100A100A0001A
Enedis;2024;E;200069672;Communauté de communes du Ternois;ENT;01;Culture et production animale, chasse et services annexes;A;1451.636;21;0.99999;;0;0;17X100A100A0001A
Enedis;2024;E;200069672;Communauté de communes du Ternois;ENT;03;Pêche et aquaculture;A;1385.008;3;0.99999;;0;0;17X100A100A0001A
Enedis;2024;E;200069672;Communauté de communes du Ternois;PRO;;;A;9217.307;529;0.7064;;0;0;17X100A100A0001A
Enedis;2024;E;200069698;Communauté de communes Mâconnais - Tournugeois;ENT;01;Culture et production animale, chasse et services annexes;A;460.895;9;0.99999;;0;0;17X100A100A0001A
Enedis;2024;E;200069698;Communauté de communes Mâconnais - Tournugeois;ENT;02;Sylviculture et exploitation forestière;A;63.696;1;0.99999;;0;0;17X100A100A0001A
Enedis;2024;E;200069698;Communauté de communes Mâconnais - Tournugeois;PRO;;;A;1583.285;148;0.7288;;0;0;17X100A100A0001A
Enedis;2024;E;200069722;Communauté de communes interrégionale Aumale - Blangy-sur-Bresle;ENT;01;Culture et production animale, chasse et services annexes;A;574.813;8;0.99999;;0;0;17X100A100A0001A
Enedis;2024;E;200069722;Communauté de communes interrégionale Aumale - Blangy-sur-Bresle;ENT;03;Pêche et aquaculture;A;32.163;1;0.99999;;0;0;17X100A100A0001A
Enedis;2024;E;200069722;Communauté de communes interrégionale Aumale - Blangy-sur-Bresle;PRO;;;A;4490.069;248;0.7248;;0;0;17X100A100A0001A
Enedis;2024;E;200069730;Communauté de communes des 4 rivières;ENT;01;Culture et production animale, chasse et services annexes;A;268.764;3;0.99999;;0;0;17X100A100A0001A
Enedis;2024;E;200069730;Communauté de communes des 4 rivières;ENT;02;Sylviculture et exploitation forestière;A;21.393;1;0.99999;;0;0;17X100A100A0001A
Enedis;2024;E;200069730;Communauté de communes des 4 rivières;PRO;;;A;6197.901;313;0.7003;;0;0;17X100A100A0001A
Enedis;2024;E;200069748;Communauté de communes Val de Gâtine;PRO;;;A;secret;secret;;;;1;17X100A100A0001A
Enedis;2024;E;200069755;Communauté de communes Mellois en Poitou;ENT;01;Culture et production animale, chasse et services annexes;A;353.982;9;0.99999;;0;0;17X100A100A0001A
Enedis;2024;E;200069755;Communauté de communes Mellois en Poitou;ENT;03;Pêche et aquaculture;A;49.718;1;0.99999;;0;0;17X100A100A0001A
Enedis;2024;E;200069755;Communauté de communes Mellois en Poitou;PRO;;;A;72.725;8;0;;0;3;17X100A100A0001A
Enedis;2024;E;200069763;Communauté de communes du Haut-Poitou;ENT;01;Culture et production animale, chasse et services annexes;A;329.499;7;0.99999;;0;0;17X100A100A0001A
Enedis;2024;E;200069763;Communauté de communes du Haut-Poitou;PRO;;;A;210.935;27;0.6521;;0;0;17X100A100A0001A
Enedis;2024;E;200069821;Communauté d'agglomération Fécamp Caux Littoral Agglomération;ENT;01;Culture et production animale, chasse et services annexes;A;1761.048;15;0.9839;;0;0;17X100A100A0001A
Enedis;2024;E;200069821;Communauté d'agglomération Fécamp Caux Littoral Agglomération;ENT;03;Pêche et aquaculture;A;24.328;1;0.99999;;0;0;17X100A100A0001A
Enedis;2024;E;200069821;Communauté d'agglomération Fécamp Caux Littoral Agglomération;PRO;;;A;2134.815;136;0.6809;;0;0;17X100A100A0001A
Enedis;2024;E;200069839;Communauté de communes de la Côte d'Albâtre;ENT;01;Culture et production animale, chasse et services annexes;A;5970.427;42;0.99999;;0;0;17X100A100A0001A
Enedis;2024;E;200069839;Communauté de communes de la Côte d'Albâtre;PRO;;;A;3725.688;260;0.7707;;0;0;17X100A100A0001A
Enedis;2024;E;200069847;Communauté de communes Plateau de Caux;ENT;01;Culture et production animale, chasse et services annexes;A;3789.973;23;0.99999;;0;0;17X100A100A0001A
Enedis;2024;E;200069847;Communauté de communes Plateau de Caux;PRO;;;A;2051.199;146;0.7286;;0;0;17X100A100A0001A
Enedis;2024;E;200069854;Communauté urbaine du Grand Poitiers;ENT;01;Culture et production animale, chasse et services annexes;A;484.215;12;0.99999;;0;0;17X100A100A0001A
Enedis;2024;E;200069854;Communauté urbaine du Grand Poitiers;ENT;02;Sylviculture et exploitation forestière;A;32.924;1;0.99999;;0;0;17X100A100A0001A
Enedis;2024;E;200069854;Communauté urbaine du Grand Poitiers;PRO;;;A;162.305;32;0.7565;;0;0;17X100A100A0001A
Enedis;2024;E;200069912;Communauté de communes des Forêts du Perche;ENT;01;Culture et production animale, chasse et services annexes;A;82.065;3;0.99999;;0;0;17X100A100A0001A
Enedis;2024;E;200069912;Communauté de communes des Forêts du Perche;ENT;02;Sylviculture et exploitation forestière;A;15.083;1;0.99999;;0;0;17X100A100A0001A
Enedis;2024;E;200069912;Communauté de communes des Forêts du Perche;PRO;;;A;904.805;92;0.6646;;0;0;17X100A100A0001A
Enedis;2024;E;200069953;Communauté de communes des Portes Euréliennes d'Île-de-France;ENT;01;Culture et production animale, chasse et services annexes;A;1631.795;51;0.99999;;0;0;17X100A100A0001A
Enedis;2024;E;200069953;Communauté de communes des Portes Euréliennes d'Île-de-France;PRO;;;A;912.362;135;0.6981;;0;0;17X100A100A0001A
Enedis;2024;E;200069961;Communauté de communes du Grand Châteaudun;ENT;01;Culture et production animale, chasse et services annexes;A;9335.989;198;0.99999;;0;0;17X100A100A0001A
Enedis;2024;E;200069961;Communauté de communes du Grand Châteaudun;PRO;;;A;3483.217;372;0.7217;;0;0;17X100A100A0001A
Enedis;2024;E;200069995;Communauté de communes Médoc Cœur de Presqu'île;ENT;01;Culture et production animale, chasse et services annexes;A;34751.61;157;0.999;;0;0;17X100A100A0001A
Enedis;2024;E;200069995;Communauté de communes Médoc Cœur de Presqu'île;PRO;;;A;4279.263;483;0.7036;;0;0;17X100A100A0001A
Enedis;2024;E;200070035;Communauté de communes du Civraisien en Poitou;PRO;;;A;secret;secret;;;;1;17X100A100A0001A
Enedis;2024;E;200070043;Communauté de communes Vienne et Gartempe;ENT;01;Culture et production animale, chasse et services annexes;A;186.561;4;0.99999;;0;0;17X100A100A0001A
Enedis;2024;E;200070043;Communauté de communes Vienne et Gartempe;PRO;;;A;457.254;30;0;;0;4;17X100A100A0001A
Enedis;2024;E;200070068;Communauté de communes Communauté Bray-Eawy;ENT;01;Culture et production animale, chasse et services annexes;A;1421.877;11;0.99999;;0;0;17X100A100A0001A
Enedis;2024;E;200070068;Communauté de communes Communauté Bray-Eawy;ENT;02;Sylviculture et exploitation forestière;A;54.678;1;0.99999;;0;0;17X100A100A0001A
Enedis;2024;E;200070068;Communauté de communes Communauté Bray-Eawy;ENT;03;Pêche et aquaculture;A;885.377;4;0.99999;;0;0;17X100A100A0001A
Enedis;2024;E;200070068;Communauté de communes Communauté Bray-Eawy;PRO;;;A;5042.09;257;0.6658;;0;0;17X100A100A0001A
Enedis;2024;E;200070092;Communauté d'agglomération du Libournais;ENT;01;Culture et production animale, chasse et services annexes;A;6233.199;65;0.9993;;0;0;17X100A100A0001A
Enedis;2024;E;200070092;Communauté d'agglomération du Libournais;ENT;02;Sylviculture et exploitation forestière;A;0.486;1;0.99999;;0;0;17X100A100A0001A
Enedis;2024;E;200070092;Communauté d'agglomération du Libournais;ENT;03;Pêche et aquaculture;A;225.413;1;0.99999;;0;0;17X100A100A0001A
Enedis;2024;E;200070092;Communauté d'agglomération du Libournais;PRO;;;A;4389.98;393;0.7014;;0;0;17X100A100A0001A
Enedis;2024;E;200070100;Communauté de communes du Val de Sully;ENT;01;Culture et production animale, chasse et services annexes;A;6242.483;85;0.99999;;0;0;17X100A100A0001A
Enedis;2024;E;200070100;Communauté de communes du Val de Sully;ENT;02;Sylviculture et exploitation forestière;A;126.866;2;0.99999;;0;0;17X100A100A0001A
Enedis;2024;E;200070100;Communauté de communes du Val de Sully;PRO;;;A;2375.56;197;0.7038;;0;0;17X100A100A0001A
Enedis;2024;E;200070118;Communauté de communes Val de Saône Centre;ENT;01;Culture et production animale, chasse et services annexes;A;430.812;7;0.99999;;0;0;17X100A100A0001A
Enedis;2024;E;200070118;Communauté de communes Val de Saône Centre;PRO;;;A;1344.267;88;0.6901;;0;0;17X100A100A0001A
Enedis;2024;E;200070126;Communauté de communes Seine et Aube;ENT;01;Culture et production animale, chasse et services annexes;A;6511.669;74;0.99999;;0;0;17X100A100A0001A
Enedis;2024;E;200070126;Communauté de communes Seine et Aube;PRO;;;A;1031.335;132;0.7238;;0;0;17X100A100A0001A
Enedis;2024;E;200070142;Communauté de communes Lyons Andelle;ENT;01;Culture et production animale, chasse et services annexes;A;968.779;8;0.99999;;0;0;17X100A100A0001A
Enedis;2024;E;200070142;Communauté de communes Lyons Andelle;ENT;02;Sylviculture et exploitation forestière;A;22.972;1;0.99999;;0;0;17X100A100A0001A
Enedis;2024;E;200070142;Communauté de communes Lyons Andelle;ENT;03;Pêche et aquaculture;A;263.097;1;0.99999;;0;0;17X100A100A0001A
Enedis;2024;E;200070142;Communauté de communes Lyons Andelle;PRO;;;A;1706.421;99;0.6706;;0;0;17X100A100A0001A
Enedis;2024;E;200070159;Communauté de communes Cœur de Beauce;ENT;01;Culture et production animale, chasse et services annexes;A;33620.492;705;0.99999;;0;0;17X100A100A0001A
Enedis;2024;E;200070159;Communauté de communes Cœur de Beauce;PRO;;;A;2938.12;377;0.7039;;0;0;17X100A100A0001A
Enedis;2024;E;200070167;Communauté de communes Terres de Perche;ENT;01;Culture et production animale, chasse et services annexes;A;245.366;7;0.99999;;0;0;17X100A100A0001A
Enedis;2024;E;200070167;Communauté de communes Terres de Perche;PRO;;;A;1578.664;166;0.6531;;0;0;17X100A100A0001A
Enedis;2024;E;200070183;Communauté de communes des Terres du Val de Loire;ENT;01;Culture et production animale, chasse et services annexes;A;9229.364;274;0.999;;0;0;17X100A100A0001A
Enedis;2024;E;200070183;Communauté de communes des Terres du Val de Loire;PRO;;;A;2190.458;234;0.7106;;0;0;17X100A100A0001A
Enedis;2024;E;200070233;Communauté d'agglomération Terres de Montaigu;ENT;01;Culture et production animale, chasse et services annexes;A;5043.214;67;0.99999;;0;0;17X100A100A0001A
Enedis;2024;E;200070233;Communauté d'agglomération Terres de Montaigu;PRO;;;A;7269.353;425;0;;0;1;17X100A100A0001A
Enedis;2024;E;200070282;Communauté de communes Lavalette Tude Dronne;ENT;01;Culture et production animale, chasse et services annexes;A;4025.301;88;0.99999;;0;0;17X100A100A0001A
Enedis;2024;E;200070282;Communauté de communes Lavalette Tude Dronne;ENT;02;Sylviculture et exploitation forestière;A;28.929;1;0.99999;;0;0;17X100A100A0001A
Enedis;2024;E;200070282;Communauté de communes Lavalette Tude Dronne;PRO;;;A;2129.489;258;0.7054;;0;0;17X100A100A0001A
Enedis;2024;E;200070290;Communauté de communes Coeur du Pays Haut;ENT;01;Culture et production animale, chasse et services annexes;A;31.928;2;0.99999;;0;0;17X100A100A0001A
Enedis;2024;E;200070290;Communauté de communes Coeur du Pays Haut;PRO;;;A;910.116;87;0.5932;;0;0;17X100A100A0001A
Enedis;2024;E;200070308;Communauté d'agglomération Mâconnais Beaujolais Agglomération;ENT;01;Culture et production animale, chasse et services annexes;A;1796.015;27;0.99999;;0;0;17X100A100A0001A
Enedis;2024;E;200070308;Communauté d'agglomération Mâconnais Beaujolais Agglomération;PRO;;;A;3920.649;381;0.6781;;0;0;17X100A100A0001A
Enedis;2024;E;200070316;Communauté de communes Entre Arroux,Loire et Somme;ENT;01;Culture et production animale, chasse et services annexes;A;257.049;5;0.99999;;0;0;17X100A100A0001A
Enedis;2024;E;200070316;Communauté de communes Entre Arroux,Loire et Somme;PRO;;;A;4081.861;468;0.712;;0;0;17X100A100A0001A
Enedis;2024;E;200070324;Communauté de communes du Territoire de Lunéville à Baccarat;ENT;01;Culture et production animale, chasse et services annexes;A;542.226;4;0.99999;;0;0;17X100A100A0001A
Enedis;2024;E;200070324;Communauté de communes du Territoire de Lunéville à Baccarat;ENT;02;Sylviculture et exploitation forestière;A;94.268;1;0.99999;;0;0;17X100A100A0001A
Enedis;2024;E;200070324;Communauté de communes du Territoire de Lunéville à Baccarat;PRO;;;A;2538.936;188;0.7053;;0;0;17X100A100A0001A
Enedis;2024;E;200070332;Communauté de communes des Savoir-Faire;ENT;02;Sylviculture et exploitation forestière;A;5.155;1;0.99999;;0;0;17X100A100A0001A
Enedis;2024;E;200070332;Communauté de communes des Savoir-Faire;PRO;;;A;1569.369;115;0.7183;;0;0;17X100A100A0001A
Enedis;2024;E;200070340;Communauté de communes Haute Maurienne Vanoise;ENT;01;Culture et production animale, chasse et services annexes;A;3.454;1;0.99999;;0;0;17X100A100A0001A
Enedis;2024;E;200070340;Communauté de communes Haute Maurienne Vanoise;PRO;;;A;587.398;48;0.7207;;0;0;17X100A100A0001A
Enedis;2024;E;200070365;Communauté de communes Corbières Salanque Méditerranée;ENT;01;Culture et production animale, chasse et services annexes;A;304.38;8;0.99999;;0;0;17X100A100A0001A
Enedis;2024;E;200070365;Communauté de communes Corbières Salanque Méditerranée;ENT;03;Pêche et aquaculture;A;1342.791;2;0.99999;;0;0;17X100A100A0001A
Enedis;2024;E;200070365;Communauté de communes Corbières Salanque Méditerranée;PRO;;;A;1129.97;173;0.6232;;0;0;17X100A100A0001A
Enedis;2024;E;200070373;Communauté de communes Loir-Lucé-Bercé;ENT;01;Culture et production animale, chasse et services annexes;A;1878.058;27;0.99999;;0;0;17X100A100A0001A
Enedis;2024;E;200070373;Communauté de communes Loir-Lucé-Bercé;ENT;02;Sylviculture et exploitation forestière;A;32.331;1;0.99999;;0;0;17X100A100A0001A
Enedis;2024;E;200070373;Communauté de communes Loir-Lucé-Bercé;PRO;;;A;4052.647;264;0.7001;;0;0;17X100A100A0001A
Enedis;2024;E;200070407;Communauté d'agglomération Agglo Pays d'Issoire;ENT;01;Culture et production animale, chasse et services annexes;A;1103.598;25;0.99999;;0;0;17X100A100A0001A
Enedis;2024;E;200070407;Communauté d'agglomération Agglo Pays d'Issoire;ENT;02;Sylviculture et exploitation forestière;A;183.45;4;0.99999;;0;0;17X100A100A0001A
Enedis;2024;E;200070407;Communauté d'agglomération Agglo Pays d'Issoire;PRO;;;A;4304.937;498;0.6747;;0;0;17X100A100A0001A
Enedis;2024;E;200070431;Communauté de communes Saint-Marcellin Vercors Isère Communauté;ENT;01;Culture et production animale, chasse et services annexes;A;1934.946;28;0.99999;;0;0;17X100A100A0001A
Enedis;2024;E;200070431;Communauté de communes Saint-Marcellin Vercors Isère Communauté;ENT;02;Sylviculture et exploitation forestière;A;36.938;1;0.99999;;0;0;17X100A100A0001A
Enedis;2024;E;200070431;Communauté de communes Saint-Marcellin Vercors Isère Communauté;PRO;;;A;3871.715;336;0.6593;;0;0;17X100A100A0001A
Enedis;2024;E;200070449;Communauté de communes Inter-Caux-Vexin;ENT;01;Culture et production animale, chasse et services annexes;A;1849.526;19;0.99999;;0;0;17X100A100A0001A
Enedis;2024;E;200070449;Communauté de communes Inter-Caux-Vexin;PRO;;;A;6310.871;355;0.6665;;0;0;17X100A100A0001A
Enedis;2024;E;200070464;Communauté de communes Cœur de Maurienne Arvan;PRO;;;A;590.012;46;0;;0;5;17X100A100A0001A
Enedis;2024;E;200070506;Communauté de communes Pays de Nexon Monts de Chalus;ENT;01;Culture et production animale, chasse et services annexes;A;25.439;1;0.99999;;0;0;17X100A100A0001A
Enedis;2024;E;200070506;Communauté de communes Pays de Nexon Monts de Chalus;ENT;02;Sylviculture et exploitation forestière;A;51.797;1;0.99999;;0;0;17X100A100A0001A
Enedis;2024;E;200070506;Communauté de communes Pays de Nexon Monts de Chalus;PRO;;;A;1470.696;171;0.7442;;0;0;17X100A100A0001A
Enedis;2024;E;200070514;Communauté d'agglomération du Grand Cognac;ENT;01;Culture et production animale, chasse et services annexes;A;2350.088;60;0.99999;;0;0;17X100A100A0001A
Enedis;2024;E;200070514;Communauté d'agglomération du Grand Cognac;ENT;02;Sylviculture et exploitation forestière;A;0.709;1;0.99999;;0;0;17X100A100A0001A
Enedis;2024;E;200070514;Communauté d'agglomération du Grand Cognac;PRO;;;A;9385.401;1019;0.7176;;0;0;17X100A100A0001A
Enedis;2024;E;200070530;Communauté de communes du Grand Autunois Morvan;ENT;01;Culture et production animale, chasse et services annexes;A;582.972;6;0.99999;;0;0;17X100A100A0001A
Enedis;2024;E;200070530;Communauté de communes du Grand Autunois Morvan;ENT;02;Sylviculture et exploitation forestière;A;150.231;3;0.99999;;0;0;17X100A100A0001A
Enedis;2024;E;200070530;Communauté de communes du Grand Autunois Morvan;PRO;;;A;3886.081;473;0.6844;;0;0;17X100A100A0001A
Enedis;2024;E;200070548;Communauté de communes Brionnais Sud Bourgogne;ENT;01;Culture et production animale, chasse et services annexes;A;304.782;3;0.99999;;0;0;17X100A100A0001A
Enedis;2024;E;200070548;Communauté de communes Brionnais Sud Bourgogne;PRO;;;A;1325.023;140;0.7382;;0;0;17X100A100A0001A
Enedis;2024;E;200070555;Communauté de communes de la Veyle;ENT;01;Culture et production animale, chasse et services annexes;A;5877.721;17;0.99999;;0;0;17X100A100A0001A
Enedis;2024;E;200070555;Communauté de communes de la Veyle;PRO;;;A;1426.603;118;0.7093;;0;0;17X100A100A0001A
Enedis;2024;E;200070563;Communauté de communes Terres Touloises;ENT;01;Culture et production animale, chasse et services annexes;A;724.488;3;0.99999;;0;0;17X100A100A0001A
Enedis;2024;E;200070563;Communauté de communes Terres Touloises;ENT;02;Sylviculture et exploitation forestière;A;16.781;1;0.99999;;0;0;17X100A100A0001A
Enedis;2024;E;200070563;Communauté de communes Terres Touloises;PRO;;;A;1746.683;153;0.6246;;0;0;17X100A100A0001A
Enedis;2024;E;200070571;Communauté de communes Cœur de Berry;ENT;01;Culture et production animale, chasse et services annexes;A;1238.64;33;0.99999;;0;0;17X100A100A0001A
Enedis;2024;E;200070571;Communauté de communes Cœur de Berry;PRO;;;A;894.703;78;0;;0;2;17X100A100A0001A
Enedis;2024;E;200070589;Communauté de communes de Seille et Grand Couronné;ENT;01;Culture et production animale, chasse et services annexes;A;303.105;5;0.99999;;0;0;17X100A100A0001A
Enedis;2024;E;200070589;Communauté de communes de Seille et Grand Couronné;PRO;;;A;2057.651;197;0.686;;0;0;17X100A100A0001A
Enedis;2024;E;200070647;Communauté d'agglomération Bergeracoise;ENT;01;Culture et production animale, chasse et services annexes;A;5726.776;39;0.9109;;0;0;17X100A100A0001A
Enedis;2024;E;200070647;Communauté d'agglomération Bergeracoise;PRO;;;A;3843.617;344;0.6879;;0;0;17X100A100A0001A
Enedis;2024;E;200070662;Communauté de communes Bretagne porte de Loire Communauté;ENT;01;Culture et production animale, chasse et services annexes;A;1803.823;16;0.99999;;0;0;17X100A100A0001A
Enedis;2024;E;200070662;Communauté de communes Bretagne porte de Loire Communauté;PRO;;;A;8408.528;370;0;;0;1;17X100A100A0001A
Enedis;2024;E;200070670;Communauté de communes du Pays de Dol et de la Baie du Mont Saint-Michel;ENT;01;Culture et production animale, chasse et services annexes;A;1993.878;9;0.99999;;0;0;17X100A100A0001A
Enedis;2024;E;200070670;Communauté de communes du Pays de Dol et de la Baie du Mont Saint-Michel;ENT;03;Pêche et aquaculture;A;312.468;3;0.99999;;0;0;17X100A100A0001A
Enedis;2024;E;200070670;Communauté de communes du Pays de Dol et de la Baie du Mont Saint-Michel;PRO;;;A;6681.437;305;0.7396;;0;0;17X100A100A0001A
Enedis;2024;E;200070688;Communauté de communes Couesnon Marches de Bretagne;ENT;01;Culture et production animale, chasse et services annexes;A;2785.229;22;0.99999;;0;0;17X100A100A0001A
Enedis;2024;E;200070688;Communauté de communes Couesnon Marches de Bretagne;PRO;;;A;10102.475;401;0.7109;;0;0;17X100A100A0001A
Enedis;2024;E;200070712;Communauté de communes Thiers Dore et Montagne;ENT;01;Culture et production animale, chasse et services annexes;A;195.304;2;0.99999;;0;0;17X100A100A0001A
Enedis;2024;E;200070712;Communauté de communes Thiers Dore et Montagne;ENT;02;Sylviculture et exploitation forestière;A;17.61;1;0.99999;;0;0;17X100A100A0001A
Enedis;2024;E;200070712;Communauté de communes Thiers Dore et Montagne;PRO;;;A;1663.762;161;0.692;;0;0;17X100A100A0001A
Enedis;2024;E;200070720;Communauté de communes Médoc Atlantique;ENT;01;Culture et production animale, chasse et services annexes;A;5904.118;14;0.99999;;0;0;17X100A100A0001A
Enedis;2024;E;200070720;Communauté de communes Médoc Atlantique;ENT;02;Sylviculture et exploitation forestière;A;394.836;1;0.99999;;0;0;17X100A100A0001A
Enedis;2024;E;200070720;Communauté de communes Médoc Atlantique;ENT;03;Pêche et aquaculture;A;36.596;1;0.99999;;0;0;17X100A100A0001A
Enedis;2024;E;200070720;Communauté de communes Médoc Atlantique;PRO;;;A;1027.396;114;0.6933;;0;0;17X100A100A0001A
Enedis;2024;E;200070738;Communauté de communes Mad et Moselle;ENT;01;Culture et production animale, chasse et services annexes;A;283.966;6;0.99999;;0;0;17X100A100A0001A
Enedis;2024;E;200070738;Communauté de communes Mad et Moselle;ENT;02;Sylviculture et exploitation forestière;A;384.644;1;0.99999;;0;0;17X100A100A0001A
Enedis;2024;E;200070738;Communauté de communes Mad et Moselle;PRO;;;A;1882.726;189;0.6832;;0;0;17X100A100A0001A
Enedis;2024;E;200070746;Communauté d'agglomération Sarreguemines Confluences;ENT;01;Culture et production animale, chasse et services annexes;A;92.781;1;0.99999;;0;0;17X100A100A0001A
Enedis;2024;E;200070746;Communauté d'agglomération Sarreguemines Confluences;PRO;;;A;1331.274;99;0.6526;;0;0;17X100A100A0001A
Enedis;2024;E;200070753;Communauté d'agglomération Riom Limagne et Volcans;ENT;01;Culture et production animale, chasse et services annexes;A;18551.453;18;0.99999;;0;0;17X100A100A0001A
Enedis;2024;E;200070753;Communauté d'agglomération Riom Limagne et Volcans;PRO;;;A;1408.77;182;0.701;;0;0;17X100A100A0001A
Enedis;2024;E;200070761;Communauté de communes Ambert Livradois Forez;ENT;01;Culture et production animale, chasse et services annexes;A;256.53;4;0.99999;;0;0;17X100A100A0001A
Enedis;2024;E;200070761;Communauté de communes Ambert Livradois Forez;ENT;02;Sylviculture et exploitation forestière;A;79.829;2;0.99999;;0;0;17X100A100A0001A
Enedis;2024;E;200070761;Communauté de communes Ambert Livradois Forez;PRO;;;A;3970.177;374;0.7293;;0;0;17X100A100A0001A
Enedis;2024;E;200070779;Communauté de communes Brie des Rivières et Châteaux;ENT;01;Culture et production animale, chasse et services annexes;A;1214.215;26;0.99999;;0;0;17X100A100A0001A
Enedis;2024;E;200070779;Communauté de communes Brie des Rivières et Châteaux;ENT;02;Sylviculture et exploitation forestière;A;63.418;2;0.99999;;0;0;17X100A100A0001A
Enedis;2024;E;200070779;Communauté de communes Brie des Rivières et Châteaux;PRO;;;A;1196.883;109;0.6528;;0;0;17X100A100A0001A
Enedis;2024;E;200070787;Communauté de communes du Plateau de Lannemezan;ENT;01;Culture et production animale, chasse et services annexes;A;16.579;1;0.99999;;0;0;17X100A100A0001A
Enedis;2024;E;200070787;Communauté de communes du Plateau de Lannemezan;PRO;;;A;1400.088;197;0.6843;;0;0;17X100A100A0001A
Enedis;2024;E;200070795;Communauté de communes du Pays de Trie et du Magnoac;ENT;01;Culture et production animale, chasse et services annexes;A;736.483;20;0.99999;;0;0;17X100A100A0001A
Enedis;2024;E;200070795;Communauté de communes du Pays de Trie et du Magnoac;ENT;02;Sylviculture et exploitation forestière;A;928.049;1;0.99999;;0;0;17X100A100A0001A
Enedis;2024;E;200070795;Communauté de communes du Pays de Trie et du Magnoac;PRO;;;A;2816.108;323;0.7573;;0;0;17X100A100A0001A
Enedis;2024;E;200070803;Communauté de communes des Coteaux du Val d'Arros;ENT;01;Culture et production animale, chasse et services annexes;A;279.114;9;0.99999;;0;0;17X100A100A0001A
Enedis;2024;E;200070803;Communauté de communes des Coteaux du Val d'Arros;PRO;;;A;1175.826;164;0.7947;;0;0;17X100A100A0001A
Enedis;2024;E;200070811;Communauté de communes Pyrénées Vallées des Gaves;ENT;01;Culture et production animale, chasse et services annexes;A;22.763;1;0.99999;;0;0;17X100A100A0001A
Enedis;2024;E;200070811;Communauté de communes Pyrénées Vallées des Gaves;ENT;02;Sylviculture et exploitation forestière;A;662.951;1;0.99999;;0;0;17X100A100A0001A
Enedis;2024;E;200070811;Communauté de communes Pyrénées Vallées des Gaves;ENT;03;Pêche et aquaculture;A;1308.068;2;0.99999;;0;0;17X100A100A0001A
Enedis;2024;E;200070811;Communauté de communes Pyrénées Vallées des Gaves;PRO;;;A;412.195;126;0.7358;;0;0;17X100A100A0001A
Enedis;2024;E;200070829;Communauté de communes Neste Barousse;ENT;01;Culture et production animale, chasse et services annexes;A;19.612;2;0.99999;;0;0;17X100A100A0001A
Enedis;2024;E;200070829;Communauté de communes Neste Barousse;PRO;;;A;376.343;70;0.6478;;0;0;17X100A100A0001A
Enedis;2024;E;200070845;Communauté de communes Orne Lorraine Confluences;ENT;01;Culture et production animale, chasse et services annexes;A;238.254;2;0.99999;;0;0;17X100A100A0001A
Enedis;2024;E;200070845;Communauté de communes Orne Lorraine Confluences;PRO;;;A;1953.972;128;0.7304;;0;0;17X100A100A0001A
Enedis;2024;E;200070852;Communauté de communes Usses et Rhône;ENT;01;Culture et production animale, chasse et services annexes;A;1297.803;8;0.99999;;0;0;17X100A100A0001A
Enedis;2024;E;200070852;Communauté de communes Usses et Rhône;PRO;;;A;852.575;47;0.6991;;0;0;17X100A100A0001A
Enedis;2024;E;200070894;Communauté de communes de Gevrey-Chambertin et de Nuits-Saint-Georges;ENT;01;Culture et production animale, chasse et services annexes;A;4630.077;67;0.9996;;0;0;17X100A100A0001A
Enedis;2024;E;200070894;Communauté de communes de Gevrey-Chambertin et de Nuits-Saint-Georges;ENT;02;Sylviculture et exploitation forestière;A;84.412;1;0.99999;;0;0;17X100A100A0001A
Enedis;2024;E;200070894;Communauté de communes de Gevrey-Chambertin et de Nuits-Saint-Georges;PRO;;;A;5244.05;520;0.6914;;0;0;17X100A100A0001A
Enedis;2024;E;200070902;Communauté de communes Auxonne Pontailler Val de Saône;ENT;01;Culture et production animale, chasse et services annexes;A;57.705;5;0.99999;;0;0;17X100A100A0001A
Enedis;2024;E;200070902;Communauté de communes Auxonne Pontailler Val de Saône;ENT;02;Sylviculture et exploitation forestière;A;28.19;1;0.99999;;0;0;17X100A100A0001A
Enedis;2024;E;200070902;Communauté de communes Auxonne Pontailler Val de Saône;ENT;03;Pêche et aquaculture;A;5.524;1;0.99999;;0;0;17X100A100A0001A
Enedis;2024;E;200070902;Communauté de communes Auxonne Pontailler Val de Saône;PRO;;;A;995.288;104;0.7331;;0;0;17X100A100A0001A
Enedis;2024;E;200070910;Communauté de communes Tille et Venelle;ENT;01;Culture et production animale, chasse et services annexes;A;209.205;3;0.99999;;0;0;17X100A100A0001A
Enedis;2024;E;200070910;Communauté de communes Tille et Venelle;PRO;;;A;582.881;79;0.6668;;0;0;17X100A100A0001A
Enedis;2024;E;200070928;Communauté de communes Terre de Picardie;ENT;01;Culture et production animale, chasse et services annexes;A;14846.107;89;0.99999;;0;0;17X100A100A0001A
Enedis;2024;E;200070928;Communauté de communes Terre de Picardie;PRO;;;A;1642.589;120;0.7056;;0;0;17X100A100A0001A
Enedis;2024;E;200070936;Communauté de communes Ponthieu-Marquenterre;ENT;01;Culture et production animale, chasse et services annexes;A;14215.727;106;0.99999;;0;0;17X100A100A0001A
Enedis;2024;E;200070936;Communauté de communes Ponthieu-Marquenterre;ENT;02;Sylviculture et exploitation forestière;A;39.592;1;0.99999;;0;0;17X100A100A0001A
Enedis;2024;E;200070936;Communauté de communes Ponthieu-Marquenterre;ENT;03;Pêche et aquaculture;A;993.379;5;0.99999;;0;0;17X100A100A0001A
Enedis;2024;E;200070936;Communauté de communes Ponthieu-Marquenterre;PRO;;;A;6947.84;384;0.6898;;0;0;17X100A100A0001A
Enedis;2024;E;200070944;Communauté de communes du Vimeu;ENT;01;Culture et production animale, chasse et services annexes;A;1242.405;10;0.99999;;0;0;17X100A100A0001A
Enedis;2024;E;200070944;Communauté de communes du Vimeu;ENT;02;Sylviculture et exploitation forestière;A;84.169;1;0.99999;;0;0;17X100A100A0001A
Enedis;2024;E;200070944;Communauté de communes du Vimeu;PRO;;;A;1745.645;128;0.7051;;0;0;17X100A100A0001A
Enedis;2024;E;200070951;Communauté de communes du Territoire Nord Picardie;ENT;01;Culture et production animale, chasse et services annexes;A;1976.059;24;0.9953;;0;0;17X100A100A0001A
Enedis;2024;E;200070951;Communauté de communes du Territoire Nord Picardie;ENT;02;Sylviculture et exploitation forestière;A;5.514;1;0.0026;;0;0;17X100A100A0001A
Enedis;2024;E;200070951;Communauté de communes du Territoire Nord Picardie;ENT;03;Pêche et aquaculture;A;249.407;1;0.99999;;0;0;17X100A100A0001A
Enedis;2024;E;200070951;Communauté de communes du Territoire Nord Picardie;PRO;;;A;5934.11;379;0.7244;;0;0;17X100A100A0001A
Enedis;2024;E;200070969;Communauté de communes Avre Luce Noye;ENT;01;Culture et production animale, chasse et services annexes;A;1982.866;31;0.99999;;0;0;17X100A100A0001A
Enedis;2024;E;200070969;Communauté de communes Avre Luce Noye;PRO;;;A;1803.662;129;0.7362;;0;0;17X100A100A0001A
Enedis;2024;E;200070977;Communauté de communes du Grand Roye;ENT;01;Culture et production animale, chasse et services annexes;A;1788.674;13;0.99999;;0;0;17X100A100A0001A
Enedis;2024;E;200070977;Communauté de communes du Grand Roye;PRO;;;A;449.859;28;0.7165;;0;0;17X100A100A0001A
Enedis;2024;E;200070985;Communauté de communes de l'Est de la Somme;ENT;01;Culture et production animale, chasse et services annexes;A;11938.555;72;0.99999;;0;0;17X100A100A0001A
Enedis;2024;E;200070985;Communauté de communes de l'Est de la Somme;PRO;;;A;1565.446;134;0.7297;;0;0;17X100A100A0001A
Enedis;2024;E;200070993;Communauté d'agglomération de la Baie de Somme;ENT;01;Culture et production animale, chasse et services annexes;A;1311.567;15;0.99999;;0;0;17X100A100A0001A
Enedis;2024;E;200070993;Communauté d'agglomération de la Baie de Somme;ENT;03;Pêche et aquaculture;A;1141.484;4;0.99999;;0;0;17X100A100A0001A
Enedis;2024;E;200070993;Communauté d'agglomération de la Baie de Somme;PRO;;;A;2915.786;184;0.698;;0;0;17X100A100A0001A
Enedis;2024;E;200071017;Communauté de communes des Terres d'Auxois;ENT;01;Culture et production animale, chasse et services annexes;A;148.863;1;0.99999;;0;0;17X100A100A0001A
Enedis;2024;E;200071017;Communauté de communes des Terres d'Auxois;PRO;;;A;2257.038;283;0.714;;0;0;17X100A100A0001A
Enedis;2024;E;200071025;Communauté de communes Haute-Provence-Pays de Banon;ENT;01;Culture et production animale, chasse et services annexes;A;372.237;5;0.99999;;0;0;17X100A100A0001A
Enedis;2024;E;200071025;Communauté de communes Haute-Provence-Pays de Banon;PRO;;;A;1081.624;106;0.6378;;0;0;17X100A100A0001A
Enedis;2024;E;200071033;Communauté de communes Jabron-Lure-Vançon-Durance;ENT;01;Culture et production animale, chasse et services annexes;A;73.74;3;0.99999;;0;0;17X100A100A0001A
Enedis;2024;E;200071033;Communauté de communes Jabron-Lure-Vançon-Durance;PRO;;;A;332.367;43;0.6893;;0;0;17X100A100A0001A
Enedis;2024;E;200071041;Communauté de communes du Chaourçois et du Val d'Armance;ENT;01;Culture et production animale, chasse et services annexes;A;600.429;5;0.99999;;0;0;17X100A100A0001A
Enedis;2024;E;200071041;Communauté de communes du Chaourçois et du Val d'Armance;ENT;02;Sylviculture et exploitation forestière;A;128.733;1;0.99999;;0;0;17X100A100A0001A
Enedis;2024;E;200071041;Communauté de communes du Chaourçois et du Val d'Armance;PRO;;;A;1789.463;189;0.7218;;0;0;17X100A100A0001A
Enedis;2024;E;200071058;Communauté de communes Les Avant-Monts;ENT;01;Culture et production animale, chasse et services annexes;A;1327.329;23;0.99999;;0;0;17X100A100A0001A
Enedis;2024;E;200071058;Communauté de communes Les Avant-Monts;PRO;;;A;1632.244;218;0.667;;0;0;17X100A100A0001A
Enedis;2024;E;200071066;Communauté d'agglomération de Saint-Dié-des-Vosges;ENT;01;Culture et production animale, chasse et services annexes;A;935.077;4;0.99999;;0;0;17X100A100A0001A
Enedis;2024;E;200071066;Communauté d'agglomération de Saint-Dié-des-Vosges;PRO;;;A;2317.575;167;0.6967;;0;0;17X100A100A0001A
Enedis;2024;E;200071074;Communauté de communes Les Portes de l'Ile de France;ENT;01;Culture et production animale, chasse et services annexes;A;72.366;1;0.99999;;0;0;17X100A100A0001A
Enedis;2024;E;200071074;Communauté de communes Les Portes de l'Ile de France;PRO;;;A;335.339;41;0.6114;;0;0;17X100A100A0001A
Enedis;2024;E;200071082;Communauté d'agglomération Montluçon Communauté;ENT;01;Culture et production animale, chasse et services annexes;A;82.228;1;0.99999;;0;0;17X100A100A0001A
Enedis;2024;E;200071082;Communauté d'agglomération Montluçon Communauté;PRO;;;A;909.396;169;0.7107;;0;0;17X100A100A0001A
Enedis;2024;E;200071116;Communauté d'agglomération ECLA  (Espace Communautaire Lons Agglomération);ENT;01;Culture et production animale, chasse et services annexes;A;252.032;3;0.99999;;0;0;17X100A100A0001A
Enedis;2024;E;200071116;Communauté d'agglomération ECLA  (Espace Communautaire Lons Agglomération);ENT;02;Sylviculture et exploitation forestière;A;39.721;1;0.99999;;0;0;17X100A100A0001A
Enedis;2024;E;200071116;Communauté d'agglomération ECLA  (Espace Communautaire Lons Agglomération);PRO;;;A;830.981;75;0.6941;;0;0;17X100A100A0001A
Enedis;2024;E;200071140;Communauté d'agglomération Moulins Communauté;ENT;01;Culture et production animale, chasse et services annexes;A;8190.657;167;0.99999;;0;0;17X100A100A0001A
Enedis;2024;E;200071140;Communauté d'agglomération Moulins Communauté;PRO;;;A;4155.131;557;0.668;;0;0;17X100A100A0001A
Enedis;2024;E;200071165;Communauté d'agglomération Les Sables d'Olonne Agglomération;ENT;01;Culture et production animale, chasse et services annexes;A;551.48;16;0.99999;;0;0;17X100A100A0001A
Enedis;2024;E;200071165;Communauté d'agglomération Les Sables d'Olonne Agglomération;PRO;;;A;1265.189;112;0.733;;0;0;17X100A100A0001A
Enedis;2024;E;200071173;Communauté de communes du Pays Arnay Liernais;PRO;;;A;1129.919;158;0.6654;;0;0;17X100A100A0001A
Enedis;2024;E;200071181;Communauté de communes Somme Sud-Ouest;ENT;01;Culture et production animale, chasse et services annexes;A;1936.81;16;0.99999;;0;0;17X100A100A0001A
Enedis;2024;E;200071181;Communauté de communes Somme Sud-Ouest;ENT;02;Sylviculture et exploitation forestière;A;15.678;1;0.99999;;0;0;17X100A100A0001A
Enedis;2024;E;200071181;Communauté de communes Somme Sud-Ouest;ENT;03;Pêche et aquaculture;A;734.482;3;0.99999;;0;0;17X100A100A0001A
Enedis;2024;E;200071181;Communauté de communes Somme Sud-Ouest;PRO;;;A;6543.197;506;0.7192;;0;0;17X100A100A0001A
Enedis;2024;E;200071199;Communauté de communes Plaine Limagne;ENT;01;Culture et production animale, chasse et services annexes;A;1230.278;19;0.99999;;0;0;17X100A100A0001A
Enedis;2024;E;200071199;Communauté de communes Plaine Limagne;PRO;;;A;1399.584;196;0.6789;;0;0;17X100A100A0001A
Enedis;2024;E;200071207;Communauté de communes de Pouilly-en-Auxois/Bligny-sur-Ouche;ENT;01;Culture et production animale, chasse et services annexes;A;41.445;1;0.99999;;0;0;17X100A100A0001A
Enedis;2024;E;200071207;Communauté de communes de Pouilly-en-Auxois/Bligny-sur-Ouche;PRO;;;A;1110.399;167;0.6872;;0;0;17X100A100A0001A
Enedis;2024;E;200071215;Communauté de communes Chavanon Combrailles et Volcans;ENT;01;Culture et production animale, chasse et services annexes;A;596.688;1;0.99999;;0;0;17X100A100A0001A
Enedis;2024;E;200071215;Communauté de communes Chavanon Combrailles et Volcans;PRO;;;A;4852.268;547;0.7232;;0;0;17X100A100A0001A
Enedis;2024;E;200071223;Communauté de communes Nièvre et Somme;ENT;01;Culture et production animale, chasse et services annexes;A;1726.69;16;0.99999;;0;0;17X100A100A0001A
Enedis;2024;E;200071223;Communauté de communes Nièvre et Somme;ENT;03;Pêche et aquaculture;A;748.858;1;0.99999;;0;0;17X100A100A0001A
Enedis;2024;E;200071223;Communauté de communes Nièvre et Somme;PRO;;;A;1576.543;144;0.6882;;0;0;17X100A100A0001A
Enedis;2024;E;200071298;Communauté de communes des Terres du Lauragais;ENT;01;Culture et production animale, chasse et services annexes;A;1143.051;28;0.99999;;0;0;17X100A100A0001A
Enedis;2024;E;200071298;Communauté de communes des Terres du Lauragais;PRO;;;A;1741.308;226;0.6488;;0;0;17X100A100A0001A
Enedis;2024;E;200071314;Communauté de communes des Hauts-Tolosans;ENT;01;Culture et production animale, chasse et services annexes;A;1441.805;27;0.99999;;0;0;17X100A100A0001A
Enedis;2024;E;200071314;Communauté de communes des Hauts-Tolosans;PRO;;;A;1145.816;138;0.7464;;0;0;17X100A100A0001A
Enedis;2024;E;200071363;Communauté d'agglomération Vichy Communauté;ENT;01;Culture et production animale, chasse et services annexes;A;313.712;14;0.99999;;0;0;17X100A100A0001A
Enedis;2024;E;200071363;Communauté d'agglomération Vichy Communauté;ENT;02;Sylviculture et exploitation forestière;A;14.248;1;0.99999;;0;0;17X100A100A0001A
Enedis;2024;E;200071363;Communauté d'agglomération Vichy Communauté;PRO;;;A;2105.698;282;0.7367;;0;0;17X100A100A0001A
Enedis;2024;E;200071371;Communauté de communes Bresse et Saône;ENT;01;Culture et production animale, chasse et services annexes;A;1309.809;25;0.99999;;0;0;17X100A100A0001A
Enedis;2024;E;200071371;Communauté de communes Bresse et Saône;ENT;02;Sylviculture et exploitation forestière;A;64.027;2;0.99999;;0;0;17X100A100A0001A
Enedis;2024;E;200071371;Communauté de communes Bresse et Saône;PRO;;;A;2509.296;223;0.6974;;0;0;17X100A100A0001A
Enedis;2024;E;200071389;Communauté de communes Saint-Pourçain Sioule Limagne;ENT;01;Culture et production animale, chasse et services annexes;A;5505.451;114;0.99999;;0;0;17X100A100A0001A
Enedis;2024;E;200071389;Communauté de communes Saint-Pourçain Sioule Limagne;PRO;;;A;3367.731;489;0.7331;;0;0;17X100A100A0001A
Enedis;2024;E;200071405;Communauté de communes Ardèche Rhône Coiron;ENT;01;Culture et production animale, chasse et services annexes;A;123.645;3;0.99999;;0;0;17X100A100A0001A
Enedis;2024;E;200071405;Communauté de communes Ardèche Rhône Coiron;PRO;;;A;475.523;57;0.6443;;0;0;17X100A100A0001A
Enedis;2024;E;200071413;Communauté d'agglomération Privas Centre Ardèche;ENT;01;Culture et production animale, chasse et services annexes;A;343.917;7;0.99999;;0;0;17X100A100A0001A
Enedis;2024;E;200071413;Communauté d'agglomération Privas Centre Ardèche;PRO;;;A;1577.884;210;0.7005;;0;0;17X100A100A0001A
Enedis;2024;E;200071454;Communauté d'agglomération Evreux Portes de Normandie;ENT;01;Culture et production animale, chasse et services annexes;A;1597.908;30;0.99999;;0;0;17X100A100A0001A
Enedis;2024;E;200071454;Communauté d'agglomération Evreux Portes de Normandie;ENT;02;Sylviculture et exploitation forestière;A;53.3;1;0.99999;;0;0;17X100A100A0001A
Enedis;2024;E;200071454;Communauté d'agglomération Evreux Portes de Normandie;PRO;;;A;2351.182;227;0.6375;;0;0;17X100A100A0001A
Enedis;2024;E;200071470;Communauté de communes Entr'Allier Besbre et Loire;ENT;01;Culture et production animale, chasse et services annexes;A;2897.152;64;0.99999;;0;0;17X100A100A0001A
Enedis;2024;E;200071470;Communauté de communes Entr'Allier Besbre et Loire;PRO;;;A;4366.582;625;0.719;;0;0;17X100A100A0001A
Enedis;2024;E;200071496;Communauté de communes du Bocage Bourbonnais;ENT;01;Culture et production animale, chasse et services annexes;A;1172.208;15;0.99999;;0;0;17X100A100A0001A
Enedis;2024;E;200071496;Communauté de communes du Bocage Bourbonnais;PRO;;;A;3162.031;412;0.6604;;0;0;17X100A100A0001A
Enedis;2024;E;200071504;Communauté de communes des Collines du Perche Normand;ENT;01;Culture et production animale, chasse et services annexes;A;1238.503;11;0.99999;;0;0;17X100A100A0001A
Enedis;2024;E;200071504;Communauté de communes des Collines du Perche Normand;PRO;;;A;2467.299;140;0.6307;;0;0;17X100A100A0001A
Enedis;2024;E;200071512;Communauté de communes Commentry Montmarault Néris Communauté;ENT;01;Culture et production animale, chasse et services annexes;A;981.97;13;0.99999;;0;0;17X100A100A0001A
Enedis;2024;E;200071512;Communauté de communes Commentry Montmarault Néris Communauté;PRO;;;A;3483.089;443;0.7;;0;0;17X100A100A0001A
Enedis;2024;E;200071520;Communauté de communes Domfront Tinchebray Interco;ENT;01;Culture et production animale, chasse et services annexes;A;2718.105;11;0.99999;;0;0;17X100A100A0001A
Enedis;2024;E;200071520;Communauté de communes Domfront Tinchebray Interco;PRO;;;A;7261.175;294;0;;0;1;17X100A100A0001A
Enedis;2024;E;200071538;Communauté de communes Terres de Bresse;ENT;01;Culture et production animale, chasse et services annexes;A;1416.139;9;0.99999;;0;0;17X100A100A0001A
Enedis;2024;E;200071538;Communauté de communes Terres de Bresse;PRO;;;A;2848.802;169;0.7108;;0;0;17X100A100A0001A
Enedis;2024;E;200071546;Communauté de communes Sud Retz Atlantique;ENT;01;Culture et production animale, chasse et services annexes;A;6368.585;43;0.99999;;0;0;17X100A100A0001A
Enedis;2024;E;200071546;Communauté de communes Sud Retz Atlantique;PRO;;;A;4979.211;292;0.6775;;0;0;17X100A100A0001A
Enedis;2024;E;200071553;Communauté de communes Loire Layon Aubance;ENT;01;Culture et production animale, chasse et services annexes;A;6717.233;70;0.99999;;0;0;17X100A100A0001A
Enedis;2024;E;200071553;Communauté de communes Loire Layon Aubance;ENT;02;Sylviculture et exploitation forestière;A;71.726;1;0.99999;;0;0;17X100A100A0001A
Enedis;2024;E;200071553;Communauté de communes Loire Layon Aubance;PRO;;;A;8389.872;568;0.755;;0;0;17X100A100A0001A
Enedis;2024;E;200071579;Communauté de communes Bresse Louhannaise Intercom';ENT;01;Culture et production animale, chasse et services annexes;A;1200.725;11;0.99999;;0;0;17X100A100A0001A
Enedis;2024;E;200071579;Communauté de communes Bresse Louhannaise Intercom';PRO;;;A;3169.259;247;0.7368;;0;0;17X100A100A0001A
Enedis;2024;E;200071587;Communauté de communes Loches Sud Touraine;ENT;01;Culture et production animale, chasse et services annexes;A;11159.66;157;0.99999;;0;0;17X100A100A0001A
Enedis;2024;E;200071587;Communauté de communes Loches Sud Touraine;ENT;02;Sylviculture et exploitation forestière;A;9.263;1;0.99999;;0;0;17X100A100A0001A
Enedis;2024;E;200071587;Communauté de communes Loches Sud Touraine;PRO;;;A;9598.49;651;0.7042;;0;0;17X100A100A0001A
Enedis;2024;E;200071595;Communauté de communes Arbois,Poligny,Salins,Cœur du Jura;ENT;01;Culture et production animale, chasse et services annexes;A;1439.265;23;0.99999;;0;0;17X100A100A0001A
Enedis;2024;E;200071595;Communauté de communes Arbois,Poligny,Salins,Cœur du Jura;PRO;;;A;5622.087;346;0.7099;;0;0;17X100A100A0001A
Enedis;2024;E;200071629;Communauté de communes Challans-Gois Communauté;ENT;01;Culture et production animale, chasse et services annexes;A;2413.956;32;0.99999;;0;0;17X100A100A0001A
Enedis;2024;E;200071629;Communauté de communes Challans-Gois Communauté;ENT;03;Pêche et aquaculture;A;4046.512;13;0.9995;;0;0;17X100A100A0001A
Enedis;2024;E;200071629;Communauté de communes Challans-Gois Communauté;PRO;;;A;8470.181;416;0;;0;1;17X100A100A0001A
Enedis;2024;E;200071645;Communauté de communes Saint Cyr Mère Boitier entre Charolais et Mâconnais;ENT;01;Culture et production animale, chasse et services annexes;A;330.308;4;0.99999;;0;0;17X100A100A0001A
Enedis;2024;E;200071645;Communauté de communes Saint Cyr Mère Boitier entre Charolais et Mâconnais;PRO;;;A;2066.64;150;0.7038;;0;0;17X100A100A0001A
Enedis;2024;E;200071652;Communauté de communes du Pays Fertois et du Bocage Carrougien;ENT;01;Culture et production animale, chasse et services annexes;A;1178.476;7;0.99999;;0;0;17X100A100A0001A
Enedis;2024;E;200071652;Communauté de communes du Pays Fertois et du Bocage Carrougien;PRO;;;A;3053.693;138;0.7602;;0;0;17X100A100A0001A
Enedis;2024;E;200071678;Communauté d'agglomération Cholet Agglomération;ENT;01;Culture et production animale, chasse et services annexes;A;8092.307;85;0.99999;;0;0;17X100A100A0001A
Enedis;2024;E;200071678;Communauté d'agglomération Cholet Agglomération;PRO;;;A;13007.847;759;0.7277;;0;0;17X100A100A0001A
Enedis;2024;E;200071751;Communauté d'agglomération du Bassin de Bourg-en-Bresse;ENT;01;Culture et production animale, chasse et services annexes;A;13659.399;84;0.99999;;0;0;17X100A100A0001A
Enedis;2024;E;200071751;Communauté d'agglomération du Bassin de Bourg-en-Bresse;ENT;02;Sylviculture et exploitation forestière;A;26.749;1;0.99999;;0;0;17X100A100A0001A
Enedis;2024;E;200071751;Communauté d'agglomération du Bassin de Bourg-en-Bresse;ENT;03;Pêche et aquaculture;A;112.008;1;0.99999;;0;0;17X100A100A0001A
Enedis;2024;E;200071751;Communauté d'agglomération du Bassin de Bourg-en-Bresse;PRO;;;A;11137.401;654;0.7273;;0;0;17X100A100A0001A
Enedis;2024;E;200071769;Communauté de communes Picardie des Châteaux;ENT;01;Culture et production animale, chasse et services annexes;A;266.759;13;0.99999;;0;0;17X100A100A0001A
Enedis;2024;E;200071769;Communauté de communes Picardie des Châteaux;PRO;;;A;990.361;66;0.6396;;0;0;17X100A100A0001A
Enedis;2024;E;200071777;Communauté de communes d'Arcis,Mailly,Ramerupt;ENT;01;Culture et production animale, chasse et services annexes;A;7396.848;67;0.99999;;0;0;17X100A100A0001A
Enedis;2024;E;200071777;Communauté de communes d'Arcis,Mailly,Ramerupt;PRO;;;A;1071.581;177;0.7457;;0;0;17X100A100A0001A
Enedis;2024;E;200071785;Communauté d'agglomération Chauny-Tergnier-La Fère;ENT;01;Culture et production animale, chasse et services annexes;A;971.755;11;0.9983;;0;0;17X100A100A0001A
Enedis;2024;E;200071785;Communauté d'agglomération Chauny-Tergnier-La Fère;PRO;;;A;1018.051;104;0.7013;;0;0;17X100A100A0001A
Enedis;2024;E;200071819;Communauté de communes du Périgord Nontronnais;ENT;01;Culture et production animale, chasse et services annexes;A;243.015;8;0.99999;;0;0;17X100A100A0001A
Enedis;2024;E;200071819;Communauté de communes du Périgord Nontronnais;PRO;;;A;1018.038;108;0.7484;;0;0;17X100A100A0001A
Enedis;2024;E;200071827;Communauté d'agglomération du Grand Angoulême;ENT;01;Culture et production animale, chasse et services annexes;A;1230.013;42;0.99999;;0;0;17X100A100A0001A
Enedis;2024;E;200071827;Communauté d'agglomération du Grand Angoulême;ENT;02;Sylviculture et exploitation forestière;A;213.103;2;0.99999;;0;0;17X100A100A0001A
Enedis;2024;E;200071827;Communauté d'agglomération du Grand Angoulême;ENT;03;Pêche et aquaculture;A;1537.495;3;0.99999;;0;0;17X100A100A0001A
Enedis;2024;E;200071827;Communauté d'agglomération du Grand Angoulême;PRO;;;A;1718.024;211;0.6888;;0;0;17X100A100A0001A
Enedis;2024;E;200071843;Communauté de communes du Vexin Normand;ENT;01;Culture et production animale, chasse et services annexes;A;1827.369;29;0.99999;;0;0;17X100A100A0001A
Enedis;2024;E;200071843;Communauté de communes du Vexin Normand;PRO;;;A;1499.944;144;0.7204;;0;0;17X100A100A0001A
Enedis;2024;E;200071850;Communauté de communes du Pithiverais-Gâtinais;ENT;01;Culture et production animale, chasse et services annexes;A;169.334;12;0.99999;;0;0;17X100A100A0001A
Enedis;2024;E;200071850;Communauté de communes du Pithiverais-Gâtinais;PRO;;;A;96.31;21;0.556;;0;0;17X100A100A0001A
Enedis;2024;E;200071868;Communauté de communes des Vallées du Haut-Anjou;ENT;01;Culture et production animale, chasse et services annexes;A;3285.607;50;0.99999;;0;0;17X100A100A0001A
Enedis;2024;E;200071868;Communauté de communes des Vallées du Haut-Anjou;PRO;;;A;9471.623;466;0.7131;;0;0;17X100A100A0001A
Enedis;2024;E;200071876;Communauté d'agglomération Saumur Val de Loire;ENT;01;Culture et production animale, chasse et services annexes;A;41503.055;188;0.99999;;0;0;17X100A100A0001A
Enedis;2024;E;200071876;Communauté d'agglomération Saumur Val de Loire;ENT;02;Sylviculture et exploitation forestière;A;1660.665;2;0.99999;;0;0;17X100A100A0001A
Enedis;2024;E;200071876;Communauté d'agglomération Saumur Val de Loire;PRO;;;A;11059.973;1073;0.7234;;0;0;17X100A100A0001A
Enedis;2024;E;200071884;Communauté de communes Le Grand Charolais;ENT;01;Culture et production animale, chasse et services annexes;A;853.046;5;0.99999;;0;0;17X100A100A0001A
Enedis;2024;E;200071884;Communauté de communes Le Grand Charolais;PRO;;;A;4313.157;498;0.7049;;0;0;17X100A100A0001A
Enedis;2024;E;200071892;Communauté d'agglomération du Saint-Quentinois;ENT;01;Culture et production animale, chasse et services annexes;A;1114.599;27;0.9996;;0;0;17X100A100A0001A
Enedis;2024;E;200071892;Communauté d'agglomération du Saint-Quentinois;PRO;;;A;1360.194;125;0.6759;;0;0;17X100A100A0001A
Enedis;2024;E;200071900;Communauté de communes Vendée Grand Littoral;ENT;01;Culture et production animale, chasse et services annexes;A;5232.048;74;0.99999;;0;0;17X100A100A0001A
Enedis;2024;E;200071900;Communauté de communes Vendée Grand Littoral;ENT;03;Pêche et aquaculture;A;0.175;1;0;;0;0;17X100A100A0001A
Enedis;2024;E;200071900;Communauté de communes Vendée Grand Littoral;PRO;;;A;3622.577;324;0.6985;;0;0;17X100A100A0001A
Enedis;2024;E;200071918;Communauté de communes du Pays de Saint-Fulgent - Les Essarts;ENT;01;Culture et production animale, chasse et services annexes;A;9286.851;49;0.99999;;0;0;17X100A100A0001A
Enedis;2024;E;200071918;Communauté de communes du Pays de Saint-Fulgent - Les Essarts;PRO;;;A;5967.12;387;0;;0;1;17X100A100A0001A
Enedis;2024;E;200071926;Communauté de communes du Limouxin;ENT;01;Culture et production animale, chasse et services annexes;A;947.995;14;0.99999;;0;0;17X100A100A0001A
Enedis;2024;E;200071926;Communauté de communes du Limouxin;ENT;02;Sylviculture et exploitation forestière;A;55.253;1;0.99999;;0;0;17X100A100A0001A
Enedis;2024;E;200071926;Communauté de communes du Limouxin;PRO;;;A;1518.399;208;0.6278;;0;0;17X100A100A0001A
Enedis;2024;E;200071934;Communauté de communes Pays de Fontenay-Vendée;ENT;01;Culture et production animale, chasse et services annexes;A;4175.054;100;0.99999;;0;0;17X100A100A0001A
Enedis;2024;E;200071934;Communauté de communes Pays de Fontenay-Vendée;ENT;02;Sylviculture et exploitation forestière;A;0.236;1;0.99999;;0;0;17X100A100A0001A
Enedis;2024;E;200071934;Communauté de communes Pays de Fontenay-Vendée;PRO;;;A;4078.515;304;0.7148;;0;0;17X100A100A0001A
Enedis;2024;E;200071942;Communauté de communes Haut Limousin en Marche;ENT;01;Culture et production animale, chasse et services annexes;A;499.068;12;0.99999;;0;0;17X100A100A0001A
Enedis;2024;E;200071942;Communauté de communes Haut Limousin en Marche;PRO;;;A;3202.257;554;0.7256;;0;0;17X100A100A0001A
Enedis;2024;E;200071967;Communauté de communes Pays d'Évian Vallée d'Abondance;ENT;01;Culture et production animale, chasse et services annexes;A;287.474;8;0.99999;;0;0;17X100A100A0001A
Enedis;2024;E;200071967;Communauté de communes Pays d'Évian Vallée d'Abondance;PRO;;;A;1748.26;117;0.6558;;0;0;17X100A100A0001A
Enedis;2024;E;200071983;Communauté de communes Thiérache Sambre et Oise;ENT;01;Culture et production animale, chasse et services annexes;A;1390.01;5;0.9986;;0;0;17X100A100A0001A
Enedis;2024;E;200071983;Communauté de communes Thiérache Sambre et Oise;ENT;02;Sylviculture et exploitation forestière;A;636.872;2;0.99999;;0;0;17X100A100A0001A
Enedis;2024;E;200071983;Communauté de communes Thiérache Sambre et Oise;PRO;;;A;2668.374;183;0.6911;;0;0;17X100A100A0001A
Enedis;2024;E;200071991;Communauté de communes Retz-en-Valois;ENT;01;Culture et production animale, chasse et services annexes;A;6712.522;38;0.99999;;0;0;17X100A100A0001A
Enedis;2024;E;200071991;Communauté de communes Retz-en-Valois;ENT;02;Sylviculture et exploitation forestière;A;59.952;2;0.99999;;0;0;17X100A100A0001A
Enedis;2024;E;200071991;Communauté de communes Retz-en-Valois;PRO;;;A;1619.696;113;0.7336;;0;0;17X100A100A0001A
Enedis;2024;E;200072007;Communauté de communes de la Montagne d'Ardèche;PRO;;;A;1226.067;179;0.6751;;0;0;17X100A100A0001A
Enedis;2024;E;200072015;Communauté d'agglomération Annonay Rhône Agglo;ENT;01;Culture et production animale, chasse et services annexes;A;14.447;1;0.99999;;0;0;17X100A100A0001A
Enedis;2024;E;200072015;Communauté d'agglomération Annonay Rhône Agglo;PRO;;;A;1396.372;116;0.6744;;0;0;17X100A100A0001A
Enedis;2024;E;200072023;Communauté de communes Cœur de Charente;ENT;01;Culture et production animale, chasse et services annexes;A;5926.488;125;0.99999;;0;0;17X100A100A0001A
Enedis;2024;E;200072023;Communauté de communes Cœur de Charente;PRO;;;A;1443.836;208;0.7409;;0;0;17X100A100A0001A
Enedis;2024;E;200072031;Communauté d'agglomération de la Région de Château-Thierry;ENT;01;Culture et production animale, chasse et services annexes;A;1915.482;22;0.99999;;0;0;17X100A100A0001A
Enedis;2024;E;200072031;Communauté d'agglomération de la Région de Château-Thierry;ENT;02;Sylviculture et exploitation forestière;A;83.702;1;0.99999;;0;0;17X100A100A0001A
Enedis;2024;E;200072031;Communauté d'agglomération de la Région de Château-Thierry;PRO;;;A;4348.772;490;0.7132;;0;0;17X100A100A0001A
Enedis;2024;E;200072049;Communauté de communes de Charente Limousine;ENT;01;Culture et production animale, chasse et services annexes;A;3431.35;41;0.99999;;0;0;17X100A100A0001A
Enedis;2024;E;200072049;Communauté de communes de Charente Limousine;PRO;;;A;4363.02;483;0.7277;;0;0;17X100A100A0001A
Enedis;2024;E;200072056;Communauté de communes Porte du Jura;ENT;01;Culture et production animale, chasse et services annexes;A;251.828;6;0.99999;;0;0;17X100A100A0001A
Enedis;2024;E;200072056;Communauté de communes Porte du Jura;PRO;;;A;1257.493;102;0.688;;0;0;17X100A100A0001A
Enedis;2024;E;200072064;Communauté de communes Val-de-Cher-Controis;ENT;01;Culture et production animale, chasse et services annexes;A;7348.141;93;0.99999;;0;0;17X100A100A0001A
Enedis;2024;E;200072064;Communauté de communes Val-de-Cher-Controis;ENT;02;Sylviculture et exploitation forestière;A;19.485;2;0.99999;;0;0;17X100A100A0001A
Enedis;2024;E;200072064;Communauté de communes Val-de-Cher-Controis;PRO;;;A;4848.7;376;0.7054;;0;0;17X100A100A0001A
Enedis;2024;E;200072072;Communauté d'agglomération Territoires Vendômois;ENT;01;Culture et production animale, chasse et services annexes;A;6157.92;116;0.99999;;0;0;17X100A100A0001A
Enedis;2024;E;200072072;Communauté d'agglomération Territoires Vendômois;PRO;;;A;4929.419;416;0.7157;;0;0;17X100A100A0001A
Enedis;2024;E;200072080;Communauté de communes du Pays de Saint-Éloy;ENT;01;Culture et production animale, chasse et services annexes;A;1225.687;3;0.99999;;0;0;17X100A100A0001A
Enedis;2024;E;200072080;Communauté de communes du Pays de Saint-Éloy;PRO;;;A;1834.059;324;0.7507;;0;0;17X100A100A0001A
Enedis;2024;E;200072098;Communauté de communes Combrailles Sioule et Morge;PRO;;;A;1323.426;151;0.633;;0;0;17X100A100A0001A
Enedis;2024;E;200072106;Communauté de communes Adour Madiran;ENT;01;Culture et production animale, chasse et services annexes;A;5725.597;115;0.99999;;0;0;17X100A100A0001A
Enedis;2024;E;200072106;Communauté de communes Adour Madiran;ENT;02;Sylviculture et exploitation forestière;A;69.315;1;0.99999;;0;0;17X100A100A0001A
Enedis;2024;E;200072106;Communauté de communes Adour Madiran;PRO;;;A;7023.696;621;0.7815;;0;0;17X100A100A0001A
Enedis;2024;E;200072130;Communauté d'agglomération du Pays de Meaux;ENT;01;Culture et production animale, chasse et services annexes;A;828.634;15;0.9988;;0;0;17X100A100A0001A
Enedis;2024;E;200072130;Communauté d'agglomération du Pays de Meaux;PRO;;;A;845.033;60;0.6594;;0;0;17X100A100A0001A
Enedis;2024;E;200072304;Communauté de communes Vallée de l'Ubaye - Serre-Ponçon;ENT;01;Culture et production animale, chasse et services annexes;A;13.28;1;0.99999;;0;0;17X100A100A0001A
Enedis;2024;E;200072304;Communauté de communes Vallée de l'Ubaye - Serre-Ponçon;PRO;;;A;299.984;58;0.6151;;0;0;17X100A100A0001A
Enedis;2024;E;200072312;Communauté d'agglomération Seine Normandie Agglomération;ENT;01;Culture et production animale, chasse et services annexes;A;2945.183;37;0.99999;;0;0;17X100A100A0001A
Enedis;2024;E;200072312;Communauté d'agglomération Seine Normandie Agglomération;ENT;02;Sylviculture et exploitation forestière;A;55.788;1;0.99999;;0;0;17X100A100A0001A
Enedis;2024;E;200072312;Communauté d'agglomération Seine Normandie Agglomération;PRO;;;A;2843.667;239;0.7054;;0;0;17X100A100A0001A
Enedis;2024;E;200072320;Communauté de communes Val de Gers;ENT;01;Culture et production animale, chasse et services annexes;A;1996.135;43;0.99999;;0;0;17X100A100A0001A
Enedis;2024;E;200072320;Communauté de communes Val de Gers;PRO;;;A;2261.909;288;0.6778;;0;0;17X100A100A0001A
Enedis;2024;E;200072346;Communauté d'agglomération du Pays de Fontainebleau;ENT;01;Culture et production animale, chasse et services annexes;A;1095.062;18;0.99999;;0;0;17X100A100A0001A
Enedis;2024;E;200072346;Communauté d'agglomération du Pays de Fontainebleau;ENT;02;Sylviculture et exploitation forestière;A;184.305;5;0.99999;;0;0;17X100A100A0001A
Enedis;2024;E;200072346;Communauté d'agglomération du Pays de Fontainebleau;PRO;;;A;665.341;81;0.7039;;0;0;17X100A100A0001A
Enedis;2024;E;200072452;Communauté d'agglomération Fougères Agglomération;ENT;01;Culture et production animale, chasse et services annexes;A;6793.7;31;0.99999;;0;0;17X100A100A0001A
Enedis;2024;E;200072452;Communauté d'agglomération Fougères Agglomération;PRO;;;A;15567.036;591;0;;0;5;17X100A100A0001A
Enedis;2024;E;200072460;Communauté d'agglomération de Béthune-Bruay,Artois-Lys Romane;ENT;01;Culture et production animale, chasse et services annexes;A;7675.858;41;0.99999;;0;0;17X100A100A0001A
Enedis;2024;E;200072460;Communauté d'agglomération de Béthune-Bruay,Artois-Lys Romane;PRO;;;A;7147.924;489;0.766;;0;0;17X100A100A0001A
Enedis;2024;E;200072478;Communauté de communes Pays d'Opale;ENT;01;Culture et production animale, chasse et services annexes;A;1534.39;14;0.99999;;0;0;17X100A100A0001A
Enedis;2024;E;200072478;Communauté de communes Pays d'Opale;ENT;03;Pêche et aquaculture;A;1.672;1;0.99999;;0;0;17X100A100A0001A
Enedis;2024;E;200072478;Communauté de communes Pays d'Opale;PRO;;;A;2374.405;126;0.7238;;0;0;17X100A100A0001A
Enedis;2024;E;200072544;Communauté de communes des Deux Morin;ENT;01;Culture et production animale, chasse et services annexes;A;433.609;11;0.99999;;0;0;17X100A100A0001A
Enedis;2024;E;200072544;Communauté de communes des Deux Morin;PRO;;;A;1692.955;159;0.6987;;0;0;17X100A100A0001A
Enedis;2024;E;200072635;Communauté de communes Pyrénées Haut Garonnaises;ENT;01;Culture et production animale, chasse et services annexes;A;5.275;1;0.99999;;0;0;17X100A100A0001A
Enedis;2024;E;200072635;Communauté de communes Pyrénées Haut Garonnaises;ENT;02;Sylviculture et exploitation forestière;A;44.275;2;0.99999;;0;0;17X100A100A0001A
Enedis;2024;E;200072635;Communauté de communes Pyrénées Haut Garonnaises;PRO;;;A;413.008;78;0.6358;;0;0;17X100A100A0001A
Enedis;2024;E;200072643;Communauté de communes Cœur et Coteaux du Comminges;ENT;01;Culture et production animale, chasse et services annexes;A;926.536;26;0.99999;;0;0;17X100A100A0001A
Enedis;2024;E;200072643;Communauté de communes Cœur et Coteaux du Comminges;ENT;02;Sylviculture et exploitation forestière;A;51.73;1;0.99999;;0;0;17X100A100A0001A
Enedis;2024;E;200072643;Communauté de communes Cœur et Coteaux du Comminges;PRO;;;A;3339.146;497;0.691;;0;0;17X100A100A0001A
Enedis;2024;E;200072650;Communauté de communes Touraine Vallée de l'Indre;ENT;01;Culture et production animale, chasse et services annexes;A;1633.455;40;0.99999;;0;0;17X100A100A0001A
Enedis;2024;E;200072650;Communauté de communes Touraine Vallée de l'Indre;PRO;;;A;2808.339;191;0.6761;;0;0;17X100A100A0001A
Enedis;2024;E;200072668;Communauté de communes Touraine Val de Vienne;ENT;01;Culture et production animale, chasse et services annexes;A;4909.231;59;0.99999;;0;0;17X100A100A0001A
Enedis;2024;E;200072668;Communauté de communes Touraine Val de Vienne;PRO;;;A;3791.711;279;0.7112;;0;0;17X100A100A0001A
Enedis;2024;E;200072676;Communauté de communes Maine Saosnois;ENT;01;Culture et production animale, chasse et services annexes;A;1767.683;23;0.99999;;0;0;17X100A100A0001A
Enedis;2024;E;200072676;Communauté de communes Maine Saosnois;PRO;;;A;6315.74;334;0.6774;;0;0;17X100A100A0001A
Enedis;2024;E;200072684;Communauté de communes Le Gesnois Bilurien;ENT;01;Culture et production animale, chasse et services annexes;A;8081.43;90;0.99999;;0;0;17X100A100A0001A
Enedis;2024;E;200072684;Communauté de communes Le Gesnois Bilurien;ENT;02;Sylviculture et exploitation forestière;A;56.675;1;0.99999;;0;0;17X100A100A0001A
Enedis;2024;E;200072684;Communauté de communes Le Gesnois Bilurien;PRO;;;A;3721.998;203;0.7087;;0;0;17X100A100A0001A
Enedis;2024;E;200072692;Communauté de communes des Vallées de la Braye et de l'Anille;ENT;01;Culture et production animale, chasse et services annexes;A;1923.401;49;0.99999;;0;0;17X100A100A0001A
Enedis;2024;E;200072692;Communauté de communes des Vallées de la Braye et de l'Anille;PRO;;;A;4545.15;231;0.6706;;0;0;17X100A100A0001A
Enedis;2024;E;200072700;Communauté de communes Haute Sarthe Alpes Mancelles;ENT;01;Culture et production animale, chasse et services annexes;A;3339.793;26;0.99999;;0;0;17X100A100A0001A
Enedis;2024;E;200072700;Communauté de communes Haute Sarthe Alpes Mancelles;PRO;;;A;6398.541;322;0.7259;;0;0;17X100A100A0001A
Enedis;2024;E;200072718;Communauté de communes de la Champagne Conlinoise et du Pays de Sillé;ENT;01;Culture et production animale, chasse et services annexes;A;2812.654;26;0.99999;;0;0;17X100A100A0001A
Enedis;2024;E;200072718;Communauté de communes de la Champagne Conlinoise et du Pays de Sillé;PRO;;;A;5144.946;275;0.7133;;0;0;17X100A100A0001A
Enedis;2024;E;200072726;Communauté de communes Châteaubriant-Derval;ENT;01;Culture et production animale, chasse et services annexes;A;5041.769;41;0.99999;;0;0;17X100A100A0001A
Enedis;2024;E;200072726;Communauté de communes Châteaubriant-Derval;PRO;;;A;13409.951;589;0.7344;;0;0;17X100A100A0001A
Enedis;2024;E;200072734;Communauté de communes Estuaire et Sillon;ENT;01;Culture et production animale, chasse et services annexes;A;256.16;3;0.99999;;0;0;17X100A100A0001A
Enedis;2024;E;200072734;Communauté de communes Estuaire et Sillon;PRO;;;A;2144.889;132;0;;0;1;17X100A100A0001A
Enedis;2024;E;200072825;Communauté de communes Mirebellois et Fontenois;ENT;01;Culture et production animale, chasse et services annexes;A;1039.867;4;0.99999;;0;0;17X100A100A0001A
Enedis;2024;E;200072825;Communauté de communes Mirebellois et Fontenois;PRO;;;A;1433.823;153;0.7154;;0;0;17X100A100A0001A
Enedis;2024;E;200072874;Communauté de communes Val Briard;ENT;01;Culture et production animale, chasse et services annexes;A;2715.639;26;0.99999;;0;0;17X100A100A0001A
Enedis;2024;E;200072874;Communauté de communes Val Briard;ENT;02;Sylviculture et exploitation forestière;A;126.713;3;0.99999;;0;0;17X100A100A0001A
Enedis;2024;E;200072874;Communauté de communes Val Briard;PRO;;;A;1548.723;137;0.6531;;0;0;17X100A100A0001A
Enedis;2024;E;200072882;Communauté de communes de Vie et Boulogne;ENT;01;Culture et production animale, chasse et services annexes;A;6309.026;75;0.99999;;0;0;17X100A100A0001A
Enedis;2024;E;200072882;Communauté de communes de Vie et Boulogne;PRO;;;A;6491.358;419;0.7154;;0;0;17X100A100A0001A
Enedis;2024;E;200072981;Communauté de communes Touraine Ouest Val de Loire;ENT;01;Culture et production animale, chasse et services annexes;A;8627.968;30;0.99999;;0;0;17X100A100A0001A
Enedis;2024;E;200072981;Communauté de communes Touraine Ouest Val de Loire;ENT;02;Sylviculture et exploitation forestière;A;82.247;4;0.99999;;0;0;17X100A100A0001A
Enedis;2024;E;200072981;Communauté de communes Touraine Ouest Val de Loire;PRO;;;A;3557.648;308;0.7129;;0;0;17X100A100A0001A
Enedis;2024;E;200072999;Communauté de communes du Grand Langres;ENT;01;Culture et production animale, chasse et services annexes;A;995.726;8;0.99999;;0;0;17X100A100A0001A
Enedis;2024;E;200072999;Communauté de communes du Grand Langres;PRO;;;A;2529.344;223;0.6968;;0;0;17X100A100A0001A
Enedis;2024;E;200073013;Communauté de communes Carnelle Pays-de-France;ENT;01;Culture et production animale, chasse et services annexes;A;184.511;3;0.99999;;0;0;17X100A100A0001A
Enedis;2024;E;200073013;Communauté de communes Carnelle Pays-de-France;ENT;02;Sylviculture et exploitation forestière;A;149.131;1;0.99999;;0;0;17X100A100A0001A
Enedis;2024;E;200073013;Communauté de communes Carnelle Pays-de-France;PRO;;;A;405.09;32;0.637;;0;0;17X100A100A0001A
Enedis;2024;E;200073096;Communauté d'agglomération Arche Agglo;ENT;01;Culture et production animale, chasse et services annexes;A;2677.872;56;0.99999;;0;0;17X100A100A0001A
Enedis;2024;E;200073096;Communauté d'agglomération Arche Agglo;PRO;;;A;5506.478;489;0.7017;;0;0;17X100A100A0001A
Enedis;2024;E;200073112;Communauté de communes Sud Sarthe;ENT;01;Culture et production animale, chasse et services annexes;A;7093.723;131;0.99999;;0;0;17X100A100A0001A
Enedis;2024;E;200073112;Communauté de communes Sud Sarthe;PRO;;;A;4326.429;251;0.7062;;0;0;17X100A100A0001A
Enedis;2024;E;200073146;Communauté de communes Cagire Garonne Salat;ENT;01;Culture et production animale, chasse et services annexes;A;131.364;1;0.99999;;0;0;17X100A100A0001A
Enedis;2024;E;200073146;Communauté de communes Cagire Garonne Salat;ENT;02;Sylviculture et exploitation forestière;A;57.606;3;0.99999;;0;0;17X100A100A0001A
Enedis;2024;E;200073146;Communauté de communes Cagire Garonne Salat;ENT;03;Pêche et aquaculture;A;10.233;1;0.99999;;0;0;17X100A100A0001A
Enedis;2024;E;200073146;Communauté de communes Cagire Garonne Salat;PRO;;;A;1228.043;160;0.6591;;0;0;17X100A100A0001A
Enedis;2024;E;200073161;Communauté de communes Touraine-Est Vallées;ENT;01;Culture et production animale, chasse et services annexes;A;1179.867;17;0.99999;;0;0;17X100A100A0001A
Enedis;2024;E;200073161;Communauté de communes Touraine-Est Vallées;ENT;02;Sylviculture et exploitation forestière;A;37.059;1;0.99999;;0;0;17X100A100A0001A
Enedis;2024;E;200073161;Communauté de communes Touraine-Est Vallées;PRO;;;A;2331.495;199;0;;0;3;17X100A100A0001A
Enedis;2024;E;200073237;Communauté de communes de Gâtine-Racan;ENT;01;Culture et production animale, chasse et services annexes;A;5412.563;49;0.99999;;0;0;17X100A100A0001A
Enedis;2024;E;200073237;Communauté de communes de Gâtine-Racan;ENT;02;Sylviculture et exploitation forestière;A;16.521;1;0.99999;;0;0;17X100A100A0001A
Enedis;2024;E;200073237;Communauté de communes de Gâtine-Racan;PRO;;;A;2748.957;213;0.6908;;0;0;17X100A100A0001A
Enedis;2024;E;200073245;Communauté de communes du Bassin d'Aubenas;ENT;01;Culture et production animale, chasse et services annexes;A;44.873;2;0.99999;;0;0;17X100A100A0001A
Enedis;2024;E;200073245;Communauté de communes du Bassin d'Aubenas;ENT;02;Sylviculture et exploitation forestière;A;28.407;1;0.99999;;0;0;17X100A100A0001A
Enedis;2024;E;200073245;Communauté de communes du Bassin d'Aubenas;ENT;03;Pêche et aquaculture;A;691.014;1;0.99999;;0;0;17X100A100A0001A
Enedis;2024;E;200073245;Communauté de communes du Bassin d'Aubenas;PRO;;;A;613.187;67;0.6586;;0;0;17X100A100A0001A
Enedis;2024;E;200073260;Communauté de communes Sud Vendée Littoral;ENT;01;Culture et production animale, chasse et services annexes;A;10718.755;196;0.99999;;0;0;17X100A100A0001A
Enedis;2024;E;200073260;Communauté de communes Sud Vendée Littoral;ENT;03;Pêche et aquaculture;A;343.151;1;0.99999;;0;0;17X100A100A0001A
Enedis;2024;E;200073260;Communauté de communes Sud Vendée Littoral;PRO;;;A;8418.194;728;0.7199;;0;0;17X100A100A0001A
Enedis;2024;E;200073344;Communauté d'agglomération Rambouillet Territoires;ENT;01;Culture et production animale, chasse et services annexes;A;2613.622;42;0.977;;0;0;17X100A100A0001A
Enedis;2024;E;200073344;Communauté d'agglomération Rambouillet Territoires;ENT;02;Sylviculture et exploitation forestière;A;54.85;2;0.99999;;0;0;17X100A100A0001A
Enedis;2024;E;200073344;Communauté d'agglomération Rambouillet Territoires;PRO;;;A;1616.043;149;0.6341;;0;0;17X100A100A0001A
Enedis;2024;E;200073393;Communauté de communes des Rives du Haut Allier;ENT;01;Culture et production animale, chasse et services annexes;A;1404.521;15;0.99999;;0;0;17X100A100A0001A
Enedis;2024;E;200073393;Communauté de communes des Rives du Haut Allier;ENT;03;Pêche et aquaculture;A;504.325;1;0.99999;;0;0;17X100A100A0001A
Enedis;2024;E;200073393;Communauté de communes des Rives du Haut Allier;PRO;;;A;6521.318;721;0.7264;;0;0;17X100A100A0001A
Enedis;2024;E;200073401;Communauté de communes Mézenc-Loire-Meygal;ENT;01;Culture et production animale, chasse et services annexes;A;434.184;6;0.99999;;0;0;17X100A100A0001A
Enedis;2024;E;200073401;Communauté de communes Mézenc-Loire-Meygal;PRO;;;A;2193.907;315;0.6996;;0;0;17X100A100A0001A
Enedis;2024;E;200073419;Communauté d'agglomération du Puy-en-Velay;ENT;01;Culture et production animale, chasse et services annexes;A;899.896;12;0.99999;;0;0;17X100A100A0001A
Enedis;2024;E;200073419;Communauté d'agglomération du Puy-en-Velay;ENT;02;Sylviculture et exploitation forestière;A;11263.847;1;0.99999;;0;0;17X100A100A0001A
Enedis;2024;E;200073419;Communauté d'agglomération du Puy-en-Velay;PRO;;;A;10913.584;891;0.7332;;0;0;17X100A100A0001A
Enedis;2024;E;200073427;Communauté de communes Marches du Velay-Rochebaron;ENT;01;Culture et production animale, chasse et services annexes;A;364.39;3;0.99999;;0;0;17X100A100A0001A
Enedis;2024;E;200073427;Communauté de communes Marches du Velay-Rochebaron;PRO;;;A;2983.78;207;0.7218;;0;0;17X100A100A0001A
Enedis;2024;E;200077014;Communauté d'agglomération Vienne Condrieu;ENT;01;Culture et production animale, chasse et services annexes;A;1129.897;18;0.99999;;0;0;17X100A100A0001A
Enedis;2024;E;200077014;Communauté d'agglomération Vienne Condrieu;PRO;;;A;3171.34;222;0.7105;;0;0;17X100A100A0001A
Enedis;2024;E;200083392;Communauté d'agglomération Laval Agglomération;ENT;01;Culture et production animale, chasse et services annexes;A;9850.278;39;0.99999;;0;0;17X100A100A0001A
Enedis;2024;E;200083392;Communauté d'agglomération Laval Agglomération;PRO;;;A;11196.135;548;0.704;;0;0;17X100A100A0001A
Enedis;2024;E;200084952;Communauté urbaine Le Havre Seine Métropole;ENT;01;Culture et production animale, chasse et services annexes;A;3185.898;25;0.99999;;0;0;17X100A100A0001A
Enedis;2024;E;200084952;Communauté urbaine Le Havre Seine Métropole;PRO;;;A;5952.641;378;0.6766;;0;0;17X100A100A0001A
Enedis;2024;E;200085728;Communauté de communes Brioude Sud Auvergne;ENT;01;Culture et production animale, chasse et services annexes;A;1219.566;14;0.99999;;0;0;17X100A100A0001A
Enedis;2024;E;200085728;Communauté de communes Brioude Sud Auvergne;ENT;02;Sylviculture et exploitation forestière;A;10.557;1;0.99999;;0;0;17X100A100A0001A
Enedis;2024;E;200085728;Communauté de communes Brioude Sud Auvergne;PRO;;;A;2533.703;254;0.7265;;0;0;17X100A100A0001A
Enedis;2024;E;200085751;Communauté de communes Entre Bièvre et Rhône;ENT;01;Culture et production animale, chasse et services annexes;A;6455.506;50;0.99999;;0;0;17X100A100A0001A
Enedis;2024;E;200085751;Communauté de communes Entre Bièvre et Rhône;PRO;;;A;1720.104;169;0.6507;;0;0;17X100A100A0001A
Enedis;2024;E;200089456;Communauté d'agglomération Seine-Eure;ENT;01;Culture et production animale, chasse et services annexes;A;1683.383;12;0.99999;;0;0;17X100A100A0001A
Enedis;2024;E;200089456;Communauté d'agglomération Seine-Eure;ENT;02;Sylviculture et exploitation forestière;A;11.669;1;0.99999;;0;0;17X100A100A0001A
Enedis;2024;E;200089456;Communauté d'agglomération Seine-Eure;ENT;03;Pêche et aquaculture;A;367.326;1;0.99999;;0;0;17X100A100A0001A
Enedis;2024;E;200089456;Communauté d'agglomération Seine-Eure;PRO;;;A;1674.899;160;0.7033;;0;0;17X100A100A0001A
Enedis;2024;E;200090504;Communauté d'agglomération Coulommiers Pays de Brie;ENT;01;Culture et production animale, chasse et services annexes;A;2641.016;26;0.99999;;0;0;17X100A100A0001A
Enedis;2024;E;200090504;Communauté d'agglomération Coulommiers Pays de Brie;PRO;;;A;2807.836;218;0.6798;;0;0;17X100A100A0001A
Enedis;2024;E;200090561;Communauté de communes Vierzon-Sologne-Berry;ENT;01;Culture et production animale, chasse et services annexes;A;362.627;11;0.99999;;0;0;17X100A100A0001A
Enedis;2024;E;200090561;Communauté de communes Vierzon-Sologne-Berry;PRO;;;A;1060.492;107;0.6814;;0;0;17X100A100A0001A
Enedis;2024;E;200090579;Communauté de communes Terre d'Émeraude Communauté;ENT;01;Culture et production animale, chasse et services annexes;A;592.786;10;0.99999;;0;0;17X100A100A0001A
Enedis;2024;E;200090579;Communauté de communes Terre d'Émeraude Communauté;ENT;03;Pêche et aquaculture;A;439.521;2;0.99999;;0;0;17X100A100A0001A
Enedis;2024;E;200090579;Communauté de communes Terre d'Émeraude Communauté;PRO;;;A;5063.991;288;0.7339;;0;0;17X100A100A0001A
Enedis;2024;E;200090751;Communauté d'agglomération Grand Calais Terres et Mers;ENT;01;Culture et production animale, chasse et services annexes;A;1491.477;14;0.99999;;0;0;17X100A100A0001A
Enedis;2024;E;200090751;Communauté d'agglomération Grand Calais Terres et Mers;PRO;;;A;1648.199;114;0.7106;;0;0;17X100A100A0001A
Enedis;2024;E;200093201;Métropole Européenne de Lille;ENT;01;Culture et production animale, chasse et services annexes;A;13202.479;60;0.9996;;0;0;17X100A100A0001A
Enedis;2024;E;200093201;Métropole Européenne de Lille;PRO;;;A;9738.292;636;0.6818;;0;0;17X100A100A0001A
Enedis;2024;E;200096634;Communauté de communes des Hautes Vosges;ENT;01;Culture et production animale, chasse et services annexes;A;151.772;1;0.99999;;0;0;17X100A100A0001A
Enedis;2024;E;200096634;Communauté de communes des Hautes Vosges;PRO;;;A;546.622;40;0.5666;;0;0;17X100A100A0001A
Enedis;2024;E;200096642;Communauté de communes Gérardmer Hautes Vosges;ENT;01;Culture et production animale, chasse et services annexes;A;70.548;1;0.99999;;0;0;17X100A100A0001A
Enedis;2024;E;200096642;Communauté de communes Gérardmer Hautes Vosges;PRO;;;A;240.861;30;0.756;;0;0;17X100A100A0001A
Enedis;2024;E;200096675;Communauté de communes Baud Communauté;ENT;01;Culture et production animale, chasse et services annexes;A;5038.261;38;0.99999;;0;0;17X100A100A0001A
Enedis;2024;E;200096675;Communauté de communes Baud Communauté;ENT;03;Pêche et aquaculture;A;243.298;1;0.99999;;0;0;17X100A100A0001A
Enedis;2024;E;200096675;Communauté de communes Baud Communauté;PRO;;;A;5244.656;241;0.718;;0;0;17X100A100A0001A
Enedis;2024;E;200096683;Communauté de communes Centre Morbihan Communauté;ENT;01;Culture et production animale, chasse et services annexes;A;11543.76;81;0.99999;;0;0;17X100A100A0001A
Enedis;2024;E;200096683;Communauté de communes Centre Morbihan Communauté;PRO;;;A;8049.534;452;0;;0;1;17X100A100A0001A
Enedis;2024;E;200096956;Communauté d'agglomération Agglomération d'Agen;ENT;01;Culture et production animale, chasse et services annexes;A;5652.487;84;0.99999;;0;0;17X100A100A0001A
Enedis;2024;E;200096956;Communauté d'agglomération Agglomération d'Agen;PRO;;;A;4197.624;454;0.7011;;0;0;17X100A100A0001A
Enedis;2024;E;240100610;Communauté de communes de la Côtière à Montluel;ENT;01;Culture et production animale, chasse et services annexes;A;809.838;29;0.99999;;0;0;17X100A100A0001A
Enedis;2024;E;240100610;Communauté de communes de la Côtière à Montluel;ENT;03;Pêche et aquaculture;A;164.213;1;0.99999;;0;0;17X100A100A0001A
Enedis;2024;E;240100610;Communauté de communes de la Côtière à Montluel;PRO;;;A;390.459;41;0.7415;;0;0;17X100A100A0001A
Enedis;2024;E;240100750;Communauté d'agglomération du Pays de Gex;ENT;01;Culture et production animale, chasse et services annexes;A;228.375;6;0.99999;;0;0;17X100A100A0001A
Enedis;2024;E;240100750;Communauté d'agglomération du Pays de Gex;PRO;;;A;1583.507;88;0.7117;;0;0;17X100A100A0001A
Enedis;2024;E;240100800;Communauté de communes de Miribel et du Plateau;ENT;01;Culture et production animale, chasse et services annexes;A;1943.783;11;0.99999;;0;0;17X100A100A0001A
Enedis;2024;E;240100800;Communauté de communes de Miribel et du Plateau;PRO;;;A;406.684;25;0;;0;2;17X100A100A0001A
Enedis;2024;E;240100883;Communauté de communes de la Plaine de l'Ain;ENT;01;Culture et production animale, chasse et services annexes;A;3291.363;76;0.99999;;0;0;17X100A100A0001A
Enedis;2024;E;240100883;Communauté de communes de la Plaine de l'Ain;PRO;;;A;1941.704;198;0.7086;;0;0;17X100A100A0001A
Enedis;2024;E;240100891;Communauté de communes du Pays Bellegardien (CCPB);ENT;01;Culture et production animale, chasse et services annexes;A;558.284;5;0.99999;;0;0;17X100A100A0001A
Enedis;2024;E;240100891;Communauté de communes du Pays Bellegardien (CCPB);ENT;03;Pêche et aquaculture;A;300.683;1;0.99999;;0;0;17X100A100A0001A
Enedis;2024;E;240100891;Communauté de communes du Pays Bellegardien (CCPB);PRO;;;A;484.111;33;0.7316;;0;0;17X100A100A0001A
Enedis;2024;E;240200444;Communauté de communes de la Thiérache du Centre;ENT;01;Culture et production animale, chasse et services annexes;A;592.151;9;0.99999;;0;0;17X100A100A0001A
Enedis;2024;E;240200444;Communauté de communes de la Thiérache du Centre;PRO;;;A;6389.874;302;0.6751;;0;0;17X100A100A0001A
Enedis;2024;E;240200469;Communauté de communes du Pays de la Serre;ENT;01;Culture et production animale, chasse et services annexes;A;5249.759;32;0.99999;;0;0;17X100A100A0001A
Enedis;2024;E;240200469;Communauté de communes du Pays de la Serre;ENT;02;Sylviculture et exploitation forestière;A;521.458;3;0.99999;;0;0;17X100A100A0001A
Enedis;2024;E;240200469;Communauté de communes du Pays de la Serre;PRO;;;A;1683.506;195;0.6737;;0;0;17X100A100A0001A
Enedis;2024;E;240200477;Communauté d'agglomération GrandSoissons Agglomération;ENT;01;Culture et production animale, chasse et services annexes;A;831.677;2;0.99999;;0;0;17X100A100A0001A
Enedis;2024;E;240200477;Communauté d'agglomération GrandSoissons Agglomération;PRO;;;A;283.305;23;0.7382;;0;0;17X100A100A0001A
Enedis;2024;E;240200493;Communauté de communes du Pays du Vermandois;ENT;01;Culture et production animale, chasse et services annexes;A;4356.019;43;0.99999;;0;0;17X100A100A0001A
Enedis;2024;E;240200493;Communauté de communes du Pays du Vermandois;PRO;;;A;2745.27;230;0.6977;;0;0;17X100A100A0001A
Enedis;2024;E;240200501;Communauté de communes du Val de l'Aisne;ENT;01;Culture et production animale, chasse et services annexes;A;335.066;11;0.99999;;0;0;17X100A100A0001A
Enedis;2024;E;240200501;Communauté de communes du Val de l'Aisne;PRO;;;A;670.588;63;0.7414;;0;0;17X100A100A0001A
Enedis;2024;E;240200519;Communauté de communes du Canton d'Oulchy-le-Château;ENT;01;Culture et production animale, chasse et services annexes;A;2000.574;14;0.99999;;0;0;17X100A100A0001A
Enedis;2024;E;240200519;Communauté de communes du Canton d'Oulchy-le-Château;PRO;;;A;731.547;60;0.7038;;0;0;17X100A100A0001A
Enedis;2024;E;240200576;Communauté de communes de la Champagne Picarde;ENT;01;Culture et production animale, chasse et services annexes;A;2400.427;69;0.99999;;0;0;17X100A100A0001A
Enedis;2024;E;240200576;Communauté de communes de la Champagne Picarde;ENT;03;Pêche et aquaculture;A;1361.434;1;0.99999;;0;0;17X100A100A0001A
Enedis;2024;E;240200576;Communauté de communes de la Champagne Picarde;PRO;;;A;1595.43;192;0.6906;;0;0;17X100A100A0001A
Enedis;2024;E;240200584;Communauté de communes du Canton de Charly-sur-Marne;ENT;01;Culture et production animale, chasse et services annexes;A;1337.902;13;0.99999;;0;0;17X100A100A0001A
Enedis;2024;E;240200584;Communauté de communes du Canton de Charly-sur-Marne;PRO;;;A;2087.46;201;0.6865;;0;0;17X100A100A0001A
Enedis;2024;E;240200592;Communauté de communes du Chemin des Dames;ENT;01;Culture et production animale, chasse et services annexes;A;67.34;3;0.99999;;0;0;17X100A100A0001A
Enedis;2024;E;240200592;Communauté de communes du Chemin des Dames;PRO;;;A;397.599;44;0.5908;;0;0;17X100A100A0001A
Enedis;2024;E;240200600;Communauté de communes des Trois Rivières;ENT;01;Culture et production animale, chasse et services annexes;A;185.556;1;0.99999;;0;0;17X100A100A0001A
Enedis;2024;E;240200600;Communauté de communes des Trois Rivières;PRO;;;A;1639.769;91;0.68;;0;0;17X100A100A0001A
Enedis;2024;E;240200634;Communauté de communes des Portes de la Thiérache;ENT;01;Culture et production animale, chasse et services annexes;A;429.119;13;0.99999;;0;0;17X100A100A0001A
Enedis;2024;E;240200634;Communauté de communes des Portes de la Thiérache;PRO;;;A;1852.818;157;0.6348;;0;0;17X100A100A0001A
Enedis;2024;E;240300491;Communauté de communes du Pays de Lapalisse;ENT;01;Culture et production animale, chasse et services annexes;A;782.627;9;0.99999;;0;0;17X100A100A0001A
Enedis;2024;E;240300491;Communauté de communes du Pays de Lapalisse;PRO;;;A;1802.196;214;0.6966;;0;0;17X100A100A0001A
Enedis;2024;E;240300558;Communauté de communes du Pays de Tronçais;ENT;01;Culture et production animale, chasse et services annexes;A;1305.27;22;0.99999;;0;0;17X100A100A0001A
Enedis;2024;E;240300558;Communauté de communes du Pays de Tronçais;PRO;;;A;1568.412;197;0.7089;;0;0;17X100A100A0001A
Enedis;2024;E;240300566;Communauté de communes du Val de Cher;ENT;01;Culture et production animale, chasse et services annexes;A;109.206;5;0.99999;;0;0;17X100A100A0001A
Enedis;2024;E;240300566;Communauté de communes du Val de Cher;PRO;;;A;574.45;72;0.7261;;0;0;17X100A100A0001A
Enedis;2024;E;240300657;Communauté de communes du Pays d'Huriel;ENT;01;Culture et production animale, chasse et services annexes;A;0.446;1;0.99999;;0;0;17X100A100A0001A
Enedis;2024;E;240300657;Communauté de communes du Pays d'Huriel;PRO;;;A;876.846;137;0.673;;0;0;17X100A100A0001A
Enedis;2024;E;240400440;Communauté de communes Pays Forcalquier et Montagne de Lure;ENT;01;Culture et production animale, chasse et services annexes;A;273.126;5;0.99999;;0;0;17X100A100A0001A
Enedis;2024;E;240400440;Communauté de communes Pays Forcalquier et Montagne de Lure;PRO;;;A;694.537;79;0.5583;;0;0;17X100A100A0001A
Enedis;2024;E;240500439;Communauté de communes du Briançonnais;ENT;01;Culture et production animale, chasse et services annexes;A;31.792;1;0.99999;;0;0;17X100A100A0001A
Enedis;2024;E;240500439;Communauté de communes du Briançonnais;PRO;;;A;151.655;33;0.693;;0;0;17X100A100A0001A
Enedis;2024;E;240500462;Communauté de communes du Pays des Ecrins;PRO;;;A;41.678;11;0.7167;;0;0;17X100A100A0001A
Enedis;2024;E;240600551;Communauté d'agglomération de la Riviera Française;ENT;01;Culture et production animale, chasse et services annexes;A;54.729;2;0.99999;;0;0;17X100A100A0001A
Enedis;2024;E;240600551;Communauté d'agglomération de la Riviera Française;PRO;;;A;227.723;42;0.7062;;0;0;17X100A100A0001A
Enedis;2024;E;240600585;Communauté d'agglomération de Sophia Antipolis;ENT;01;Culture et production animale, chasse et services annexes;A;270.551;4;0.99999;;0;0;17X100A100A0001A
Enedis;2024;E;240600585;Communauté d'agglomération de Sophia Antipolis;PRO;;;A;612.204;70;0.7312;;0;0;17X100A100A0001A
Enedis;2024;E;240600593;Communauté de communes du Pays des Paillons;ENT;01;Culture et production animale, chasse et services annexes;A;24.392;2;0.99999;;0;0;17X100A100A0001A
Enedis;2024;E;240600593;Communauté de communes du Pays des Paillons;PRO;;;A;105.169;21;0.597;;0;0;17X100A100A0001A
Enedis;2024;E;240700302;Communauté de communes du Pays Beaume-Drobie;ENT;01;Culture et production animale, chasse et services annexes;A;2.162;1;0.99999;;0;0;17X100A100A0001A
Enedis;2024;E;240700302;Communauté de communes du Pays Beaume-Drobie;PRO;;;A;556.836;59;0.6905;;0;0;17X100A100A0001A
Enedis;2024;E;240700617;Communauté de communes Val de Ligne;ENT;01;Culture et production animale, chasse et services annexes;A;19.199;1;0.99999;;0;0;17X100A100A0001A
Enedis;2024;E;240700617;Communauté de communes Val de Ligne;PRO;;;A;149.22;17;0.7148;;0;0;17X100A100A0001A
Enedis;2024;E;240700716;Communauté de communes du Val d'Ay;PRO;;;A;167.838;15;0;;0;3;17X100A100A0001A
Enedis;2024;E;240700815;Communauté de communes Berg et Coiron;PRO;;;A;445.435;71;0.6826;;0;0;17X100A100A0001A
Enedis;2024;E;240700864;Communauté de communes du Rhône aux Gorges de l'Ardèche;ENT;01;Culture et production animale, chasse et services annexes;A;1191.13;6;0.99999;;0;0;17X100A100A0001A
Enedis;2024;E;240700864;Communauté de communes du Rhône aux Gorges de l'Ardèche;PRO;;;A;686.998;90;0.633;;0;0;17X100A100A0001A
Enedis;2024;E;240800821;Communauté de communes Ardenne,Rives de Meuse;PRO;;;A;348.246;27;0.694;;0;0;17X100A100A0001A
Enedis;2024;E;240800847;Communauté de communes des Portes du Luxembourg;ENT;01;Culture et production animale, chasse et services annexes;A;843.326;11;0.99999;;0;0;17X100A100A0001A
Enedis;2024;E;240800847;Communauté de communes des Portes du Luxembourg;PRO;;;A;4596.021;285;0.6861;;0;0;17X100A100A0001A
Enedis;2024;E;240800862;Communauté de communes des Crêtes Préardennaises;ENT;01;Culture et production animale, chasse et services annexes;A;1329.26;15;0.99999;;0;0;17X100A100A0001A
Enedis;2024;E;240800862;Communauté de communes des Crêtes Préardennaises;PRO;;;A;5711.783;507;0.6996;;0;0;17X100A100A0001A
Enedis;2024;E;240800920;Communauté de communes de l'Argonne Ardennaise;ENT;01;Culture et production animale, chasse et services annexes;A;1650.787;14;0.99999;;0;0;17X100A100A0001A
Enedis;2024;E;240800920;Communauté de communes de l'Argonne Ardennaise;ENT;02;Sylviculture et exploitation forestière;A;1.863;1;0.99999;;0;0;17X100A100A0001A
Enedis;2024;E;240800920;Communauté de communes de l'Argonne Ardennaise;PRO;;;A;6638.842;640;0.6906;;0;0;17X100A100A0001A
Enedis;2024;E;240900431;Communauté de communes du Pays de Tarascon;PRO;;;A;161.443;29;0.6407;;0;0;17X100A100A0001A
Enedis;2024;E;240900464;Communauté de communes du Pays d'Olmes;ENT;01;Culture et production animale, chasse et services annexes;A;46.32;1;0.99999;;0;0;17X100A100A0001A
Enedis;2024;E;240900464;Communauté de communes du Pays d'Olmes;ENT;02;Sylviculture et exploitation forestière;A;267.993;1;0.99999;;0;0;17X100A100A0001A
Enedis;2024;E;240900464;Communauté de communes du Pays d'Olmes;PRO;;;A;238.221;46;0.652;;0;0;17X100A100A0001A
Enedis;2024;E;241000223;Communauté de communes Forêts,Lacs,Terres en Champagne;ENT;01;Culture et production animale, chasse et services annexes;A;456.623;7;0.99999;;0;0;17X100A100A0001A
Enedis;2024;E;241000223;Communauté de communes Forêts,Lacs,Terres en Champagne;PRO;;;A;198.829;33;0.7102;;0;0;17X100A100A0001A
Enedis;2024;E;241000405;Communauté de communes de la Région de Bar-sur-Aube;ENT;01;Culture et production animale, chasse et services annexes;A;735.768;16;0.99999;;0;0;17X100A100A0001A
Enedis;2024;E;241000405;Communauté de communes de la Région de Bar-sur-Aube;PRO;;;A;2865.537;366;0.713;;0;0;17X100A100A0001A
Enedis;2024;E;241000447;Communauté de communes du Pays d'Othe;ENT;01;Culture et production animale, chasse et services annexes;A;22.165;2;0.99999;;0;0;17X100A100A0001A
Enedis;2024;E;241000447;Communauté de communes du Pays d'Othe;ENT;02;Sylviculture et exploitation forestière;A;1177.123;2;0.99999;;0;0;17X100A100A0001A
Enedis;2024;E;241000447;Communauté de communes du Pays d'Othe;PRO;;;A;527.224;87;0.732;;0;0;17X100A100A0001A
Enedis;2024;E;241000488;Communauté de communes de l'Orvin et de l'Ardusson;ENT;01;Culture et production animale, chasse et services annexes;A;2403.329;21;0.99999;;0;0;17X100A100A0001A
Enedis;2024;E;241000488;Communauté de communes de l'Orvin et de l'Ardusson;PRO;;;A;1021.973;178;0.7131;;0;0;17X100A100A0001A
Enedis;2024;E;241100593;Communauté d'agglomération Le Grand Narbonne;ENT;01;Culture et production animale, chasse et services annexes;A;4181.909;51;0.99999;;0;0;17X100A100A0001A
Enedis;2024;E;241100593;Communauté d'agglomération Le Grand Narbonne;ENT;03;Pêche et aquaculture;A;715.31;3;0.99999;;0;0;17X100A100A0001A
Enedis;2024;E;241100593;Communauté d'agglomération Le Grand Narbonne;PRO;;;A;2430.458;304;0.6615;;0;0;17X100A100A0001A
Enedis;2024;E;241200187;Communauté d'agglomération Rodez Agglomération;ENT;01;Culture et production animale, chasse et services annexes;A;366.977;7;0.99999;;0;0;17X100A100A0001A
Enedis;2024;E;241200187;Communauté d'agglomération Rodez Agglomération;PRO;;;A;2494.92;160;0;;0;10;17X100A100A0001A
Enedis;2024;E;241200542;Communauté de communes du Réquistanais;ENT;01;Culture et production animale, chasse et services annexes;A;1795.401;20;0.99999;;0;0;17X100A100A0001A
Enedis;2024;E;241200542;Communauté de communes du Réquistanais;PRO;;;A;6093.479;401;0;;0;1;17X100A100A0001A
Enedis;2024;E;241200567;Communauté de communes de Millau Grands Causses;ENT;01;Culture et production animale, chasse et services annexes;A;62.187;2;0.99999;;0;0;17X100A100A0001A
Enedis;2024;E;241200567;Communauté de communes de Millau Grands Causses;ENT;03;Pêche et aquaculture;A;38.96;1;0.99999;;0;0;17X100A100A0001A
Enedis;2024;E;241200567;Communauté de communes de Millau Grands Causses;PRO;;;A;1524.762;123;0.582;;0;0;17X100A100A0001A
Enedis;2024;E;241200625;Communauté de communes du Pays Rignacois;ENT;01;Culture et production animale, chasse et services annexes;A;1311.931;10;0.99999;;0;0;17X100A100A0001A
Enedis;2024;E;241200625;Communauté de communes du Pays Rignacois;PRO;;;A;1867.764;183;0.6604;;0;0;17X100A100A0001A
Enedis;2024;E;241200641;Communauté de communes Conques-Marcillac;ENT;01;Culture et production animale, chasse et services annexes;A;433.031;7;0.99999;;0;0;17X100A100A0001A
Enedis;2024;E;241200641;Communauté de communes Conques-Marcillac;PRO;;;A;2632.488;287;0;;0;1;17X100A100A0001A
Enedis;2024;E;241200658;Communauté de communes du Pays de Salars;ENT;01;Culture et production animale, chasse et services annexes;A;2208.434;30;0.9999;;0;0;17X100A100A0001A
Enedis;2024;E;241200658;Communauté de communes du Pays de Salars;PRO;;;A;5658.986;306;0.7227;;0;0;17X100A100A0001A
Enedis;2024;E;241200674;Communauté de communes du Plateau de Montbazens;ENT;01;Culture et production animale, chasse et services annexes;A;424.562;8;0.99999;;0;0;17X100A100A0001A
Enedis;2024;E;241200674;Communauté de communes du Plateau de Montbazens;PRO;;;A;2679.437;244;0;;0;1;17X100A100A0001A
Enedis;2024;E;241200765;Communauté de communes de Lévézou Pareloup;ENT;01;Culture et production animale, chasse et services annexes;A;2500.603;28;0.99999;;0;0;17X100A100A0001A
Enedis;2024;E;241200765;Communauté de communes de Lévézou Pareloup;PRO;;;A;7846.14;473;0.7036;;0;0;17X100A100A0001A
Enedis;2024;E;241200807;Communauté de communes Aveyron Bas Ségala Viaur;ENT;01;Culture et production animale, chasse et services annexes;A;597.231;9;0.99999;;0;0;17X100A100A0001A
Enedis;2024;E;241200807;Communauté de communes Aveyron Bas Ségala Viaur;PRO;;;A;3143.933;308;0.6627;;0;0;17X100A100A0001A
Enedis;2024;E;241200906;Communauté de communes Larzac et Vallées;ENT;01;Culture et production animale, chasse et services annexes;A;256.517;4;0.99999;;0;0;17X100A100A0001A
Enedis;2024;E;241200906;Communauté de communes Larzac et Vallées;ENT;02;Sylviculture et exploitation forestière;A;38.894;1;0.99999;;0;0;17X100A100A0001A
Enedis;2024;E;241200906;Communauté de communes Larzac et Vallées;PRO;;;A;1891.446;149;0.7121;;0;0;17X100A100A0001A
Enedis;2024;E;241200914;Communauté de communes de la Muse et des Raspes du Tarn;ENT;01;Culture et production animale, chasse et services annexes;A;857.411;8;0.99999;;0;0;17X100A100A0001A
Enedis;2024;E;241200914;Communauté de communes de la Muse et des Raspes du Tarn;PRO;;;A;3957.052;241;0;;0;2;17X100A100A0001A
Enedis;2024;E;241300375;Communauté de communes Vallée des Baux-Alpilles (CC VBA);ENT;01;Culture et production animale, chasse et services annexes;A;8048.916;74;0.99999;;0;0;17X100A100A0001A
Enedis;2024;E;241300375;Communauté de communes Vallée des Baux-Alpilles (CC VBA);PRO;;;A;4123.324;340;0.7095;;0;0;17X100A100A0001A
Enedis;2024;E;241300417;Communauté d'agglomération d'Arles-Crau-Camargue-Montagnette;ENT;01;Culture et production animale, chasse et services annexes;A;22928.678;258;0.99999;;0;0;17X100A100A0001A
Enedis;2024;E;241300417;Communauté d'agglomération d'Arles-Crau-Camargue-Montagnette;PRO;;;A;7524.555;584;0;;0;12;17X100A100A0001A
Enedis;2024;E;241400415;Communauté de communes Cœur Côte Fleurie;ENT;01;Culture et production animale, chasse et services annexes;A;1081.511;20;0.99999;;0;0;17X100A100A0001A
Enedis;2024;E;241400415;Communauté de communes Cœur Côte Fleurie;PRO;;;A;555.013;65;0.548;;0;0;17X100A100A0001A
Enedis;2024;E;241400514;Communauté de communes du Pays de Falaise;ENT;01;Culture et production animale, chasse et services annexes;A;2421.945;33;0.99999;;0;0;17X100A100A0001A
Enedis;2024;E;241400514;Communauté de communes du Pays de Falaise;PRO;;;A;3229.951;241;0.6933;;0;0;17X100A100A0001A
Enedis;2024;E;241400555;Communauté de communes de Bayeux Intercom;ENT;01;Culture et production animale, chasse et services annexes;A;224.438;1;0.99999;;0;0;17X100A100A0001A
Enedis;2024;E;241400555;Communauté de communes de Bayeux Intercom;PRO;;;A;2742.598;131;0.6947;;0;0;17X100A100A0001A
Enedis;2024;E;241400860;Communauté de communes Cœur de Nacre;ENT;01;Culture et production animale, chasse et services annexes;A;158.351;3;0.99999;;0;0;17X100A100A0001A
Enedis;2024;E;241400860;Communauté de communes Cœur de Nacre;PRO;;;A;366.157;48;0.5676;;0;0;17X100A100A0001A
Enedis;2024;E;241400878;Communauté de communes Terre d'Auge;ENT;01;Culture et production animale, chasse et services annexes;A;1585.255;17;0.99999;;0;0;17X100A100A0001A
Enedis;2024;E;241400878;Communauté de communes Terre d'Auge;PRO;;;A;3042.825;182;0.7085;;0;0;17X100A100A0001A
Enedis;2024;E;241500230;Communauté d'agglomération du Bassin d'Aurillac;ENT;01;Culture et production animale, chasse et services annexes;A;488.648;6;0.99999;;0;0;17X100A100A0001A
Enedis;2024;E;241500230;Communauté d'agglomération du Bassin d'Aurillac;PRO;;;A;2527.087;448;0.7104;;0;0;17X100A100A0001A
Enedis;2024;E;241500255;Communauté de communes du Pays Gentiane;ENT;01;Culture et production animale, chasse et services annexes;A;413.933;4;0.99999;;0;0;17X100A100A0001A
Enedis;2024;E;241500255;Communauté de communes du Pays Gentiane;PRO;;;A;4209.936;512;0.721;;0;0;17X100A100A0001A
Enedis;2024;E;241500271;Communauté de communes du Pays de Mauriac;ENT;01;Culture et production animale, chasse et services annexes;A;216.802;4;0.99999;;0;0;17X100A100A0001A
Enedis;2024;E;241500271;Communauté de communes du Pays de Mauriac;PRO;;;A;1252.658;303;0.727;;0;0;17X100A100A0001A
Enedis;2024;E;241501055;Communauté de communes Sumène - Artense;ENT;01;Culture et production animale, chasse et services annexes;A;190.017;2;0.99999;;0;0;17X100A100A0001A
Enedis;2024;E;241501055;Communauté de communes Sumène - Artense;PRO;;;A;1059.078;251;0.6947;;0;0;17X100A100A0001A
Enedis;2024;E;241501089;Communauté de communes Cère et Goul en Carladès;PRO;;;A;1147.474;152;0.7315;;0;0;17X100A100A0001A
Enedis;2024;E;241501139;Communauté de communes du Pays de Salers;ENT;01;Culture et production animale, chasse et services annexes;A;128.035;2;0.99999;;0;0;17X100A100A0001A
Enedis;2024;E;241501139;Communauté de communes du Pays de Salers;ENT;02;Sylviculture et exploitation forestière;A;11.423;1;0.99999;;0;0;17X100A100A0001A
Enedis;2024;E;241501139;Communauté de communes du Pays de Salers;PRO;;;A;2914.517;652;0.7224;;0;0;17X100A100A0001A
Enedis;2024;E;241600303;Communauté de communes du Rouillacais;ENT;01;Culture et production animale, chasse et services annexes;A;1736.733;35;0.99999;;0;0;17X100A100A0001A
Enedis;2024;E;241600303;Communauté de communes du Rouillacais;PRO;;;A;1733.373;226;0.7215;;0;0;17X100A100A0001A
Enedis;2024;E;241700434;Communauté d'agglomération de La Rochelle;ENT;01;Culture et production animale, chasse et services annexes;A;1656.338;38;0.99999;;0;0;17X100A100A0001A
Enedis;2024;E;241700434;Communauté d'agglomération de La Rochelle;ENT;03;Pêche et aquaculture;A;783.193;4;0.99999;;0;0;17X100A100A0001A
Enedis;2024;E;241700434;Communauté d'agglomération de La Rochelle;PRO;;;A;2645.235;272;0.7164;;0;0;17X100A100A0001A
Enedis;2024;E;241700459;Communauté de communes de l'Île de Ré;ENT;01;Culture et production animale, chasse et services annexes;A;148.442;2;0.99999;;0;0;17X100A100A0001A
Enedis;2024;E;241700459;Communauté de communes de l'Île de Ré;ENT;03;Pêche et aquaculture;A;166.035;2;0.99999;;0;0;17X100A100A0001A
Enedis;2024;E;241700459;Communauté de communes de l'Île de Ré;PRO;;;A;1237.043;115;0.6754;;0;0;17X100A100A0001A
Enedis;2024;E;241700517;Communauté de communes Cœur de Saintonge;ENT;01;Culture et production animale, chasse et services annexes;A;2775.639;58;0.99999;;0;0;17X100A100A0001A
Enedis;2024;E;241700517;Communauté de communes Cœur de Saintonge;PRO;;;A;2006.545;163;0.7248;;0;0;17X100A100A0001A
Enedis;2024;E;241700624;Communauté de communes de l'Île d'Oléron;ENT;02;Sylviculture et exploitation forestière;A;15.075;1;0.99999;;0;0;17X100A100A0001A
Enedis;2024;E;241700624;Communauté de communes de l'Île d'Oléron;ENT;03;Pêche et aquaculture;A;2739.377;9;0.99999;;0;0;17X100A100A0001A
Enedis;2024;E;241700624;Communauté de communes de l'Île d'Oléron;PRO;;;A;1990.781;240;0.6775;;0;0;17X100A100A0001A
Enedis;2024;E;241700632;Communauté de communes de Gémozac et de la Saintonge Viticole;ENT;01;Culture et production animale, chasse et services annexes;A;2865.99;79;0.99999;;0;0;17X100A100A0001A
Enedis;2024;E;241700632;Communauté de communes de Gémozac et de la Saintonge Viticole;PRO;;;A;2169.779;240;0.7415;;0;0;17X100A100A0001A
Enedis;2024;E;241700640;Communauté d'agglomération Royan Atlantique;ENT;01;Culture et production animale, chasse et services annexes;A;2800.531;60;0.99999;;0;0;17X100A100A0001A
Enedis;2024;E;241700640;Communauté d'agglomération Royan Atlantique;ENT;03;Pêche et aquaculture;A;1584.347;10;0.99999;;0;0;17X100A100A0001A
Enedis;2024;E;241700640;Communauté d'agglomération Royan Atlantique;PRO;;;A;3723.613;419;0.718;;0;0;17X100A100A0001A
Enedis;2024;E;241700699;Communauté de communes du Bassin de Marennes;ENT;01;Culture et production animale, chasse et services annexes;A;877.71;15;0.99999;;0;0;17X100A100A0001A
Enedis;2024;E;241700699;Communauté de communes du Bassin de Marennes;ENT;03;Pêche et aquaculture;A;5522.219;12;0.99999;;0;0;17X100A100A0001A
Enedis;2024;E;241700699;Communauté de communes du Bassin de Marennes;PRO;;;A;2227.53;209;0;;0;1;17X100A100A0001A
Enedis;2024;E;241800374;Communauté de communes La Septaine;ENT;01;Culture et production animale, chasse et services annexes;A;2678.763;49;0.99999;;0;0;17X100A100A0001A
Enedis;2024;E;241800374;Communauté de communes La Septaine;PRO;;;A;1353.102;124;0.691;;0;0;17X100A100A0001A
Enedis;2024;E;241800424;Communauté de communes du Dunois;ENT;01;Culture et production animale, chasse et services annexes;A;538.072;14;0.99999;;0;0;17X100A100A0001A
Enedis;2024;E;241800424;Communauté de communes du Dunois;PRO;;;A;704.397;109;0.6932;;0;0;17X100A100A0001A
Enedis;2024;E;241800432;Communauté de communes Les Trois Provinces;ENT;01;Culture et production animale, chasse et services annexes;A;142.9;4;0.99999;;0;0;17X100A100A0001A
Enedis;2024;E;241800432;Communauté de communes Les Trois Provinces;ENT;02;Sylviculture et exploitation forestière;A;45.297;1;0.99999;;0;0;17X100A100A0001A
Enedis;2024;E;241800432;Communauté de communes Les Trois Provinces;PRO;;;A;845.985;104;0.6767;;0;0;17X100A100A0001A
Enedis;2024;E;241800457;Communauté de communes FerCher;ENT;01;Culture et production animale, chasse et services annexes;A;1256.012;10;0.99999;;0;0;17X100A100A0001A
Enedis;2024;E;241800457;Communauté de communes FerCher;PRO;;;A;524.071;77;0.6981;;0;0;17X100A100A0001A
Enedis;2024;E;241800507;Communauté d'agglomération Bourges Plus;ENT;01;Culture et production animale, chasse et services annexes;A;3433.272;46;0.99999;;0;0;17X100A100A0001A
Gascogne Energies Services;2024;E;200030435;Communauté de communes d'Aire-sur-l'Adour;PRO;;;A;660.408;89;0.21524;;0;0;17X100B100A2002P
Régie municipale d'électricité d'Arignac;2024;E;240900431;Communauté de communes du Pays de Tarascon;PRO;;;A;secret;secret;;;;1;17X100B100A2007F
Arc Energies Maurienne;2024;E;247300361;Communauté de communes du Canton de La Chambre;PRO;;;A;secret;secret;;;;1;17X0000009352859
Arc Energies Maurienne;2024;E;247300361;Communauté de communes du Canton de La Chambre;ENT;01;Culture et production animale, chasse et services annexes;A;156;2;1;;0;0;17X0000009352859
Arc Energies Maurienne;2024;E;247300361;Communauté de communes du Canton de La Chambre;PRO;;;A;72;4;1;;0;0;17X0000009352859
Arc Energies Maurienne;2024;E;200070464;Communauté de communes Cœur de Maurienne Arvan;PRO;;;A;secret;secret;;;;1;17X0000009352859
Energis;2024;E;200067502;Communauté d'agglomération Saint-Avold Synergie;PRO;;;A;secret;secret;;;;2;17XST-AVOLD2096H
Régie municipale d'électricité de Salins les Bains;2024;E;200071595;Communauté de communes Arbois,Poligny,Salins,Cœur du Jura;PRO;;;A;192.926;10;0.48085;;0;0;17X100B100A21178
Régie électrique de Bonneval-sur-Arc;2024;E;200070340;Communauté de communes Haute Maurienne Vanoise;PRO;;;A;117;7;1;;0;0;17X100B100A2016E
Gaz de Barr;2024;E;200034270;Communauté de communes du Pays de Barr;PRO;;;A;57.666;9;0.10526;;0;0;17X100B100B2010K
Gaz de Barr;2024;E;200034270;Communauté de communes du Pays de Barr;ENT;01;Culture et production animale, chasse et services annexes;A;49.952;1;1;;0;0;17X100B100B2010K
Régie Municipale Bazas-Energies;2024;E;200043982;Communauté de communes du Bazadais;PRO;;;A;53.828;8;0.125;;0;0;17X100B100A2011O
SEM Beauvois Distrelec;2024;E;200030633;Communauté d'agglomération du Caudrésis et du Catésis;ENT;01;Culture et production animale, chasse et services annexes;A;9;1;1;;0;0;17X100B100A2013K
SEM Beauvois Distrelec;2024;E;200030633;Communauté d'agglomération du Caudrésis et du Catésis;PRO;;;A;secret;secret;;;;1;17X100B100A2013K
Régie électrique de Bessans;2024;E;200070340;Communauté de communes Haute Maurienne Vanoise;ENT;01;Culture et production animale, chasse et services annexes;A;87;1;1;;0;0;17X100B100A2014I
Régie d'électricité de Bitche;2024;E;200069441;Communauté de communes du Pays de Bitche;PRO;;;A;secret;secret;;;;1;17X100B100A2015G
Régie municipale d'électricité de La Bresse;2024;E;200096634;Communauté de communes des Hautes Vosges;PRO;;;A;136.711;8;0.45849;;0;0;17X100B100A2020N
Régie électrique de La Cabanasse;2024;E;246600464;Communauté de communes Pyrénées catalanes;PRO;;;A;secret;secret;;;;1;17X100B100A2022J
SICAE du Carmausin;2024;E;200034064;Communauté de communes du Cordais et du Causse (4 C);PRO;;;A;75.661;6;0;;0;0;17X100B100B20257
SICAE du Carmausin;2024;E;200040905;Communauté de communes Carmausin-Ségala;PRO;;;A;174.32;22;1.25;;0;0;17X100B100B20257
SICAE du Carmausin;2024;E;200040905;Communauté de communes Carmausin-Ségala;PRO;;;A;1520.714;85;0.27894;;0;0;17X100B100B20257
SICAE du Carmausin;2024;E;248100497;Communauté de communes Val 81;PRO;;;A;900.168;37;0.44444;;0;0;17X100B100B20257
SICAE du Carmausin;2024;E;200034064;Communauté de communes du Cordais et du Causse (4 C);PRO;;;A;secret;secret;;;;1;17X100B100B20257
Energies Services Occitans;2024;E;200040905;Communauté de communes Carmausin-Ségala;PRO;;;A;secret;secret;;;;2;17X100B100A2026B
Coopérative d'électricité de Saint Martin de Londres;2024;E;243400694;Communauté de communes Vallée de l'Hérault;PRO;;;A;79.778;15;0.41347;;0;0;17X100A100A0462B
Coopérative d'électricité de Saint Martin de Londres;2024;E;200022986;Communauté de communes du Grand Pic Saint-Loup;PRO;;;A;510.039;82;1.55667;;0;0;17X100A100A0462B
Coopérative d'électricité de Saint Martin de Londres;2024;E;243400694;Communauté de communes Vallée de l'Hérault;PRO;;;A;1040.726;171;0.2006;;0;0;17X100A100A0462B
Coopérative d'électricité de Saint Martin de Londres;2024;E;243400736;Communauté de communes des Cévennes Gangeoises et Suménoises;PRO;;;A;secret;secret;;;;1;17X100A100A0462B
Coopérative d'électricité de Saint Martin de Londres;2024;E;200022986;Communauté de communes du Grand Pic Saint-Loup;PRO;;;A;1358.082;147;1.31201;;0;0;17X100A100A0462B
Coopérative d'électricité de Saint Martin de Londres;2024;E;200022986;Communauté de communes du Grand Pic Saint-Loup;ENT;01;Culture et production animale, chasse et services annexes;A;972.991;14;7;;0;0;17X100A100A0462B
Coopérative d'électricité de Saint Martin de Londres;2024;E;243400355;Communauté de communes du Clermontais;PRO;;;A;411.233;75;0.1159;;0;0;17X100A100A0462B
Coopérative d'électricité de Saint Martin de Londres;2024;E;243400736;Communauté de communes des Cévennes Gangeoises et Suménoises;PRO;;;A;150.607;10;0.01653;;0;0;17X100A100A0462B
Coopérative d'électricité de Saint Martin de Londres;2024;E;243400017;Montpellier Méditerranée Métropole;PRO;;;A;79.334;16;0.00475;;0;0;17X100A100A0462B
Coopérative d'électricité de Saint Martin de Londres;2024;E;243400017;Montpellier Méditerranée Métropole;PRO;;;A;64.27;10;0;;0;0;17X100A100A0462B
Coopérative d'électricité de Saint Martin de Londres;2024;E;243400520;Communauté d'agglomération Lunel Agglo;PRO;;;A;40.169;11;0.47533;;0;0;17X100A100A0462B
Coopérative d'électricité de Saint Martin de Londres;2024;E;243400355;Communauté de communes du Clermontais;ENT;01;Culture et production animale, chasse et services annexes;A;137.862;4;2;;0;0;17X100A100A0462B
Coopérative d'électricité de Saint Martin de Londres;2024;E;243400694;Communauté de communes Vallée de l'Hérault;ENT;01;Culture et production animale, chasse et services annexes;A;296.633;4;2;;0;0;17X100A100A0462B
Coopérative d'électricité de Saint Martin de Londres;2024;E;243400017;Montpellier Méditerranée Métropole;ENT;02;Sylviculture et exploitation forestière;A;74.952;1;1;;0;0;17X100A100A0462B
Synelva;2024;E;200033181;Communauté d'agglomération Chartres Métropole;PRO;;;A;459.94;61;0.81279;;0;0;17X100A100A03748
Synelva;2024;E;200033181;Communauté d'agglomération Chartres Métropole;PRO;;;A;1390.122;38;0.15434;;0;0;17X100A100A03748
Synelva;2024;E;200058360;Communauté de communes entre Beauce et Perche;ENT;01;Culture et production animale, chasse et services annexes;A;1975.429;36;16.96844;;0;0;17X100A100A03748
Synelva;2024;E;200033181;Communauté d'agglomération Chartres Métropole;ENT;01;Culture et production animale, chasse et services annexes;A;2719.228;64;30;;0;0;17X100A100A03748
Synelva;2024;E;200058360;Communauté de communes entre Beauce et Perche;PRO;;;A;269.035;36;0.81694;;0;0;17X100A100A03748
Synelva;2024;E;200058360;Communauté de communes entre Beauce et Perche;PRO;;;A;183.142;15;0.26405;;0;0;17X100A100A03748
Régie municipale d'électricité de Clouange;2024;E;245701271;Communauté de communes du Pays Orne Moselle;PRO;;;A;secret;secret;;;;1;17X100B100A2032G
Régie Services Energie;2024;E;200069193;Communauté de communes de la Dombes;PRO;;;A;663.008;38;0;;0;0;17X100A100A0523H
Régie Services Energie;2024;E;200069193;Communauté de communes de la Dombes;ENT;01;Culture et production animale, chasse et services annexes;A;233.094;8;4.98608;;0;0;17X100A100A0523H
Régie Services Energie;2024;E;200042497;Communauté de communes Dombes Saône Vallée;PRO;;;A;508.511;23;0;;0;0;17X100A100A0523H
Régie Services Energie;2024;E;240100800;Communauté de communes de Miribel et du Plateau;PRO;;;A;secret;secret;;;;1;17X100A100A0523H
Régie Services Energie;2024;E;200042497;Communauté de communes Dombes Saône Vallée;PRO;;;A;158.643;19;0;;0;0;17X100A100A0523H
Régie Services Energie;2024;E;200069193;Communauté de communes de la Dombes;PRO;;;A;secret;secret;;;;3;17X100A100A0523H
Régie Services Energie;2024;E;200069193;Communauté de communes de la Dombes;ENT;03;Pêche et aquaculture;A;79.801;1;1;;0;0;17X100A100A0523H
Régie Services Energie;2024;E;200042497;Communauté de communes Dombes Saône Vallée;ENT;01;Culture et production animale, chasse et services annexes;A;815.13;9;6;;0;0;17X100A100A0523H
Gedia;2024;E;200040277;Communauté d'agglomération Agglo du Pays de Dreux;ENT;01;Culture et production animale, chasse et services annexes;A;140.075;1;1;;0;0;17X100A100A04388
Gedia;2024;E;200040277;Communauté d'agglomération Agglo du Pays de Dreux;PRO;;;A;secret;secret;;;;2;17X100A100A04388
Primeo Réseau de Distribution;2024;E;200066041;Communauté de communes Sundgau;PRO;;;A;61;5;0;;0;0;17X100B100A2157X
Primeo Réseau de Distribution;2024;E;200066058;Communauté d'agglomération Saint-Louis Agglomération;PRO;;;A;65;10;0;;0;0;17X100B100A2157X
Primeo Réseau de Distribution;2024;E;200066058;Communauté d'agglomération Saint-Louis Agglomération;ENT;01;Culture et production animale, chasse et services annexes;A;102;1;0;;0;0;17X100B100A2157X
Primeo Réseau de Distribution;2024;E;200066058;Communauté d'agglomération Saint-Louis Agglomération;PRO;;;A;66;2;0;;0;0;17X100B100A2157X
Usines municipales d'Erstein;2024;E;200067924;Communauté de communes du Canton d'Erstein;PRO;;;A;103.324;22;2.87013;;0;0;17X100B100A20376
Usines municipales d'Erstein;2024;E;246701080;Communauté de communes du Pays de Sainte-Odile;ENT;01;Culture et production animale, chasse et services annexes;A;636.69;6;2.99999;;0;0;17X100B100A20376
Usines municipales d'Erstein;2024;E;200067924;Communauté de communes du Canton d'Erstein;PRO;;;A;192.636;14;0.57229;;0;0;17X100B100A20376
Usines municipales d'Erstein;2024;E;246701080;Communauté de communes du Pays de Sainte-Odile;PRO;;;A;154.834;19;0.66528;;0;0;17X100B100A20376
Usines municipales d'Erstein;2024;E;200067924;Communauté de communes du Canton d'Erstein;ENT;01;Culture et production animale, chasse et services annexes;A;24.622;2;2;;0;0;17X100B100A20376
Usines municipales d'Erstein;2024;E;246701080;Communauté de communes du Pays de Sainte-Odile;PRO;;;A;secret;secret;;;;1;17X100B100A20376
Energie développement services du Briançonnais;2024;E;240500439;Communauté de communes du Briançonnais;PRO;;;A;secret;secret;;;;3;17X100B100A2021L
Energie développement services du Briançonnais;2024;E;240500462;Communauté de communes du Pays des Ecrins;ENT;02;Sylviculture et exploitation forestière;A;92;1;1;;0;0;17X100B100A2021L
Energie développement services du Briançonnais;2024;E;240500462;Communauté de communes du Pays des Ecrins;PRO;;;A;secret;secret;;;;1;17X100B100A2021L
Régie communale d'électricité de Gattieres;2024;E;200030195;Métropole Nice Côte d'Azur;ENT;01;Culture et production animale, chasse et services annexes;A;281;2;1;;0;0;17X100B100A2043B
Strasbourg Électricité Réseaux;2024;E;200034635;Communauté de communes du Kochersberg;ENT;01;Culture et production animale, chasse et services annexes;A;3481;33;16;;0;0;17X100A100A04752
Strasbourg Électricité Réseaux;2024;E;200034635;Communauté de communes du Kochersberg;PRO;;;A;2254;149;7.5;;0;0;17X100A100A04752
Strasbourg Électricité Réseaux;2024;E;246700488;Eurométropole de Strasbourg;ENT;01;Culture et production animale, chasse et services annexes;A;1303;20;13;;0;0;17X100A100A04752
Strasbourg Électricité Réseaux;2024;E;246700488;Eurométropole de Strasbourg;PRO;;;A;652;113;27;;0;0;17X100A100A04752
Strasbourg Électricité Réseaux;2024;E;200068864;Communauté de communes de la Mossig et du Vignoble;PRO;;;A;1537;135;6.5;;0;0;17X100A100A04752
Strasbourg Électricité Réseaux;2024;E;200068112;Communauté de communes du Pays de Saverne;ENT;01;Culture et production animale, chasse et services annexes;A;1630;16;11;;0;0;17X100A100A04752
Strasbourg Électricité Réseaux;2024;E;200068112;Communauté de communes du Pays de Saverne;PRO;;;A;1641;68;7;;0;0;17X100A100A04752
Strasbourg Électricité Réseaux;2024;E;200067874;Communauté d'agglomération de Haguenau;PRO;;;A;248;43;10;;0;0;17X100A100A04752
Strasbourg Électricité Réseaux;2024;E;246700306;Communauté de communes de la Vallée de la Bruche;PRO;;;A;94;18;3;;0;0;17X100A100A04752
Strasbourg Électricité Réseaux;2024;E;200013050;Communauté de communes Sauer-Pechelbronn;ENT;01;Culture et production animale, chasse et services annexes;A;2073;9;8;;0;0;17X100A100A04752
Strasbourg Électricité Réseaux;2024;E;200013050;Communauté de communes Sauer-Pechelbronn;PRO;;;A;227;36;6.5;;0;0;17X100A100A04752
Strasbourg Électricité Réseaux;2024;E;200067783;Communauté de communes de Hanau-La Petite Pierre;PRO;;;A;384;16;2.5;;0;0;17X100A100A04752
Strasbourg Électricité Réseaux;2024;E;200067783;Communauté de communes de Hanau-La Petite Pierre;PRO;;;A;155;43;10;;0;0;17X100A100A04752
Strasbourg Électricité Réseaux;2024;E;200068112;Communauté de communes du Pays de Saverne;PRO;;;A;221;39;8;;0;0;17X100A100A04752
Strasbourg Électricité Réseaux;2024;E;200013050;Communauté de communes Sauer-Pechelbronn;PRO;;;A;314;14;1.5;;0;0;17X100A100A04752
Strasbourg Électricité Réseaux;2024;E;246700926;Communauté de communes du Pays de Wissembourg;ENT;01;Culture et production animale, chasse et services annexes;A;1185;12;3;;0;0;17X100A100A04752
Strasbourg Électricité Réseaux;2024;E;246700926;Communauté de communes du Pays de Wissembourg;PRO;;;A;543;54;3;;0;0;17X100A100A04752
Strasbourg Électricité Réseaux;2024;E;246701080;Communauté de communes du Pays de Sainte-Odile;PRO;;;A;331;34;1;;0;0;17X100A100A04752
Strasbourg Électricité Réseaux;2024;E;200067924;Communauté de communes du Canton d'Erstein;PRO;;;A;93;17;2.5;;0;0;17X100A100A04752
Strasbourg Électricité Réseaux;2024;E;246700959;Communauté de communes du Pays de la Zorn;ENT;01;Culture et production animale, chasse et services annexes;A;1003;17;9;;0;0;17X100A100A04752
Strasbourg Électricité Réseaux;2024;E;246700959;Communauté de communes du Pays de la Zorn;PRO;;;A;1335;82;5;;0;0;17X100A100A04752
Strasbourg Électricité Réseaux;2024;E;200041283;Communauté de communes de la Plaine du Rhin;PRO;;;A;219;38;5;;0;0;17X100A100A04752
Strasbourg Électricité Réseaux;2024;E;200067874;Communauté d'agglomération de Haguenau;ENT;01;Culture et production animale, chasse et services annexes;A;3542;42;23;;0;0;17X100A100A04752
Strasbourg Électricité Réseaux;2024;E;200067874;Communauté d'agglomération de Haguenau;PRO;;;A;2101;151;11.5;;0;0;17X100A100A04752
Strasbourg Électricité Réseaux;2024;E;246700488;Eurométropole de Strasbourg;PRO;;;A;1142;84;5;;0;0;17X100A100A04752
Strasbourg Électricité Réseaux;2024;E;246700926;Communauté de communes du Pays de Wissembourg;PRO;;;A;100;9;3;;0;0;17X100A100A04752
Strasbourg Électricité Réseaux;2024;E;200041283;Communauté de communes de la Plaine du Rhin;ENT;01;Culture et production animale, chasse et services annexes;A;1240;14;8;;0;0;17X100A100A04752
Strasbourg Électricité Réseaux;2024;E;200041283;Communauté de communes de la Plaine du Rhin;PRO;;;A;443;31;3;;0;0;17X100A100A04752
Strasbourg Électricité Réseaux;2024;E;246700843;Communauté de communes de la Basse-Zorn;ENT;01;Culture et production animale, chasse et services annexes;A;635;14;5;;0;0;17X100A100A04752
Strasbourg Électricité Réseaux;2024;E;246700843;Communauté de communes de la Basse-Zorn;PRO;;;A;176;16;0.5;;0;0;17X100A100A04752
Strasbourg Électricité Réseaux;2024;E;200041325;Communauté de communes du Pays Rhénan;PRO;;;A;155;22;3.5;;0;0;17X100A100A04752
Strasbourg Électricité Réseaux;2024;E;200068864;Communauté de communes de la Mossig et du Vignoble;PRO;;;A;261;31;5.5;;0;0;17X100A100A04752
Strasbourg Électricité Réseaux;2024;E;200067924;Communauté de communes du Canton d'Erstein;ENT;01;Culture et production animale, chasse et services annexes;A;157;4;2;;0;0;17X100A100A04752
Strasbourg Électricité Réseaux;2024;E;200067924;Communauté de communes du Canton d'Erstein;PRO;;;A;577;44;2.5;;0;0;17X100A100A04752
Strasbourg Électricité Réseaux;2024;E;246701064;Communauté de communes de la Région de Molsheim-Mutzig;PRO;;;A;148;28;5.5;;0;0;17X100A100A04752
Strasbourg Électricité Réseaux;2024;E;200067783;Communauté de communes de Hanau-La Petite Pierre;ENT;01;Culture et production animale, chasse et services annexes;A;461;8;7;;0;0;17X100A100A04752
Strasbourg Électricité Réseaux;2024;E;246701064;Communauté de communes de la Région de Molsheim-Mutzig;ENT;01;Culture et production animale, chasse et services annexes;A;7454;9;7;;0;0;17X100A100A04752
Strasbourg Électricité Réseaux;2024;E;246701064;Communauté de communes de la Région de Molsheim-Mutzig;PRO;;;A;939;90;4;;0;0;17X100A100A04752
Strasbourg Électricité Réseaux;2024;E;200041325;Communauté de communes du Pays Rhénan;ENT;01;Culture et production animale, chasse et services annexes;A;441;15;7;;0;0;17X100A100A04752
Strasbourg Électricité Réseaux;2024;E;200041325;Communauté de communes du Pays Rhénan;PRO;;;A;375;25;3;;0;0;17X100A100A04752
Strasbourg Électricité Réseaux;2024;E;246700744;Communauté de communes des Portes de Rosheim;ENT;01;Culture et production animale, chasse et services annexes;A;417;5;4;;0;0;17X100A100A04752
Strasbourg Électricité Réseaux;2024;E;246700744;Communauté de communes des Portes de Rosheim;PRO;;;A;146;23;2.5;;0;0;17X100A100A04752
Strasbourg Électricité Réseaux;2024;E;246701098;Communauté de communes du Pays de Niederbronn-les-Bains;PRO;;;A;140;14;3.5;;0;0;17X100A100A04752
Strasbourg Électricité Réseaux;2024;E;246701098;Communauté de communes du Pays de Niederbronn-les-Bains;PRO;;;A;472;19;1;;0;0;17X100A100A04752
Strasbourg Électricité Réseaux;2024;E;246701080;Communauté de communes du Pays de Sainte-Odile;PRO;;;A;57;9;1.5;;0;0;17X100A100A04752
Strasbourg Électricité Réseaux;2024;E;200034635;Communauté de communes du Kochersberg;ENT;02;Sylviculture et exploitation forestière;A;110;1;1;;0;0;17X100A100A04752
Strasbourg Électricité Réseaux;2024;E;246700843;Communauté de communes de la Basse-Zorn;PRO;;;A;145;26;3;;0;0;17X100A100A04752
Strasbourg Électricité Réseaux;2024;E;246700306;Communauté de communes de la Vallée de la Bruche;PRO;;;A;99;7;0.5;;0;0;17X100A100A04752
Strasbourg Électricité Réseaux;2024;E;200040178;Communauté de communes de l'Outre-Forêt;ENT;01;Culture et production animale, chasse et services annexes;A;524;7;6;;0;0;17X100A100A04752
Strasbourg Électricité Réseaux;2024;E;200040178;Communauté de communes de l'Outre-Forêt;PRO;;;A;528;45;2.5;;0;0;17X100A100A04752
Strasbourg Électricité Réseaux;2024;E;200068864;Communauté de communes de la Mossig et du Vignoble;ENT;01;Culture et production animale, chasse et services annexes;A;1993;9;5;;0;0;17X100A100A04752
Strasbourg Électricité Réseaux;2024;E;200034270;Communauté de communes du Pays de Barr;PRO;;;A;249;19;1;;0;0;17X100A100A04752
Strasbourg Électricité Réseaux;2024;E;246700744;Communauté de communes des Portes de Rosheim;PRO;;;A;135;19;1;;0;0;17X100A100A04752
Strasbourg Électricité Réseaux;2024;E;246700959;Communauté de communes du Pays de la Zorn;PRO;;;A;115;23;3;;0;0;17X100A100A04752
Strasbourg Électricité Réseaux;2024;E;200034635;Communauté de communes du Kochersberg;PRO;;;A;142;29;3.5;;0;0;17X100A100A04752
Strasbourg Électricité Réseaux;2024;E;246700843;Communauté de communes de la Basse-Zorn;ENT;02;Sylviculture et exploitation forestière;A;38;1;1;;0;0;17X100A100A04752
Strasbourg Électricité Réseaux;2024;E;200040178;Communauté de communes de l'Outre-Forêt;PRO;;;A;145;18;3.5;;0;0;17X100A100A04752
Strasbourg Électricité Réseaux;2024;E;200067874;Communauté d'agglomération de Haguenau;ENT;02;Sylviculture et exploitation forestière;A;17;1;1;;0;0;17X100A100A04752
Strasbourg Électricité Réseaux;2024;E;246701098;Communauté de communes du Pays de Niederbronn-les-Bains;ENT;01;Culture et production animale, chasse et services annexes;A;63;2;2;;0;0;17X100A100A04752
GreenAlp;2024;E;200018166;Communauté de communes Le Grésivaudan;ENT;01;Culture et production animale, chasse et services annexes;A;97;10;0;;0;0;17X100A100A0416I
GreenAlp;2024;E;200018166;Communauté de communes Le Grésivaudan;ENT;02;Sylviculture et exploitation forestière;A;8;2;0;;0;0;17X100A100A0416I
GreenAlp;2024;E;247300676;Communauté de communes Porte de Maurienne;ENT;01;Culture et production animale, chasse et services annexes;A;11;1;0;;0;0;17X100A100A0416I
GreenAlp;2024;E;200041010;Communauté de communes Cœur de Savoie;ENT;01;Culture et production animale, chasse et services annexes;A;47;3;0;;0;0;17X100A100A0416I
GreenAlp;2024;E;200041010;Communauté de communes Cœur de Savoie;ENT;02;Sylviculture et exploitation forestière;A;1;1;0;;0;0;17X100A100A0416I
GreenAlp;2024;E;200070431;Communauté de communes Saint-Marcellin Vercors Isère Communauté;ENT;01;Culture et production animale, chasse et services annexes;A;1691;13;0;;0;0;17X100A100A0416I
GreenAlp;2024;E;200040715;Grenoble-Alpes-Métropole;ENT;01;Culture et production animale, chasse et services annexes;A;17;5;0;;0;0;17X100A100A0416I
GreenAlp;2024;E;200040715;Grenoble-Alpes-Métropole;ENT;02;Sylviculture et exploitation forestière;A;23;3;0;;0;0;17X100A100A0416I
GÉRÉDIS;2024;E;200069755;Communauté de communes Mellois en Poitou;ENT;01;Culture et production animale, chasse et services annexes;A;8450.675;143;37.98924;;0;0;17X100A100A03772
GÉRÉDIS;2024;E;200041333;Communauté de communes de Parthenay-Gâtine;PRO;;;A;6142.393;518;5.08667;;0;0;17X100A100A03772
GÉRÉDIS;2024;E;200041333;Communauté de communes de Parthenay-Gâtine;ENT;01;Culture et production animale, chasse et services annexes;A;4615.895;60;23;;0;0;17X100A100A03772
GÉRÉDIS;2024;E;200041416;Communauté de communes Airvaudais-Val du Thouet;ENT;01;Culture et production animale, chasse et services annexes;A;906.731;15;8;;0;0;17X100A100A03772
GÉRÉDIS;2024;E;200041317;Communauté d'agglomération du Niortais;ENT;01;Culture et production animale, chasse et services annexes;A;4964.48;110;30.2653;;0;0;17X100A100A03772
GÉRÉDIS;2024;E;200040244;Communauté d'agglomération du Bocage Bressuirais;PRO;;;A;16052.146;1142;7.95712;;0;0;17X100A100A03772
GÉRÉDIS;2024;E;247900798;Communauté de communes du Thouarsais;ENT;01;Culture et production animale, chasse et services annexes;A;2432.039;51;14.90308;;0;0;17X100A100A03772
GÉRÉDIS;2024;E;200069755;Communauté de communes Mellois en Poitou;ENT;02;Sylviculture et exploitation forestière;A;272.562;3;3;;0;0;17X100A100A03772
GÉRÉDIS;2024;E;247900798;Communauté de communes du Thouarsais;PRO;;;A;3668.255;318;2.5169;;0;0;17X100A100A03772
GÉRÉDIS;2024;E;200069755;Communauté de communes Mellois en Poitou;PRO;;;A;6966.435;514;8.25752;;0;0;17X100A100A03772
GÉRÉDIS;2024;E;200041317;Communauté d'agglomération du Niortais;PRO;;;A;2818.843;216;3.99975;;0;0;17X100A100A03772
GÉRÉDIS;2024;E;200040244;Communauté d'agglomération du Bocage Bressuirais;ENT;01;Culture et production animale, chasse et services annexes;A;8745.657;99;34.33274;;0;0;17X100A100A03772
GÉRÉDIS;2024;E;200041994;Communauté de communes Haut Val de Sèvre;ENT;01;Culture et production animale, chasse et services annexes;A;3214.257;21;9;;0;0;17X100A100A03772
GÉRÉDIS;2024;E;200069748;Communauté de communes Val de Gâtine;PRO;;;A;4497.333;335;3.8218;;0;0;17X100A100A03772
GÉRÉDIS;2024;E;200041689;Communauté de communes Vals de Saintonge Communauté;ENT;01;Culture et production animale, chasse et services annexes;A;52.49;3;2;;0;0;17X100A100A03772
GÉRÉDIS;2024;E;200069748;Communauté de communes Val de Gâtine;ENT;01;Culture et production animale, chasse et services annexes;A;8799.378;37;21;;0;0;17X100A100A03772
GÉRÉDIS;2024;E;200069755;Communauté de communes Mellois en Poitou;PRO;;;A;403.833;68;2.35445;;0;0;17X100A100A03772
GÉRÉDIS;2024;E;200041416;Communauté de communes Airvaudais-Val du Thouet;PRO;;;A;1248.842;107;1.079;;0;0;17X100A100A03772
GÉRÉDIS;2024;E;200041333;Communauté de communes de Parthenay-Gâtine;ENT;02;Sylviculture et exploitation forestière;A;115.701;2;2;;0;0;17X100A100A03772
GÉRÉDIS;2024;E;200041994;Communauté de communes Haut Val de Sèvre;PRO;;;A;1845.838;138;3.03589;;0;0;17X100A100A03772
GÉRÉDIS;2024;E;247900798;Communauté de communes du Thouarsais;PRO;;;A;274.605;42;0.95894;;0;0;17X100A100A03772
GÉRÉDIS;2024;E;200069755;Communauté de communes Mellois en Poitou;ENT;03;Pêche et aquaculture;A;281.057;2;2;;0;0;17X100A100A03772
GÉRÉDIS;2024;E;200041317;Communauté d'agglomération du Niortais;PRO;;;A;492.576;86;3.49753;;0;0;17X100A100A03772
GÉRÉDIS;2024;E;247900798;Communauté de communes du Thouarsais;ENT;02;Sylviculture et exploitation forestière;A;628.211;1;1;;0;0;17X100A100A03772
GÉRÉDIS;2024;E;200041333;Communauté de communes de Parthenay-Gâtine;PRO;;;A;232.272;29;1.19987;;0;0;17X100A100A03772
GÉRÉDIS;2024;E;200069854;Communauté urbaine du Grand Poitiers;PRO;;;A;57.939;2;0.59523;;0;0;17X100A100A03772
GÉRÉDIS;2024;E;248500415;Communauté de communes du Pays de la Châtaigneraie;PRO;;;A;secret;secret;;;;1;17X100A100A03772
GÉRÉDIS;2024;E;200040244;Communauté d'agglomération du Bocage Bressuirais;ENT;02;Sylviculture et exploitation forestière;A;340.507;3;3;;0;0;17X100A100A03772
GÉRÉDIS;2024;E;248600447;Communauté de communes du Pays Loudunais;PRO;;;A;secret;secret;;;;1;17X100A100A03772
GÉRÉDIS;2024;E;200069854;Communauté urbaine du Grand Poitiers;ENT;01;Culture et production animale, chasse et services annexes;A;17.683;1;1;;0;0;17X100A100A03772
GÉRÉDIS;2024;E;200041994;Communauté de communes Haut Val de Sèvre;PRO;;;A;60.868;10;0.94821;;0;0;17X100A100A03772
GÉRÉDIS;2024;E;200041689;Communauté de communes Vals de Saintonge Communauté;PRO;;;A;66.049;6;0.55193;;0;0;17X100A100A03772
GÉRÉDIS;2024;E;200071876;Communauté d'agglomération Saumur Val de Loire;PRO;;;A;secret;secret;;;;1;17X100A100A03772
GÉRÉDIS;2024;E;200041499;Communauté de communes Aunis Atlantique;PRO;;;A;secret;secret;;;;1;17X100A100A03772
GÉRÉDIS;2024;E;200041317;Communauté d'agglomération du Niortais;ENT;02;Sylviculture et exploitation forestière;A;0.283;1;1;;0;0;17X100A100A03772
GÉRÉDIS;2024;E;200040244;Communauté d'agglomération du Bocage Bressuirais;PRO;;;A;158.665;22;0.46979;;0;0;17X100A100A03772
GÉRÉDIS;2024;E;200041614;Communauté de communes Aunis Sud;ENT;01;Culture et production animale, chasse et services annexes;A;38.868;2;1;;0;0;17X100A100A03772
GÉRÉDIS;2024;E;200069748;Communauté de communes Val de Gâtine;PRO;;;A;55.631;5;0.96288;;0;0;17X100A100A03772
GÉRÉDIS;2024;E;200041416;Communauté de communes Airvaudais-Val du Thouet;PRO;;;A;secret;secret;;;;2;17X100A100A03772
GÉRÉDIS;2024;E;200043016;Communauté de communes Val de Charente;PRO;;;A;secret;secret;;;;1;17X100A100A03772
GÉRÉDIS;2024;E;248500662;Communauté de communes du Pays de Mortagne;PRO;;;A;secret;secret;;;;1;17X100A100A03772
Syndicat intercommunal d'électricité de Labergement Saint Marie;2024;E;200069565;Communauté de communes des Lacs et Montagnes du Haut-Doubs;PRO;;;A;679.891;26;1.90413;;0;0;17X100B100A20546
Syndicat intercommunal d'électricité de Labergement Saint Marie;2024;E;200069565;Communauté de communes des Lacs et Montagnes du Haut-Doubs;ENT;01;Culture et production animale, chasse et services annexes;A;404.544;4;4;;0;0;17X100B100A20546
Syndicat intercommunal d'électricité de Labergement Saint Marie;2024;E;200069565;Communauté de communes des Lacs et Montagnes du Haut-Doubs;PRO;;;A;150.49;7;1.60776;;0;0;17X100B100A20546
Syndicat intercommunal d'électricité de Labergement Saint Marie;2024;E;242504496;Communauté de communes du Plateau de Frasne et du Val du Drugeon (CFD);PRO;;;A;110.779;5;0;;0;0;17X100B100A20546
Régie municipale d'électricité de Laruns;2024;E;246400337;Communauté de communes de la Vallée d'Ossau;PRO;;;A;97;14;0;;0;0;17X100B100A20562
Energies Services Lavaur;2024;E;200034023;Communauté de communes Tarn-Agout;ENT;01;Culture et production animale, chasse et services annexes;A;466;11;2.7;;0;0;17X100B100A2058Z
Energies Services Lavaur;2024;E;200034023;Communauté de communes Tarn-Agout;PRO;;;A;358;46;1.5;;0;0;17X100B100A2058Z
Energies Services Lavaur;2024;E;200034023;Communauté de communes Tarn-Agout;PRO;;;A;secret;secret;;;;2;17X100B100A2058Z
Régie municipale d'électricité de Loos;2024;E;200093201;Métropole Européenne de Lille;PRO;;;A;secret;secret;;;;1;17X100B100A2059X
Régie municipale d'électricité de Mazeres;2024;E;200066231;Communauté de communes des Portes d'Ariège Pyrénées;PRO;;;A;407;80;0;;0;0;17X100B100B2064Y
Régie municipale d'électricité de Mercus;2024;E;240900431;Communauté de communes du Pays de Tarascon;PRO;;;A;secret;secret;;;;1;17X100B100A20651
Réséda;2024;E;245700133;Communauté de communes du District Urbain de Faulquemont;PRO;;;A;205.665;29;2.27881;;0;0;17X100A100A04671
Réséda;2024;E;200039907;Communauté de communes du Sud Messin;PRO;;;A;471.26;26;0.67904;;0;0;17X100A100A04671
Réséda;2024;E;200039865;Metz Métropole;PRO;;;A;356.274;60;4.86265;;0;0;17X100A100A04671
Réséda;2024;E;200039865;Metz Métropole;ENT;01;Culture et production animale, chasse et services annexes;A;1076.113;7;4.97194;;0;0;17X100A100A04671
Réséda;2024;E;245700133;Communauté de communes du District Urbain de Faulquemont;PRO;;;A;348.156;15;0.82902;;0;0;17X100A100A04671
Réséda;2024;E;200039907;Communauté de communes du Sud Messin;PRO;;;A;345.577;57;3.24333;;0;0;17X100A100A04671
Réséda;2024;E;200067957;Communauté de communes Haut Chemin-Pays de Pange;PRO;;;A;749.049;51;3.46854;;0;0;17X100A100A04671
Réséda;2024;E;200039949;Communauté de communes Rives de Moselle;PRO;;;A;218.431;20;1.06122;;0;0;17X100A100A04671
Réséda;2024;E;200039865;Metz Métropole;PRO;;;A;313.695;16;0.22198;;0;0;17X100A100A04671
Réséda;2024;E;200067957;Communauté de communes Haut Chemin-Pays de Pange;ENT;01;Culture et production animale, chasse et services annexes;A;1.234;1;1;;0;0;17X100A100A04671
Réséda;2024;E;200039907;Communauté de communes du Sud Messin;ENT;01;Culture et production animale, chasse et services annexes;A;110.36;1;1;;0;0;17X100A100A04671
Réséda;2024;E;200070738;Communauté de communes Mad et Moselle;PRO;;;A;64.53;6;0;;0;0;17X100A100A04671
Réséda;2024;E;200039949;Communauté de communes Rives de Moselle;PRO;;;A;51.822;4;0.00064;;0;0;17X100A100A04671
Réséda;2024;E;200067957;Communauté de communes Haut Chemin-Pays de Pange;PRO;;;A;231.349;28;2.70578;;0;0;17X100A100A04671
Réséda;2024;E;200067650;Communauté de communes Houve-Pays Boulageois;PRO;;;A;secret;secret;;;;2;17X100A100A04671
Réséda;2024;E;245701206;Communauté de communes du Saulnois;PRO;;;A;secret;secret;;;;2;17X100A100A04671
Réséda;2024;E;200039865;Metz Métropole;ENT;02;Sylviculture et exploitation forestière;A;20.8;1;1;;0;0;17X100A100A04671
Réséda;2024;E;200039949;Communauté de communes Rives de Moselle;ENT;01;Culture et production animale, chasse et services annexes;A;34.911;1;1;;0;0;17X100A100A04671
Régie communale de Montdidier;2024;E;200070977;Communauté de communes du Grand Roye;ENT;01;Culture et production animale, chasse et services annexes;A;167;6;1;;0;0;17X100B100A20716
Régie communale de Montdidier;2024;E;200070977;Communauté de communes du Grand Roye;PRO;;;A;secret;secret;;;;1;17X100B100A20716
Gazelec de Péronne;2024;E;200037059;Communauté de communes de la Haute Somme (Combles - Péronne - Roisel);PRO;;;A;94.694;1;1;;0;0;17X100B100B2081Y
Gazelec de Péronne;2024;E;200037059;Communauté de communes de la Haute Somme (Combles - Péronne - Roisel);PRO;;;A;secret;secret;;;;2;17X100B100B2081Y
Régie municipale d'energie électrique de Quillan;2024;E;200043776;Communauté de communes Pyrénées Audoises;PRO;;;A;secret;secret;;;;1;17X100B100A20902
Régie électrique municipale de Saint Laurent de Cerdans;2024;E;246600548;Communauté de communes du Haut Vallespir;PRO;;;A;84.03;4;0.25;;0;0;17X100B100A2100P
Régie municipale multiservices de La Réole;2024;E;200044394;Communauté de communes du Réolais en Sud Gironde;PRO;;;A;180.875;17;0.23529;;0;0;17X100B100A2092Z
Régie électrique de Gervans;2024;E;200073096;Communauté d'agglomération Arche Agglo;ENT;01;Culture et production animale, chasse et services annexes;A;53;10;0.5;;0;0;17X100B100A20449
SICAE de l'Aisne;2024;E;240200600;Communauté de communes des Trois Rivières;PRO;;;A;817.526;19;0;;0;0;17X100B100A2003N
SICAE de l'Aisne;2024;E;240200600;Communauté de communes des Trois Rivières;PRO;;;A;129.335;16;0;;0;0;17X100B100A2003N
SICAE de l'Aisne;2024;E;240200444;Communauté de communes de la Thiérache du Centre;PRO;;;A;196.548;20;0;;0;0;17X100B100A2003N
SICAE de l'Aisne;2024;E;240200519;Communauté de communes du Canton d'Oulchy-le-Château;PRO;;;A;1148.377;18;1;;0;0;17X100B100A2003N
SICAE de l'Aisne;2024;E;200071769;Communauté de communes Picardie des Châteaux;PRO;;;A;813.08;14;1.33333;;0;0;17X100B100A2003N
SICAE de l'Aisne;2024;E;240200501;Communauté de communes du Val de l'Aisne;PRO;;;A;403.077;14;0.5;;0;0;17X100B100A2003N
SICAE de l'Aisne;2024;E;240200444;Communauté de communes de la Thiérache du Centre;PRO;;;A;791.877;19;1.83333;;0;0;17X100B100A2003N
SICAE de l'Aisne;2024;E;240200477;Communauté d'agglomération GrandSoissons Agglomération;PRO;;;A;159.408;11;0.33333;;0;0;17X100B100A2003N
SICAE de l'Aisne;2024;E;240200576;Communauté de communes de la Champagne Picarde;PRO;;;A;506.893;9;0;;0;0;17X100B100A2003N
SICAE de l'Aisne;2024;E;240200501;Communauté de communes du Val de l'Aisne;PRO;;;A;50.415;6;0;;0;0;17X100B100A2003N
SICAE de l'Aisne;2024;E;240200634;Communauté de communes des Portes de la Thiérache;PRO;;;A;secret;secret;;;;1;17X100B100A2003N
SICAE de l'Aisne;2024;E;200071991;Communauté de communes Retz-en-Valois;PRO;;;A;secret;secret;;;;3;17X100B100A2003N
SICAE de l'Aisne;2024;E;200071991;Communauté de communes Retz-en-Valois;PRO;;;A;526.523;9;2.83333;;0;0;17X100B100A2003N
SICAE de l'Aisne;2024;E;240200519;Communauté de communes du Canton d'Oulchy-le-Château;PRO;;;A;76.624;5;3;;0;0;17X100B100A2003N
SICAE de l'Aisne;2024;E;200041622;Communauté de communes Ardennes Thiérache;PRO;;;A;secret;secret;;;;1;17X100B100A2003N
SICAE de l'Aisne;2024;E;240200477;Communauté d'agglomération GrandSoissons Agglomération;PRO;;;A;4926.726;9;3.33334;;0;0;17X100B100A2003N
SICAE de l'Aisne;2024;E;246000749;Communauté de communes des Lisières de l'Oise;PRO;;;A;105.367;3;0.33333;;0;0;17X100B100A2003N
SICAE de l'Aisne;2024;E;240200576;Communauté de communes de la Champagne Picarde;PRO;;;A;79.905;2;2;;0;0;17X100B100A2003N
Régie municipale gaz électricité de Sallanches;2024;E;200034882;Communauté de communes Pays du Mont-Blanc;PRO;;;A;secret;secret;;;;1;17X100B100A21186
Energies et Services Sarre-Union;2024;E;200067841;Communauté de communes de l'Alsace Bossue;PRO;;;A;92.346;2;0.71747;;0;0;17X100B100A2120J
Régie municipale d'électricité de Saverdun;2024;E;200066231;Communauté de communes des Portes d'Ariège Pyrénées;ENT;01;Culture et production animale, chasse et services annexes;A;2068;11;1;;0;0;17X100B100A2122F
Régie municipale d'électricité de Saverdun;2024;E;200066231;Communauté de communes des Portes d'Ariège Pyrénées;PRO;;;A;489;58;1;;0;0;17X100B100A2122F
SICAE de Carnin;2024;E;200093201;Métropole Européenne de Lille;ENT;01;Culture et production animale, chasse et services annexes;A;355.119;3;1;;0;0;17X100B100A2148Y
SICAE de Carnin;2024;E;200093201;Métropole Européenne de Lille;PRO;;;A;115.209;6;1;;0;0;17X100B100A2148Y
Syndicat des Energies Electriques de Tarentaise;2024;E;200040798;Communauté de communes Val Vanoise;ENT;02;Sylviculture et exploitation forestière;A;7;1;1;;0;0;17X000000935356C
Syndicat des Energies Electriques de Tarentaise;2024;E;247300015;Communauté de communes des Vallées d'Aigueblanche;ENT;01;Culture et production animale, chasse et services annexes;A;69;3;1;;0;0;17X000000935356C
Syndicat des Energies Electriques de Tarentaise;2024;E;247300015;Communauté de communes des Vallées d'Aigueblanche;ENT;02;Sylviculture et exploitation forestière;A;32;1;1;;0;0;17X000000935356C
EdF-SEI;2024;E;242010056;Communauté d'agglomération du Pays Ajaccien;PRO;;;A;506.181;31;0;;0;0;23X160203-000021
EdF-SEI;2024;E;242010056;Communauté d'agglomération du Pays Ajaccien;ENT;01;Culture et production animale, chasse et services annexes;A;50.235;2;0;;0;0;23X160203-000021
EdF-SEI;2024;E;200038958;Communauté de communes de la Pieve de l'Ornano et du Taravo;PRO;;;A;162.117;9;0;;0;0;23X160203-000021
EdF-SEI;2024;E;242000503;Communauté de communes Celavu-Prunelli;ENT;01;Culture et production animale, chasse et services annexes;A;192.886;4;0;;0;0;23X160203-000021
EdF-SEI;2024;E;242000503;Communauté de communes Celavu-Prunelli;PRO;;;A;309.746;24;0;;0;0;23X160203-000021
EdF-SEI;2024;E;200040764;Communauté de communes du Sud Corse;ENT;01;Culture et production animale, chasse et services annexes;A;1487.943;9;0;;0;0;23X160203-000021
EdF-SEI;2024;E;200040764;Communauté de communes du Sud Corse;PRO;;;A;858.43;55;0;;0;0;23X160203-000021
EdF-SEI;2024;E;200067049;Communauté de communes Spelunca-Liamone;ENT;01;Culture et production animale, chasse et services annexes;A;131.093;2;0;;0;0;23X160203-000021
EdF-SEI;2024;E;200067049;Communauté de communes Spelunca-Liamone;PRO;;;A;65.836;9;0;;0;0;23X160203-000021
EdF-SEI;2024;E;242010130;Communauté de communes du Sartenais Valinco Taravo;ENT;01;Culture et production animale, chasse et services annexes;A;478.941;3;0;;0;0;23X160203-000021
EdF-SEI;2024;E;200038958;Communauté de communes de la Pieve de l'Ornano et du Taravo;ENT;01;Culture et production animale, chasse et services annexes;A;276.08;4;0;;0;0;23X160203-000021
EdF-SEI;2024;E;242000495;Communauté de communes de l'Alta Rocca;ENT;01;Culture et production animale, chasse et services annexes;A;135.781;3;0;;0;0;23X160203-000021
EdF-SEI;2024;E;242010130;Communauté de communes du Sartenais Valinco Taravo;PRO;;;A;374.205;26;0;;0;0;23X160203-000021
EdF-SEI;2024;E;242010056;Communauté d'agglomération du Pays Ajaccien;ENT;03;Pêche et aquaculture;A;166.325;1;0;;0;0;23X160203-000021
EdF-SEI;2024;E;242000495;Communauté de communes de l'Alta Rocca;PRO;;;A;163.286;2;0;;0;0;23X160203-000021
EdF-SEI;2024;E;200015162;Communauté de communes de l'Oriente;ENT;01;Culture et production animale, chasse et services annexes;A;1772.145;16;0;;0;0;23X160203-000021
EdF-SEI;2024;E;200015162;Communauté de communes de l'Oriente;PRO;;;A;1050.862;91;0;;0;0;23X160203-000021
EdF-SEI;2024;E;200015162;Communauté de communes de l'Oriente;ENT;03;Pêche et aquaculture;A;50.226;1;0;;0;0;23X160203-000021
EdF-SEI;2024;E;242020105;Communauté de communes de Calvi Balagne;PRO;;;A;548.492;38;0;;0;0;23X160203-000021
EdF-SEI;2024;E;242000354;Communauté d'agglomération de Bastia;PRO;;;A;723.231;31;0;;0;0;23X160203-000021
EdF-SEI;2024;E;200073104;Communauté de communes de l'Île-Rousse - Balagne;ENT;01;Culture et production animale, chasse et services annexes;A;2090.215;5;0;;0;0;23X160203-000021
EdF-SEI;2024;E;200073104;Communauté de communes de l'Île-Rousse - Balagne;PRO;;;A;207.838;12;0;;0;0;23X160203-000021
EdF-SEI;2024;E;200036499;Communauté de communes de Marana-Golo;ENT;01;Culture et production animale, chasse et services annexes;A;106.548;3;0;;0;0;23X160203-000021
EdF-SEI;2024;E;200036499;Communauté de communes de Marana-Golo;PRO;;;A;286.623;24;0;;0;0;23X160203-000021
EdF-SEI;2024;E;200073138;Communauté de communes Pasquale Paoli;PRO;;;A;270.925;12;0;;0;0;23X160203-000021
EdF-SEI;2024;E;242020105;Communauté de communes de Calvi Balagne;ENT;01;Culture et production animale, chasse et services annexes;A;861.163;4;0;;0;0;23X160203-000021
EdF-SEI;2024;E;200073252;Communauté de communes de la Castagniccia-Casinca;PRO;;;A;628.405;39;0;;0;0;23X160203-000021
EdF-SEI;2024;E;200042943;Communauté de communes du Cap Corse;PRO;;;A;116.659;8;0;;0;0;23X160203-000021
EdF-SEI;2024;E;200034205;Communauté de communes de la Costa Verde;PRO;;;A;283.867;16;0;;0;0;23X160203-000021
EdF-SEI;2024;E;242020071;Communauté de communes du Centre Corse;ENT;02;Sylviculture et exploitation forestière;A;706.134;1;0;;0;0;23X160203-000021
EdF-SEI;2024;E;242020071;Communauté de communes du Centre Corse;PRO;;;A;219.102;11;0;;0;0;23X160203-000021
EdF-SEI;2024;E;242000354;Communauté d'agglomération de Bastia;ENT;01;Culture et production animale, chasse et services annexes;A;19.372;1;0;;0;0;23X160203-000021
EdF-SEI;2024;E;200033827;Communauté de communes de Fium'Orbu Castellu;ENT;01;Culture et production animale, chasse et services annexes;A;96.338;4;0;;0;0;23X160203-000021
EdF-SEI;2024;E;200033827;Communauté de communes de Fium'Orbu Castellu;PRO;;;A;487.655;46;0;;0;0;23X160203-000021
EdF-SEI;2024;E;242020105;Communauté de communes de Calvi Balagne;ENT;03;Pêche et aquaculture;A;150.476;1;0;;0;0;23X160203-000021
EdF-SEI;2024;E;200042943;Communauté de communes du Cap Corse;ENT;01;Culture et production animale, chasse et services annexes;A;116.519;1;0;;0;0;23X160203-000021
EdF-SEI;2024;E;200073138;Communauté de communes Pasquale Paoli;ENT;01;Culture et production animale, chasse et services annexes;A;508.009;2;0;;0;0;23X160203-000021
EdF-SEI;2024;E;200073120;Communauté de communes Nebbiu - Conca d'Oro;PRO;;;A;528.221;34;0;;0;0;23X160203-000021
EdF-SEI;2024;E;200073120;Communauté de communes Nebbiu - Conca d'Oro;ENT;01;Culture et production animale, chasse et services annexes;A;479.039;6;0;;0;0;23X160203-000021
EdF-SEI;2024;E;200034205;Communauté de communes de la Costa Verde;ENT;01;Culture et production animale, chasse et services annexes;A;94.34;1;0;;0;0;23X160203-000021
EdF-SEI;2024;E;200073252;Communauté de communes de la Castagniccia-Casinca;ENT;01;Culture et production animale, chasse et services annexes;A;704.624;5;0;;0;0;23X160203-000021
EdF-SEI;2024;E;200018653;Communauté d'agglomération Cap Excellence;PRO;;;A;292.416;12;0;;0;0;23X160203-000021
EdF-SEI;2024;E;200044691;Communauté d'agglomération du Nord Grande Terre;PRO;;;A;204.408;4;0;;0;0;23X160203-000021
EdF-SEI;2024;E;200044691;Communauté d'agglomération du Nord Grande Terre;ENT;01;Culture et production animale, chasse et services annexes;A;1365.063;5;0;;0;0;23X160203-000021
EdF-SEI;2024;E;200018653;Communauté d'agglomération Cap Excellence;ENT;01;Culture et production animale, chasse et services annexes;A;251.568;2;0;;0;0;23X160203-000021
EdF-SEI;2024;E;249710070;Communauté d'agglomération Grand Sud Caraïbe;ENT;01;Culture et production animale, chasse et services annexes;A;493.388;6;0;;0;0;23X160203-000021
EdF-SEI;2024;E;249710070;Communauté d'agglomération Grand Sud Caraïbe;PRO;;;A;388.488;16;0;;0;0;23X160203-000021
EdF-SEI;2024;E;249710047;Communauté de communes de Marie-Galante;PRO;;;A;152.893;12;0;;0;0;23X160203-000021
EdF-SEI;2024;E;249710047;Communauté de communes de Marie-Galante;ENT;01;Culture et production animale, chasse et services annexes;A;129.14;1;0;;0;0;23X160203-000021
EdF-SEI;2024;E;249710062;Communauté d'agglomération du Nord Basse-Terre;PRO;;;A;335.405;19;0;;0;0;23X160203-000021
EdF-SEI;2024;E;249710062;Communauté d'agglomération du Nord Basse-Terre;ENT;01;Culture et production animale, chasse et services annexes;A;195.409;3;0;;0;0;23X160203-000021
EdF-SEI;2024;E;200041507;Communauté d'agglomération La Riviera du Levant;PRO;;;A;223.853;14;0;;0;0;23X160203-000021
EdF-SEI;2024;E;200041507;Communauté d'agglomération La Riviera du Levant;ENT;01;Culture et production animale, chasse et services annexes;A;704.624;3;0;;0;0;23X160203-000021
EdF-SEI;2024;E;200027548;Communauté de communes des Savanes;PRO;;;A;60.598;1;0;;0;0;23X160203-000021
EdF-SEI;2024;E;249730045;Communauté d'agglomération du Centre Littoral;ENT;01;Culture et production animale, chasse et services annexes;A;409.379;5;0;;0;0;23X160203-000021
EdF-SEI;2024;E;249730045;Communauté d'agglomération du Centre Littoral;PRO;;;A;134.584;8;0;;0;0;23X160203-000021
EdF-SEI;2024;E;249730045;Communauté d'agglomération du Centre Littoral;ENT;03;Pêche et aquaculture;A;53.948;2;0;;0;0;23X160203-000021
EdF-SEI;2024;E;249730052;Communauté de communes de l'Est Guyanais;ENT;02;Sylviculture et exploitation forestière;A;149.626;1;0;;0;0;23X160203-000021
EdF-SEI;2024;E;200041788;Communauté d'agglomération du Pays Nord Martinique;PRO;;;A;594.856;28;0;;0;0;23X160203-000021
EdF-SEI;2024;E;200041788;Communauté d'agglomération du Pays Nord Martinique;ENT;01;Culture et production animale, chasse et services annexes;A;4667.8;31;0;;0;0;23X160203-000021
EdF-SEI;2024;E;249720053;Communauté d'agglomération de l'Espace Sud de la Martinique;ENT;01;Culture et production animale, chasse et services annexes;A;2241.552;14;0;;0;0;23X160203-000021
EdF-SEI;2024;E;249720053;Communauté d'agglomération de l'Espace Sud de la Martinique;ENT;02;Sylviculture et exploitation forestière;A;6.09;1;0;;0;0;23X160203-000021
EdF-SEI;2024;E;249720053;Communauté d'agglomération de l'Espace Sud de la Martinique;PRO;;;A;366.532;24;0;;0;0;23X160203-000021
EdF-SEI;2024;E;249720061;Communauté d'agglomération du Centre de la Martinique;ENT;01;Culture et production animale, chasse et services annexes;A;1747.205;13;0;;0;0;23X160203-000021
EdF-SEI;2024;E;249740077;Communauté d'agglomération CIVIS (Communauté Intercommunale des Villes Solidaires);PRO;;;A;3190.163;190;0;;0;0;23X160203-000021
EdF-SEI;2024;E;249740093;Communauté d'agglomération Intercommunale de la Réunion Est (CIREST);PRO;;;A;2578.148;159;0;;0;0;23X160203-000021
EdF-SEI;2024;E;249740085;Communauté d'agglomération du Sud;ENT;01;Culture et production animale, chasse et services annexes;A;2728.096;9;0;;0;0;23X160203-000021
EdF-SEI;2024;E;249740085;Communauté d'agglomération du Sud;PRO;;;A;4279.845;296;0;;0;0;23X160203-000021
EdF-SEI;2024;E;249740077;Communauté d'agglomération CIVIS (Communauté Intercommunale des Villes Solidaires);ENT;03;Pêche et aquaculture;A;714.859;2;0;;0;0;23X160203-000021
EdF-SEI;2024;E;249740077;Communauté d'agglomération CIVIS (Communauté Intercommunale des Villes Solidaires);ENT;01;Culture et production animale, chasse et services annexes;A;778.453;8;0;;0;0;23X160203-000021
EdF-SEI;2024;E;249740093;Communauté d'agglomération Intercommunale de la Réunion Est (CIREST);ENT;01;Culture et production animale, chasse et services annexes;A;1570.085;8;0;;0;0;23X160203-000021
EdF-SEI;2024;E;249740101;Communauté d'agglomération Territoire de la Côte Ouest (TCO);PRO;;;A;2783.392;185;0;;0;0;23X160203-000021
EdF-SEI;2024;E;249740101;Communauté d'agglomération Territoire de la Côte Ouest (TCO);ENT;03;Pêche et aquaculture;A;2010.138;2;0;;0;0;23X160203-000021
EdF-SEI;2024;E;249740101;Communauté d'agglomération Territoire de la Côte Ouest (TCO);ENT;01;Culture et production animale, chasse et services annexes;A;886.362;5;0;;0;0;23X160203-000021
EdF-SEI;2024;E;249740119;Communauté d'agglomération Intercommunale du Nord de la Réunion (CINOR);ENT;02;Sylviculture et exploitation forestière;A;64.421;2;0;;0;0;23X160203-000021
EdF-SEI;2024;E;249740119;Communauté d'agglomération Intercommunale du Nord de la Réunion (CINOR);ENT;01;Culture et production animale, chasse et services annexes;A;616.731;5;0;;0;0;23X160203-000021
EdF-SEI;2024;E;249740119;Communauté d'agglomération Intercommunale du Nord de la Réunion (CINOR);PRO;;;A;729.504;52;0;;0;0;23X160203-000021
EdF-SEI;2024;E;249740119;Communauté d'agglomération Intercommunale du Nord de la Réunion (CINOR);ENT;03;Pêche et aquaculture;A;26.261;1;0;;0;0;23X160203-000021
SICAE ELY;2024;E;200040277;Communauté d'agglomération Agglo du Pays de Dreux;PRO;;;A;142.094;16;2;;0;0;17X100B100A2035A
SICAE ELY;2024;E;247800550;Communauté de communes du Pays Houdanais (CCPH);PRO;;;A;1646.415;49;2.4246;;0;0;17X100B100A2035A
SICAE ELY;2024;E;200040277;Communauté d'agglomération Agglo du Pays de Dreux;PRO;;;A;976.95;28;1.86154;;0;0;17X100B100A2035A
SICAE ELY;2024;E;200069953;Communauté de communes des Portes Euréliennes d'Île-de-France;PRO;;;A;77;11;0.2;;0;0;17X100B100A2035A
SICAE ELY;2024;E;247800550;Communauté de communes du Pays Houdanais (CCPH);PRO;;;A;108.907;14;1;;0;0;17X100B100A2035A
SICAE ELY;2024;E;247800618;Communauté de communes Cœur d'Yvelines;PRO;;;A;secret;secret;;;;2;17X100B100A2035A
SICAE ELY;2024;E;200059889;Communauté urbaine Grand Paris Seine et Oise;PRO;;;A;53.021;2;0;;0;0;17X100B100A2035A
Energie et Services de Seyssel;2024;E;200066793;Communauté d'agglomération du Grand Annecy;PRO;;;A;1088.224;48;0.97356;;0;0;17X100A100A0513K
Energie et Services de Seyssel;2024;E;200070852;Communauté de communes Usses et Rhône;ENT;01;Culture et production animale, chasse et services annexes;A;1828.215;12;9;;0;0;17X100A100A0513K
Energie et Services de Seyssel;2024;E;247400567;Communauté de communes Fier et Usses;PRO;;;A;440.538;20;0;;0;0;17X100A100A0513K
Energie et Services de Seyssel;2024;E;247400112;Communauté de communes du Pays de Cruseilles;PRO;;;A;secret;secret;;;;2;17X100A100A0513K
Energie et Services de Seyssel;2024;E;200066793;Communauté d'agglomération du Grand Annecy;ENT;01;Culture et production animale, chasse et services annexes;A;540.565;9;3.91392;;0;0;17X100A100A0513K
Energie et Services de Seyssel;2024;E;247400567;Communauté de communes Fier et Usses;ENT;01;Culture et production animale, chasse et services annexes;A;247.035;3;2;;0;0;17X100A100A0513K
Energie et Services de Seyssel;2024;E;247400567;Communauté de communes Fier et Usses;PRO;;;A;secret;secret;;;;3;17X100A100A0513K
Energie et Services de Seyssel;2024;E;200070852;Communauté de communes Usses et Rhône;PRO;;;A;795.354;39;0;;0;0;17X100A100A0513K
Energie et Services de Seyssel;2024;E;200070852;Communauté de communes Usses et Rhône;PRO;;;A;67.046;13;0;;0;0;17X100A100A0513K
Energie et Services de Seyssel;2024;E;247400740;Communauté de communes Rumilly Terre de Savoie;PRO;;;A;430.884;20;0.1062;;0;0;17X100A100A0513K
Energie et Services de Seyssel;2024;E;247400740;Communauté de communes Rumilly Terre de Savoie;PRO;;;A;secret;secret;;;;1;17X100A100A0513K
Energie et Services de Seyssel;2024;E;200066793;Communauté d'agglomération du Grand Annecy;PRO;;;A;193.859;8;0;;0;0;17X100A100A0513K
Energie et Services de Seyssel;2024;E;247400740;Communauté de communes Rumilly Terre de Savoie;ENT;01;Culture et production animale, chasse et services annexes;A;227.244;2;2;;0;0;17X100A100A0513K
Energie et Services de Seyssel;2024;E;247400112;Communauté de communes du Pays de Cruseilles;ENT;01;Culture et production animale, chasse et services annexes;A;117.822;1;1;;0;0;17X100A100A0513K
SICAE Est;2024;E;200070332;Communauté de communes des Savoir-Faire;ENT;01;Culture et production animale, chasse et services annexes;A;1125.686;8;6;;0;0;17X100A100B0591V
SICAE Est;2024;E;200041879;Communauté de communes Terres de Saône;PRO;;;A;283.085;13;0;;0;0;17X100A100B0591V
SICAE Est;2024;E;200041853;Communauté de communes du Pays de Montbozon et du Chanois;PRO;;;A;102.366;12;0.00038;;0;0;17X100A100B0591V
SICAE Est;2024;E;200036150;Communauté de communes des Hauts du Val de Saône;PRO;;;A;2258.083;93;0.68403;;0;0;17X100A100B0591V
SICAE Est;2024;E;247000623;Communauté de communes des Quatre Rivières;PRO;;;A;341.438;61;1.00549;;0;0;17X100A100B0591V
SICAE Est;2024;E;200036150;Communauté de communes des Hauts du Val de Saône;ENT;01;Culture et production animale, chasse et services annexes;A;1188.752;7;6;;0;0;17X100A100B0591V
SICAE Est;2024;E;200072999;Communauté de communes du Grand Langres;PRO;;;A;195.981;10;0;;0;0;17X100A100B0591V
SICAE Est;2024;E;200070332;Communauté de communes des Savoir-Faire;PRO;;;A;1760.533;70;0.01126;;0;0;17X100A100B0591V
SICAE Est;2024;E;247000623;Communauté de communes des Quatre Rivières;PRO;;;A;349.236;25;0.00037;;0;0;17X100A100B0591V
SICAE Est;2024;E;200041853;Communauté de communes du Pays de Montbozon et du Chanois;PRO;;;A;394.768;19;0;;0;0;17X100A100B0591V
SICAE Est;2024;E;200070332;Communauté de communes des Savoir-Faire;PRO;;;A;281.504;31;0.33602;;0;0;17X100A100B0591V
SICAE Est;2024;E;247000367;Communauté de communes des Combes;PRO;;;A;861.431;37;0.31582;;0;0;17X100A100B0591V
SICAE Est;2024;E;247000706;Communauté de communes du Pays Riolais;PRO;;;A;73.155;6;0.00062;;0;0;17X100A100B0591V
SICAE Est;2024;E;200041861;Communauté de communes du Triangle Vert;PRO;;;A;314.1;12;0;;0;0;17X100A100B0591V
SICAE Est;2024;E;247000011;Communauté d'agglomération de Vesoul;PRO;;;A;60.707;8;0;;0;0;17X100A100B0591V
SICAE Est;2024;E;247000011;Communauté d'agglomération de Vesoul;PRO;;;A;122.361;4;0;;0;0;17X100A100B0591V
SICAE Est;2024;E;200036150;Communauté de communes des Hauts du Val de Saône;PRO;;;A;437.913;39;0.2566;;0;0;17X100A100B0591V
SICAE Est;2024;E;247000367;Communauté de communes des Combes;PRO;;;A;115.729;20;0.07528;;0;0;17X100A100B0591V
SICAE Est;2024;E;200068773;Communauté de communes des Vosges côté Sud Ouest;PRO;;;A;secret;secret;;;;1;17X100A100B0591V
SICAE Est;2024;E;200041879;Communauté de communes Terres de Saône;PRO;;;A;51.166;8;0.43037;;0;0;17X100A100B0591V
SICAE Est;2024;E;247000706;Communauté de communes du Pays Riolais;PRO;;;A;224.251;5;0;;0;0;17X100A100B0591V
SICAE Est;2024;E;200072999;Communauté de communes du Grand Langres;PRO;;;A;secret;secret;;;;3;17X100A100B0591V
SICAE Est;2024;E;247000623;Communauté de communes des Quatre Rivières;ENT;01;Culture et production animale, chasse et services annexes;A;221.635;4;3;;0;0;17X100A100B0591V
SICAE Est;2024;E;200070332;Communauté de communes des Savoir-Faire;ENT;02;Sylviculture et exploitation forestière;A;20.878;2;2;;0;0;17X100A100B0591V
SICAE Est;2024;E;247000367;Communauté de communes des Combes;ENT;01;Culture et production animale, chasse et services annexes;A;326.451;2;2;;0;0;17X100A100B0591V
SICAE Est;2024;E;200041879;Communauté de communes Terres de Saône;ENT;01;Culture et production animale, chasse et services annexes;A;526.846;1;1;;0;0;17X100A100B0591V
SICAE Est;2024;E;200068773;Communauté de communes des Vosges côté Sud Ouest;ENT;01;Culture et production animale, chasse et services annexes;A;120.982;1;1;;0;0;17X100A100B0591V
SICAE des cantons de la Ferté-Alais et limitrophes;2024;E;249100157;Communauté de communes des Deux Vallées;PRO;;;A;854.339;23;1.09722;;0;0;17X100B100A20392
SICAE des cantons de la Ferté-Alais et limitrophes;2024;E;249100553;Communauté de communes Entre Juine et Renarde (CCEJR);PRO;;;A;235.677;5;1.33333;;0;0;17X100B100A20392
SICAE des cantons de la Ferté-Alais et limitrophes;2024;E;249100553;Communauté de communes Entre Juine et Renarde (CCEJR);PRO;;;A;70.419;9;0.2;;0;0;17X100B100A20392
SICAE des cantons de la Ferté-Alais et limitrophes;2024;E;200017846;Communauté d'agglomération Étampois Sud Essonne;PRO;;;A;207.201;9;0.33333;;0;0;17X100B100A20392
SICAE des cantons de la Ferté-Alais et limitrophes;2024;E;249100157;Communauté de communes des Deux Vallées;PRO;;;A;111.28;8;1.5;;0;0;17X100B100A20392
SICAE des cantons de la Ferté-Alais et limitrophes;2024;E;249100546;Communauté de communes du Val d'Essonne (CCVE);PRO;;;A;88.942;9;2.5;;0;0;17X100B100A20392
SICAP;2024;E;200070159;Communauté de communes Cœur de Beauce;ENT;01;Culture et production animale, chasse et services annexes;A;853;12;12;;0;0;17X100A100A03683
SICAP;2024;E;200070159;Communauté de communes Cœur de Beauce;PRO;;;A;17221;848;1649;;0;0;17X100A100A03683
SICAP;2024;E;244500542;Communauté de communes de la Plaine du Nord Loiret;ENT;01;Culture et production animale, chasse et services annexes;A;4741;160;160;;0;0;17X100A100A03683
SICAP;2024;E;244500542;Communauté de communes de la Plaine du Nord Loiret;PRO;;;A;42566;2085;3952;;0;0;17X100A100A03683
SICAP;2024;E;244500484;Communauté de communes de la Forêt;ENT;01;Culture et production animale, chasse et services annexes;A;578;21;21;;0;0;17X100A100A03683
SICAP;2024;E;244500484;Communauté de communes de la Forêt;PRO;;;A;5116;396;770;;0;0;17X100A100A03683
SICAP;2024;E;200066280;Communauté de communes du Pithiverais;ENT;01;Culture et production animale, chasse et services annexes;A;5072;202;202;;0;0;17X100A100A03683
SICAP;2024;E;200066280;Communauté de communes du Pithiverais;PRO;;;A;151357;5808;11245;;0;0;17X100A100A03683
SICAP;2024;E;200071850;Communauté de communes du Pithiverais-Gâtinais;PRO;;;A;123786;4935;9664;;0;0;17X100A100A03683
SICAP;2024;E;200071850;Communauté de communes du Pithiverais-Gâtinais;ENT;01;Culture et production animale, chasse et services annexes;A;1868;106;106;;0;0;17X100A100A03683
Energie Pays Toy;2024;E;200070811;Communauté de communes Pyrénées Vallées des Gaves;PRO;;;A;secret;secret;;;;2;17X100B100A20619
Syndicat d'électricité synergie Maurienne;2024;E;247300452;Communauté de communes Maurienne Galibier;PRO;;;A;50;6;0;;0;0;17X100B100A21089
SICAE Oise;2024;E;246000897;Communauté de communes de la Plaine d'Estrées;PRO;;;A;249.429;43;0.90745;;0;0;17X100A100A03578
SICAE Oise;2024;E;246000772;Communauté de communes des Deux Vallées;PRO;;;A;159.337;15;0.31876;;0;0;17X100A100A03578
SICAE Oise;2024;E;246000871;Communauté de communes du Pays de Valois;PRO;;;A;556.236;28;0.11884;;0;0;17X100A100A03578
SICAE Oise;2024;E;246000871;Communauté de communes du Pays de Valois;PRO;;;A;499.111;64;0.2334;;0;0;17X100A100A03578
SICAE Oise;2024;E;200066975;Communauté de communes Senlis Sud Oise;PRO;;;A;362.718;29;0.1222;;0;0;17X100A100A03578
SICAE Oise;2024;E;246000897;Communauté de communes de la Plaine d'Estrées;PRO;;;A;307.38;26;0.02006;;0;0;17X100A100A03578
SICAE Oise;2024;E;246000566;Communauté de communes du Plateau Picard;PRO;;;A;950.987;56;0.00416;;0;0;17X100A100A03578
SICAE Oise;2024;E;246000921;Communauté de communes des Pays d'Oise et d'Halatte;PRO;;;A;295.673;15;0.04632;;0;0;17X100A100A03578
SICAE Oise;2024;E;246000921;Communauté de communes des Pays d'Oise et d'Halatte;PRO;;;A;98.233;14;0;;0;0;17X100A100A03578
SICAE Oise;2024;E;246000566;Communauté de communes du Plateau Picard;PRO;;;A;352.072;66;0.45423;;0;0;17X100A100A03578
SICAE Oise;2024;E;246000855;Communauté de communes du Pays des Sources;PRO;;;A;663.852;42;0;;0;0;17X100A100A03578
SICAE Oise;2024;E;246000855;Communauté de communes du Pays des Sources;PRO;;;A;612.807;89;0;;0;0;17X100A100A03578
SICAE Oise;2024;E;246000376;Communauté de communes du Clermontois;PRO;;;A;55.582;4;0;;0;0;17X100A100A03578
SICAE Oise;2024;E;200066975;Communauté de communes Senlis Sud Oise;PRO;;;A;84.32;8;0.93478;;0;0;17X100A100A03578
SICAE Oise;2024;E;200067965;Communauté d'agglomération de la Région de Compiègne et de la Basse Automne;PRO;;;A;124.859;27;0.59504;;0;0;17X100A100A03578
SICAE Oise;2024;E;200067965;Communauté d'agglomération de la Région de Compiègne et de la Basse Automne;PRO;;;A;126.03;12;0.06379;;0;0;17X100A100A03578
SICAE Oise;2024;E;246000376;Communauté de communes du Clermontois;PRO;;;A;83.998;14;0;;0;0;17X100A100A03578
SICAE Oise;2024;E;246000566;Communauté de communes du Plateau Picard;ENT;01;Culture et production animale, chasse et services annexes;A;2468.545;44;20;;0;0;17X100A100A03578
SICAE Oise;2024;E;246000855;Communauté de communes du Pays des Sources;ENT;01;Culture et production animale, chasse et services annexes;A;1098.326;25;18;;0;0;17X100A100A03578
SICAE Oise;2024;E;246000749;Communauté de communes des Lisières de l'Oise;ENT;01;Culture et production animale, chasse et services annexes;A;30.965;1;1;;0;0;17X100A100A03578
SICAE Oise;2024;E;200067965;Communauté d'agglomération de la Région de Compiègne et de la Basse Automne;ENT;01;Culture et production animale, chasse et services annexes;A;214.304;6;4;;0;0;17X100A100A03578
SICAE Oise;2024;E;246000871;Communauté de communes du Pays de Valois;ENT;01;Culture et production animale, chasse et services annexes;A;930.433;13;10;;0;0;17X100A100A03578
SICAE Oise;2024;E;246000897;Communauté de communes de la Plaine d'Estrées;ENT;01;Culture et production animale, chasse et services annexes;A;1195.363;12;8;;0;0;17X100A100A03578
SICAE Oise;2024;E;246000376;Communauté de communes du Clermontois;ENT;01;Culture et production animale, chasse et services annexes;A;173.255;3;2;;0;0;17X100A100A03578
SICAE Oise;2024;E;246000921;Communauté de communes des Pays d'Oise et d'Halatte;ENT;01;Culture et production animale, chasse et services annexes;A;104.765;4;2;;0;0;17X100A100A03578
SICAE Oise;2024;E;200066975;Communauté de communes Senlis Sud Oise;ENT;01;Culture et production animale, chasse et services annexes;A;176.563;8;4;;0;0;17X100A100A03578
SICAE Oise;2024;E;246000871;Communauté de communes du Pays de Valois;ENT;02;Sylviculture et exploitation forestière;A;55.739;1;1;;0;0;17X100A100A03578
SICAE Oise;2024;E;246000129;Communauté de communes du Liancourtois;PRO;;;A;secret;secret;;;;2;17X100A100A03578
SICAE Oise;2024;E;246000756;Communauté de communes du Pays Noyonnais;PRO;;;A;393.096;39;0.4161;;0;0;17X100A100A03578
SICAE Oise;2024;E;246000756;Communauté de communes du Pays Noyonnais;ENT;01;Culture et production animale, chasse et services annexes;A;399.227;11;11;;0;0;17X100A100A03578
SICAE Oise;2024;E;246000756;Communauté de communes du Pays Noyonnais;PRO;;;A;276.844;14;0.18168;;0;0;17X100A100A03578
SICAE Oise;2024;E;200070977;Communauté de communes du Grand Roye;PRO;;;A;secret;secret;;;;1;17X100A100A03578
SICAE Oise;2024;E;200071785;Communauté d'agglomération Chauny-Tergnier-La Fère;PRO;;;A;secret;secret;;;;2;17X100A100A03578
SICAE Oise;2024;E;246000749;Communauté de communes des Lisières de l'Oise;PRO;;;A;secret;secret;;;;1;17X100A100A03578
SICAE Oise;2024;E;246000756;Communauté de communes du Pays Noyonnais;ENT;02;Sylviculture et exploitation forestière;A;12.016;1;1;;0;0;17X100A100A03578
SICAE Oise;2024;E;200070985;Communauté de communes de l'Est de la Somme;ENT;01;Culture et production animale, chasse et services annexes;A;11.948;1;1;;0;0;17X100A100A03578
SICAE Oise;2024;E;200070977;Communauté de communes du Grand Roye;ENT;01;Culture et production animale, chasse et services annexes;A;119.256;2;1;;0;0;17X100A100A03578
SOREA;2024;E;247300452;Communauté de communes Maurienne Galibier;PRO;;;A;secret;secret;;;;1;17X100B100A2030K
SICAE de Precy-Saint-Martin;2024;E;200071777;Communauté de communes d'Arcis,Mailly,Ramerupt;PRO;;;A;158.25;27;0.5807;;0;0;17X100B100A2087S
SICAE de Precy-Saint-Martin;2024;E;200071777;Communauté de communes d'Arcis,Mailly,Ramerupt;ENT;01;Culture et production animale, chasse et services annexes;A;2491.544;15;2.99811;;0;0;17X100B100A2087S
SICAE de Precy-Saint-Martin;2024;E;200040137;Communauté de communes des Lacs de Champagne;ENT;01;Culture et production animale, chasse et services annexes;A;2260.615;12;5;;0;0;17X100B100A2087S
SICAE de Precy-Saint-Martin;2024;E;200040137;Communauté de communes des Lacs de Champagne;PRO;;;A;109.494;24;2.26614;;0;0;17X100B100A2087S
SICAE de Precy-Saint-Martin;2024;E;200069250;Communauté d'agglomération Troyes Champagne Métropole;PRO;;;A;secret;secret;;;;1;17X100B100A2087S
SICAE de Precy-Saint-Martin;2024;E;200040137;Communauté de communes des Lacs de Champagne;PRO;;;A;144.862;7;0.30291;;0;0;17X100B100A2087S
SICAE de Precy-Saint-Martin;2024;E;200071777;Communauté de communes d'Arcis,Mailly,Ramerupt;PRO;;;A;159.067;8;0.03395;;0;0;17X100B100A2087S
SICAE de Precy-Saint-Martin;2024;E;241000223;Communauté de communes Forêts,Lacs,Terres en Champagne;PRO;;;A;173.699;30;0.22602;;0;0;17X100B100A2087S
SICAE de Precy-Saint-Martin;2024;E;241000223;Communauté de communes Forêts,Lacs,Terres en Champagne;PRO;;;A;107.068;18;0.67106;;0;0;17X100B100A2087S
SICAE de Precy-Saint-Martin;2024;E;241000223;Communauté de communes Forêts,Lacs,Terres en Champagne;ENT;01;Culture et production animale, chasse et services annexes;A;409.115;7;4;;0;0;17X100B100A2087S
Régie d'électricité de Saint-Quirc;2024;E;200066231;Communauté de communes des Portes d'Ariège Pyrénées;PRO;;;A;48;14;3;;0;0;17X100B100A2113G
SRD;2024;E;200072668;Communauté de communes Touraine Val de Vienne;ENT;01;Culture et production animale, chasse et services annexes;A;3.2;1;1;;0;0;17X100A100A0404P
SRD;2024;E;200043081;Communauté de communes Chinon,Vienne et Loire;PRO;;;A;secret;secret;;;;1;17X100A100A0404P
SRD;2024;E;200071876;Communauté d'agglomération Saumur Val de Loire;PRO;;;A;51.704;8;1;;0;0;17X100A100A0404P
SRD;2024;E;200041416;Communauté de communes Airvaudais-Val du Thouet;PRO;;;A;secret;secret;;;;1;17X100A100A0404P
SRD;2024;E;200069755;Communauté de communes Mellois en Poitou;PRO;;;A;423.614;8;2;;0;0;17X100A100A0404P
SRD;2024;E;247900798;Communauté de communes du Thouarsais;PRO;;;A;secret;secret;;;;1;17X100A100A0404P
SRD;2024;E;200069755;Communauté de communes Mellois en Poitou;ENT;01;Culture et production animale, chasse et services annexes;A;129.268;1;1;;0;0;17X100A100A0404P
SRD;2024;E;200041333;Communauté de communes de Parthenay-Gâtine;ENT;01;Culture et production animale, chasse et services annexes;A;117.62;2;2;;0;0;17X100A100A0404P
SRD;2024;E;200069755;Communauté de communes Mellois en Poitou;PRO;;;A;secret;secret;;;;1;17X100A100A0404P
SRD;2024;E;200070043;Communauté de communes Vienne et Gartempe;ENT;01;Culture et production animale, chasse et services annexes;A;3776.928;57;30.6667;;0;0;17X100A100A0404P
SRD;2024;E;200070043;Communauté de communes Vienne et Gartempe;PRO;;;A;5464.638;434;31.5833;;0;0;17X100A100A0404P
SRD;2024;E;200069763;Communauté de communes du Haut-Poitou;ENT;01;Culture et production animale, chasse et services annexes;A;3566.064;65;20;;0;0;17X100A100A0404P
SRD;2024;E;200069763;Communauté de communes du Haut-Poitou;PRO;;;A;3836.503;211;17;;0;0;17X100A100A0404P
SRD;2024;E;200070035;Communauté de communes du Civraisien en Poitou;ENT;01;Culture et production animale, chasse et services annexes;A;4581.482;80;26.1666;;0;0;17X100A100A0404P
SRD;2024;E;200070035;Communauté de communes du Civraisien en Poitou;PRO;;;A;6498.661;417;30;;0;0;17X100A100A0404P
SRD;2024;E;248600447;Communauté de communes du Pays Loudunais;PRO;;;A;833.739;123;33.4168;;0;0;17X100A100A0404P
SRD;2024;E;248600413;Communauté d'agglomération Grand Châtellerault;ENT;01;Culture et production animale, chasse et services annexes;A;2123.741;28;18;;0;0;17X100A100A0404P
SRD;2024;E;248600413;Communauté d'agglomération Grand Châtellerault;PRO;;;A;1562.176;112;15;;0;0;17X100A100A0404P
SRD;2024;E;248600447;Communauté de communes du Pays Loudunais;PRO;;;A;2105.379;185;19;;0;0;17X100A100A0404P
SRD;2024;E;248600413;Communauté d'agglomération Grand Châtellerault;PRO;;;A;664.954;74;29;;0;0;17X100A100A0404P
SRD;2024;E;200043628;Communauté de communes des Vallées du Clain;ENT;01;Culture et production animale, chasse et services annexes;A;1536.311;32;13;;0;0;17X100A100A0404P
SRD;2024;E;200043628;Communauté de communes des Vallées du Clain;PRO;;;A;2184.828;144;13;;0;0;17X100A100A0404P
SRD;2024;E;200070043;Communauté de communes Vienne et Gartempe;PRO;;;A;919.832;177;46.2502;;0;0;17X100A100A0404P
SRD;2024;E;200070035;Communauté de communes du Civraisien en Poitou;PRO;;;A;387.828;44;14;;0;0;17X100A100A0404P
SRD;2024;E;200069763;Communauté de communes du Haut-Poitou;PRO;;;A;380.718;64;14.9167;;0;0;17X100A100A0404P
SRD;2024;E;248600447;Communauté de communes du Pays Loudunais;ENT;01;Culture et production animale, chasse et services annexes;A;13925.559;52;29;;0;0;17X100A100A0404P
SRD;2024;E;200069854;Communauté urbaine du Grand Poitiers;ENT;01;Culture et production animale, chasse et services annexes;A;4584.204;66;27.0833;;0;0;17X100A100A0404P
SRD;2024;E;200069854;Communauté urbaine du Grand Poitiers;PRO;;;A;587.749;85;25.1667;;0;0;17X100A100A0404P
SRD;2024;E;200069854;Communauté urbaine du Grand Poitiers;PRO;;;A;2901.623;175;22;;0;0;17X100A100A0404P
SRD;2024;E;200069763;Communauté de communes du Haut-Poitou;ENT;02;Sylviculture et exploitation forestière;A;144.698;1;1;;0;0;17X100A100A0404P
SRD;2024;E;248600447;Communauté de communes du Pays Loudunais;ENT;02;Sylviculture et exploitation forestière;A;47.881;1;1;;0;0;17X100A100A0404P
SRD;2024;E;200043628;Communauté de communes des Vallées du Clain;PRO;;;A;70.629;17;5.8332;;0;0;17X100A100A0404P
SRD;2024;E;200043628;Communauté de communes des Vallées du Clain;ENT;02;Sylviculture et exploitation forestière;A;15.01;1;1;;0;0;17X100A100A0404P
SRD;2024;E;200069854;Communauté urbaine du Grand Poitiers;ENT;03;Pêche et aquaculture;A;22.205;1;0.9167;;0;0;17X100A100A0404P
SRD;2024;E;200070043;Communauté de communes Vienne et Gartempe;ENT;02;Sylviculture et exploitation forestière;A;6.333;1;1;;0;0;17X100A100A0404P
SRD;2024;E;200070043;Communauté de communes Vienne et Gartempe;ENT;03;Pêche et aquaculture;A;44.415;1;1;;0;0;17X100A100A0404P
Régie d'électricité du syndicat du sud de La Réole;2024;E;200044394;Communauté de communes du Réolais en Sud Gironde;PRO;;;A;152.166;24;0.7;;0;0;17X100B100A2093X
Régie d'électricité du syndicat du sud de La Réole;2024;E;200044394;Communauté de communes du Réolais en Sud Gironde;PRO;;;A;327.627;24;0.0625;;0;0;17X100B100A2093X
Régie d'électricité du syndicat du sud de La Réole;2024;E;200043982;Communauté de communes du Bazadais;PRO;;;A;3771.315;6;1.25;;0;0;17X100B100A2093X
Régie d'électricité du syndicat du sud de La Réole;2024;E;200043982;Communauté de communes du Bazadais;PRO;;;A;114.197;17;0;;0;0;17X100B100A2093X
Régie d'électricité du syndicat du sud de La Réole;2024;E;200043974;Communauté de communes du Sud Gironde;PRO;;;A;secret;secret;;;;1;17X100B100A2093X
SICAE de la Somme et du Cambraisis;2024;E;240200493;Communauté de communes du Pays du Vermandois;PRO;;;A;secret;secret;;;;1;17X100A100A05546
SICAE de la Somme et du Cambraisis;2024;E;200068500;Communauté d'agglomération de Cambrai;PRO;;;A;314.712;15;1.96;;0;0;17X100A100A05546
SICAE de la Somme et du Cambraisis;2024;E;200068500;Communauté d'agglomération de Cambrai;PRO;;;A;70.029;9;3.92;;0;0;17X100A100A05546
SICAE de la Somme et du Cambraisis;2024;E;200068500;Communauté d'agglomération de Cambrai;ENT;01;Culture et production animale, chasse et services annexes;A;140.913;4;3;;0;0;17X100A100A05546
SICAE de la Somme et du Cambraisis;2024;E;200035442;Communauté de communes du Sud-Artois;ENT;01;Culture et production animale, chasse et services annexes;A;2426.601;5;2;;0;0;17X100A100A05546
SICAE de la Somme et du Cambraisis;2024;E;200035442;Communauté de communes du Sud-Artois;PRO;;;A;200.704;15;1.96;;0;0;17X100A100A05546
SICAE de la Somme et du Cambraisis;2024;E;200037059;Communauté de communes de la Haute Somme (Combles - Péronne - Roisel);PRO;;;A;1584.469;143;19.6;;0;0;17X100A100A05546
SICAE de la Somme et du Cambraisis;2024;E;200037059;Communauté de communes de la Haute Somme (Combles - Péronne - Roisel);ENT;01;Culture et production animale, chasse et services annexes;A;11383.405;99;47;;0;0;17X100A100A05546
SICAE de la Somme et du Cambraisis;2024;E;200037059;Communauté de communes de la Haute Somme (Combles - Péronne - Roisel);PRO;;;A;892.385;139;35.28;;0;0;17X100A100A05546
SICAE de la Somme et du Cambraisis;2024;E;200070977;Communauté de communes du Grand Roye;ENT;01;Culture et production animale, chasse et services annexes;A;8306.26;99;41;;0;0;17X100A100A05546
SICAE de la Somme et du Cambraisis;2024;E;200070977;Communauté de communes du Grand Roye;PRO;;;A;592.234;88;27.44;;0;0;17X100A100A05546
SICAE de la Somme et du Cambraisis;2024;E;200070969;Communauté de communes Avre Luce Noye;ENT;01;Culture et production animale, chasse et services annexes;A;5916.718;37;14;;0;0;17X100A100A05546
SICAE de la Somme et du Cambraisis;2024;E;200070969;Communauté de communes Avre Luce Noye;PRO;;;A;643.663;67;5.88;;0;0;17X100A100A05546
SICAE de la Somme et du Cambraisis;2024;E;200070969;Communauté de communes Avre Luce Noye;PRO;;;A;256.587;47;11.76;;0;0;17X100A100A05546
SICAE de la Somme et du Cambraisis;2024;E;200070977;Communauté de communes du Grand Roye;PRO;;;A;1447.221;113;15.68;;0;0;17X100A100A05546
SICAE de la Somme et du Cambraisis;2024;E;200070928;Communauté de communes Terre de Picardie;ENT;01;Culture et production animale, chasse et services annexes;A;2627.215;59;20;;0;0;17X100A100A05546
SICAE de la Somme et du Cambraisis;2024;E;200070928;Communauté de communes Terre de Picardie;PRO;;;A;314.796;60;14.7;;0;0;17X100A100A05546
SICAE de la Somme et du Cambraisis;2024;E;200070985;Communauté de communes de l'Est de la Somme;PRO;;;A;141.187;23;5.88;;0;0;17X100A100A05546
SICAE de la Somme et du Cambraisis;2024;E;248000747;Communauté de communes du Pays du Coquelicot;ENT;01;Culture et production animale, chasse et services annexes;A;945.686;12;7;;0;0;17X100A100A05546
SICAE de la Somme et du Cambraisis;2024;E;248000747;Communauté de communes du Pays du Coquelicot;PRO;;;A;389.207;37;3.92;;0;0;17X100A100A05546
SICAE de la Somme et du Cambraisis;2024;E;248000499;Communauté de communes du Val de Somme;PRO;;;A;secret;secret;;;;2;17X100A100A05546
SICAE de la Somme et du Cambraisis;2024;E;200070928;Communauté de communes Terre de Picardie;PRO;;;A;762.055;63;6.86;;0;0;17X100A100A05546
SICAE de la Somme et du Cambraisis;2024;E;248000747;Communauté de communes du Pays du Coquelicot;PRO;;;A;184.08;27;6.86;;0;0;17X100A100A05546
SICAE de la Somme et du Cambraisis;2024;E;200070985;Communauté de communes de l'Est de la Somme;ENT;01;Culture et production animale, chasse et services annexes;A;1500.691;23;4;;0;0;17X100A100A05546
SICAE de la Somme et du Cambraisis;2024;E;200070985;Communauté de communes de l'Est de la Somme;PRO;;;A;137.199;12;1.96;;0;0;17X100A100A05546
SICAE de la Somme et du Cambraisis;2024;E;248000499;Communauté de communes du Val de Somme;ENT;01;Culture et production animale, chasse et services annexes;A;281.238;3;2;;0;0;17X100A100A05546
SICAE de la Somme et du Cambraisis;2024;E;248000499;Communauté de communes du Val de Somme;PRO;;;A;59.288;7;0.98;;0;0;17X100A100A05546
SICAE de la vallée du Sausseron;2024;E;249500430;Communauté de communes Sausseron Impressionnistes;ENT;01;Culture et production animale, chasse et services annexes;A;197;7;4;;0;0;17X100A100A0396Z
SICAE de la vallée du Sausseron;2024;E;249500430;Communauté de communes Sausseron Impressionnistes;PRO;;;A;100;16;7;;0;0;17X100A100A0396Z
SICAE de la vallée du Sausseron;2024;E;249500430;Communauté de communes Sausseron Impressionnistes;PRO;;;A;247;7;3;;0;0;17X100A100A0396Z
SICAE de la vallée du Sausseron;2024;E;200035970;Communauté de communes Vexin Centre;PRO;;;A;secret;secret;;;;1;17X100A100A0396Z
SICAE de la vallée du Sausseron;2024;E;200035970;Communauté de communes Vexin Centre;PRO;;;A;60;10;1;;0;0;17X100A100A0396Z
Régie d'Electricité de Thônes;2024;E;247400617;Communauté de communes des Vallées de Thônes;ENT;01;Culture et production animale, chasse et services annexes;A;128.402;1;1;;0;0;17X100A100A0503N
Régie d'Electricité de Thônes;2024;E;247400617;Communauté de communes des Vallées de Thônes;PRO;;;A;2019.366;113;0.70024;;0;0;17X100A100A0503N
Régie d'Electricité de Thônes;2024;E;200068997;Communauté d'agglomération Arlysère;PRO;;;A;127.977;11;0;;0;0;17X100A100A0503N
Régie d'Electricité de Thônes;2024;E;247400617;Communauté de communes des Vallées de Thônes;PRO;;;A;143.453;10;0;;0;0;17X100A100A0503N
Régie d'Electricité de Thônes;2024;E;200000172;Communauté de communes Faucigny-Glières;PRO;;;A;67.767;4;0.01428;;0;0;17X100A100A0503N
Vialis;2024;E;200066025;Communauté de communes Alsace Rhin Brisach;PRO;;;A;289.66;36;1.47509;;0;0;17X100A100A05473
Vialis;2024;E;200066025;Communauté de communes Alsace Rhin Brisach;PRO;;;A;262.491;31;4.09147;;0;0;17X100A100A05473
Vialis;2024;E;200066025;Communauté de communes Alsace Rhin Brisach;ENT;01;Culture et production animale, chasse et services annexes;A;8477.304;208;19;;0;0;17X100A100A05473
Vialis;2024;E;200066025;Communauté de communes Alsace Rhin Brisach;ENT;03;Pêche et aquaculture;A;203.931;1;1;;0;0;17X100A100A05473
Vialis;2024;E;246800726;Communauté d'agglomération Colmar Agglomération;PRO;;;A;205.487;10;0.0051;;0;0;17X100A100A05473
Vialis;2024;E;246800726;Communauté d'agglomération Colmar Agglomération;ENT;01;Culture et production animale, chasse et services annexes;A;186.896;2;2;;0;0;17X100A100A05473
Vialis;2024;E;246800726;Communauté d'agglomération Colmar Agglomération;PRO;;;A;88.333;10;0.4215;;0;0;17X100A100A05473
Régie municipale d'électricité de Vicdessos;2024;E;200066363;Communauté de communes de la Haute Ariège;PRO;;;A;secret;secret;;;;1;17X100B100A21364
Régie municipale d'électricité de Tarascon sur Ariege;2024;E;240900431;Communauté de communes du Pays de Tarascon;PRO;;;A;secret;secret;;;;1;17X100B100A21275
