code_commune,agricultural_area_ha
01001,888.57
01002,195.12
01004,71.4
01005,820.68
01006,256.52
01007,1887.83
01008,114.58
01009,121.71
01010,326.21
01011,584.45
01012,255.78
01013,746.57
01015,441.04
01016,805.47
01017,135.13
01019,196.52
01021,324.28
01022,8.48
01023,716.14
01024,563.14
01025,5288.67
01027,770.62
01028,407.28
01029,1018.63
01032,291.99
01033,1509.78
01034,642.57
01035,294.1
01036,1852.45
01037,604.19
01038,895.64
01040,1055.22
01041,0
01042,255.67
01043,755.38
01044,700
01045,690.87
01046,1283.95
01047,387.97
01049,390.54
01050,710.55
01052,857.54
01053,277.2
01054,526.53
01056,371.22
01057,432.04
01058,4.47
01060,555.54
01061,474.68
01062,395.7
01063,7.4
01064,315.14
01065,859.26
01066,193.12
01067,150.13
01068,56.8
01069,646.27
01071,270.71
01072,70.39
01073,443.31
01074,2236.57
01075,1395.95
01077,483.85
01078,562.39
01079,2265.11
01080,1116.72
01081,244.58
01082,497.4
01083,572.44
01084,700.32
01085,1248.83
01087,179.52
01088,755.05
01089,1155.02
01090,902.74
01092,313.71
01093,901.8
01094,1239.26
01095,924.98
01096,1325.42
01098,511.24
01099,1485.29
01100,97.61
01101,268.12
01102,1562.99
01103,533.94
01104,669.55
01105,1102.78
01106,162.91
01107,98.55
01108,494.02
01109,765.83
01110,65.8
01112,113.77
01113,1998.05
01114,153.13
01115,996.56
01116,446.33
01118,823.86
01121,267.98
01123,332.35
01124,782.71
01125,955.3
01127,424.54
01128,596.67
01129,232.57
01130,1470.37
01133,363.22
01134,241.43
01135,153
01136,566.21
01138,424.56
01139,2163.61
01140,1029.99
01141,171.3
01142,387.74
01143,663.23
01145,1558.3
01146,383.51
01147,1384.23
01148,238.38
01149,175.19
01150,562.15
01151,761.49
01152,134.51
01153,327.29
01155,444.71
01156,711.13
01157,371.69
01159,272.34
01160,286.01
01162,51.86
01163,3326.81
01165,947.56
01166,216.54
01167,426.88
01169,138.75
01170,85.01
01173,442.5
01174,113.85
01175,260.59
01177,175.64
01179,572.77
01180,336.7
01181,186.97
01183,404.8
01184,800.42
01185,2235.93
01187,3748.02
01188,1842.79
01189,391.86
01190,434.57
01191,281.24
01192,1090.78
01193,133.8
01194,387.03
01195,595.31
01196,760.34
01197,58.27
01198,941.15
01199,193.09
01200,159.82
01202,1206.14
01203,573.99
01204,618.06
01206,88.43
01207,985.65
01208,29.39
01209,256.17
01210,54.76
01211,1671.39
01212,1406.49
01213,515.6
01215,70.47
01216,740.8
01219,854.79
01224,1679.06
01225,405.13
01227,544.39
01228,153.22
01229,617.33
01230,1038.58
01231,328.89
01232,2042.37
01233,229.9
01234,29.41
01235,919.56
01236,1324.16
01237,66.78
01238,130.93
01239,259.78
01240,149.37
01241,893.05
01242,35.9
01243,287.12
01244,127.21
01245,707.63
01246,681.38
01247,63.95
01248,1578.07
01249,1764.83
01250,466.6
01252,481.97
01254,333.53
01255,74.12
01257,387.45
01258,815.42
01259,462.42
01260,1060.02
01261,333.37
01262,2537.65
01263,16.05
01264,789.8
01265,196.51
01266,736.16
01267,716.98
01268,110.54
01272,1594.96
01273,712.16
01274,42.24
01275,150.7
01276,486.45
01277,338.74
01279,141.19
01280,535.65
01281,230.74
01282,142.62
01283,586.42
01284,437.92
01285,243.05
01286,580.84
01288,810.98
01289,548.42
01290,1316.86
01291,648.02
01293,287.78
01294,676.44
01295,830.43
01296,851.82
01297,494.22
01298,236.41
01299,1399.82
01301,966.09
01302,3.55
01303,563.82
01304,294.96
01305,119.37
01306,228.22
01308,119.92
01309,210.9
01310,166.51
01311,194.26
01313,413.32
01314,486.32
01317,89.03
01318,549.52
01319,798.97
01320,534.55
01321,437.3
01322,701.2
01323,577.08
01325,1160.54
01328,2046.89
01331,282.8
01332,14.29
01333,923.72
01334,525.61
01335,291.56
01336,1782.86
01337,1485.92
01338,725.13
01339,11.03
01342,1038.36
01343,1424.89
01344,770.83
01346,986.8
01347,501.79
01348,1284.37
01349,822.01
01350,1659.92
01351,1317.88
01352,611.82
01353,204.1
01354,229.06
01355,437.18
01356,44.87
01358,458.29
01359,667.59
01360,454.46
01361,871.68
01362,1061.31
01363,643.31
01364,2012.05
01365,845.02
01366,538.72
01367,754.42
01368,373.92
01369,360.44
01371,691.35
01372,602.07
01373,504.58
01374,1478.38
01375,1137.23
01376,296.77
01378,1150.87
01379,931.51
01380,2014.96
01381,1100.37
01382,372.19
01383,1585.94
01384,487.37
01385,369.3
01386,106.99
01388,1520.22
01389,3083.12
01390,720.98
01391,53.17
01393,1365.39
01397,12.42
01398,985.01
01399,269.54
01400,177.42
01401,226.43
01402,1417.71
01403,155.62
01404,99.15
01405,258.45
01406,599.93
01407,2.59
01408,899.44
01410,452.13
01411,322.16
01412,878.01
01415,5.45
01416,5
01418,281.71
01419,1597.85
01420,10.87
01421,462.82
01422,797.42
01423,244.04
01424,530.64
01425,567.08
01426,1607.08
01427,5.86
01428,391.37
01429,1071.88
01430,399.21
01431,446.77
01432,214.96
01433,912.04
01434,556.52
01435,208
01436,506.89
01437,857.68
01441,1001.65
01443,884.31
01444,269.55
01445,1309.95
01446,2232.55
01447,1000.51
01448,453.78
01449,366.23
01450,688.98
01451,2212.95
01453,833.02
01454,288.05
01456,19
01457,1036.31
02001,384.63
02002,254.55
02003,837.16
02004,1719.88
02005,1013.63
02006,610.08
02007,223.34
02008,1030.93
02009,486.65
02010,379.45
02011,375.48
02012,812
02013,2805.63
02014,367.84
02016,309.99
02017,1342.25
02018,973.99
02019,545.49
02020,1686.42
02021,999.29
02022,2467.2
02023,184.42
02024,441.42
02025,426.22
02027,753.2
02028,816.45
02029,433.33
02030,282.89
02031,895.35
02032,905.89
02033,381.18
02034,471.25
02035,1161.96
02036,273.57
02037,912.64
02038,280.48
02039,540.63
02040,821.07
02041,464.81
02042,82.55
02043,48.95
02044,492.33
02046,782.45
02047,751.55
02048,575.31
02049,848.5
02050,322.94
02051,105.19
02052,303.34
02053,2105.66
02054,1081.69
02055,280.35
02056,470.17
02057,1443.56
02058,294.98
02060,536.44
02061,187.28
02062,576.44
02063,848.49
02064,183.22
02065,1188.7
02066,307.98
02067,610.79
02068,440.75
02069,538.1
02070,1033.22
02071,208.81
02072,479.94
02073,95.02
02074,170.96
02075,384.53
02076,523.65
02078,141.38
02079,795.38
02080,802.7
02081,274.65
02082,798.47
02083,612.19
02084,589.74
02085,818.66
02086,415.49
02087,418.54
02089,16.18
02090,1099.19
02091,600.18
02093,569.48
02094,1214.78
02095,3089.36
02096,643.73
02097,1719.51
02098,496.5
02099,607
02100,1178.24
02101,941.76
02102,432.31
02103,262.61
02104,198.91
02105,460.46
02106,5.84
02107,322.99
02109,1360.14
02110,413.59
02112,740.58
02114,344.67
02115,913.06
02116,506.6
02118,17.99
02119,615.71
02120,366.36
02121,89.78
02122,273.33
02123,1030.37
02124,628
02125,433.47
02126,354
02127,898.52
02128,639.52
02129,777.2
02130,451.83
02131,290.11
02132,253.62
02133,1465.42
02134,84.76
02135,673.83
02136,1126.03
02137,540.3
02138,279.59
02139,485.88
02140,466.24
02141,605.21
02142,8.5
02144,492.09
02145,249.26
02146,119.89
02148,512.21
02149,490.26
02150,160.37
02152,366.81
02153,498.42
02154,484.77
02156,541.46
02157,804.31
02158,109.03
02159,964.84
02160,1358.19
02162,137.7
02163,1511.3
02164,456.78
02165,123.4
02166,210.77
02167,700.44
02168,795.37
02169,704.16
02170,258.2
02171,377.54
02172,711.11
02173,297.52
02174,482.98
02175,117.8
02176,127.4
02177,156.12
02178,225.44
02179,557.55
02180,1394.13
02181,18.81
02182,1054.11
02183,546.58
02184,1502.2
02185,1502.61
02186,985.5
02187,282.98
02188,27.02
02189,421.67
02191,4
02192,1594.86
02193,478.7
02194,767.63
02195,97.28
02196,188.21
02197,1651.84
02198,240.81
02199,403.59
02200,1302.87
02201,714.84
02203,739.14
02204,712.94
02205,54.54
02206,244.7
02207,3.23
02208,495.26
02209,253.7
02210,226.02
02211,309.4
02212,270.13
02213,343.41
02214,297.54
02215,1063.44
02216,133.18
02217,98.02
02218,692.82
02219,691.64
02220,2064.45
02221,1132.51
02222,474.52
02223,1219.25
02224,290.69
02225,337.91
02226,98.22
02227,333.82
02228,237.66
02230,388.09
02231,816.78
02232,372.73
02233,852.67
02234,399.56
02235,493.5
02236,712.9
02237,1656.84
02238,1613.07
02239,407.06
02240,1047.66
02241,906.81
02242,318.03
02243,699.05
02244,381.8
02245,232.29
02246,964.25
02248,645.06
02249,816.91
02250,72.96
02251,293.57
02252,593.84
02253,831.47
02254,323.11
02255,352.69
02256,1284.81
02257,309.89
02258,812.94
02259,305.1
02260,377.9
02261,587.38
02262,154.9
02263,590.26
02264,2772.19
02265,116.75
02266,746.29
02267,610.93
02268,138.58
02269,886.06
02270,809.28
02271,1379.99
02272,453.56
02273,458.36
02274,1489.08
02275,238.33
02276,531.96
02277,836.57
02278,409.5
02279,1487.73
02280,550.16
02281,362.23
02282,145.75
02283,1069.91
02284,258
02286,1383.15
02287,631.44
02288,596.91
02289,715.28
02290,1057.98
02291,462.82
02293,1279.14
02294,296.97
02295,886.94
02296,844.73
02297,599.77
02298,637.28
02299,579.17
02302,1213.69
02303,244.89
02304,486.8
02305,741.4
02306,2121.86
02307,747.1
02308,699.69
02309,402.06
02310,1204.27
02312,1927.01
02313,814.48
02315,620.89
02317,289.56
02318,6
02319,903.7
02320,505.73
02321,1492.28
02322,1003.61
02323,579.83
02324,834.84
02326,396.1
02327,582.66
02328,113.14
02330,351.94
02331,117.6
02332,615.82
02333,16
02334,740.73
02335,75.27
02336,415.82
02337,315.68
02338,879.23
02339,576.32
02341,200.3
02342,443.41
02343,437.99
02345,272.25
02346,592.29
02347,95.16
02349,233.06
02350,413.94
02351,377.45
02352,1420.26
02353,2241.07
02354,326.01
02355,896.35
02356,879.98
02357,664.83
02358,1383.11
02359,1578.4
02360,1924.77
02361,1390.28
02362,585.69
02363,537.81
02364,228.82
02366,220.96
02367,489.06
02368,88.54
02369,785.92
02370,1037.65
02371,3.58
02372,176.68
02373,662.05
02374,1117.27
02375,749.16
02376,684.98
02377,1172.47
02378,409.32
02379,1124.65
02380,295.65
02381,359.84
02382,810.73
02383,1146.48
02384,377.21
02385,1490.82
02386,796.16
02387,451.03
02388,784.07
02389,7.92
02390,494.34
02391,1414.33
02392,561.84
02393,560.62
02395,338.48
02396,315.13
02397,701.93
02398,1261.36
02399,2044.55
02400,411.81
02401,909.89
02402,299.24
02403,1367.29
02404,1006.84
02405,899.09
02406,213.83
02407,132.17
02408,2107.84
02409,702.49
02410,224.11
02411,607.52
02412,643.37
02413,1.71
02414,1164.66
02415,311.4
02416,1176.47
02417,50.95
02418,557.7
02419,919.37
02420,518.59
02421,620.27
02422,1268.24
02423,718.7
02424,362.45
02425,368.82
02426,928.37
02427,314.35
02428,389.68
02429,247.35
02430,53.57
02431,254.57
02432,290.07
02433,719.54
02435,262.03
02438,813.45
02439,2968.89
02440,796.62
02441,651.17
02442,595.37
02443,350.23
02444,367.62
02445,363.04
02446,396.35
02447,1050.08
02448,809.21
02449,817.68
02450,1689.14
02451,557.57
02452,435.51
02453,120.22
02454,1426.4
02455,933.43
02456,413.25
02457,861.92
02458,2739.77
02459,866.09
02460,126.11
02461,445.7
02462,522.39
02463,358.86
02465,793.46
02466,617.13
02467,502.26
02468,1316.57
02469,315.39
02470,1681.9
02471,72.02
02472,554.56
02473,239.95
02474,107.07
02476,693.56
02477,316.76
02478,187.18
02480,947.91
02481,934.17
02483,1254.4
02484,9.91
02485,280.37
02486,816.14
02487,157.06
02488,325.87
02489,668.84
02490,325.68
02491,2374.41
02492,728.24
02493,951.87
02494,609.77
02495,1333.82
02496,360.39
02497,237.16
02498,839.41
02499,184.84
02500,439.51
02501,375.59
02502,420.9
02503,1041.29
02504,191.93
02505,1218.18
02506,193.15
02507,329.2
02508,275.83
02510,233.26
02511,918.07
02512,151.1
02513,406.51
02514,656.69
02515,232.68
02516,456.99
02517,728.68
02518,2129.02
02519,1069.82
02520,617.69
02521,548.89
02522,201.46
02523,660.95
02524,160.48
02525,106.1
02526,410.64
02527,934.92
02528,847.25
02529,589.46
02530,135.95
02531,157.31
02532,801.9
02533,444.2
02534,580.19
02535,1392.12
02536,321.41
02537,1011.58
02538,153.93
02539,786.74
02540,1440.08
02541,578.48
02542,92.2
02543,1115
02544,785.54
02545,1490.67
02546,438.29
02547,486.59
02548,456.15
02549,926.94
02550,80.47
02551,319.23
02552,533.49
02553,2269.63
02554,170.15
02555,1407.62
02556,402.91
02557,255.82
02558,783.33
02559,1480.48
02560,413.74
02561,4.62
02562,958.14
02563,692.42
02564,746.9
02566,400
02567,476.13
02568,109.27
02569,1016.83
02570,538.46
02571,220.67
02572,939.98
02573,347.38
02574,1185.53
02575,1965.01
02576,350.55
02577,426.61
02578,310.67
02579,412.02
02580,1249.24
02581,293.52
02582,843.64
02584,198.44
02585,921.27
02586,1036.44
02587,313.33
02589,1066.44
02590,602.2
02591,399.74
02592,1507.8
02593,284.71
02594,506.92
02595,114.91
02596,2.93
02598,619.77
02599,304.58
02600,761.38
02601,917.32
02605,929.97
02606,1048.36
02607,358.58
02608,1071.47
02610,805.37
02612,289.17
02613,996.21
02614,708.59
02615,272.42
02616,635.87
02617,910.47
02618,982.44
02619,73.67
02620,110.58
02622,471.49
02623,648.96
02624,346.94
02625,490.95
02626,1310.78
02627,1546.36
02628,240.56
02629,1668.43
02631,538.97
02632,219.21
02633,362.12
02634,264.4
02635,517.54
02636,864.69
02637,973.81
02638,364.07
02639,769.56
02640,1331.7
02641,651.62
02642,995.51
02643,1065.49
02644,792.69
02645,55.97
02647,262.44
02648,2767.36
02649,858.1
02650,1100.44
02651,592.99
02652,416.09
02653,423.16
02654,347.23
02655,574.18
02656,188.34
02657,478.04
02658,655.14
02659,285.92
02660,323.34
02661,1.45
02662,455.02
02663,391.06
02664,405.86
02665,1167.17
02666,1209.2
02667,752.54
02668,1194.67
02670,791.46
02671,537.1
02672,628.35
02673,861.05
02674,490.77
02675,82.95
02676,1310.85
02677,204.71
02678,104.22
02679,565.12
02680,249.03
02681,408.28
02682,258.18
02683,265.64
02684,2347.79
02686,456.37
02687,641.53
02688,422.58
02689,384.53
02690,324.97
02691,776.41
02693,600.82
02694,491.03
02696,201.83
02697,518
02698,149.4
02699,491.01
02701,133.99
02702,857.86
02703,482.36
02704,599.94
02705,1159.35
02707,164.48
02708,656.77
02709,575.7
02710,1891.29
02711,1179.75
02712,893.61
02713,1155.17
02714,540.63
02717,876.57
02719,422.96
02720,1116.31
02721,702.96
02722,396.7
02723,1354.45
02724,755.05
02725,334.19
02726,355.07
02727,1359.49
02728,853.06
02729,334.4
02730,601.53
02731,451.31
02732,774.74
02734,575.71
02735,424.54
02736,1046.71
02737,2449.1
02738,590.47
02739,276.47
02740,1265.72
02741,284.42
02742,442.52
02743,820.32
02744,132.72
02745,785.59
02746,1255.83
02747,642.17
02748,639.28
02749,163.74
02750,1463.06
02751,129.23
02752,419.33
02753,818.71
02754,159.36
02756,754.21
02757,417.26
02758,953.14
02759,705.65
02760,561.03
02761,315.91
02762,257.06
02764,183.44
02765,66.79
02766,548.62
02767,59.43
02768,654.52
02769,1412.39
02770,397.99
02772,443.3
02773,32.03
02774,694.81
02775,767.58
02776,619.41
02777,926.13
02778,535.89
02779,371.98
02780,150.31
02781,81.4
02782,945.23
02783,134.22
02784,601.41
02785,1558.77
02786,7
02787,356.73
02788,274.39
02789,930.75
02790,958.63
02792,229.31
02793,302.5
02794,16.59
02796,600.9
02797,80.87
02798,1713.75
02799,947.04
02800,643.03
02801,1413.17
02802,1176.49
02803,376.64
02804,709.23
02805,266.24
02806,347.27
02807,743.39
02808,248.7
02809,1196.24
02810,929.76
02812,510.13
02813,889.05
02814,1156.25
02815,218.8
02816,394.02
02818,76.69
02819,855.74
02820,929.73
02821,703.68
02822,809.8
02823,636.76
02826,639.14
02827,1066.85
02828,585.75
02830,420.93
02831,518.52
02832,636.84
02833,771.03
02834,510.42
03001,99.17
03002,2293.55
03003,1851.75
03004,2456.71
03005,1777.33
03006,2363.03
03007,880.3
03008,1303.49
03009,648.79
03010,1866.28
03011,1570.83
03012,1424.35
03013,385.22
03014,857.48
03015,909.86
03016,461.35
03017,1809.36
03018,1485.99
03019,3802.61
03020,1555.44
03021,465.66
03022,1448.77
03023,50.96
03024,1593.2
03025,3358.25
03026,3592.6
03027,674.45
03028,501.05
03029,500.93
03030,844.43
03031,2319.67
03032,1105.61
03033,416.61
03034,1748.18
03035,1482.32
03036,4197.88
03037,287.46
03038,624.47
03039,1243.3
03040,1257.17
03041,2053.26
03042,1586.86
03043,1622.36
03044,2045.15
03045,1592.25
03046,3798.67
03047,1735.37
03048,3584.9
03049,901.27
03050,469.03
03051,2139.43
03052,1359.55
03053,669.82
03054,1621.3
03055,2128.8
03056,1403.37
03057,1673.58
03058,1451.57
03059,1661.11
03060,166.99
03061,1385.55
03062,422.56
03063,1685.16
03064,657.07
03065,634
03066,719.43
03067,1258.92
03068,606.91
03069,667.13
03070,2506
03071,225.11
03072,2274.66
03073,1663.55
03074,3708.51
03075,657.85
03076,3494.51
03077,2041.94
03078,1120.31
03079,3803.21
03080,1598.99
03081,465.23
03082,484.42
03083,1938.36
03084,1362.07
03085,857.08
03086,1649.6
03087,4260.04
03088,1428.77
03089,476.46
03090,1500.94
03091,399
03092,3732.09
03093,373.63
03094,476.23
03095,1912.95
03096,256.74
03097,1380.65
03099,3609.59
03100,1580.97
03101,1491.98
03102,3840.09
03103,3752.76
03104,2332.86
03105,338.36
03106,1700.61
03107,2078.1
03108,995.82
03109,1301.42
03110,366.6
03111,445.9
03112,1000.32
03113,1417.71
03114,2083.05
03115,1763.2
03116,403.54
03117,3088.69
03118,1653.86
03119,2263.98
03120,1902.26
03121,2746.18
03122,1376.04
03124,1770.1
03125,423.64
03126,737.44
03127,2021.28
03128,1513
03129,1301.21
03130,1329.68
03131,2143.14
03132,626.07
03133,739.5
03134,1904.57
03135,602.21
03136,473.03
03137,199.79
03138,2303.55
03139,426.26
03140,395.58
03141,530.46
03142,1531.57
03143,813.02
03144,3737.65
03145,483.64
03146,1393.36
03147,1723.1
03148,868.26
03149,414.19
03150,1941.42
03151,534.46
03152,551.64
03154,2247.49
03155,5603.53
03156,2919.29
03157,467.61
03158,5299.82
03159,847.37
03160,1157.12
03161,3113.93
03162,1144.6
03163,472.25
03164,471.78
03165,1511.54
03166,1033.74
03167,1976.87
03168,1687.45
03169,1583.29
03170,1285.35
03171,1981.72
03172,1553.65
03173,2299.64
03174,1833.97
03175,1127.42
03176,761.88
03177,2241.73
03178,2158.11
03179,760.15
03180,1101.4
03181,1445.5
03182,1197.04
03183,210.72
03184,1334.57
03185,2.9
03186,1009.51
03187,808.06
03188,450.84
03189,816.06
03190,256.74
03191,1734.44
03192,592.45
03193,629.17
03194,73.09
03195,1975.36
03196,2437.96
03197,3061.26
03198,861.36
03200,758.36
03201,1419.84
03202,1686.1
03203,1804.45
03204,3156.44
03205,2439.64
03206,781.21
03207,2049.36
03208,1521.96
03209,615.31
03210,2641.83
03211,935.21
03212,1588.42
03213,833.52
03214,2709.96
03215,824.27
03216,1223.4
03217,2463.58
03218,1385.85
03219,1928.67
03220,1234.03
03221,1034.67
03222,1397.21
03223,2523.27
03224,841.23
03225,2657.25
03226,2942.24
03227,1508.54
03228,748.89
03229,2166.58
03230,1935.24
03231,790.75
03232,886.25
03233,984.22
03234,2074.1
03235,2602.77
03236,291.2
03237,760.42
03238,797.2
03239,1355.52
03240,2283.59
03241,2005.54
03242,275.78
03243,2015.82
03244,909.86
03245,1832.1
03246,1447.07
03247,1236.15
03248,112.13
03249,1063.09
03250,1196.43
03251,4024.51
03252,737.14
03253,1999.62
03254,1706.17
03255,557.05
03256,2359.45
03257,1672.72
03258,784
03259,1487.77
03260,1820.63
03261,894.26
03262,1239.46
03263,1410.63
03264,35
03265,3971.35
03266,1374.37
03267,1032.22
03268,821.53
03269,1546.11
03270,2255.46
03271,463.83
03272,414.81
03273,143.3
03274,1890.64
03275,3096.67
03276,306.54
03277,2185.01
03278,1511.27
03279,820.89
03280,1843.54
03281,3399.44
03282,2672.76
03283,4030.45
03284,921
03285,1524.84
03286,1386.05
03287,1825.23
03288,2323.17
03289,1684.94
03290,2089.13
03291,1258.3
03292,1230.43
03293,404.87
03294,715.8
03295,18.3
03296,1069.1
03297,2889.16
03298,1947.49
03299,2254.33
03300,2364.41
03301,848.19
03302,106.66
03303,2432.97
03304,819.62
03305,1959.49
03306,422.68
03307,802.98
03308,1151.23
03309,1266.84
03311,1866.03
03312,2344.44
03313,2560.57
03314,613.42
03315,3144.54
03316,1555.95
03317,3292.24
03319,1250.66
03320,4225.47
03321,1875.44
04001,624.92
04004,1184.83
04005,1909.98
04006,491.77
04007,373.93
04008,491.88
04012,269.71
04013,1073.68
04016,1251.39
04017,798.52
04018,1401.51
04019,923.79
04020,1488.55
04021,911.29
04022,1299.08
04023,1845.24
04024,302.5
04025,225.42
04026,604.35
04027,460.39
04028,650.57
04030,900.85
04031,1501.34
04032,8.89
04033,2363.82
04034,217.55
04035,1967.75
04036,381.84
04037,320.58
04039,2285.23
04040,485.59
04041,296.64
04042,148.25
04043,3
04045,1403.73
04046,1168.06
04047,701.7
04049,132.9
04050,315.74
04051,380.75
04053,747.04
04054,10.21
04055,520.93
04057,248.24
04058,1093.47
04059,1597.72
04061,497.62
04062,387.62
04063,429.29
04065,617.05
04066,393.99
04067,314.45
04068,641.26
04069,11.65
04070,2536.02
04072,864.39
04073,426.99
04074,905.41
04075,481.9
04076,585.47
04077,1337.45
04079,527.45
04081,971.96
04084,97.11
04085,426.12
04086,331.68
04087,76.77
04088,2383.84
04090,468.91
04091,249.81
04092,23.78
04093,47.5
04094,1646.6
04095,76.51
04096,1028.23
04097,587.09
04099,1164.62
04101,696.64
04102,420.48
04104,1284.13
04106,1018.69
04107,68.47
04108,177.44
04109,543.3
04110,643.9
04111,862.4
04112,1311.92
04113,795.45
04115,84.67
04116,1871.58
04118,690.31
04120,1334.64
04121,447.97
04122,779.42
04123,1554.29
04124,1788.37
04126,1055.04
04128,592.96
04129,419.25
04130,664.74
04132,663.58
04133,904.2
04134,527.76
04135,1778.37
04136,166.44
04137,72.98
04138,217.18
04139,1871.62
04140,352.14
04141,850.9
04142,25.23
04143,1293.21
04144,1626.43
04145,119.06
04148,484.63
04149,492.71
04150,514.91
04151,996.76
04152,1366.56
04154,404.08
04155,1681.47
04156,1120.86
04157,1651.03
04158,839.93
04159,1259.35
04160,2356.79
04161,435.68
04162,972.36
04163,2512.38
04164,428.99
04166,2597.22
04167,350.23
04169,551.97
04170,593.21
04171,0.12
04172,1787.92
04173,210.96
04174,250.58
04175,312.42
04176,696.33
04177,427.84
04178,454.59
04179,922.33
04180,168.52
04181,904.42
04182,247.58
04183,192.01
04184,741.45
04186,372.44
04187,264.95
04188,193.74
04189,292.64
04190,429.06
04191,132.8
04192,1068.84
04193,730.12
04194,310.61
04195,641.66
04197,594.57
04199,939.8
04200,618.76
04201,381.96
04202,58.77
04203,1180.33
04204,565.81
04205,3560.8
04206,401.04
04207,911.96
04208,2053.79
04209,2094.86
04210,266.53
04211,184.75
04214,1766.23
04216,374.5
04217,2407.05
04218,1450
04219,1196.41
04220,561.39
04222,1476.73
04224,847.44
04226,874.64
04227,726.94
04228,588.68
04229,248.32
04230,6214.13
04231,688.8
04233,1212.18
04234,413.08
04235,1.55
04236,402.52
04237,284.2
04240,41.02
04241,330.24
04242,902.57
04244,511.63
04245,348.51
05001,325.96
05003,168.59
05004,986.82
05006,315.81
05007,234.99
05008,410.15
05009,371.28
05010,920.43
05011,1149.55
05012,198.06
05013,221.59
05014,208.37
05016,281.47
05017,893.45
05018,911.98
05019,573.13
05021,787.53
05022,178.13
05023,130.33
05024,1064.46
05025,349.49
05026,630.93
05027,762.1
05028,704.09
05029,413.97
05031,156.78
05032,323.3
05033,76.04
05035,200.62
05036,1644.66
05037,213.66
05038,467.05
05039,1898.83
05040,2570.28
05044,656.98
05045,959.36
05046,1373.88
05047,639.04
05048,773.03
05049,208.2
05050,154.03
05051,241.37
05052,414.67
05053,745.58
05054,646.33
05055,753.42
05056,740.37
05057,388.52
05058,462.35
05059,885.86
05060,161.36
05061,4261.92
05062,724.58
05063,560.93
05064,194.59
05065,550
05066,2.25
05068,836.02
05070,558.73
05071,553.45
05072,443.83
05073,583.78
05074,65.4
05075,873.68
05076,295.68
05077,727.72
05078,293.81
05079,589.03
05080,627.16
05081,164.92
05082,10.07
05084,645.41
05085,14.89
05086,75.73
05087,556.76
05089,43.99
05090,372.23
05091,372.31
05092,584.14
05093,119.51
05094,126.83
05095,402.84
05096,746.14
05097,958.57
05098,884.14
05099,251.77
05100,1075.7
05101,779.19
05102,243.48
05103,750.2
05104,224.94
05106,577.65
05107,68.78
05108,201.71
05109,133.21
05111,169.77
05112,458.09
05113,965.81
05114,595.51
05115,193.87
05116,163.2
05117,749.48
05118,1766.49
05119,523.88
05121,74.75
05122,177.88
05123,895.14
05124,1103.69
05126,551.78
05127,83.16
05128,447.24
05129,1194.17
05130,17.44
05131,295.88
05132,2734.99
05133,187.04
05134,240.12
05135,55.75
05136,562.98
05139,3652.13
05140,488.71
05142,716.32
05144,45.79
05145,941.96
05146,493.81
05147,658.92
05148,1316.77
05149,248.15
05151,424.21
05152,19.8
05153,728.16
05154,329.94
05155,265.47
05156,960.8
05157,328.62
05158,124.62
05159,151.87
05160,51.06
05161,201.37
05162,152.59
05163,249.81
05164,357.34
05165,1344.21
05166,215.61
05167,632.85
05168,1199.96
05169,464.19
05170,648.06
05171,471.86
05172,488.45
05173,1712.92
05174,281.76
05176,84.83
05177,380.45
05178,1119.11
05179,471.22
05180,51.11
05181,361.34
05182,208.32
05183,315.92
05184,334.4
06002,30.85
06003,733.14
06004,15.98
06005,243.31
06006,173.49
06007,8.01
06008,380.72
06009,29.59
06010,3.89
06011,0.19
06013,1191.81
06014,85.17
06015,4.76
06016,878.69
06017,231.02
06018,4.8
06019,2.56
06020,899.05
06021,5.14
06022,307.33
06023,1687.74
06024,269.57
06025,145.64
06026,32.28
06027,13.57
06028,502.43
06029,32.01
06030,55.71
06031,4.49
06033,167.77
06034,14.76
06035,332.36
06037,381.04
06038,223.36
06039,122.58
06040,52.12
06041,442.62
06042,184.16
06043,112.85
06044,6.24
06045,464.64
06046,9.06
06048,336.26
06049,56.2
06050,1731.16
06051,657.99
06052,164.32
06053,336.39
06054,0.65
06056,151.29
06057,93.51
06058,897.96
06059,2.26
06060,3.96
06061,0.75
06062,233.84
06063,59.59
06064,25.07
06065,199.93
06066,10.15
06067,69.94
06068,818.03
06069,183.61
06070,231.91
06071,990.72
06072,461.78
06073,730.55
06074,885.65
06075,315.56
06076,80.47
06077,497.12
06078,94.23
06079,158.06
06080,13.87
06081,92.72
06083,194.29
06084,27.85
06085,10.6
06086,402.54
06088,184.9
06089,14.57
06090,95.85
06091,253.76
06093,459.11
06094,210.77
06095,8.35
06096,676.64
06097,11.46
06098,13.66
06099,403.65
06100,0.29
06101,525.67
06102,195.76
06103,1523
06104,2.81
06105,2.3
06106,0.84
06107,92.6
06108,88.07
06109,0.29
06110,90.12
06111,567.42
06112,7.85
06113,278.64
06114,0.26
06115,230.43
06116,750
06117,12.3
06118,304.87
06119,1352.08
06120,970.49
06122,369.19
06123,32.82
06124,23.94
06125,251.29
06126,5.52
06127,136.6
06128,7.09
06129,272.99
06130,1316.67
06131,54.36
06132,873.12
06133,432.14
06134,174.9
06135,35.54
06136,831.74
06137,3.28
06138,3
06140,0.35
06142,103.86
06143,5.65
06144,140.7
06146,58.15
06147,20.53
06148,484.28
06149,24.29
06150,2.55
06151,367.73
06152,33.89
06153,891.8
06154,451.54
06155,10.26
06156,58.5
06157,57.61
06158,11.36
06159,22.83
06160,217.94
06161,7.25
06162,1190.36
06163,1119.46
07001,194.55
07002,17.16
07003,48.2
07004,239.31
07005,892.01
07006,382.1
07007,675.27
07008,253.74
07009,247.69
07010,336.09
07011,394.9
07012,171.52
07013,376.59
07014,395.45
07015,268.22
07017,304.17
07019,273.31
07020,487.25
07022,303.45
07023,346.6
07024,161.76
07025,63.26
07026,1900.38
07027,43.88
07028,924.46
07029,112.95
07030,305.63
07031,756.26
07032,1111.44
07033,653.44
07034,187.65
07035,655.3
07036,530.49
07037,693.52
07038,233.62
07039,501.63
07040,272.61
07041,219.03
07042,863.06
07044,325.09
07045,156.49
07047,722.41
07048,258.33
07049,33.01
07050,89
07051,145.03
07052,832.84
07053,272.46
07054,249.98
07055,160.47
07056,355.23
07058,88.47
07059,116.48
07060,145.96
07061,322.98
07062,14.38
07063,469.59
07064,119.74
07065,110.78
07066,757.24
07067,425.41
07068,528.47
07069,728.99
07070,140.74
07071,1589.76
07072,214.13
07073,260.68
07074,401.49
07075,1265.76
07076,101.13
07077,658.64
07078,182.71
07079,1012.23
07080,456.97
07081,18.38
07082,373.51
07083,19.78
07084,1000.28
07085,756.01
07086,573.61
07088,103.77
07089,486.21
07090,39.65
07091,8.99
07092,1071.75
07093,583.19
07094,192.33
07095,716.64
07096,641.21
07097,127.16
07098,397.61
07099,1174.06
07100,72.55
07101,260.86
07102,8.16
07103,205.79
07104,542.62
07105,704.79
07106,527.77
07107,157.1
07108,114.44
07109,53.77
07110,41.52
07111,109.59
07112,82.55
07113,172.18
07114,139.66
07115,316.13
07117,649.4
07118,83.55
07119,431.8
07120,143.49
07121,498.62
07122,23.08
07123,65.13
07124,202.82
07126,947.76
07127,10.69
07128,97.37
07129,672.25
07130,572.81
07131,20.92
07132,38.64
07133,178.76
07134,190.75
07136,364.69
07137,601.79
07138,157.2
07139,215.61
07140,271.73
07141,109.26
07142,1206.14
07143,248.13
07144,89.62
07145,338.78
07146,5.98
07147,202.09
07148,43.97
07149,314.16
07150,415.71
07151,933.22
07152,167.1
07153,4.33
07154,1523.17
07155,20.01
07156,23.22
07157,100.64
07158,642.73
07159,920.05
07160,58.29
07161,327.07
07162,20.23
07163,874.2
07165,334.59
07166,497.44
07167,26.1
07168,378.13
07169,113.92
07170,241.58
07171,92.12
07172,739.18
07173,6.07
07174,74.76
07175,343.23
07176,3.4
07177,661.69
07178,60.05
07179,245.68
07181,154.54
07182,281.65
07183,114.76
07184,725.3
07185,658.61
07186,99.57
07187,48.95
07188,561.73
07189,68.95
07190,583.08
07191,44.14
07192,128.95
07193,8.58
07194,1682.22
07195,447.63
07196,116.22
07197,666.75
07198,577.17
07199,420.66
07200,76.43
07201,148.13
07202,107.6
07203,937.61
07204,1226.77
07205,743.68
07206,730.05
07207,432.72
07208,149.19
07209,343.02
07210,386.44
07211,137.8
07212,559.52
07213,92.06
07214,375.47
07215,53.03
07216,690.91
07217,652.35
07218,646.29
07219,138.6
07220,11.51
07221,342.3
07222,10.14
07223,12.53
07224,520.83
07225,205.09
07226,1221.99
07227,359.32
07228,418.05
07229,60.31
07230,282.19
07231,38.96
07232,2012.37
07233,721.33
07234,120.69
07235,1155.22
07236,733.03
07237,131.37
07238,40.18
07239,525.42
07240,25.96
07241,171.71
07242,822.22
07243,97.77
07244,338.48
07245,181.02
07247,727.45
07248,584.56
07249,232.35
07250,124.78
07251,867.46
07253,492.46
07254,113.16
07255,69.26
07257,284.39
07259,682.09
07260,802.3
07261,225.57
07262,213.91
07263,620.31
07264,1224.12
07265,243.08
07266,147.8
07267,328.77
07268,211.86
07269,319.8
07270,1069.11
07272,152.88
07273,465.18
07274,154.5
07275,14.81
07276,53.15
07277,82.42
07278,66.69
07279,328.88
07280,5.69
07281,328.05
07282,28.21
07283,233.08
07284,114.93
07285,139.1
07286,670.49
07287,975.39
07288,487.95
07289,70.53
07290,402.75
07291,304.8
07292,290.58
07293,448.94
07294,981.05
07295,229.22
07296,77.83
07297,1054.42
07298,300.95
07299,94.91
07300,92.23
07301,1068.52
07302,306.21
07303,95.93
07304,41.55
07305,60.44
07306,1.5
07307,98.88
07308,296.81
07309,612.35
07310,563.8
07311,1341.7
07312,194.15
07313,23.73
07314,748.88
07315,160.89
07316,79.51
07317,228.58
07318,28.65
07319,133.37
07321,244.27
07322,121.12
07323,438.59
07324,278.57
07325,33.58
07326,493.39
07327,16.43
07328,361.96
07329,337.07
07330,247.54
07331,37.03
07332,610.3
07333,630.25
07334,348.41
07335,499.23
07336,34.61
07337,544.6
07338,1789.11
07339,154.64
07340,57.88
07341,1437.22
07342,22.71
07343,171.9
07344,213.89
07345,186.25
07346,525.86
07347,28.9
07348,79.17
07349,135.76
08001,817.11
08003,0.5
08004,323.59
08005,447.88
08006,1184.42
08008,440.37
08010,747.05
08013,540.97
08014,1384.37
08015,1146.92
08016,897.71
08017,460.92
08018,534.13
08019,783.16
08020,787.14
08021,863.39
08022,117.05
08023,813.82
08024,1609.36
08025,707.71
08026,1145.52
08027,602.31
08028,55.2
08029,105.24
08030,715.13
08031,1217.13
08032,1632.33
08033,706.11
08034,307.09
08035,176.26
08036,473.84
08037,576.77
08038,1238.42
08039,1386.69
08040,300.03
08041,451.96
08043,133.63
08044,43.31
08045,561.23
08046,2681.7
08047,485.05
08048,824.87
08049,298.34
08052,840.25
08053,829.24
08055,1317.24
08056,515.32
08057,1084.76
08058,65.92
08059,608.32
08060,582.24
08061,739.83
08062,763.57
08063,852.58
08064,863.38
08065,482.55
08066,776.26
08067,305.99
08069,1037.39
08070,1274.78
08071,647.01
08073,680.8
08074,557.22
08075,318.81
08076,145.57
08077,804.46
08078,170.39
08080,562.08
08081,39.35
08082,1035.13
08083,652.09
08084,809.86
08085,674.33
08086,497.19
08087,183.17
08088,303.84
08089,798
08090,679.72
08092,1680.86
08094,345.65
08095,309.22
08096,297.16
08097,931.52
08098,652.4
08099,467.09
08100,617.88
08101,1.12
08102,445.58
08103,919.78
08104,189.16
08105,84.91
08106,167.05
08107,1574.66
08109,728.43
08110,309.25
08111,971.69
08113,2659.28
08115,2769.51
08116,3159.79
08117,557.82
08119,1074.63
08120,0.65
08121,320.29
08122,119.39
08123,756.16
08124,906.46
08125,925.49
08126,617.12
08128,622.84
08130,872.21
08131,669.78
08132,632.58
08133,410.72
08134,1185.42
08135,196.99
08136,357.55
08137,452.59
08138,1200.23
08140,164.48
08141,1057.67
08142,1244.28
08143,495.36
08144,161.17
08145,597.6
08146,438.15
08147,362.98
08148,758.46
08149,532.69
08150,881.33
08151,478.86
08153,150.42
08154,1200.33
08155,169.85
08156,168.55
08158,272.25
08159,1587.59
08160,461.17
08161,850.08
08162,1305.32
08163,274.22
08164,479.13
08165,569.64
08167,582.94
08168,523.57
08169,1387.34
08170,279.79
08171,173.86
08172,395.51
08173,489.27
08174,354.63
08175,674.62
08176,946.02
08178,1417.01
08179,163.96
08180,473.4
08182,262.37
08183,59.69
08184,353.06
08186,434.23
08187,224.74
08188,45.64
08189,1107.81
08190,615.05
08191,193.44
08192,739.07
08193,1402.19
08194,248.43
08195,685.24
08196,394.62
08197,89.5
08198,2320.74
08199,402.74
08200,606.23
08201,230.18
08202,199.41
08203,379.96
08204,577.94
08205,910.51
08206,227.23
08207,21.65
08208,403.18
08209,128.51
08210,1257.26
08211,346
08212,190.83
08214,54.12
08215,709.57
08216,121.79
08219,1259.55
08220,1311.19
08222,28
08223,280.48
08225,958.16
08226,294.27
08228,274.91
08229,494.2
08230,273.68
08232,332.27
08233,1593.2
08234,69.02
08235,348.18
08236,601.01
08237,23.41
08238,245.07
08239,2624.05
08240,832.78
08243,698.45
08244,189.5
08245,269.22
08246,1540.67
08247,83.85
08248,1158.76
08249,212.1
08250,2270.21
08251,114.73
08252,873.16
08254,590.12
08255,213.7
08256,1141.44
08257,431.76
08259,127.76
08260,344.35
08262,313.14
08263,147.09
08264,2010.41
08268,1146.33
08271,827.63
08272,767.61
08273,583.69
08274,491.05
08275,655.46
08276,408.24
08277,1073.1
08278,347.99
08279,264.65
08280,1423.07
08281,442.71
08282,762.78
08283,506.59
08284,21.25
08286,1493.43
08287,1399.98
08288,308.74
08289,457.03
08291,310.12
08293,248.65
08295,530.16
08296,327.59
08297,25.63
08298,18.03
08301,308.11
08302,18
08303,842.15
08305,814.75
08306,1015.79
08307,365.69
08308,1099.59
08309,728.74
08310,349.73
08311,3048.57
08312,251.74
08313,414.55
08314,1467.31
08315,530.34
08317,304.5
08318,863.81
08319,1118.65
08320,4026.14
08321,808.71
08322,513.62
08323,221.54
08324,422.02
08326,597.97
08327,710.95
08328,0.19
08329,1531.11
08330,1029.02
08331,562.8
08332,433.87
08333,795.49
08334,255.87
08336,396.4
08338,1496.78
08339,2239.85
08340,923.13
08341,766.18
08342,376
08343,572.34
08344,948.73
08346,314.48
08347,1464.49
08348,844.28
08349,149.27
08350,634.82
08351,789.29
08352,225.68
08353,40.23
08354,1230.95
08355,1133.46
08356,594
08357,511.28
08358,667.71
08360,914.97
08361,487.26
08362,1086.46
08364,78.69
08365,187.49
08366,2538.18
08367,966.73
08368,1175
08369,495.91
08370,633.24
08372,299.98
08373,1436.4
08374,153.41
08375,533.77
08376,994.2
08377,238.14
08378,953.48
08379,2176.2
08380,2320.11
08381,918.96
08382,327.34
08383,999.98
08384,657.19
08385,243.53
08386,1880.03
08387,874.9
08388,214.3
08389,660.99
08390,179.52
08391,305.57
08392,1232.8
08393,657.33
08394,704.74
08396,1465.22
08397,216.23
08398,1035.13
08399,277.92
08400,679.59
08401,2710.62
08402,773.41
08403,1267.17
08404,493.08
08405,1188.93
08406,912.34
08407,609.94
08408,47
08409,485.51
08410,3974.95
08411,121.39
08412,15
08413,1535.88
08415,596.48
08416,1397.5
08417,317.46
08418,1894.19
08419,1824.07
08420,899.53
08421,1136.44
08422,552.72
08424,666.1
08425,706.78
08426,699.35
08427,1678.95
08428,847.79
08429,244.87
08430,385.17
08431,721.7
08432,5.55
08433,450.82
08434,519.36
08435,2438.15
08436,536.44
08437,2670.07
08438,722.35
08439,1959.06
08440,651.42
08444,446.33
08445,447.59
08446,820.43
08448,2.38
08449,1292.58
08450,476.03
08451,1679.13
08452,928.86
08454,630.72
08455,260.02
08457,494.34
08458,199.91
08459,167.12
08460,286.11
08461,341.41
08462,1514.42
08463,377.65
08464,129.85
08465,271.62
08466,238.49
08467,131.41
08468,608.36
08469,1727.54
08470,1199.39
08471,241.63
08472,1340.58
08473,626.16
08476,1561.67
08477,326.6
08478,576.59
08479,306.68
08480,36.76
08481,375.85
08482,479.97
08483,140.07
08484,1179.19
08485,1686.39
08486,203.44
08487,27.42
08488,507.1
08489,453.03
08490,2316.91
08491,404.54
08492,284.88
08494,231.02
08496,775.06
08497,188.41
08498,140.35
08499,757.35
08502,1019.44
08503,278.36
09001,303.54
09002,423.41
09003,213.57
09004,8.31
09005,211.63
09006,51.44
09007,316
09008,233.6
09009,327.38
09011,32.77
09012,173.24
09014,357.56
09015,340.65
09016,239.8
09017,453.28
09018,14.02
09019,564.55
09020,96.76
09021,217.7
09022,649.37
09023,183.19
09024,57.25
09025,46.31
09026,281.54
09027,59.96
09029,210.07
09030,159.23
09031,285.27
09032,9.05
09033,18.01
09034,22.53
09035,650.93
09037,60.98
09038,329.25
09039,976.57
09040,299.65
09041,202.5
09042,2795.79
09043,162.64
09044,405.85
09045,216.44
09046,392.69
09047,180.94
09048,413.65
09049,242.68
09050,90.03
09051,368.79
09052,171.77
09053,186.85
09054,756.61
09055,89.56
09056,516.99
09057,223.74
09058,7
09059,134.73
09060,144.37
09061,1056.7
09062,175.92
09063,87.08
09065,437.55
09066,252.86
09067,602.56
09069,59.45
09071,1074.57
09072,248.02
09073,866.48
09074,512.51
09075,489.5
09076,375.23
09077,787.98
09078,197.3
09079,2916.24
09080,190.17
09081,653.77
09082,422.82
09083,89.23
09084,613.74
09085,11.81
09086,324.67
09087,88.06
09088,83.26
09089,270.19
09090,110.81
09091,710.81
09092,45.6
09093,4.96
09094,734.22
09095,177.71
09097,448.69
09098,313.36
09099,428.21
09100,27.05
09101,581.23
09102,130.83
09103,553.3
09104,126.86
09105,732.06
09106,2.28
09107,946.77
09108,839.2
09109,1021.46
09110,214.04
09111,432.78
09113,630.65
09114,83.46
09115,151.18
09116,1271.63
09117,597.59
09118,538.03
09119,410.3
09120,749.87
09121,20.77
09122,485.86
09123,711.78
09124,956.37
09125,14.95
09126,91.18
09127,203.5
09128,346.14
09129,220.76
09130,409.88
09132,839.27
09133,355.17
09134,141.33
09136,90.57
09137,374.93
09138,263.07
09140,114.28
09141,10.62
09142,214.55
09145,263.56
09146,330.33
09147,704.74
09148,127.15
09149,350.86
09150,892.53
09151,288.58
09153,813.36
09155,184.62
09157,408.29
09158,218.5
09160,135.74
09161,1425.03
09162,28.1
09163,606.46
09164,1667.03
09165,531.57
09166,453.27
09167,3040.08
09168,355.58
09169,473.5
09170,109.64
09171,93.53
09173,1126.16
09174,193.82
09175,49.72
09176,59.82
09177,732.98
09178,331.24
09179,278.18
09180,226.03
09181,1753.8
09182,470.34
09183,121.01
09184,165.2
09185,3289.36
09186,110.23
09187,334.12
09188,905.44
09189,300.05
09190,395.07
09192,271.61
09194,3076.94
09195,326.34
09196,12.71
09198,768.55
09199,2351.43
09200,312.12
09201,105.16
09202,677.96
09203,362.14
09204,1072.14
09205,410.1
09206,983.77
09207,349.35
09208,233.89
09209,1617.81
09210,41.58
09211,285.96
09212,250.89
09214,750.43
09215,164.97
09216,196.84
09218,53.12
09219,655.45
09220,79.34
09221,14.19
09223,313.44
09224,1017.92
09225,3151.47
09227,33.73
09228,0
09229,248.81
09231,154.72
09232,520.62
09233,181.94
09234,25
09235,442.28
09236,100.77
09237,36.78
09238,887.32
09239,191.61
09241,931.1
09242,284.94
09243,288.55
09244,101.91
09245,85.16
09246,845.68
09247,295.54
09249,584.15
09250,198.37
09251,347.73
09252,530.65
09253,593.48
09254,61.14
09256,475.48
09257,267.16
09258,718.06
09259,1137.12
09260,276.39
09261,690.83
09264,164.58
09265,23.91
09266,340.81
09267,400.88
09268,529.05
09269,521.16
09270,1012.72
09271,180.59
09272,213.73
09273,0.05
09274,246.97
09275,169.02
09276,832.23
09277,1666.21
09279,135.29
09280,486.22
09281,411.65
09282,4798.88
09283,54.23
09284,603.19
09285,796.72
09289,313.25
09290,142.9
09291,372.75
09292,32.29
09293,702.75
09294,564.24
09295,16.32
09296,65.18
09297,213.47
09298,187.47
09299,271.05
09300,894.57
09301,542.61
09303,268.35
09304,440.12
09307,169.32
09308,448.01
09309,112.37
09310,137.29
09311,117.96
09312,462.98
09313,694.83
09314,65.26
09315,451.76
09316,710.2
09318,225.28
09319,551.75
09320,7.26
09321,115.63
09322,382.38
09323,33.81
09324,127.14
09325,151.4
09326,59.58
09327,1151.93
09328,830.42
09329,237.98
09330,54.85
09331,587.06
09332,733.59
09334,650.32
09336,70.59
09338,245.76
09339,1014.68
09340,393.01
09341,227.34
09342,976.55
10002,68.38
10003,4473.46
10004,1415.55
10005,519.13
10006,1099.36
10007,539.63
10008,834.42
10009,764.56
10010,876.81
10011,670
10012,25.63
10013,359.06
10014,809.54
10015,1269.3
10017,966.72
10018,1698.55
10019,3597.56
10020,2835.76
10021,1802.23
10022,1181.82
10023,1315.59
10024,1131.01
10025,1330.83
10026,398.29
10027,1768.22
10028,2737.61
10029,459.11
10030,53.76
10031,579.58
10032,710.39
10033,1321.22
10034,859.12
10035,839.56
10037,1216.64
10038,647.68
10039,326.79
10040,915.44
10041,342.39
10042,1252.29
10043,867.9
10044,281.05
10045,1425.79
10046,545.81
10047,176.48
10048,872.13
10049,415.66
10050,492.87
10051,688.87
10052,886.33
10053,731.52
10054,738.7
10055,1283.97
10056,1660.97
10057,707.39
10058,1541.06
10059,1207.34
10060,153.45
10061,1097.59
10062,324.4
10063,851.18
10064,606.64
10065,434.79
10066,1063.26
10067,357.66
10068,203.49
10069,692.27
10070,736.27
10071,398.2
10072,214.92
10073,309.51
10074,1020.63
10075,1528.39
10076,976.32
10077,528.41
10078,274.5
10079,775.95
10080,1055.85
10081,294.47
10082,1942.92
10083,69.61
10084,3167.86
10085,1434.92
10086,1368.03
10087,204.56
10089,1235.33
10090,745.13
10091,1006.27
10092,458.26
10093,122.88
10094,2793.94
10095,1205.3
10096,970.9
10097,980.33
10098,2142.59
10099,1125.22
10100,482.95
10101,394.02
10102,143.27
10103,455.23
10105,347.2
10106,655.66
10107,305.84
10108,480.96
10109,185.95
10110,138.76
10111,154.62
10112,460.41
10113,61.66
10114,491.6
10115,1750.44
10116,579.88
10117,417.38
10118,620.26
10119,1009.05
10120,1445.9
10121,2860.7
10122,520.27
10123,800.72
10124,1489.13
10125,2192.82
10126,11.86
10127,1555.14
10128,562.9
10129,567.58
10130,1593.87
10131,2092.62
10132,1139.23
10133,788.49
10134,1761.6
10135,1120.27
10136,376.89
10137,433.46
10138,149.71
10140,627.93
10141,477.17
10142,762.01
10143,1193.67
10144,836.85
10145,2085.48
10146,913.4
10147,143.21
10148,844.59
10149,778.12
10150,93.35
10151,2343.95
10153,1957.49
10154,840.86
10155,800.56
10156,838.1
10157,603.26
10158,876.2
10159,157.36
10160,133.42
10161,1040.81
10162,1405.5
10163,752.57
10164,894.14
10165,225.92
10166,1920.9
10167,558.06
10168,356.97
10169,1173.88
10170,603.8
10171,633.55
10172,1416.25
10173,147.78
10174,1271.77
10175,1383.89
10176,178.47
10177,183
10178,918.46
10179,219.9
10180,749.41
10181,1437.6
10182,402.99
10183,202.93
10184,793.47
10185,970.14
10186,853.53
10187,615.96
10188,672.44
10189,589.17
10190,944.52
10191,106.78
10192,581.82
10193,761.8
10194,1425.76
10195,1599.32
10196,940.25
10197,980.18
10199,438.86
10200,144.2
10201,144.49
10202,5.99
10203,1072.51
10204,255.75
10205,1115.58
10206,1569.5
10207,602.74
10208,1353.35
10209,1015.76
10210,1218.35
10211,1731.62
10212,152.02
10213,1768.21
10214,569.86
10215,823.81
10216,4028.12
10217,523.78
10218,1248.76
10219,793.99
10220,1486.06
10221,685.72
10222,328.5
10223,2643.19
10224,2214.1
10225,690.56
10226,532.61
10227,839.6
10228,497.74
10229,146.67
10230,1255.3
10231,841.49
10232,496.33
10233,678.47
10234,877.46
10235,551.29
10236,1214.48
10237,1078.7
10238,152.78
10239,726.16
10240,850.88
10241,451.64
10242,547.75
10243,383.97
10245,332.14
10246,344.81
10247,534.98
10248,1421.29
10249,926.65
10250,703.8
10251,611.83
10252,1506.15
10253,755.29
10254,688.14
10255,878.6
10256,1320.13
10257,166.74
10258,969.9
10259,889.09
10260,662.53
10261,294.62
10262,439.37
10263,826.97
10264,1291.74
10265,429.37
10266,176.09
10267,1500.56
10268,106.99
10269,1273.74
10270,1816.52
10271,1989.76
10272,722.09
10273,413.74
10274,2023.9
10275,1364.41
10276,879.02
10278,646.26
10279,1084.8
10280,1101.04
10281,709.02
10282,936.27
10283,867.35
10284,538.04
10285,853.38
10286,782.5
10287,2579.59
10288,260.82
10289,3071.76
10290,1474.09
10291,1343.28
10293,732.38
10295,709.57
10296,554.18
10297,204.4
10298,156.05
10299,1303.7
10300,932.9
10301,877.55
10302,878.64
10303,237.15
10304,477.29
10305,731.18
10306,290.13
10307,1107.3
10308,2767.61
10309,650.42
10310,1108.23
10312,588.94
10313,544.94
10314,839.98
10315,275.64
10316,1701.81
10317,1485.7
10318,484.1
10319,1152.53
10320,1073.11
10321,325.88
10323,474.9
10324,437.21
10325,40.38
10326,1009.9
10327,581.58
10328,916.09
10329,833.31
10330,510.68
10331,1123.1
10332,361.76
10333,139.61
10334,1320.65
10335,929.69
10336,841.84
10337,81.18
10338,879.89
10339,1815.42
10340,1442.36
10341,1389.19
10342,420.62
10343,304.92
10344,589.8
10345,635.51
10346,535.83
10347,421.09
10348,2229.06
10349,2241.31
10350,1379.69
10351,1637.61
10352,1495.27
10353,1188.19
10354,896.38
10355,143.66
10356,759.87
10357,917.03
10358,0.3
10359,663
10360,234.19
10361,1105.01
10362,164.7
10363,1610.36
10364,754.01
10365,1565.63
10366,1004.51
10367,1426.1
10368,1235.82
10369,2502.24
10370,766.63
10371,571.09
10372,482.96
10373,504.84
10374,318.93
10375,86.79
10376,630.57
10377,1492.11
10378,398.06
10379,956.14
10380,391.89
10381,873.68
10382,1750.94
10383,1801.42
10384,291.46
10386,1240.05
10387,98.76
10388,297.31
10389,827.13
10390,884.19
10391,1279.77
10392,1191.82
10393,926.71
10394,798.58
10395,663.49
10396,366.09
10397,617.47
10398,1000.58
10399,20.5
10400,694.39
10401,1203.9
10402,199.34
10403,53.68
10404,724.37
10405,205.14
10406,358.31
10408,933.99
10409,772.89
10410,128.88
10412,1365.48
10414,1348.6
10416,809.68
10417,683.55
10418,1143.51
10419,932.05
10420,782.05
10421,393.44
10422,1018.81
10423,983.1
10424,126.18
10425,336.94
10427,693.21
10428,936.32
10429,370.96
10430,1985.37
10431,1053.15
10432,828.06
10433,998.89
10434,118.1
10435,976.44
10436,577.67
10437,369.77
10438,2187.07
10439,243.74
10440,321.09
10441,132.33
10442,1419.68
10443,766.48
10444,987.84
10445,1122.62
11001,1204.22
11002,215.23
11003,206.64
11004,1039.65
11005,1101.28
11006,344.02
11007,389.69
11008,1035.02
11009,1047.25
11010,291.75
11011,296.68
11012,542.52
11013,87.98
11014,443.87
11015,186.45
11016,783.45
11017,0.05
11018,1201.77
11019,252.3
11020,312.37
11022,1582.01
11023,528.49
11024,390.97
11025,256.4
11026,642.98
11027,400.19
11028,493.98
11029,536.73
11030,682.16
11031,52.04
11032,413.64
11033,3065.35
11034,200.46
11035,108.57
11036,413.84
11037,95.88
11038,321.61
11039,247.12
11040,972.61
11041,457.62
11042,203.36
11043,91.72
11044,1341.68
11045,397.33
11046,250.56
11047,70.05
11048,889.44
11049,1403.99
11051,380.56
11052,420.02
11053,440.61
11054,358.6
11055,1061.5
11056,162.69
11057,218.27
11058,296.84
11059,367.42
11060,375.31
11061,369.98
11062,201.36
11063,525.59
11064,562
11065,544.85
11066,508.66
11067,983.31
11068,471.59
11069,2754.31
11070,592.84
11071,261.82
11072,475.22
11073,185.55
11074,715.41
11075,113.34
11076,4347.91
11077,265.52
11078,536.04
11080,362.8
11081,418.45
11082,31.67
11083,5.52
11084,709.05
11085,396.58
11086,168.63
11087,395.37
11088,117.67
11089,460.58
11090,331.95
11091,563.33
11092,20.57
11093,99.7
11094,153.36
11095,86.54
11096,147.45
11098,188.42
11099,806.63
11100,795.25
11101,37.6
11102,375.13
11103,283.16
11104,377.99
11105,210.16
11106,1924.35
11107,273.68
11108,159.78
11109,16.81
11110,105.15
11111,337.58
11112,234.02
11113,383.42
11114,184.3
11115,392.82
11116,1338
11117,186.63
11118,240.84
11119,116.71
11120,397.75
11121,130.37
11122,742.95
11123,148.78
11124,328.15
11125,299.1
11126,555.28
11127,542.06
11128,541.58
11129,186.42
11130,533.48
11131,951.18
11132,1064.57
11133,524.59
11134,455.74
11135,5
11136,2816.98
11137,88.73
11138,570.06
11139,897.21
11140,348
11141,472.17
11142,632.12
11143,228.92
11144,351.05
11145,1435.44
11146,132.44
11147,83.34
11148,207.44
11149,1548.63
11150,342.86
11151,208.16
11152,96.06
11153,260.25
11154,254.64
11155,599
11156,552.73
11157,355.83
11158,578.98
11159,1083.57
11160,56.29
11161,350.25
11162,665.71
11163,33.43
11164,455.77
11165,70.14
11166,377.45
11167,416.38
11168,309.49
11169,287.66
11170,427.84
11172,204.47
11173,691.01
11175,532.15
11176,104.99
11178,939.16
11179,151.32
11180,136.64
11181,1160.08
11182,553.47
11183,535.24
11184,483.56
11185,501
11186,61.74
11187,149.02
11188,542.22
11190,723.88
11191,584.68
11192,840.88
11193,274.76
11194,0.3
11195,396.74
11196,909.1
11197,519.23
11198,1549.38
11199,180.56
11200,6.8
11201,603.28
11202,149
11203,1351.7
11204,144.8
11205,58.15
11206,792.84
11207,190.21
11208,808.5
11209,127.61
11210,868.89
11211,63.14
11212,369.91
11213,1.6
11214,358.07
11215,368.84
11216,536.37
11217,180.75
11218,324.52
11219,49.14
11220,556.99
11221,546.28
11222,29.06
11223,16.7
11224,163.53
11225,1005.11
11226,696.98
11227,401.28
11228,681.88
11229,235.65
11230,217.94
11231,780.69
11233,305.24
11234,593.26
11235,269.43
11236,1491.96
11238,380.64
11239,656.48
11240,38.8
11241,481.52
11242,68.89
11243,1797.32
11244,276.38
11245,66.67
11246,838.59
11247,312.68
11248,265.89
11249,186.6
11251,1056.83
11252,722.82
11253,936.01
11254,4083.73
11255,298.38
11256,439.42
11257,125.48
11258,603.75
11259,897.82
11260,255.84
11261,512.83
11262,4063.07
11263,188.07
11264,439.37
11265,285.81
11266,95.5
11267,542.49
11268,619
11269,1720.14
11270,25.03
11271,92.29
11272,189.39
11273,463.11
11274,453.04
11275,972.62
11276,313.44
11277,479.64
11278,559.63
11279,1419.78
11280,913.21
11281,1714.91
11282,190.17
11283,126.48
11284,486.49
11285,595.05
11286,421.19
11287,528.48
11288,611.47
11289,342.76
11290,1328.01
11291,980.23
11292,890.43
11293,492.98
11294,302.11
11295,693.37
11296,312.67
11297,197.41
11299,273.43
11300,556.6
11301,882
11302,143.61
11303,1013.67
11304,926.54
11305,61.33
11307,345
11308,162.5
11309,703.56
11310,149.87
11311,377.31
11312,761.54
11313,186.38
11314,137.45
11315,1250.62
11316,882.06
11317,201.69
11318,247.18
11320,879.35
11321,226.39
11322,551.11
11323,615.08
11324,342.79
11325,98.12
11326,232.02
11327,437.32
11328,572.51
11330,255.98
11331,551.29
11332,682.39
11333,472.28
11334,692.82
11336,506.95
11337,159.32
11338,331.03
11339,545.48
11340,870.28
11341,198.71
11342,866.91
11343,401.79
11344,547.73
11345,188.19
11346,191.13
11347,9.78
11348,786.62
11350,578.21
11351,1317.42
11352,249.16
11353,348.09
11355,355.04
11356,850.45
11357,600.77
11359,332.54
11360,389.21
11361,1851.62
11362,559.64
11363,234.65
11364,599.29
11365,810.25
11366,315.06
11367,2744.39
11368,121.39
11369,775.28
11370,845.33
11371,1666.41
11372,403.67
11373,190.76
11374,341.03
11375,131.7
11376,72.16
11377,51.68
11378,761.89
11379,645.07
11380,613.43
11381,349.42
11382,131.79
11383,660.28
11384,442.6
11385,767.36
11386,693.26
11387,283.83
11388,156.52
11389,155.74
11390,712.44
11392,223.89
11393,568.77
11394,264.89
11395,95.94
11396,441.02
11397,770.03
11398,54.37
11399,80.79
11400,128.03
11401,949.24
11402,20.97
11404,384.17
11405,284.66
11406,241.61
11407,1159.54
11408,64.42
11409,201.74
11410,261.13
11412,371.4
11413,772.61
11414,145.74
11415,183.44
11416,191.66
11417,469.33
11418,2779.37
11419,444.81
11420,71.29
11421,93.02
11422,56.92
11423,240.92
11424,403.33
11425,146.68
11426,169.8
11427,489.16
11428,595.46
11429,1023.3
11430,643.18
11431,413.45
11432,117.75
11433,770.11
11434,731.84
11435,303.1
11436,216.54
11437,205.12
11438,156.56
11439,275.73
11440,50.9
11441,402.01
12001,803.96
12002,999.23
12003,931.65
12004,1399.79
12006,3030.95
12007,302.86
12008,2004.57
12009,32.47
12010,803.06
12011,4836.44
12012,380.03
12013,690.5
12015,2132.47
12016,1085.51
12017,1028.65
12018,530.78
12019,613.56
12021,6338.94
12022,875.13
12023,462.53
12024,593.55
12025,2878.44
12026,2966.81
12027,670.91
12028,25.13
12029,684.08
12030,39.7
12031,863.89
12032,1824.71
12033,5953.14
12034,611.39
12035,1321.87
12036,2836.63
12037,2135.88
12038,513.93
12039,318.85
12041,728.65
12042,1257.43
12043,2234.86
12044,1979.07
12045,921.58
12046,1659.61
12047,2716.7
12048,729.48
12049,1148.01
12050,2187.59
12051,3353.43
12052,423.58
12053,915.67
12054,1111.56
12055,647.23
12056,2739.11
12057,2349.51
12058,1232.61
12059,2764.03
12060,760.39
12061,1890.41
12062,1937.42
12063,1609.48
12064,1708.62
12065,2414.5
12066,1468.43
12067,983.73
12068,3776.93
12069,2317.91
12070,407.51
12071,1447.63
12072,506.97
12073,1483.82
12074,2600.42
12075,167.02
12077,5606.57
12078,1565.56
12079,1752.79
12080,1113.79
12082,3240.24
12083,235.33
12084,1501.76
12085,1060.88
12086,408.04
12088,3039.01
12089,123.99
12090,3038.67
12091,1481.26
12092,3234.28
12093,849.23
12094,1120.02
12095,938.44
12096,1980.8
12097,758.92
12098,698.99
12099,104.69
12100,1407
12101,420.91
12102,4151.71
12103,2519.22
12104,510.91
12105,2433.88
12106,2707.8
12107,1812.99
12108,1559.51
12109,1665.31
12110,1667.95
12111,1916.99
12113,777.91
12115,442.31
12116,3350.45
12118,1576.83
12119,6082.16
12120,2475.47
12121,1057.52
12122,1016.13
12124,1970.79
12125,823.57
12127,2818.35
12128,1122.06
12129,2982.22
12130,449.57
12131,1977.38
12133,2074.5
12134,432.03
12135,1421.63
12136,2524.84
12137,1237.31
12138,889.31
12139,250.41
12140,2209.5
12141,996.66
12142,1223.14
12143,663.85
12144,890.13
12145,7032.12
12146,382.43
12147,966.62
12148,1368.04
12149,375.87
12150,373.56
12151,313.42
12152,405.81
12153,1076.47
12154,2330.18
12155,2310.56
12156,6804.96
12157,2479.29
12158,389.38
12159,1479.33
12160,129.5
12161,1509.45
12162,3544.99
12163,1522.92
12164,1772.53
12165,868.74
12166,493.39
12167,2062.18
12168,3390.54
12169,1099.18
12170,753.88
12171,1265.7
12172,1678.76
12174,634.31
12175,934.55
12176,2801.44
12177,4510.27
12178,274.52
12179,1200.45
12180,678.4
12181,1356.52
12182,1574.6
12183,298.72
12184,1038.34
12185,2887.46
12186,956.49
12187,3488.48
12188,2502.06
12189,1373.04
12190,1283.58
12191,450.96
12192,1944.21
12193,723.65
12194,2233.71
12195,2286.27
12197,4003.2
12198,3603.78
12199,2231.19
12200,880.77
12201,3711.07
12202,171.19
12203,954.82
12204,1505.4
12205,1067.09
12206,1375.05
12207,2133.39
12208,3582.67
12209,3143.15
12210,1380.35
12211,2722.93
12212,899.11
12213,1705.62
12214,3927.38
12215,1353.42
12216,2051.51
12217,1806.03
12218,4088.42
12219,604.47
12220,3445.02
12221,1668.39
12222,930.82
12223,12916.84
12224,3317.19
12225,2560.45
12226,1011.89
12227,1066.29
12228,1646.53
12229,374.5
12230,1845.06
12231,501.92
12232,3016.74
12233,1872.57
12234,1114.4
12235,1047.66
12236,943.84
12237,1025.59
12238,1964.06
12239,539.32
12240,607.74
12241,2095.59
12242,329.36
12243,2047.23
12244,2834.89
12246,2461.65
12247,3363.82
12248,461.26
12249,1187.24
12250,1539.48
12251,272.71
12252,667.11
12253,6474.12
12254,3803.23
12255,1922.49
12256,562.72
12257,2086.99
12258,3369.93
12259,1616.51
12260,1680.1
12261,628.74
12262,1557.26
12263,1237.36
12264,1958.25
12265,1387.57
12266,4762.13
12267,4363.34
12268,3028.17
12269,1328.9
12270,14037.49
12272,584.1
12273,1795.78
12274,568.19
12275,269.57
12276,1696.42
12277,2267.74
12278,583.69
12280,2336.39
12281,405.1
12282,314.04
12283,2386.46
12284,1422.4
12286,1499.09
12287,1943.99
12288,859.68
12289,673.64
12290,850.56
12291,1843.99
12292,1661.99
12293,1209.85
12294,7475.39
12295,1663.92
12296,1471.55
12297,2255.34
12298,370.94
12299,1628.46
12300,1680.9
12301,3662.88
12303,1334.54
12305,1
12307,2776.72
13001,4128.05
13002,183.9
13003,818.82
13004,43903.63
13005,204.84
13006,1129.29
13007,153.83
13008,104.74
13009,239.09
13010,888.07
13011,227.11
13012,5.33
13013,6.07
13014,782.14
13015,45.13
13016,171.68
13017,451.58
13018,503.84
13019,97.79
13022,235.66
13023,1.45
13024,686.82
13025,140.32
13026,66.65
13027,862.24
13028,68.71
13029,1325.5
13030,772.85
13031,1.47
13032,1268.88
13033,78.47
13034,527.52
13035,3316.14
13036,541.13
13037,234
13038,2064.85
13039,102.16
13040,280.41
13041,198.69
13042,376.19
13043,235.57
13044,1509.65
13045,743.13
13047,3419.05
13048,638.3
13049,1112.48
13050,1895.79
13051,1599.55
13052,916.02
13053,690.69
13054,2.7
13055,113.12
13056,589.83
13057,124.07
13058,2082.72
13059,1067.45
13060,398.29
13061,422.49
13062,123.76
13063,796.36
13064,841.23
13065,1959.54
13066,1347
13067,507.8
13068,394.57
13069,268.36
13070,0
13071,98.72
13072,547.42
13073,19.72
13074,478.91
13075,4.77
13076,216.9
13077,122.02
13078,2559.1
13079,1297.64
13080,1887.85
13081,112.63
13082,1139.61
13083,376.16
13084,672.85
13085,158.22
13086,36.08
13087,632.18
13088,542.13
13089,829.27
13090,37.98
13091,1071.86
13092,272.91
13093,209.9
13094,1283.8
13095,27.01
13096,6870.79
13097,12533.23
13098,52.68
13099,115.82
13100,2375.33
13102,3
13103,6301.92
13104,3.6
13105,1175.79
13106,223.23
13107,84.31
13108,5159.33
13109,50.97
13110,2138.84
13111,615.84
13112,264.31
13113,248.57
13114,357.79
13115,369.29
13116,316.22
13117,689.5
13118,132.55
14001,502.89
14003,300.22
14005,3510.43
14006,1034.39
14007,682.77
14009,647.42
14012,123.69
14014,730.03
14015,286.81
14016,425.13
14019,592.5
14020,208.93
14022,252.98
14023,631.35
14024,0.5
14025,697.2
14026,707.32
14027,4182.2
14030,417.67
14032,665.9
14033,418.27
14034,529.93
14035,787.44
14036,589.89
14037,647.7
14038,385.24
14039,1311.26
14040,228.13
14041,178.19
14042,833.84
14043,418.88
14044,198.67
14045,362.21
14046,826.97
14047,8.97
14049,724.56
14050,490.4
14053,789.67
14054,189.7
14055,546.14
14057,505.16
14061,13567.61
14062,872.05
14063,237.95
14064,414.66
14066,471.61
14068,1127.84
14069,234.49
14070,350.09
14076,38.46
14077,197.73
14078,937.99
14079,281.21
14080,321.12
14082,159.04
14083,1002.32
14084,212.7
14085,822.07
14086,104.87
14087,622.22
14088,372.72
14089,12.19
14090,410.22
14091,380.89
14092,996.23
14093,39.92
14096,1138.9
14097,336.92
14098,2963.58
14100,980.23
14101,4.61
14102,374.68
14103,92.66
14104,207.61
14106,677.54
14107,701.04
14110,140.6
14111,125.26
14116,166.33
14117,17.3
14118,25.06
14119,851.84
14120,2186.23
14121,793.87
14122,328.4
14123,486.3
14124,974.1
14125,498.94
14126,2057.94
14127,645.84
14130,896.41
14131,39.85
14132,842.49
14134,81.06
14135,27.61
14136,279.26
14137,730.54
14138,913.79
14140,844.18
14141,614.97
14143,2530.19
14145,679.9
14146,262.63
14147,427.14
14149,584.88
14150,2295.9
14159,191.9
14160,670.48
14161,747.69
14162,1440.26
14163,189.93
14165,479.31
14166,203.37
14167,258.33
14168,514.59
14169,303.29
14171,623.81
14172,733.47
14173,695.53
14174,4860.95
14175,148.88
14177,835.15
14179,591.74
14180,151.39
14181,85.93
14182,668.57
14183,17.32
14184,246.25
14190,612.28
14191,278.71
14193,362.92
14194,560.51
14195,1089.71
14196,517.98
14197,285.01
14198,161.61
14200,1261.02
14202,90.12
14203,651.99
14204,784.81
14205,563.38
14206,541.03
14207,870.81
14209,354.2
14211,640.8
14214,209.01
14215,190.06
14216,360.77
14218,115.39
14220,63.86
14221,245.23
14223,892.17
14224,274.36
14225,138.15
14226,455.43
14227,590.05
14228,789.66
14229,83.22
14230,136.28
14231,743.43
14232,554.31
14236,590.37
14237,180.07
14238,342.36
14239,940.98
14240,1431.65
14241,1019.38
14243,541.59
14245,1230.19
14246,404.17
14248,175.94
14249,214.37
14250,318.55
14251,802.04
14252,805.73
14254,476.7
14256,798.75
14257,1128.63
14258,646.22
14260,208.07
14261,76.06
14266,152.49
14270,233.6
14271,197.08
14272,648.77
14273,667.28
14274,140.6
14275,355.88
14276,767.04
14277,643.65
14278,864.57
14280,741.23
14281,2275.07
14282,589.69
14283,506.97
14284,500.78
14285,206.97
14286,459.64
14287,650.73
14288,693.12
14289,805.85
14290,671.62
14291,331.83
14293,57.26
14297,121.86
14298,1408.44
14299,433.71
14301,140.03
14302,232.92
14303,440.76
14304,659.87
14305,284.58
14306,245.92
14308,452
14309,290.64
14310,717.99
14311,328.97
14312,1002.27
14316,314.34
14318,270.99
14319,135.92
14320,349.75
14322,552.15
14325,335.87
14326,653.96
14327,138.61
14328,296.82
14329,313.46
14332,763.41
14333,73.54
14334,394.11
14335,899.44
14336,530.56
14337,219.73
14338,59.02
14341,407.68
14342,4722.58
14343,214.52
14344,545.02
14345,541.14
14346,1016.78
14347,927.61
14348,572.82
14349,237.44
14352,2299.74
14353,572.09
14354,253.72
14355,986.03
14357,2861.47
14358,138.27
14360,676.71
14362,568.21
14364,2024.66
14365,259.15
14366,317.88
14367,1159.4
14368,611.75
14369,800.15
14370,2573.52
14371,11514.63
14374,870.72
14375,1.83
14377,1032.42
14378,728.6
14379,523.95
14380,295.8
14381,555.8
14383,510.38
14384,273.97
14385,320.04
14389,72.62
14390,123.01
14391,171.15
14393,270.28
14394,431.64
14396,921.84
14397,548.66
14398,1028.94
14399,230.18
14400,520.8
14401,52.28
14402,138.41
14403,666.62
14404,340.45
14405,1016.73
14406,1623.82
14407,543.51
14408,1530.16
14409,304.78
14410,829.95
14411,117.71
14412,273.61
14419,824.8
14421,106
14424,376.02
14425,842.69
14426,491.76
14427,112.5
14430,559.16
14431,5929.6
14435,576.27
14436,329.68
14437,55.23
14438,114.25
14439,616.67
14445,13.54
14446,233.74
14448,316.89
14449,71.33
14452,1453.27
14453,637.12
14454,393.99
14455,1049.13
14456,1885.9
14457,1218.02
14458,572.96
14460,1047.9
14461,314.07
14465,307.46
14466,253.13
14467,352.81
14468,148.93
14469,651.89
14474,1396.45
14475,1825.57
14476,177.34
14478,961.65
14480,860.38
14482,193.92
14483,68.23
14484,402.06
14486,1384.62
14487,160.69
14488,200.15
14492,220.06
14494,316.61
14495,364.62
14496,189.26
14497,787.84
14498,1082.98
14499,347.68
14500,341.38
14501,829.61
14502,358.54
14504,780.34
14506,724.37
14509,319.85
14510,143.84
14511,267.44
14512,105.48
14514,574.24
14515,187.03
14516,641.32
14519,152.35
14520,1072.62
14522,679.38
14524,201.35
14527,1799.51
14528,478.03
14529,186.57
14530,508.95
14531,352.2
14533,189.2
14534,295.34
14535,266.38
14536,118.27
14538,554.02
14540,107.84
14541,364.1
14542,213.39
14543,1770.84
14546,772.24
14547,377.98
14550,557.93
14552,1324.27
14554,1339.24
14555,603.96
14556,156.08
14557,140.73
14558,391.9
14559,461.37
14563,250.57
14565,341.58
14566,494.04
14569,298.02
14570,1578.5
14571,259.19
14572,270.14
14574,1216.87
14575,1341.77
14576,1330.6
14578,1041.74
14579,2966.43
14581,3727.21
14582,916.14
14586,192.72
14587,260.84
14588,245.07
14589,389.36
14590,825.26
14591,755.05
14592,498.73
14593,429.14
14595,39.38
14598,149.4
14601,773.36
14602,348.04
14603,462.04
14605,24.25
14606,103.54
14607,510.44
14609,373.48
14610,1206.82
14613,443.37
14614,1689.93
14619,559.63
14620,2.25
14621,361.74
14622,604.73
14625,709.04
14626,229.55
14627,686.64
14630,576.61
14635,384.23
14637,271.32
14639,403.78
14640,38.94
14643,870.93
14644,1182.34
14645,716.85
14646,138.84
14648,506.01
14649,397.04
14650,261.53
14651,439.11
14652,526.81
14654,11752.91
14656,556.11
14657,371.15
14658,6162.41
14659,851.87
14660,140.33
14661,268.21
14663,345.08
14664,977.48
14666,15.86
14667,1234.24
14668,355.56
14669,614.82
14672,2069.08
14674,534.27
14675,522.58
14676,450.76
14677,284.58
14678,664.04
14679,20.77
14680,384.05
14681,412.91
14682,55.75
14684,354.19
14685,607.01
14687,44.58
14689,2415.5
14692,574.29
14694,223.94
14698,341.09
14699,203.75
14700,446.35
14701,431.38
14705,296.22
14706,153.94
14707,290.87
14708,814.64
14709,64.73
14710,385.72
14711,791.07
14712,427.23
14713,428.28
14714,909.2
14715,0.2
14716,723.96
14719,160.59
14720,913.43
14721,753.57
14723,565.42
14724,710.77
14726,13085.92
14728,295.57
14731,188.06
14732,512.49
14733,434.9
14734,241.62
14735,1716.74
14737,916.5
14738,323.87
14739,593.27
14740,1223.04
14741,190.67
14742,121.31
14743,578.55
14744,332.47
14745,2.5
14747,679.07
14748,14.15
14751,747.45
14752,15.52
14753,597.04
14754,360.72
14755,17.59
14756,438.66
14758,213.91
14759,836.02
14760,429.92
14761,478.66
14762,10549.88
14764,1655.92
15001,3494.76
15002,1185.37
15003,2096.22
15004,1708.62
15005,512.45
15006,3192.35
15007,1620.22
15008,472.06
15009,913.04
15010,645.32
15011,955.8
15012,3786.8
15013,1389.17
15014,2231.65
15015,1502.88
15016,1805.18
15017,1074.52
15018,898.57
15019,390.35
15020,313.57
15021,2075.43
15022,898.96
15024,228.56
15025,1142.57
15026,1831.04
15027,2212.03
15028,1168.61
15029,1699.95
15030,216.87
15032,675.37
15033,3539.8
15034,1360.65
15036,1544.16
15037,1168.41
15038,2297.33
15040,1498.6
15041,698.28
15042,1485.6
15043,792.04
15045,3412.21
15046,1171.88
15048,332.19
15049,2157.21
15050,1438.14
15051,1194.02
15052,1030.6
15053,1991.4
15054,2344.19
15055,1378.62
15056,1149.45
15057,854.29
15058,838.32
15059,1167.05
15060,385.56
15061,3607.4
15063,1506.66
15064,320.01
15065,794.88
15066,633.18
15067,247.68
15069,1182.86
15070,678.33
15072,1096.51
15073,579.98
15074,1184.54
15075,567.59
15076,1231.84
15077,607.81
15078,1918.76
15079,1162.91
15080,1407.38
15081,865.9
15082,1652.61
15083,1904.23
15084,1388.09
15085,497.27
15086,517.19
15087,1077.97
15088,1131.75
15089,1572.68
15090,621.89
15091,945.51
15092,1610.29
15093,288.5
15094,359.22
15095,998.4
15096,1017.56
15097,806.46
15098,917.75
15100,976.05
15101,496.17
15102,1182.81
15103,434.8
15104,2034.73
15105,599.16
15106,2020.04
15107,1386.78
15108,4798.31
15110,1035.73
15111,457.29
15112,1189.51
15113,1383.92
15114,3780.35
15116,1195.05
15117,3305.52
15118,2315.08
15119,1130.9
15120,1299.96
15121,912.57
15122,2416.21
15123,1116.66
15124,1826.25
15125,1189.76
15126,955.01
15127,317.98
15128,429.78
15129,1026.24
15130,783.38
15131,1515.26
15132,1062.69
15133,277.16
15134,1057.65
15135,440.16
15137,1256.94
15138,1318.7
15139,919.23
15140,537.14
15142,7176.55
15143,337.24
15144,1013.81
15146,1308.09
15147,1400.04
15148,4195.04
15149,1297.57
15151,2095.61
15152,2811.03
15153,4455.95
15154,2434.23
15155,806.05
15156,2116.19
15157,897.08
15158,1065.26
15159,1128.64
15160,567.58
15161,1080.28
15162,3387.28
15163,2307.77
15164,1434.83
15165,1143.49
15166,964.98
15167,419.4
15168,1263.87
15169,491.26
15170,1136.28
15172,829.92
15173,629.09
15174,3132.17
15175,3653.45
15176,1372.92
15178,991.63
15179,846.64
15180,1144.59
15181,2409.16
15182,512.62
15183,746.34
15184,1051.93
15185,1323.54
15186,1125.45
15187,1220.41
15188,2483.53
15189,850.3
15190,1519.54
15191,2684.22
15192,816.47
15194,341.65
15196,2847.95
15198,1049.32
15199,750.57
15200,1240.14
15201,1653.71
15202,1719
15203,1099.74
15204,1390.99
15205,1338.66
15206,780.77
15207,2781.27
15208,446.22
15209,1480.81
15211,2314.21
15212,1062.05
15213,2429.98
15214,1920.9
15215,1782.23
15216,4348.92
15217,381.64
15218,165.39
15219,285.32
15220,805.26
15221,689.26
15222,1043.77
15223,1126.06
15224,377.26
15225,1687.55
15226,1344.27
15228,2343.53
15229,1184.23
15230,534.7
15231,3281.69
15232,1219.96
15233,688.89
15234,753.37
15235,1486.8
15236,1658.61
15237,1096.54
15238,540.91
15240,830.48
15241,870.87
15242,795.58
15243,2666.02
15244,652.5
15245,1008.51
15246,1504.54
15248,3547.31
15249,832.99
15250,1086.34
15251,627.44
15252,653.34
15253,986.97
15254,574.84
15255,1231.02
15256,1401.73
15257,705.08
15258,1631.85
15259,2009.13
15260,54.41
15261,2879.7
15262,1769.26
15263,504.85
15264,1078.88
15265,708.5
15266,829.3
15267,3188.86
15268,1073.87
15269,241.81
16001,1309.74
16002,632.57
16003,384.78
16005,1334.21
16007,2482.64
16008,1263.16
16009,2308.64
16011,1647.36
16012,1324.37
16013,542.28
16014,365.78
16015,168.14
16016,1825.73
16018,787.18
16019,1493.28
16020,1.92
16023,1255.07
16024,1275.75
16025,2217.91
16026,988.71
16027,607.73
16028,1827.9
16029,970.34
16030,1459.39
16031,497.47
16032,325.04
16034,206.29
16035,564.42
16036,549.77
16037,615.31
16038,1241.17
16039,633.35
16040,755.23
16041,231.58
16042,928.62
16044,370
16045,1225.69
16046,1097.63
16047,1324.65
16048,379.87
16049,1273.71
16050,940.2
16052,1387.1
16053,308.52
16054,927.37
16055,786.18
16056,606.41
16057,968.01
16058,386.57
16059,997.69
16060,1204.28
16061,1288.96
16062,412.26
16063,1141.75
16064,2193.95
16065,2828.65
16066,840.87
16067,31.48
16068,1738.4
16069,415.03
16070,1513.99
16071,1621.47
16072,1208.17
16073,815.97
16074,1224.95
16075,1168.19
16076,1348.77
16077,442.47
16078,2539.99
16079,870
16081,414.83
16082,2428.02
16083,1082.03
16084,772.26
16085,1837.88
16086,1293.6
16087,981.6
16088,1256.15
16089,536.77
16090,1270.15
16091,642.25
16093,1128.5
16095,1286.69
16096,1940.94
16097,2749.52
16098,100.88
16099,558.28
16100,1893.27
16101,370.2
16102,195.47
16103,382.53
16104,640.03
16105,1368.01
16106,1245.43
16107,603.99
16108,770.36
16109,847.99
16110,2332.69
16111,1232.09
16112,23.33
16113,900.23
16114,1346.93
16116,986.92
16117,139.03
16118,312.47
16119,739.02
16120,556.69
16121,557.38
16122,1270.84
16123,1310.43
16124,612.75
16125,943.48
16127,584.11
16128,730.95
16130,224.04
16131,1212.02
16132,1691.77
16133,618.5
16134,916.1
16135,490.56
16136,1898.63
16137,1899.57
16138,248.21
16139,317.18
16141,942.19
16142,1037.06
16143,1866.62
16144,512.64
16145,774.48
16146,813.72
16148,1784.08
16150,1178.14
16151,680.75
16152,1400.03
16153,1037.64
16154,323.53
16155,1161.34
16157,466.5
16158,987.52
16160,1394.04
16161,357.55
16162,1190.77
16163,726.09
16164,762.23
16165,329.78
16166,0.65
16167,549.65
16168,804.58
16169,300.16
16170,863.18
16171,1214.73
16173,1109.7
16174,150.89
16175,3081.28
16176,674.86
16177,398.92
16178,255.97
16180,1066.56
16181,1916.8
16182,2436.2
16183,1663.18
16184,97.62
16185,1007.38
16186,1503.28
16187,358.22
16188,612.09
16189,861.4
16190,482.79
16191,848.18
16192,4190
16193,460.69
16194,1169.82
16195,812.97
16196,719.42
16197,902.42
16198,2468.59
16199,1.39
16200,9.3
16203,367.35
16204,3549.53
16205,939.04
16206,619.41
16207,1097.71
16208,678.39
16209,1165.01
16210,754.86
16211,324.57
16212,1976.52
16213,1281.6
16215,78.66
16216,1432.69
16217,347.7
16218,332.06
16220,298.04
16221,1539.34
16222,1271.66
16223,2534.7
16224,1693.58
16225,940.1
16227,649.52
16229,156.85
16230,3039.01
16231,1214.82
16232,746.6
16233,658.88
16234,1403.52
16236,1884
16237,837.47
16239,810.93
16240,184.44
16241,611.89
16242,3901.41
16243,938.38
16244,230.74
16245,1811.19
16246,1145.21
16248,1030.85
16249,1713.11
16250,217.85
16251,460.03
16252,661.41
16253,2198.49
16254,141.86
16255,591.54
16256,598.18
16258,1060.81
16260,2268.64
16261,1200.62
16263,621.14
16264,1671.36
16267,626.15
16268,1019.73
16269,1351
16270,1564.58
16271,63.57
16272,534.65
16273,269.3
16275,1481.04
16276,1413.19
16277,473.95
16279,516
16280,782.93
16281,631.93
16282,854.13
16283,1027.77
16284,710.98
16285,676.43
16286,4823.25
16287,3035.25
16289,591.66
16290,687.86
16291,704.18
16292,225.77
16293,597.99
16295,732.5
16297,420.8
16298,1109.07
16300,2211.36
16301,1191.37
16302,165.21
16303,2178.46
16304,201.89
16306,1587.34
16307,600.33
16308,1250.94
16310,971.1
16312,2949.65
16315,977.98
16316,638.5
16317,2379.24
16318,551.94
16320,1963.93
16321,456.58
16323,810.31
16325,149.51
16326,237.85
16329,1358.69
16330,775.89
16331,557.63
16334,1319.56
16335,572.66
16336,834.03
16337,3559.99
16338,458.81
16339,4259.42
16340,911.38
16342,921.77
16343,689.59
16345,1013.29
16346,905.05
16347,1495.52
16348,705.63
16349,1713.43
16350,929.88
16352,300.52
16353,498.1
16354,460.06
16356,177.96
16357,522.92
16358,160.53
16359,1475
16360,666
16361,927.1
16362,1394.72
16363,2183.53
16364,345.24
16365,465.47
16366,3160.46
16368,134.86
16369,1512.63
16370,535.38
16372,275.95
16373,1054.3
16374,55.84
16375,962.7
16377,128.06
16378,1692.4
16379,1076.89
16380,580.68
16381,787.63
16382,1186.62
16383,767.3
16384,673.77
16387,569.53
16388,274.42
16389,282.94
16390,721.87
16392,176.74
16393,2425.28
16394,734.8
16395,947.4
16396,681.04
16397,1423.92
16398,822.1
16399,993.2
16400,411.1
16401,310.55
16402,249.63
16403,483.05
16404,309.84
16405,510.47
16406,697.24
16408,916.43
16409,1798.54
16412,238.2
16413,375.35
16414,566.87
16415,739.36
16416,1984.89
16418,258.71
16419,475.72
16420,623.85
16421,972.3
16422,725.86
16423,290.47
16424,970.71
16425,1013.77
17002,169.11
17003,1351.2
17004,56.38
17005,1325.81
17006,506.9
17007,1019.11
17008,2017.26
17009,916.67
17010,451.81
17011,198.79
17012,794.6
17013,1732.63
17015,1866.05
17016,748.26
17017,1342.78
17018,445.8
17019,227.75
17020,977.17
17021,764.36
17022,1684.52
17023,1220.33
17024,2167.97
17025,1355.72
17026,716.28
17027,573.46
17028,179.4
17029,653.8
17030,1465.01
17031,519.99
17032,1089.34
17033,264.39
17034,590.54
17035,824.82
17036,266.35
17037,1735.72
17038,145.61
17039,352.82
17041,1230.27
17042,1371.29
17043,1827.36
17044,2365.83
17045,662.69
17046,657.16
17047,758.75
17048,303.44
17049,459.77
17050,1308.45
17051,233.51
17052,635.69
17053,1218
17054,309.22
17055,371.08
17056,871.93
17057,1233.24
17058,82.72
17059,97.11
17060,595.02
17061,290.87
17062,1240.72
17063,2656.38
17064,1189.9
17065,1123.19
17066,1138.58
17067,499.8
17068,230.5
17069,32.1
17070,1040.54
17071,1631.29
17072,605.34
17073,415.3
17074,203.26
17075,1305.33
17076,480.83
17077,368.71
17078,1373.91
17079,88.46
17080,1949.03
17081,227.2
17082,1026.09
17083,1317.6
17084,829.82
17085,981.48
17086,1555.77
17087,657.95
17089,452.56
17091,2646.03
17092,211.77
17093,1.62
17094,20.89
17095,274.99
17096,357.24
17097,820.84
17098,1408.57
17099,557.06
17100,1774.9
17101,1231.17
17102,920.05
17104,1360.98
17105,1227.39
17106,479.14
17107,1734.53
17108,338.54
17109,531.15
17110,250.73
17111,1426.93
17112,188.8
17113,406.64
17114,1597.76
17115,494.92
17116,294.55
17117,674.7
17118,0.84
17119,1720.88
17120,2331.06
17121,220.85
17122,822.32
17124,1635.98
17125,316.31
17126,605.35
17127,1632.02
17128,1044.7
17129,815.46
17130,701.16
17131,988.27
17132,1533.32
17133,662.09
17134,773.83
17135,503.74
17136,620.51
17137,115.2
17138,843.49
17139,1202.04
17140,361.01
17141,986.45
17142,1708.03
17143,1114.48
17145,1571.95
17146,1871.92
17147,990.19
17148,824.43
17149,394.99
17150,992.96
17152,1142.97
17153,459.06
17154,701.03
17155,519.68
17156,259.61
17157,340.13
17158,470.31
17159,544.16
17160,1137.2
17161,331.08
17162,1239.31
17163,542.43
17164,111.84
17165,855.16
17166,1026.13
17167,598.91
17168,0
17171,1800.33
17172,2397.3
17173,970.39
17174,2859.67
17175,585.66
17176,855.06
17177,427.55
17178,231.62
17179,433.53
17180,402.73
17181,227.52
17182,758.05
17183,1635.37
17184,461.16
17185,1722.27
17186,926.99
17187,412.12
17188,1591.98
17190,192.81
17191,232.15
17192,1643.47
17193,881.05
17194,1244.52
17195,64.17
17196,1015.79
17197,611.97
17198,1009.39
17199,254.24
17200,195.76
17201,424.72
17202,1544.58
17203,1641.05
17204,750.35
17205,1136.87
17206,1705.73
17207,53.35
17208,1115.66
17209,243.29
17210,968.64
17211,594.81
17212,355.39
17213,426.9
17214,632.5
17215,198.04
17216,599.13
17217,1356.54
17218,6939.74
17219,1595.71
17220,860.57
17221,2042.95
17222,587.32
17223,493.27
17224,1099.03
17225,434.19
17226,1074.14
17227,650.98
17228,1963.18
17229,142.17
17230,696.03
17231,348.51
17232,2176.71
17233,705.17
17234,795.68
17235,878.38
17236,1743.02
17237,1201.03
17239,1177.15
17240,721.83
17241,621.98
17242,1405.29
17243,315.98
17244,880.1
17245,413.53
17246,518.73
17247,212.11
17248,995.06
17249,904.16
17250,510.65
17252,619.42
17253,2019.88
17254,0
17255,645.54
17256,750.76
17257,1847.24
17258,498.51
17259,1011.27
17260,971.46
17261,1187.57
17262,913.79
17263,691.49
17264,721.36
17265,1078.45
17266,2159.02
17267,1677.18
17268,1544
17269,1139.37
17270,1457.11
17271,1472.02
17273,2077.97
17274,448.55
17275,259.09
17276,284.68
17277,3410.22
17278,413.2
17279,690.1
17280,1619.26
17281,485.04
17282,645.3
17283,2226.36
17284,704.7
17285,862.87
17287,483.38
17288,680.23
17289,491.84
17290,336.48
17291,395.92
17292,1123.67
17293,1435.79
17294,596.3
17295,1916.76
17296,969.86
17297,5.52
17298,1554.67
17299,128.51
17300,0
17301,340.19
17302,1052.32
17303,803.72
17304,719.25
17305,865.44
17306,837.57
17307,1783.61
17308,1020.01
17309,551.51
17310,1558.21
17311,394.13
17312,1815.92
17313,581.56
17314,700.13
17315,1145.88
17316,948.13
17317,1419.87
17318,90.15
17319,271.7
17320,1596.54
17321,1243.34
17322,1695.52
17323,552.64
17324,408.55
17325,1431.11
17326,1002.28
17327,1049.07
17328,1552.42
17329,702.8
17330,2256.86
17331,851.99
17332,726.7
17333,258.04
17335,255.05
17336,1576.89
17337,413.84
17338,2447.65
17339,1157.26
17340,2058.98
17341,530.39
17342,919.33
17343,352.25
17344,1225.22
17345,396.5
17346,820.2
17347,742.53
17348,260.06
17349,4300.07
17350,483.12
17351,1868.35
17353,1341.18
17354,645.27
17355,1667.7
17356,1558.93
17357,1039.92
17358,1418.38
17359,1464.22
17360,242.53
17361,217.82
17362,365.54
17363,174.72
17364,1156.09
17365,129.8
17366,395.01
17367,811.94
17369,9.43
17372,214.39
17373,2256.59
17374,191.44
17375,1409.44
17376,952.12
17377,379.05
17378,624.58
17379,730.92
17380,275.04
17381,745.2
17382,1944.33
17383,1686.42
17384,634.22
17385,1203.66
17386,39.4
17387,591.07
17388,363.33
17389,744.66
17390,416.82
17391,411.38
17393,2351.51
17394,1896.92
17395,281
17396,1294.52
17397,2748.4
17398,491.66
17400,472.74
17401,426.87
17402,636.49
17403,1096.77
17404,1069.89
17405,499.3
17406,390.49
17407,1584.92
17408,762.51
17409,834.93
17410,2350.38
17412,199.83
17413,1489.32
17414,1398.95
17415,2302.28
17416,590.31
17417,598.85
17418,1405.7
17420,660.34
17421,1422.67
17422,662.96
17423,78.72
17424,578.09
17425,2552.33
17426,112.82
17427,1014.49
17428,1497.13
17429,1009.01
17430,640.7
17431,1887.74
17432,132.35
17433,421.89
17434,2691.26
17435,152
17436,740.36
17437,208.13
17438,749.57
17439,1165.62
17440,274.78
17441,474.27
17442,235.71
17443,1455.49
17444,1451.32
17445,1031.79
17446,738.01
17447,1801.49
17448,2003.43
17449,3223.28
17450,1587.56
17451,1924.9
17452,177.26
17453,968.81
17454,792.4
17455,2444.75
17457,1571.49
17458,716.94
17459,1487.27
17460,855.04
17462,297.32
17464,811.79
17465,1067.81
17466,1435.76
17467,116.03
17468,517.28
17469,890.55
17470,583.48
17471,1536.75
17472,899.15
17473,968.08
17474,947.35
17476,975.34
17477,976.46
17478,353.9
17479,829.26
17480,886.14
17481,488.62
17482,767.88
17483,884.56
17484,503.77
17485,0
17486,85.37
18001,618.84
18002,887.79
18003,1048.31
18004,491.65
18005,1697.89
18006,1086.58
18007,304.07
18008,1445
18009,1036.62
18010,1653.17
18011,3208.32
18012,444.01
18013,900.19
18014,1249.42
18015,2939.16
18016,731.95
18017,3879.02
18018,2452.44
18019,3517.97
18020,362.35
18021,1586.49
18022,2299.81
18023,4702.47
18024,1579.35
18025,358.18
18026,239.35
18027,1554.39
18028,3121.01
18029,1762.54
18030,3876.74
18031,3209.14
18032,1106.8
18033,2343.96
18034,319.24
18035,4038.2
18036,1892.24
18037,872.72
18038,1098.07
18039,499.92
18040,3146.45
18041,2055.04
18042,464.87
18043,1409.6
18044,965.17
18045,988.66
18046,1223.43
18047,782.55
18048,1201.99
18049,631.3
18050,68.45
18051,821.52
18052,3330.93
18053,2121.35
18054,1602.81
18055,472.66
18056,866.06
18057,1927.83
18058,1097
18059,2573.33
18060,7
18061,1014.66
18062,773.68
18063,1360.54
18064,753.59
18065,1509.21
18066,3872.37
18067,1470.13
18068,627.96
18069,1208.22
18070,735.13
18071,732.79
18072,1890.7
18073,1526.83
18074,765.53
18075,709.36
18076,2140.81
18077,723.96
18078,374.09
18079,1456.31
18080,774.44
18081,1280.08
18082,582.09
18083,2714.74
18084,1619.92
18085,1298.48
18086,0.36
18087,3370.93
18088,2819.8
18089,3553.01
18090,2899.62
18091,99.73
18092,1516.28
18093,1268.39
18094,1134.68
18095,421.86
18096,748.43
18097,249.19
18098,763.33
18099,1388.18
18100,2588.84
18101,3375.42
18102,1741.47
18103,2391.46
18104,1220.03
18105,2149.81
18106,1147.08
18107,292.31
18108,2446.81
18109,1985.46
18110,2956.91
18111,1971.16
18112,2231.51
18113,1315.52
18114,1829.75
18115,5232.15
18116,2174.62
18117,3893.31
18118,578.46
18119,1105.19
18120,1455.1
18121,887.93
18122,575.4
18124,2603.92
18125,374.23
18126,1630.92
18127,796.38
18128,1859.81
18129,1749.19
18130,1899.46
18132,2665.14
18133,1824.91
18134,1041.99
18135,1308.11
18136,1788.11
18137,910.04
18138,2572.08
18139,649.23
18140,2290.81
18141,879.41
18142,1525.99
18143,1165.99
18144,3125.77
18145,2209.47
18146,101.62
18147,149.8
18148,1428.81
18149,3104.75
18150,655.1
18151,2105.16
18152,1823.13
18153,1553.37
18154,672.3
18155,335.12
18156,448.99
18157,1018.15
18158,729.38
18159,406.67
18160,3179.35
18161,2190
18162,1001.74
18163,2863.92
18164,2199.71
18165,185.83
18166,2437.71
18167,1893.03
18168,744.97
18169,396.29
18170,5162.31
18171,1266.69
18172,101.31
18173,3601.6
18174,2131.69
18175,1790.26
18176,753.15
18177,181.83
18178,989.81
18179,1154.06
18180,3602.69
18181,1424.72
18182,957.5
18183,355.6
18184,815.68
18185,1048.35
18186,501.12
18187,3595.47
18188,1708.48
18189,668.75
18190,1126.25
18191,794.66
18192,1776.08
18193,2141.23
18194,2928.51
18195,1743.18
18196,1250
18197,475.02
18198,4002.5
18199,1502.83
18200,991.64
18201,2126.47
18202,296.9
18203,1341.1
18204,2736.99
18205,438.56
18206,705.15
18207,489.59
18208,1322.7
18209,1361.91
18210,751.73
18211,1188.62
18212,2601.88
18213,847.57
18214,876.45
18215,1459.13
18216,4532.65
18217,1114.41
18218,1235.48
18219,736.23
18220,584.59
18221,1381.09
18223,846.12
18224,2120.13
18225,2045.5
18226,1664.26
18227,707.61
18228,657.04
18229,1737.57
18230,1555.8
18231,2005.89
18232,1481.01
18233,78.42
18234,2433.77
18235,1779.04
18236,770.72
18237,2002.67
18238,866.72
18240,886.28
18241,737.16
18242,3730.77
18243,1622.38
18244,732.2
18245,2942.06
18246,2313.41
18247,768.28
18248,1147.15
18249,1385.21
18250,545.26
18251,1364.16
18252,2285.64
18253,2051.24
18254,846.88
18255,1098.54
18256,1173.87
18257,1065.65
18258,1897.65
18259,2723.47
18260,838.21
18261,1333.1
18262,451.02
18263,492.41
18264,456.91
18265,196.3
18266,1733.23
18267,1795.35
18268,1338.27
18269,269.61
18270,1543.04
18271,1596.94
18272,2067.17
18273,1845.8
18274,923.35
18275,1505.72
18276,1496.58
18277,15.52
18278,2682.24
18279,866.7
18280,263.5
18281,433.31
18282,1903.86
18283,1074.97
18284,952.68
18285,1737.74
18286,3336.35
18287,711.58
18288,1150.89
18289,2868.37
18290,130.07
19001,1163.49
19002,2776.93
19003,484.43
19004,1938.1
19005,2194.96
19006,813.41
19007,1007.06
19008,336.74
19009,99.42
19010,540.42
19011,986.21
19012,425.12
19013,236.4
19014,630.61
19015,759.24
19016,1114.63
19017,394.4
19018,601.97
19019,259.8
19020,506.78
19021,381.96
19022,1948.58
19023,1834.91
19024,1104.77
19025,1295.25
19026,456.5
19027,1214.12
19028,713.21
19029,582
19030,1011.08
19031,464.79
19033,561.09
19034,1379.56
19035,499.96
19036,3419.21
19037,3424.23
19038,1054.66
19039,282.98
19040,435.23
19041,345.59
19042,626.23
19043,289.54
19044,398.54
19045,647.08
19046,133.39
19047,719.2
19048,167.8
19049,197.09
19050,867.73
19051,583.69
19052,138.74
19053,554.29
19054,568.76
19055,568.24
19056,267.35
19057,318.03
19058,722.61
19059,917.64
19060,2362.57
19061,320.06
19062,2077.99
19063,363.35
19064,913.89
19065,470.37
19066,969.65
19067,470.14
19068,795.19
19069,311.73
19070,643.58
19071,1141.78
19072,1194.21
19073,217.96
19074,755.48
19075,382.04
19076,822.64
19077,399.01
19078,881.35
19079,2189.72
19080,1891.91
19081,312.41
19082,275.45
19083,1008.82
19084,159.75
19085,337.6
19086,1899.23
19087,483.62
19088,95.04
19089,185.49
19090,288.92
19091,660.91
19093,428.62
19094,1228.52
19095,491.59
19096,605.67
19097,366.92
19098,698.7
19099,1194.54
19100,1751.47
19101,163.71
19102,751.27
19103,814.59
19104,70.98
19105,803.79
19106,569.96
19107,283.54
19108,788.65
19109,370.46
19110,693.81
19111,389.65
19112,1186.84
19113,987.62
19115,670.51
19116,513.24
19117,437.69
19118,2436.38
19119,212.16
19120,539.92
19121,3544.33
19122,284.13
19123,282.34
19124,824.79
19125,499.93
19126,197.05
19128,561.73
19129,809.71
19130,235.54
19131,3315.31
19132,171.3
19133,1312.27
19134,367.58
19135,480.86
19136,2715.37
19137,77.71
19138,675.93
19139,835.6
19140,1234.88
19141,342.24
19142,626.44
19143,1001.43
19144,809.47
19145,430.45
19146,1589.26
19147,209.63
19148,2094.17
19149,556.18
19150,417.47
19151,289.42
19152,320.82
19153,74.39
19154,1092.8
19155,643.71
19156,248.42
19157,593.83
19158,443.9
19159,273.17
19160,1016.26
19161,882.77
19162,1380.19
19163,533.41
19164,3364.68
19165,448.99
19166,236.63
19167,136.88
19168,178.36
19169,666.47
19170,441.35
19171,802.12
19172,432.42
19173,1795.66
19174,21.05
19175,51.51
19176,858.49
19177,373.53
19178,1363.29
19179,197.59
19180,1030.71
19181,1287.47
19182,498.32
19184,324.5
19186,296.07
19187,572.87
19188,779.72
19189,231.64
19190,1023.22
19191,123.99
19192,335.32
19193,690.85
19194,1310.36
19195,460.88
19196,352.78
19198,584.56
19199,940.26
19200,106.89
19201,1490.11
19202,1553.86
19203,1301.28
19204,772
19205,450.75
19206,590.37
19207,819.73
19208,1099.84
19209,983.47
19210,359.84
19211,1144.17
19212,484.98
19213,1742.91
19214,1595.71
19215,711.28
19216,1513.17
19217,305.79
19219,27.69
19220,640.56
19221,7
19222,735.2
19225,103.98
19226,1736.07
19227,795.88
19228,315.58
19229,653.98
19231,316.81
19232,547.5
19233,603.26
19234,734.59
19235,390.63
19236,36.85
19237,1096.86
19238,1060.17
19239,92.56
19240,862.43
19241,1809.9
19242,401.11
19243,746.34
19244,487.47
19245,117.99
19246,826.77
19247,798.01
19248,4988.94
19249,1357.65
19250,1969.64
19251,741.97
19252,2812.04
19253,1110.69
19254,501.74
19255,1282.04
19256,930.12
19257,889.71
19258,1084.76
19259,909.35
19260,391.91
19261,1610.75
19262,925.95
19263,90.74
19264,1349.69
19265,1833.9
19266,494.15
19268,354.31
19269,1175.71
19270,933.96
19271,300.54
19272,297.93
19273,804.29
19274,642.93
19275,1533.48
19276,1098.85
19277,1072.97
19278,954.87
19279,479.61
19280,823.88
19281,271.89
19283,203.46
19284,876.11
19285,2684.75
19286,478.7
19287,1664.62
19288,1197.48
19289,1536.63
21001,826.64
21002,554.68
21003,317.49
21004,1686.03
21005,379.87
21006,318.77
21007,728.18
21009,2166.72
21010,118.81
21011,1872.43
21012,1158.83
21013,747.66
21014,322.8
21015,333.18
21016,1021.46
21017,190.36
21018,180.98
21020,1803.42
21021,1171.87
21022,1098.08
21023,206.32
21024,906.31
21026,1534.29
21027,346.76
21028,0.9
21029,669.06
21030,198.59
21031,13.73
21032,1032.71
21033,594.49
21034,276.2
21035,488.84
21036,572.78
21037,291.91
21038,1336.42
21039,786.71
21040,973.51
21041,655.43
21042,354.5
21043,428.33
21044,679.6
21045,48.16
21046,101.2
21047,160.32
21048,215.83
21049,1.48
21050,311.01
21051,95.11
21052,203.41
21053,734.97
21054,1033.33
21055,294.54
21056,1287.13
21057,113.1
21058,1407.84
21059,121.37
21060,991.09
21061,1403.47
21062,410.79
21063,586.57
21064,822.62
21065,1492.46
21066,915.07
21067,213.93
21068,699.02
21069,610.91
21070,111.48
21071,1196.89
21072,102.45
21074,330.05
21075,1425.95
21076,1304.55
21077,850.92
21078,1538.51
21079,1360.63
21081,198.15
21082,359.24
21083,613.73
21084,952.14
21085,1451.44
21086,40.94
21087,52.68
21088,8.61
21089,840.03
21090,187.83
21091,390.34
21092,646.82
21093,502.69
21094,1520.25
21095,152.09
21096,492.74
21097,691.87
21098,1957.17
21099,38
21101,1823.63
21102,697.2
21103,1808.95
21104,167.92
21105,665.36
21106,521.81
21107,602.64
21108,842.54
21109,511.57
21110,238.73
21111,576.72
21112,528.3
21114,657.51
21115,666.11
21116,1342.05
21117,325.66
21118,917.99
21119,474.02
21120,575.44
21121,476.73
21122,1379.07
21123,105.95
21124,1260.92
21125,856.41
21126,782.48
21127,1892.11
21128,1103.7
21129,527.6
21130,196.09
21131,717.99
21132,358.98
21133,164.62
21134,632.61
21135,546.39
21136,258.66
21137,337.48
21138,950.35
21139,591.79
21140,918.11
21142,1340.42
21143,1149.97
21144,283.48
21145,415.44
21146,1259.64
21147,267.3
21148,322.92
21149,191.65
21150,407.34
21151,31.02
21152,329.37
21153,703.38
21154,4561.58
21155,353.89
21156,393.48
21157,198.65
21158,1011.65
21159,83.66
21160,1052.49
21161,102.27
21162,331.14
21163,1578.75
21164,1091.35
21165,643.87
21166,130.46
21167,492.04
21168,260.5
21169,41.6
21170,81.64
21171,227.03
21172,1285.29
21173,278.45
21175,175.76
21176,525.17
21177,349.32
21178,607.61
21179,220.36
21180,345.87
21181,743.17
21182,62.85
21184,96.67
21185,406.74
21186,553.15
21187,381.75
21189,735.2
21190,484.57
21191,217.15
21192,388.26
21193,845.57
21194,755.41
21195,414.98
21196,39.57
21197,16.51
21198,221.12
21199,886.79
21200,396.97
21201,1463.07
21202,1184.01
21203,667.96
21204,747.63
21205,342.35
21208,208.55
21209,444.4
21210,1569.59
21211,332.78
21212,175.52
21214,31.07
21215,259.04
21216,51.42
21219,61.66
21220,703.14
21221,383.87
21222,570.15
21223,345.56
21224,1292.63
21225,399.12
21226,852.95
21227,139.2
21228,67.4
21229,437.39
21230,178.3
21231,888.94
21232,748.94
21233,324.33
21235,992.39
21237,1821.2
21238,377.43
21239,788.74
21240,357.63
21241,274.78
21242,354.53
21243,920.52
21244,195.21
21245,856.67
21246,350.2
21247,2580.07
21248,2746.04
21249,990.97
21250,621.06
21251,427.62
21252,659.33
21253,2589.32
21254,176.13
21255,988.58
21256,805.7
21257,1107.53
21258,364.85
21259,142.53
21260,993.83
21261,642.16
21262,210.5
21263,626.99
21264,236.73
21265,375.75
21266,314
21267,822.75
21268,920.2
21269,709.51
21271,1882.01
21272,989.66
21273,307.74
21274,906.55
21275,60.89
21276,2593.84
21277,1394.22
21278,17.65
21279,208.8
21280,1666.82
21281,683.36
21282,352
21283,1479.11
21284,1337.93
21285,1263.47
21286,675.32
21287,693.7
21288,1857.52
21289,183.01
21290,1120.93
21291,581.21
21292,1287.06
21293,224.02
21294,1049.18
21295,1540.98
21296,1538.09
21297,757.08
21298,283.66
21299,794.95
21300,267.59
21302,472.27
21303,684.38
21304,1520.6
21305,1101.4
21306,786.28
21307,439.44
21308,2017.45
21309,322.27
21310,280.86
21312,516.9
21313,454.47
21314,718.24
21315,816.23
21316,287.27
21317,1198.05
21319,364.1
21320,155.89
21321,895.77
21322,256.3
21323,654.02
21324,536.09
21325,904.36
21326,1449.35
21327,1380.09
21328,17
21329,361.83
21330,600.34
21331,112.21
21332,749.34
21333,1156.96
21334,337.08
21335,475.8
21336,3140.2
21337,336.43
21338,407.85
21339,301.89
21340,535.23
21341,776.93
21342,528.97
21343,209.16
21344,301.62
21345,226.79
21346,190.25
21347,154.96
21348,261.03
21349,2254.29
21350,316.02
21351,208.12
21352,740.14
21353,1345.37
21354,527.72
21355,0.92
21356,1883.67
21357,1154.64
21358,1794.88
21359,702.05
21360,208.36
21361,1842.69
21362,66.48
21363,1064.43
21364,488.3
21365,50.65
21366,646.01
21367,190.14
21368,217.28
21369,386.97
21370,333.22
21371,2233.15
21372,148.66
21373,267.34
21374,678.82
21375,939.08
21376,395.51
21377,475.21
21378,305.5
21379,2021.02
21380,87.98
21381,737.36
21382,1806.46
21383,370.45
21384,324.36
21385,721.07
21386,1273.63
21387,651.32
21388,105.51
21389,0
21390,270.26
21391,1970.24
21392,847.84
21393,377.88
21394,764.81
21395,609.4
21396,641.07
21397,645
21398,534.63
21399,881.9
21400,1101.78
21401,129.46
21402,240.31
21403,245.09
21404,416.63
21405,1166.41
21406,261.67
21407,348.95
21408,1248.91
21409,74.81
21410,921.63
21411,1055.76
21412,798.22
21413,1888.85
21414,1068.08
21415,2014.8
21416,453.04
21417,144.57
21418,366.97
21419,623.68
21420,2014.59
21422,350.6
21423,932.63
21424,446.45
21425,604.58
21426,1232.36
21427,523.48
21428,108.51
21429,1252.41
21430,541.82
21431,607.45
21432,1428.77
21433,1661.95
21434,533.77
21435,484.95
21436,229.82
21437,714.48
21438,455.72
21439,383.93
21440,285.18
21441,1392.17
21442,393.27
21444,501.16
21445,774.72
21446,298.18
21447,371.57
21449,815.19
21450,400.62
21451,1340.89
21452,203.83
21454,1151.45
21455,1094.14
21456,291.23
21457,1365.04
21458,647.64
21459,1796.71
21460,1.23
21461,365.7
21462,265.75
21463,283.59
21464,595.44
21465,689.92
21466,558.61
21467,390.51
21468,971.22
21469,383.59
21470,507.41
21472,116.25
21473,1120.4
21475,752.55
21476,1000.99
21478,936.03
21479,223.16
21480,156.86
21481,367.57
21482,486.48
21483,429.2
21484,948.25
21485,460.42
21487,774.66
21488,1018.59
21489,1731.49
21490,2986.42
21492,361.04
21493,369.81
21494,405.43
21495,755.05
21496,292.87
21497,509.68
21498,468.48
21499,1879.28
21500,347.39
21501,490.44
21502,206.85
21503,654.87
21504,643.39
21505,676.07
21506,679.24
21508,1189.94
21510,1588.89
21511,1445.54
21512,299.39
21514,1495.41
21515,414.04
21516,3.29
21517,565.59
21518,454.26
21519,973.87
21520,699.13
21521,671.62
21522,1293.15
21523,148.64
21524,1079.34
21525,1413.49
21527,635.71
21528,1261.21
21529,385.59
21530,142.78
21531,316.66
21532,1390.06
21533,639.67
21534,1254.46
21535,697.35
21536,2235.41
21537,53.64
21538,584.26
21539,1227.26
21540,605.28
21541,264.39
21542,430.21
21543,1144.85
21544,499.06
21545,415.7
21546,729.73
21547,632.98
21548,366.01
21549,58.71
21550,782.01
21553,126.85
21555,1115.55
21556,775.84
21558,233.15
21560,1027.05
21561,2330.4
21562,1200.44
21563,954.68
21564,2011.38
21565,209.7
21566,273.84
21567,1230.9
21568,443.27
21569,563.84
21570,624.72
21571,146.78
21572,453.11
21573,751.97
21574,989.83
21575,1034.3
21576,863.53
21577,344.37
21578,78.07
21579,2112.55
21580,531.43
21582,483.74
21583,628.79
21584,1458.12
21585,494.37
21586,264.78
21587,1146.57
21588,799.39
21589,382.8
21590,791.1
21591,321.96
21592,468.94
21593,600.37
21594,2539.92
21595,166.77
21596,107.7
21598,314.53
21599,577.13
21600,205.58
21601,206.05
21602,667.77
21603,489.09
21604,1728.23
21605,476.86
21606,777.9
21607,317.01
21608,640.88
21611,502.77
21612,174.19
21613,757.25
21614,1274.43
21615,1595.38
21616,75.75
21617,20.79
21618,618.28
21619,1392.24
21620,183.82
21622,328.69
21623,683.88
21624,378.82
21625,292.06
21626,373.51
21627,455.36
21628,298.23
21629,2347.42
21630,1631.37
21631,127.81
21632,417.87
21633,713.25
21634,627.87
21635,952.63
21636,240.94
21637,823.38
21638,2023.32
21639,104.73
21640,1152.64
21641,1351.28
21642,3.81
21643,486.61
21644,1.4
21645,514.89
21646,1145.7
21647,459.37
21648,1298.83
21649,562
21650,399.28
21652,912.18
21653,230.79
21656,1120.78
21657,1128.57
21659,850.03
21660,623.76
21661,114.72
21662,68.86
21663,510.18
21664,887.1
21665,399.72
21666,755.78
21667,1939.98
21669,334.14
21670,516.47
21671,550.12
21672,929.93
21673,16.36
21674,926.79
21675,579.38
21676,1643.6
21677,373.24
21678,955.53
21679,228.76
21680,287.34
21681,494.32
21682,1375.22
21683,3365.04
21684,891.12
21685,2131.2
21686,143.93
21687,1585.63
21688,46.87
21689,464.56
21690,739.5
21691,868.41
21692,603.74
21693,275.38
21694,210.48
21695,1394.5
21698,197.47
21699,276.07
21700,170.28
21701,287.76
21702,133.63
21703,169.05
21705,281.69
21706,437.9
21707,736.16
21708,1214.32
21709,209.33
21710,1326.05
21711,131.69
21712,300.16
21713,0.87
21714,413.96
21715,529.84
21716,48.81
21717,618.59
22001,2244.23
22002,843.69
22003,234.11
22004,2064.73
22005,258.84
22006,378.93
22008,91.26
22009,916.32
22011,1503.84
22012,741.7
22013,3949.32
22014,2035.47
22015,1855.73
22016,30.7
22018,332.98
22019,805.34
22020,2651.27
22021,351.64
22023,1998.31
22024,1313.21
22025,1037.6
22026,686.23
22028,906.63
22029,2601.76
22030,484.62
22031,2645.64
22032,2631.32
22033,483.51
22034,987.74
22035,1452.76
22036,551.33
22037,1986.49
22039,41.66
22040,259.71
22041,762.59
22042,636.49
22044,510.82
22045,600.01
22046,11463.82
22047,836.3
22048,2174.31
22049,1422.28
22050,246.12
22052,1743.55
22053,1516.25
22054,1220.57
22055,415.43
22056,1337.9
22057,389.25
22059,1846.95
22060,1478.05
22061,3783.75
22062,993.07
22063,557.19
22064,372.89
22065,1715.27
22067,706.72
22068,819.17
22069,509.48
22070,2
22071,1096.34
22072,1816.3
22073,1236.54
22074,2084.4
22075,1424.85
22076,2861.03
22077,2050.72
22079,2665.92
22081,1935
22083,3086.55
22084,2349.3
22085,302.08
22086,446.46
22087,2474.38
22088,1428.78
22090,737.14
22091,500.51
22092,1320.19
22093,8659.71
22094,75.78
22095,208.88
22096,152.31
22097,592.61
22098,1211.86
22099,1747.2
22101,1462.16
22103,157.85
22104,222.82
22105,898.06
22106,207.49
22107,3201.86
22108,213.53
22109,74.53
22110,252.83
22111,336.18
22112,551.78
22113,1647.02
22114,2361.83
22115,2271.61
22116,1644.71
22117,731.24
22118,705.89
22119,678.83
22121,136.45
22122,2129.62
22124,1071.59
22126,482.82
22127,571.17
22128,2660.98
22129,101.98
22131,2197.62
22132,1822.6
22133,1915.56
22134,829.39
22135,3643.06
22136,4911.94
22137,3005.58
22138,1608.84
22139,893.07
22140,275.57
22141,284.13
22143,966.84
22144,97.96
22145,1253.67
22146,1061.91
22147,3255.45
22148,744.46
22149,2313.42
22150,591.2
22152,811.05
22155,1763.22
22156,1025.51
22157,1073.6
22158,3357.57
22160,382.94
22161,391.64
22162,1458.46
22163,3625.42
22164,1944.04
22165,995.15
22166,946.79
22168,84.38
22169,877.51
22170,1400.74
22171,1230.76
22172,681.78
22174,1048.07
22175,1632.29
22176,2053.09
22177,978.42
22178,738.83
22179,1321.03
22180,1189.3
22181,967.2
22182,3650.15
22183,3499.35
22184,3351.19
22185,4772.98
22186,532.23
22187,1163.95
22188,934.82
22189,1483.45
22190,2205.8
22193,2585.87
22194,1906.38
22195,983.05
22196,1485.81
22197,1932.7
22198,745.16
22199,1636.78
22201,241.02
22202,1687.03
22203,3659.44
22204,1895.49
22205,1088.18
22206,1701.91
22207,2368.4
22208,2832.39
22209,2675.85
22210,879.11
22211,1892.28
22212,1032.76
22213,810.66
22214,1078.14
22215,647.54
22216,2004.31
22217,2316.22
22218,722.44
22219,3760.58
22220,2658.37
22221,978.3
22222,2211.86
22223,1084.55
22224,477.82
22225,1534.67
22226,2051.49
22227,1084.67
22228,2341.6
22229,2960.26
22231,2287
22232,1196.77
22233,734.74
22234,1424.96
22235,523.4
22236,351.02
22237,2407.81
22238,951.05
22239,1458.7
22240,2405.95
22241,5987.700000000001
22242,1706.68
22243,1844.84
22244,1936.31
22245,1570.42
22246,1056.39
22248,2350.16
22249,1856.72
22250,16.48
22251,2004.18
22254,1968.47
22255,902.35
22256,1542.59
22257,483.51
22258,2035.35
22259,498.52
22260,1208.67
22261,700.18
22262,89.06
22263,192.81
22264,1882.26
22265,879.82
22266,1734.53
22267,1032.4
22268,503.49
22269,314.28
22271,772.03
22272,668.46
22273,2117.28
22274,511.72
22275,1759.74
22276,520.47
22277,1325.97
22278,98.62
22279,1691.88
22280,860.1
22281,866.11
22282,1386.71
22283,718.52
22284,1057.31
22285,1098.05
22286,595.61
22287,1665.87
22288,1380.79
22289,437.8
22291,1277.72
22293,526.79
22294,795.16
22295,1563.48
22296,624.2
22299,1105.38
22300,626.38
22304,747.12
22305,941.34
22306,922.67
22307,187.44
22308,1172.89
22310,883.31
22311,533.47
22312,572.33
22313,1466.31
22314,398.77
22315,372.12
22316,1763.83
22317,474.06
22318,366.84
22319,236.8
22320,552.41
22321,2236.99
22322,625.57
22323,1222.97
22324,203.63
22326,630.64
22327,219.52
22328,1272.5
22330,1216.25
22331,1215.42
22332,377.15
22333,1670.06
22334,1339.73
22335,994.84
22337,4025.66
22338,970.71
22339,1393.05
22340,1130.99
22341,564.68
22342,438.72
22343,171.96
22344,824.39
22345,1249.37
22346,1376.33
22347,640.58
22348,990.81
22349,70.09
22350,37.96
22351,309.25
22352,411.3
22353,161.71
22354,1136.94
22356,805.78
22358,421.52
22359,926.23
22360,236.86
22361,203.72
22363,346.89
22364,397.06
22365,856.45
22366,1029.66
22368,18.19
22369,1108.68
22370,371.6
22371,2187.31
22372,143.6
22373,378.33
22375,371.88
22376,2248.55
22377,314.64
22378,487.43
22379,183.48
22380,986.25
22381,401.79
22383,415.76
22384,458.04
22385,128.33
22386,1556.99
22387,1452.63
22388,410.27
22389,830.97
22390,696.91
22391,2292.7
23001,2366.2
23002,2022.78
23003,410.13
23004,1681.65
23005,961.64
23006,978.02
23007,986.6
23008,561.54
23009,647.65
23010,948.26
23011,1261.36
23012,557.67
23013,489.19
23014,354.88
23015,2800.93
23016,814.92
23017,1234.04
23018,1479.07
23019,46.07
23020,125.17
23021,678.32
23022,2044.02
23024,674.05
23025,2592.01
23026,1417.97
23027,1163.81
23028,247.97
23029,632.37
23030,314.6
23031,83.45
23032,2453.58
23033,266.6
23034,232.09
23035,1793.83
23036,2016.4
23037,595.36
23038,980.05
23039,1909.75
23040,899.34
23041,1595.28
23042,523.27
23043,390.76
23044,5.01
23045,1331.7
23046,1302.81
23047,752.36
23048,1452.87
23049,580.1
23050,222.46
23051,817.32
23052,323.79
23053,876.93
23054,2175.73
23055,131.85
23056,1024.8
23057,1386.83
23058,1296.8
23059,668.51
23060,349.84
23061,899.26
23062,2204.94
23063,532.24
23064,2701.62
23065,938.63
23066,1497.67
23067,1340.25
23068,1811.9
23069,766.53
23070,1481.01
23071,500.28
23072,1252.34
23073,2581.09
23074,745.05
23075,833.99
23076,3457.36
23077,1057.88
23078,1409.97
23079,319.34
23080,410.15
23081,2591.88
23082,717.62
23083,831.94
23084,342.98
23086,561.96
23087,2058.87
23088,442.81
23089,2781.83
23090,1687.98
23091,1641.73
23092,1188.3
23093,3878.05
23095,6267.33
23096,754.34
23097,1941.23
23098,639.78
23099,1179.38
23100,337.55
23101,2012.99
23102,2047
23103,1527.92
23104,1104.26
23105,34.76
23106,1418.03
23107,201.77
23108,1243.49
23109,852.95
23110,271.3
23111,1429.89
23112,4047.39
23113,2312.53
23114,4220.56
23115,910.53
23116,2274.79
23117,1087.53
23118,496.88
23119,608.49
23120,1585.14
23122,207.03
23123,786.21
23124,998.99
23125,605.59
23127,1299.32
23128,860.04
23129,502.77
23130,1631.37
23131,3020.78
23132,1557.32
23133,1349.9
23134,425.5
23136,1199.53
23137,1704.42
23138,544.88
23139,1548.84
23140,1105.28
23141,2632.24
23142,2046.9
23143,1950.81
23144,1777.94
23145,3220.13
23146,1194.65
23147,808.01
23148,1049.61
23149,3615.8
23150,80
23151,2560.95
23152,427.57
23154,2716.85
23155,40.05
23156,571.13
23157,131.21
23158,1464.16
23159,1809.52
23160,2007.14
23162,1566.23
23164,2616.92
23165,1278.44
23166,1147.08
23167,2097.53
23168,1028.63
23169,504.32
23170,197.31
23171,1125.01
23172,1282.31
23173,927.47
23174,3213.65
23175,337.18
23176,3202.87
23177,3553.08
23178,1323.2
23179,612.49
23180,733.27
23181,616.46
23182,752.15
23183,425.82
23184,672.96
23185,1330.03
23186,355.92
23187,1692.5
23188,846.83
23189,3455.19
23190,359.98
23191,579.82
23192,4599.26
23193,921.4
23194,648.58
23195,952.91
23196,1709.35
23197,755.32
23198,1041.84
23199,1302.44
23200,189.85
23201,248.02
23202,1449.54
23203,953.38
23204,1067.1
23205,475.69
23206,1106.95
23207,347.23
23208,534.07
23209,1402.01
23210,703.7
23211,1216.77
23212,576.71
23213,905.95
23214,443.34
23215,516.64
23216,687.25
23217,1526.65
23218,1030.67
23219,2418.06
23220,2836.97
23221,2175.74
23222,1022.4
23223,133.53
23224,17.26
23225,366.7
23226,1189.45
23227,498.5
23228,426.83
23229,1423.67
23230,1373.97
23232,720.71
23233,1583.95
23234,2645.04
23235,1696.16
23236,1550.37
23237,931.36
23238,1296.54
23239,2370.1
23240,1204.91
23241,1384.28
23242,589.44
23243,463.97
23244,2311.66
23245,2098.16
23246,1267.9
23247,1939.92
23248,448.27
23249,1039.79
23250,552.11
23251,1143.01
23252,938.42
23253,1203.11
23254,1754.76
23255,896.01
23257,2316.56
23258,980.87
23259,1223.74
23260,931.8
23261,2686.03
23262,653.26
23263,1147.6
23264,226.74
23266,649.61
24001,376.86
24002,1373.18
24004,351.62
24005,517.88
24006,173.23
24007,1542.15
24008,1116.49
24009,556.18
24010,114.39
24011,283.93
24012,879.18
24014,512.06
24015,48.84
24016,659.13
24018,464.66
24019,875.39
24020,272.04
24021,901.76
24022,190.07
24023,124.45
24024,10.14
24025,410.59
24026,3468.42
24027,299.2
24028,4534.18
24029,1045.82
24030,90.82
24031,464.58
24032,398.27
24034,302.44
24035,1371.44
24036,173.24
24037,1382.57
24038,946.85
24039,502.28
24040,255.09
24042,836.81
24043,71.95
24045,1257.36
24046,651.15
24048,180.6
24050,589.58
24051,91.87
24052,452.9
24053,835.24
24054,704.89
24055,925.27
24056,75.44
24057,125.43
24058,266.56
24059,164.87
24060,117.14
24061,133.97
24062,786.4
24063,189.98
24064,4421.02
24066,8.17
24067,659.87
24068,546.59
24069,226.37
24070,691.04
24071,885.61
24073,255.89
24074,412.71
24075,691.84
24076,243.38
24077,269.41
24080,811.37
24081,340.79
24082,176.57
24083,115.86
24084,339.58
24085,299.04
24086,409.34
24087,358.28
24088,181.17
24090,2753.79
24091,557.46
24094,258.65
24095,716.98
24096,644.3
24097,1621.67
24098,176.27
24100,236.05
24101,1132.59
24102,26.86
24104,112.65
24105,391.83
24106,440.61
24107,652.17
24108,362.35
24109,692.47
24110,545.22
24111,459.47
24113,175.69
24114,447.6
24115,469.58
24116,234.34
24117,1064.14
24119,1287.17
24120,1422.59
24121,320.14
24122,98.07
24123,326.67
24124,399.96
24126,567.23
24128,219.09
24129,239
24130,64.39
24131,26
24132,612.99
24133,384.84
24134,818.03
24135,356.61
24136,769.21
24137,1112.44
24138,534.4
24139,570.24
24140,460.02
24141,448.48
24142,1264.44
24143,183.86
24144,258.63
24145,325.32
24146,207.25
24147,1042.9
24148,302.56
24150,411.59
24151,522.25
24152,447.12
24153,235.37
24154,302.87
24155,642.22
24156,193.99
24157,196.53
24158,1047.64
24159,221.42
24160,243.14
24161,89.99
24162,133.87
24163,122.18
24164,241.13
24165,621.8
24167,2302.35
24168,1023.93
24171,445.43
24172,722.17
24174,657.2
24175,33.74
24176,850.57
24177,1074.97
24179,341.35
24180,1362.74
24182,437.76
24183,461.56
24184,161.63
24186,497.4
24188,571.63
24189,228.01
24190,861.75
24191,211.91
24192,280.59
24193,724.46
24194,910.77
24195,426.88
24196,1220.1
24197,338.73
24199,1819.59
24200,1678.24
24202,430.34
24205,475.53
24206,395.54
24207,647.34
24208,566.68
24209,228.94
24210,1029.47
24211,401.47
24212,275.62
24214,2022.8
24215,563.23
24216,475.97
24217,630.07
24218,3042.12
24220,1166.89
24221,404.44
24222,238.1
24223,295.53
24224,187.87
24225,642.51
24226,297.04
24227,1116.73
24228,510.1
24229,450.38
24230,94.13
24231,111.82
24232,31.59
24234,375.04
24236,704.49
24237,73.68
24238,104.44
24240,143.47
24241,455.47
24242,354.94
24243,848.45
24244,501.88
24245,567.14
24246,411.15
24247,702.11
24248,528.09
24251,584.69
24252,711.25
24253,5866.29
24254,480.37
24255,1164.43
24256,104.67
24257,200.55
24259,479.87
24260,292.77
24261,297.79
24262,2.86
24263,860.36
24264,467.81
24266,1048.06
24267,513.15
24268,118.39
24269,1119.75
24271,676.25
24272,263.59
24273,514.4
24274,1357.4
24276,734.82
24277,452.8
24278,272.98
24279,388.47
24281,429.22
24282,403.39
24284,388.29
24285,607.71
24286,836.51
24287,1566.93
24288,170.42
24289,802.33
24290,263.87
24291,1213.56
24292,513.94
24293,239.51
24294,984.5
24295,425.83
24296,101.43
24297,21.95
24299,14.1
24300,811.43
24301,1049.25
24302,1403.72
24303,1058.11
24304,740.57
24305,686.59
24306,158.1
24307,1340.32
24308,1193.74
24309,316.71
24311,970.1
24312,1290.14
24313,147.96
24316,909.76
24317,876.49
24318,692.31
24319,647.4
24320,2050.94
24321,367.58
24322,180.84
24323,577.71
24324,158.49
24325,254.58
24326,3.99
24327,212.64
24328,146.76
24329,382.31
24330,813.7
24331,1445.93
24334,174.57
24335,630.85
24336,296.29
24337,63.76
24338,580.35
24339,183.8
24340,1028.22
24341,641.23
24345,139.54
24346,319.56
24347,1174.57
24348,882.72
24349,690.88
24350,383.62
24351,1225.52
24352,1531.22
24353,425.79
24354,1657.65
24355,226.46
24356,1093.99
24357,230.8
24359,204.62
24360,229.63
24361,127
24362,2006.67
24364,603.91
24365,328.19
24366,304.35
24367,387.79
24370,499.26
24371,740.76
24372,686.72
24373,828.69
24374,294.03
24375,67.56
24376,939.99
24377,90.21
24378,179
24379,842.98
24380,457.71
24381,271.13
24382,56.28
24383,663.1
24384,59.78
24385,1153.36
24386,129.73
24388,322.63
24390,204.21
24392,653.79
24393,248.67
24394,99.59
24395,175.46
24396,725.39
24397,1311.82
24398,714.1
24399,525.66
24401,372.36
24403,131.58
24404,499.48
24405,564.89
24406,100.24
24407,669.98
24408,1025.38
24409,0.36
24410,453.18
24411,115.73
24412,1200.29
24413,82
24414,27.51
24415,248.13
24416,120.24
24417,693
24418,116.07
24419,472.85
24420,309.58
24421,330.69
24422,81.25
24423,1561.61
24424,40.91
24426,45.34
24428,1307.58
24429,214.32
24432,238.77
24434,689.41
24436,422.09
24437,402.62
24438,496.57
24441,371.37
24442,604.15
24443,287.86
24444,164.33
24445,132.98
24446,149.09
24448,465.01
24449,1668.62
24450,694.05
24451,380.39
24452,1051.26
24453,830.35
24454,1036.13
24455,1167.21
24456,207.32
24457,711.88
24458,598.22
24459,560.1
24460,742.34
24461,1418.3
24462,926.61
24463,1006.18
24464,1415.89
24465,517.91
24466,270.4
24468,901.38
24470,308.89
24471,522.5
24472,471.56
24473,999.58
24474,345.4
24476,333.66
24477,39.77
24478,149.46
24479,479.58
24480,471.7
24481,2475.09
24482,575.21
24483,717.55
24484,356.64
24485,226.25
24486,381.13
24487,1121.98
24488,756.3
24489,1228.39
24490,2225.39
24491,1347.24
24492,143.02
24493,3.05
24494,433.6
24495,263.5
24496,591.01
24498,3203.77
24499,249.63
24500,467.42
24501,481.5
24502,19.89
24504,527.19
24505,1024.28
24507,590.17
24508,372.54
24509,71.93
24510,129.8
24511,333.25
24512,18.62
24513,289.45
24514,421.12
24515,31.64
24516,644.9
24517,16.24
24518,213.75
24519,1150.83
24520,508.77
24521,182.35
24522,1504.93
24523,490.29
24524,30.26
24525,82.59
24526,1192.87
24527,65.73
24528,213.87
24529,5.36
24531,131.98
24532,234.67
24533,541.64
24534,1038.31
24535,10.31
24536,299.77
24537,202.2
24538,245.86
24540,2289.53
24541,387.99
24542,407.41
24543,270.96
24544,824.45
24545,895.77
24546,152.06
24547,973.47
24548,601.41
24549,869.21
24550,974.16
24551,1612.61
24552,221.5
24553,719.98
24554,681.34
24555,412.79
24557,322.01
24558,310.94
24559,185.2
24560,170.22
24562,501.3
24563,192.07
24564,1955.1
24565,879.22
24566,39.98
24567,583.48
24568,227.65
24569,1221.21
24570,18.33
24571,1384.33
24572,490.27
24573,1601.28
24574,60.15
24575,704.74
24576,432.4
24577,304.97
24580,567.64
24581,464.59
24582,710.08
24584,224.36
24585,302.44
24586,751.99
24587,253.44
25001,394.79
25002,372.56
25003,207.27
25005,269.22
25006,443.26
25007,119.43
25008,106.8
25009,571.86
25011,537.42
25012,256.14
25013,202.42
25014,3.13
25015,438.58
25016,749.34
25017,225.32
25018,948.68
25019,165.83
25021,819.93
25022,661.41
25024,1397.24
25025,1223.2
25026,479.79
25029,841.26
25030,364.32
25032,562.46
25033,193.16
25035,240.94
25036,6.03
25038,152.29
25039,769.45
25040,112.94
25041,1041.22
25042,760.56
25043,11.7
25044,149.64
25046,107.4
25047,326.34
25048,118.13
25050,766.33
25051,973.07
25052,563.11
25053,585.24
25054,0
25055,91.19
25056,462.21
25057,0.97
25058,3.4
25059,249.7
25060,3166.44
25061,98.01
25062,413.51
25063,0
25065,145.67
25066,10.73
25067,78.5
25070,890.75
25071,3
25072,237.7
25073,582.47
25074,1112.92
25075,466.29
25077,223.88
25078,906.19
25079,1387.92
25082,133.76
25083,720.22
25084,2.23
25085,919.2
25086,5
25087,104.6
25088,113.42
25089,229.42
25090,156.39
25091,453.7
25092,831.54
25093,182.47
25094,6
25095,560.18
25096,111.37
25097,0
25098,105.3
25099,577.97
25100,731.61
25101,763.66
25102,484.96
25103,293.84
25104,264.36
25105,276.68
25106,147.06
25107,566.36
25108,277.84
25109,461.09
25110,1025.46
25111,245.64
25112,198.45
25113,424.4
25114,559.32
25115,301.44
25116,225.14
25117,123.44
25119,56.69
25120,760.04
25121,1016.54
25122,1494.45
25124,299.09
25125,597.89
25126,121.73
25127,1148.98
25129,333.4
25131,381.55
25132,321.79
25133,159.05
25136,366.37
25138,863.22
25139,1368.21
25141,437.65
25142,266.56
25143,484.4
25145,441.66
25147,529.04
25148,107.85
25149,329.56
25150,14.27
25151,226.87
25152,24.72
25153,23.58
25154,176.4
25155,614.3
25156,836.58
25157,653.28
25159,0.56
25160,892.21
25161,148.18
25162,139.2
25163,139.11
25164,203.04
25166,258.43
25171,183.1
25172,255.95
25173,171.99
25174,474.89
25175,618.74
25176,840.85
25177,631.58
25178,425.56
25179,56.33
25180,152.29
25181,203.31
25182,189.55
25183,224.66
25184,126.7
25185,387.04
25186,460.25
25187,539.69
25189,416.52
25191,141.2
25193,1661.71
25195,109.09
25196,375.25
25198,244.5
25199,1305.62
25200,6.23
25201,349.92
25202,814.5
25203,869.51
25204,346.8
25207,100.18
25208,358.1
25209,159.86
25210,77.08
25211,303.26
25213,453.47
25214,40.81
25215,40.04
25216,366.39
25217,246.24
25218,719.6
25219,702.67
25220,357.11
25221,405.03
25222,1783.02
25223,778.66
25224,289.24
25225,275.83
25226,499.48
25227,563.39
25229,772.3
25231,471.79
25233,717.44
25234,262.9
25235,294.26
25236,434.08
25237,10
25238,306.87
25239,142.39
25240,2017.29
25241,246.58
25242,0
25243,1427.4
25244,417.93
25245,1286.64
25246,76.37
25247,570.37
25248,574.6
25249,117.8
25251,115.52
25252,245.76
25253,783.87
25254,1157.88
25255,658.37
25256,371.51
25257,145.13
25258,283.24
25259,1382.39
25261,270.63
25262,647.11
25263,98.4
25265,236.71
25266,266.77
25267,347.84
25268,603.93
25270,322.57
25271,1086.41
25273,388.17
25275,339.74
25276,218.26
25277,207.76
25278,774.08
25279,199.25
25280,172.76
25281,588.93
25283,130.14
25285,775.21
25286,592.14
25287,114.85
25288,1456.83
25289,313.76
25290,64.38
25293,672.87
25295,111.33
25296,661.48
25298,402.8
25299,100.32
25300,577.39
25301,1394.71
25304,56.77
25305,229.01
25306,234.21
25307,128.63
25308,610.67
25309,164.29
25310,84.93
25311,176.51
25313,84.26
25314,651.61
25315,682.87
25316,131.41
25317,474.91
25318,791.99
25320,691.39
25321,955.89
25322,170.84
25324,240
25325,722.66
25326,462.58
25327,83.21
25328,176.04
25329,73.52
25330,512.02
25331,748.05
25332,424.68
25333,1430.47
25334,1700.39
25336,493.12
25338,105.86
25339,19.3
25340,171.33
25341,705.81
25342,483.14
25343,471.24
25344,218.13
25345,196.31
25346,490.49
25348,404.83
25349,580.38
25350,260.24
25351,323.01
25354,602.56
25355,257.42
25356,1034.78
25357,1241.56
25359,552.97
25360,507.69
25361,26
25362,282.51
25364,658.96
25365,470.19
25366,403.77
25367,171.49
25368,509.25
25369,4.77
25370,723.59
25371,172.42
25373,138.61
25374,754.09
25375,808.04
25378,241.13
25379,79.75
25380,243.11
25382,27.1
25383,137.81
25384,112.53
25385,641.61
25386,533.52
25387,667.21
25388,90.43
25389,248.81
25390,2152.16
25391,783.99
25392,315.2
25393,703.12
25394,616.86
25395,88.16
25397,405.13
25400,172.29
25402,60.37
25403,1121.91
25404,289.99
25405,416.89
25406,232.81
25408,184.53
25411,729.89
25413,756.49
25414,23.47
25415,28.55
25416,261.95
25417,1201.83
25418,841.82
25419,7.97
25420,80.38
25421,245.95
25422,70.69
25424,3042.86
25425,252.64
25426,76.03
25427,419.77
25428,2.85
25430,74.89
25431,569.22
25432,1678.13
25433,151.13
25434,702.62
25435,178.16
25436,498.99
25437,349.61
25439,135.91
25440,824.69
25441,521.61
25442,641.79
25443,82.14
25444,196.61
25445,577.99
25446,927.43
25447,922.03
25448,258.53
25449,271.36
25450,379.51
25451,320.04
25452,455.59
25453,2014.1
25454,227.94
25455,174.17
25456,502.61
25457,359.76
25458,579.27
25459,385.22
25460,179.73
25461,368.62
25462,1209.85
25464,394.63
25466,341.1
25467,377.75
25468,659.6
25469,428.86
25470,252.98
25471,609.37
25472,176.4
25473,391.64
25474,91.16
25475,246.05
25476,268.55
25477,117.8
25478,395.92
25479,306.48
25481,217.83
25482,88.44
25483,189.71
25485,173.02
25486,933.25
25487,296.9
25488,72.43
25489,526.99
25490,746.44
25491,379.91
25492,611.11
25493,979.93
25494,264.61
25495,0.91
25496,257.51
25497,418.47
25498,153.79
25500,161.79
25501,88.66
25502,551.96
25503,240.73
25504,27.45
25505,714.89
25506,139.23
25507,173.02
25508,267.11
25510,233.39
25511,516.4
25512,1383.23
25513,61.57
25514,492.7
25515,281.21
25516,206.04
25517,352.64
25518,77.77
25519,201.85
25520,490.61
25521,201.91
25522,257.56
25523,81.75
25524,95.78
25525,297.87
25526,17.99
25527,513.52
25529,1412.24
25532,818.17
25534,380.33
25535,317.37
25536,412.97
25537,119.11
25538,157.2
25539,140.06
25540,121.83
25541,1007.36
25542,245.33
25544,744.44
25545,449.88
25546,422.11
25548,384.86
25550,499.53
25551,234.73
25552,112.28
25553,613.1
25554,619.62
25555,35.74
25556,133.61
25557,26.44
25558,999.64
25559,305.39
25560,15.5
25561,5.36
25562,110.47
25563,105.24
25564,771.46
25565,255.05
25566,182.73
25567,1369.08
25569,593.21
25570,134
25571,967.84
25573,118.81
25574,159.09
25575,203.06
25578,355.63
25579,197.42
25580,15
25582,235.02
25583,336.81
25584,487.06
25586,225.16
25588,236.37
25589,283.45
25590,67.74
25591,310.02
25592,431.25
25594,146.2
25595,232.01
25596,400.33
25597,368.91
25598,418.29
25599,40.03
25600,289.19
25601,1032.86
25602,378.42
25605,705.63
25607,147.53
25608,270.24
25609,379.02
25611,203.21
25612,89.47
25613,190.04
25614,167.86
25615,113.18
25616,304.88
25617,50.87
25618,1.33
25619,502.29
25621,459.69
25623,385.63
25624,481.58
25625,328.06
25626,1298.37
25627,823.86
25629,202.52
25630,191.15
25631,202.28
25633,7.17
25634,751.49
25635,297.62
26001,539.73
26002,1267.19
26003,135.45
26004,1896.87
26005,487.19
26006,1349.28
26007,76.32
26008,2.14
26009,3.3
26010,2268.46
26011,506.3
26012,104.06
26013,560.65
26014,435.72
26015,202.9
26016,220.47
26017,67.75
26018,43.11
26019,344.11
26020,396.65
26021,750.23
26022,193.72
26023,135.55
26024,236.53
26025,331
26026,324.43
26027,212.05
26028,119.37
26030,106.79
26031,277.78
26032,642.66
26033,505.84
26034,181.39
26035,186.74
26036,410.72
26037,797.96
26038,896.93
26039,663.46
26040,98.26
26041,621.01
26042,116.56
26043,226.11
26045,1133.84
26046,293.96
26047,723.96
26048,124.69
26049,414.04
26050,297.88
26051,333.38
26052,200.69
26054,672.89
26055,550.13
26056,1290.87
26057,432.9
26058,570.75
26059,753.83
26060,655.73
26061,650.21
26062,498.36
26063,307.2
26064,2193.11
26065,887.93
26066,811
26067,587.11
26068,187.74
26069,499.12
26070,271.59
26071,582.72
26072,572.48
26073,291.94
26074,900.88
26075,237.73
26076,260.92
26077,859.16
26078,514.56
26079,1211.98
26080,51.17
26081,960.29
26082,376.15
26083,657.87
26084,3276.04
26085,1238.67
26086,494.33
26087,730.09
26088,1421.8
26089,360.22
26091,234.65
26092,59.29
26093,390.37
26094,668.13
26095,841.01
26096,659.04
26097,372.69
26098,371.18
26099,244.54
26100,1842.55
26101,340.76
26102,175.47
26103,412.53
26104,296.37
26105,25.12
26106,126.64
26107,677.1
26108,1039.89
26110,65.27
26111,332.19
26112,135.29
26113,994.23
26114,177.12
26115,517.29
26116,1574.42
26117,118.36
26118,689.65
26119,191.72
26121,191.94
26122,88.99
26123,25.07
26124,2173.54
26125,572
26126,901.77
26127,51.88
26128,62.83
26129,798.46
26130,25.55
26131,36.52
26133,361.19
26134,560.45
26135,1154.72
26136,507.26
26137,314.34
26138,593.25
26139,290.72
26140,490.98
26141,1471.6
26142,586.1
26143,1097.46
26144,1274.7
26145,395.75
26146,828.47
26147,197.74
26148,1327.69
26149,894.5
26150,71.37
26152,146.6
26153,506.61
26154,1431.53
26155,756.74
26156,452.92
26157,411.88
26159,188.3
26160,183.05
26161,329.81
26162,468.46
26163,832.44
26164,522.68
26165,1979.14
26166,1198.7
26167,229.97
26168,907.34
26169,245.05
26170,189.99
26171,1
26172,641.05
26173,1685.09
26174,404.78
26175,132.42
26176,2317.62
26177,232.94
26178,963.56
26179,1738.69
26180,269.6
26181,1145.36
26182,1046.39
26183,488.14
26185,286.74
26186,269.68
26188,370.17
26189,365.57
26190,55.11
26191,472.25
26192,593.5
26193,414.15
26194,826.82
26195,472.35
26196,653.93
26197,2028.5
26198,924.45
26199,33.31
26200,284.21
26201,58.99
26202,510.66
26203,341.65
26204,420.85
26205,360.2
26206,1781.05
26207,951.93
26208,916.21
26209,4.56
26210,1423.69
26211,605.8
26212,1564.8
26213,261.85
26214,380.04
26215,403.19
26216,835.84
26217,224.47
26218,150.97
26220,735.53
26221,485.75
26222,126.5
26223,392.8
26224,151.08
26225,517.9
26226,255.3
26227,55.92
26228,55.2
26229,73.07
26231,843.98
26232,252.34
26233,484.97
26234,447.3
26235,2498.1
26236,17.92
26238,28.53
26239,265.54
26240,786.91
26241,333.23
26242,36.36
26243,164.95
26244,390.74
26245,72.53
26246,128.62
26248,152.97
26249,394.55
26250,343.53
26251,409.01
26252,533.5
26253,62.86
26254,193.88
26255,599.16
26256,21.88
26257,272.22
26258,549.6
26259,307.28
26261,122.56
26262,585.33
26263,200.05
26264,228.31
26266,196.77
26267,154.88
26268,29.64
26269,238.34
26270,302.1
26271,650.28
26272,119.73
26273,779.28
26275,800.39
26276,419.91
26277,361.86
26278,1167.24
26279,98.86
26281,1127.47
26282,147.8
26283,186.23
26284,582.66
26285,323.16
26286,385.91
26287,1325.51
26288,208.08
26289,183.67
26290,724.93
26291,112.19
26292,938.38
26293,501.36
26294,753
26295,1228.1
26296,29.68
26298,308.14
26299,126.7
26300,496.25
26301,694.56
26302,506.88
26303,168.19
26304,256.43
26305,1130.34
26306,536.26
26307,1139.11
26308,862.47
26309,392.11
26310,417.49
26311,212.35
26312,58.99
26313,1012.78
26314,423.12
26315,572.7
26316,10.62
26317,497.42
26318,162.57
26319,922.69
26320,31.93
26321,926.17
26322,521.58
26323,1124.36
26324,580.78
26325,849.55
26326,510.42
26327,143.32
26328,48.73
26329,548.55
26330,1697.72
26331,317.26
26332,447.51
26333,33.1
26334,625.52
26335,75.61
26336,624.55
26337,560.75
26338,1051.08
26339,513.77
26340,492.57
26341,143.82
26342,161.36
26343,78.4
26344,820.17
26345,1323.49
26346,682.19
26347,402.34
26348,863.4
26349,549.45
26350,117.32
26351,314.63
26352,224.08
26353,71.62
26355,333.82
26356,237.2
26357,1507.06
26358,472.12
26359,142.84
26360,278.02
26361,686.12
26362,1022.2
26363,308.48
26364,1677.02
26365,1243.55
26367,819.02
26368,360.84
26369,253.75
26370,330.83
26372,367.96
26373,1190.89
26374,142.77
26375,200.3
26376,421.5
26377,1775.26
26378,129.27
26379,669.78
26380,139.2
26381,471.5
26382,237.89
27001,107.01
27002,589.84
27003,223.91
27004,367.14
27005,1540.15
27008,300.02
27009,735.44
27010,459.4
27011,781.67
27012,78.63
27013,385.69
27014,341.38
27015,187.79
27016,2667.19
27017,106.65
27018,326.13
27019,255.45
27020,175.83
27021,476.44
27022,115.46
27023,217.87
27025,382.11
27026,581.83
27027,656.45
27031,372.29
27032,2962.68
27033,648.06
27034,580.8
27035,234.87
27036,158.77
27037,1185.83
27038,539.46
27039,256.58
27040,864.89
27042,100.62
27043,935.37
27044,234.78
27045,371.45
27046,784.88
27047,580.88
27048,424.67
27049,12435.37
27050,667.81
27051,264.31
27052,297.21
27053,165.37
27054,146.58
27055,643.64
27056,933.3
27057,538.79
27059,510.48
27061,1087.26
27062,1777.72
27063,1015.2
27065,1649.17
27066,976.93
27067,671.33
27068,1141.86
27069,1212.91
27070,2670.96
27071,294.12
27072,931.85
27073,108.47
27074,610.78
27075,638.37
27076,868.25
27077,363.22
27079,776.74
27081,265.33
27083,722.39
27085,1432.55
27089,1256.15
27090,1590.95
27091,608.22
27094,608
27095,618.74
27096,1219.75
27097,132.84
27098,445.99
27099,317.24
27100,202.93
27101,433.39
27102,1385.53
27103,887.91
27104,396.97
27105,1024.84
27106,334.77
27107,1336.16
27108,1126.7
27109,123.78
27110,176.65
27111,43.69
27112,3069.86
27113,339.25
27114,391.75
27115,832.67
27116,265.86
27117,154.35
27118,289.03
27119,0
27120,346.54
27123,1032.5
27124,378.05
27125,622.28
27126,895.03
27127,812.04
27129,547.75
27130,1096.67
27132,457.23
27133,103.03
27134,312.25
27135,838.37
27136,361.92
27137,762.05
27138,1371.99
27139,1456.28
27140,423.95
27141,189.78
27142,137.09
27144,1008.75
27146,614.49
27148,1272.34
27149,232.5
27151,423.08
27152,206.72
27153,687.61
27154,1355.56
27156,1150.46
27157,3907.79
27161,1463.87
27162,682.39
27163,577.37
27164,1836.16
27165,573.81
27167,133.77
27168,191.65
27169,636.49
27170,141.59
27171,1124.93
27173,454.09
27174,401.97
27176,755.32
27177,1604.89
27179,1143.59
27180,41.78
27181,664.2
27182,468.09
27183,544.18
27184,333.1
27185,3.37
27187,901.1
27188,266.09
27189,380.84
27190,467.3
27191,1079.83
27192,1100.2
27193,7.27
27194,333.79
27196,167.11
27198,9798.18
27199,436.14
27200,335.99
27201,582.56
27202,734.29
27203,818.13
27204,363.84
27205,65.41
27206,1041.25
27207,566.54
27208,708.32
27209,644.14
27210,1535.79
27212,300.39
27213,9852.51
27214,1285.14
27215,274.15
27216,109.49
27217,1181.44
27218,1449.92
27219,51.17
27220,415.39
27222,492.09
27224,265.05
27226,1971.43
27227,370.44
27228,471.6
27229,0.61
27230,146.65
27231,335.75
27232,515.3
27233,334.14
27234,5.33
27235,635.2
27237,599.6
27238,694.23
27239,287.62
27241,235.46
27242,662.12
27243,295.23
27245,570.12
27246,393.72
27247,658.56
27248,180.88
27249,226.58
27251,429.44
27252,595.3
27254,374.14
27256,694.52
27258,710.08
27259,753.45
27260,1200.16
27261,715.71
27263,944.69
27266,158.95
27267,126.41
27269,423.09
27271,440.09
27273,11.93
27275,324.83
27276,1101.63
27277,906.11
27278,355.13
27279,675.02
27280,659.26
27281,299.82
27282,674.59
27284,517.08
27285,131.23
27286,570.97
27287,805.28
27289,1118.85
27290,889.28
27291,1240.48
27294,1240.59
27295,1153.91
27298,853.24
27299,159.15
27300,114.67
27301,965.46
27302,1098.72
27304,485.15
27306,1048.36
27307,1357.91
27309,3.06
27310,930.57
27311,1085.13
27313,147.76
27315,613.42
27316,655.74
27317,705.56
27318,444.42
27319,85
27320,488.72
27321,166.42
27322,626.09
27323,1350.12
27324,851.14
27326,399.16
27327,361.71
27329,934.66
27331,1131.58
27332,9.83
27333,1481.85
27334,481.03
27335,341.98
27336,152.95
27337,1239.48
27338,13.78
27340,1133.12
27341,605.76
27342,16.83
27343,605.41
27345,67.72
27346,941.39
27347,117.41
27348,145.87
27349,273.55
27350,1205.13
27351,11.16
27353,314.95
27354,581.05
27355,570.58
27358,420.71
27359,840.95
27360,595.05
27361,820.29
27363,71.49
27365,55.86
27366,500.76
27367,1520.69
27368,480.17
27369,705.13
27370,296.57
27371,126.82
27372,1187.41
27373,606.99
27374,657.69
27375,398.26
27376,166.31
27377,852.68
27378,1808.72
27379,636.19
27380,636.05
27381,237.6
27382,102.34
27383,403.43
27384,964.66
27385,695.04
27388,1387.38
27389,883.14
27390,538.44
27391,392.24
27392,361.15
27393,529.79
27394,306.42
27395,26.92
27397,112.26
27398,286.24
27399,200.69
27400,50.94
27401,176.69
27403,68.29
27404,590.29
27405,676.74
27407,1043.57
27408,1130.17
27410,441.89
27411,787.06
27412,752.03
27414,1813.78
27415,1632.14
27417,710.22
27418,314.88
27419,592.91
27420,371.78
27421,792.81
27422,538.41
27423,223.84
27424,468.69
27425,1733.14
27426,365.75
27427,1131.96
27428,1129.56
27429,286.32
27430,368
27431,63.81
27432,429.88
27433,318.73
27434,299.13
27435,12.63
27436,436.01
27437,766.6
27438,357.85
27439,211.21
27440,135.74
27441,329.25
27442,1497.58
27444,387.58
27445,360.62
27446,1050.43
27447,1678.87
27448,617.27
27451,386.92
27453,403.5
27454,335.46
27455,1321.47
27456,154.87
27457,2163.19
27459,356.62
27460,836.84
27462,139.1
27463,892.99
27464,591.68
27465,883.25
27466,869.72
27467,360.87
27469,474.88
27470,251.04
27471,422.12
27472,880.09
27473,486.38
27475,172.23
27476,555.7
27477,201.74
27478,704.36
27480,1539.69
27481,258.4
27482,451.12
27483,762.65
27485,82.73
27486,875.38
27487,345.59
27488,616.55
27489,590.79
27490,344.36
27492,908.62
27493,300.09
27495,51.38
27496,41.84
27497,1203.14
27498,336.34
27500,528.02
27501,337.22
27502,1194.54
27504,1249.97
27505,277.18
27507,2868.62
27508,253.27
27511,1772.35
27512,726.28
27514,1174.31
27516,2643.28
27517,1737.13
27518,1147.45
27520,85.17
27521,511.89
27522,689.24
27524,442.38
27525,267.97
27527,414.07
27528,4.56
27530,881.43
27531,204.97
27533,419.93
27534,13.57
27536,544.06
27538,1179.81
27539,108.45
27541,859.86
27542,857.6
27543,462.43
27544,329.22
27545,14
27546,221.42
27547,1394.12
27548,797.27
27550,377.11
27552,1037.97
27553,303.11
27554,217.07
27555,438.53
27556,0
27557,513.4
27558,215.6
27560,154.39
27561,119.36
27562,175.25
27563,494.08
27564,1103.52
27565,1226.79
27567,243.35
27568,347.89
27569,504.05
27570,173.36
27571,201.39
27576,327.22
27577,363.51
27578,2485.13
27579,120.06
27580,340.62
27582,64.41
27584,105.12
27586,321.97
27587,440.93
27589,309.02
27590,859.23
27591,1046.75
27592,318.23
27593,5.23
27594,543.69
27595,445.66
27597,714.87
27598,215.05
27599,426.21
27601,503.34
27602,397.31
27603,430.34
27604,46.08
27605,730.67
27606,378.8
27608,362.36
27609,526.32
27610,465.18
27611,278.54
27612,761.29
27613,766.14
27614,485.48
27615,695.35
27616,198.84
27617,652.63
27618,331.44
27620,981.13
27621,1215.21
27622,682.81
27623,586.72
27624,819.03
27625,360.18
27627,617.5
27629,209.95
27630,546.46
27631,567.68
27632,691.77
27633,419.2
27635,262.15
27638,747.26
27640,620.51
27641,901.7
27643,1015.94
27644,1344.59
27645,148.81
27646,427.52
27649,606.95
27650,668.47
27654,588.79
27655,753.77
27656,550.57
27658,309.68
27660,406.2
27661,46.75
27662,436.96
27663,318.84
27664,1558.21
27665,815.09
27666,381.25
27667,346.59
27668,402.92
27669,420
27670,321.88
27671,5.41
27673,119.56
27674,42.59
27676,277.62
27677,429.54
27678,602.08
27679,3213.27
27680,1177.74
27681,523.71
27682,543.57
27684,899.37
27685,569.85
27689,255.46
27690,513.53
27692,226.28
27693,1535.14
27694,300.81
27695,255.05
27696,1570.33
27697,194.53
27698,287.07
27699,191.45
27700,677.87
27701,212.7
28001,933.52
28003,334.34
28004,526.99
28005,1984.85
28006,1829.99
28007,18.79
28008,689.06
28009,693.6
28010,1214.81
28012,11624.35
28013,1116.82
28014,469.52
28015,2231.32
28016,1153.66
28018,2688.86
28019,891.27
28021,1547.96
28022,1799.4
28023,934.95
28024,128.31
28026,1342.75
28027,2668.5
28028,1915.92
28029,2029.3
28030,1412.58
28031,768.79
28032,2366.27
28033,1150.07
28034,2218.63
28035,1801.01
28036,151.14
28037,434.22
28038,986.78
28039,1302.26
28040,1090.99
28041,1416.35
28045,789.85
28046,1980.3
28047,2293.66
28048,1906.31
28049,950.35
28050,372.62
28051,1939.73
28052,1051.52
28053,829.06
28054,1029.76
28055,1182.56
28056,2546.16
28057,1996.45
28059,932.47
28060,212.46
28061,1302.07
28062,1021.7
28064,1204.65
28065,727.46
28067,864.26
28068,671.28
28070,285.54
28071,1077.27
28072,1617.04
28073,1239.57
28074,153
28075,1072.79
28076,352.32
28077,1414.3
28078,897.96
28079,645.38
28080,1182.31
28081,681.91
28084,999.31
28085,392.31
28086,545.77
28087,1299.12
28088,1592.55
28089,370.5
28090,465.89
28091,774.25
28092,1001.1
28094,952.56
28095,741.43
28096,331.26
28098,713.2
28099,1955.03
28100,336.43
28102,1591.96
28103,7612.76
28104,1558.89
28105,1146.27
28106,861.15
28107,296.23
28108,1020.51
28109,955.67
28110,63.53
28111,940.07
28113,577.8
28114,1732.2
28116,779.53
28117,350.76
28118,494.23
28119,1279.07
28120,3943.83
28121,1204.89
28122,2437.52
28123,1431.06
28124,1549.78
28126,771.91
28127,4565.14
28128,573.6
28129,992.87
28130,4010.72
28132,1142.06
28134,3.49
28135,166.25
28137,2331.78
28139,1185.99
28140,193.17
28141,1453.47
28142,267.98
28143,846.54
28144,630.2
28146,797.61
28147,436.18
28148,531.57
28149,248.16
28151,1372.17
28153,850.59
28154,1727.23
28155,755.44
28156,1498.3
28157,478.59
28158,912.25
28159,210.85
28160,2357.98
28161,994.43
28162,1099.24
28163,946.69
28164,2726.78
28166,607.75
28167,1264.93
28168,838.48
28169,843.16
28170,676.42
28171,179.31
28172,1115.1
28173,413.82
28175,437.2
28176,1820.01
28177,1155
28178,701.35
28180,380.18
28182,1237.62
28183,2660.74
28184,1576.92
28185,1333.31
28187,456.71
28188,774.74
28189,1143.3
28190,2552.08
28191,963.91
28192,1554.42
28193,197.05
28194,1582.43
28195,552.91
28196,2423.88
28197,718.97
28198,974.9
28199,3849.63
28200,483.88
28201,679.47
28202,682.09
28203,291.87
28206,1440.99
28207,649.97
28208,200.33
28209,419.71
28210,1259.51
28211,1860.07
28212,2399.08
28213,440.88
28214,169.25
28215,2008.59
28216,107.8
28217,469.12
28218,106.43
28219,1177.09
28221,1612.69
28222,1356.69
28223,757.67
28225,1681.81
28226,2827.06
28227,376.08
28229,869.65
28230,647.9
28231,216.89
28232,400.41
28233,1606.18
28234,1221.73
28235,327.3
28236,2946.37
28237,1221.76
28239,2230.75
28240,1020.06
28242,255.36
28243,1330.14
28245,765.3
28246,1079.48
28247,435.63
28248,1906.66
28249,82.85
28251,1121.78
28252,876.66
28253,1356.72
28254,1733.96
28255,485.39
28256,518.33
28257,398.76
28259,1109.59
28260,463.28
28261,787.1
28263,433.56
28264,205.57
28265,283.33
28268,196.44
28269,461.92
28270,1057.65
28271,561.61
28272,579.69
28273,1658.09
28274,2519.45
28275,1367.62
28277,2896.38
28278,1299.22
28279,237.99
28280,1285.5
28281,422.16
28282,842.32
28283,2668.72
28284,2009.49
28285,718.26
28286,1438.21
28287,1927.08
28289,56.78
28290,496.03
28291,1699.97
28292,253.93
28293,538.67
28294,621.49
28296,1978.56
28298,983.88
28299,336.82
28300,950.57
28301,481.35
28302,1383.63
28303,1223.06
28304,658.26
28305,1935.24
28306,787.18
28308,1529.67
28309,2204.31
28310,668.33
28312,443.05
28313,1355.86
28314,300.27
28315,734.43
28316,525.85
28317,742.14
28319,3141.46
28321,1749.76
28322,960.36
28323,961.02
28324,1945.9
28325,1049.33
28326,926.06
28327,1461.88
28329,488.13
28330,6632.04
28331,2647.98
28332,113.21
28333,514.48
28334,2119.41
28335,1943.53
28336,99.99
28337,1009.29
28339,1132.76
28341,911.37
28342,548.19
28343,352.17
28344,1531.54
28346,486.37
28347,1478.92
28348,646.32
28349,587.61
28350,1142.67
28351,1487.91
28352,912.47
28353,853.99
28354,898.81
28355,509.68
28357,648.7
28358,875.69
28360,1698.81
28362,2397.54
28363,2239.27
28364,2121.26
28365,1156.3
28366,476.64
28367,1497.14
28368,1089.05
28369,768.68
28370,1746.48
28371,330.79
28372,719.39
28373,1237.02
28374,1728.75
28375,568.07
28377,187.58
28378,1191.77
28379,219.94
28380,2656.13
28382,3372.15
28383,3128.48
28385,623.04
28386,4447.01
28387,589.11
28388,1025.46
28389,2476.53
28390,1508.68
28391,1336.68
28392,1465.25
28393,5706.26
28394,651.06
28395,958.13
28396,629.46
28397,1318.59
28398,4915.11
28400,1265.52
28401,1590.93
28403,849.72
28404,1010.79
28405,593.77
28406,10076.59
28407,1301.8
28408,451.65
28409,2022.98
28410,1651.83
28411,717.36
28414,156.36
28415,1541.95
28417,335.57
28418,1481.09
28419,750.84
28421,274.61
28422,4778.22
28423,379.1
28424,4455.05
28425,224.26
28426,2042.15
29001,956.44
29002,1814.11
29003,830.84
29004,5053.41
29005,203.87
29006,49.4
29007,1283.5
29008,2585.55
29010,2221.94
29011,175.43
29012,1074.56
29013,306.99
29014,1393.39
29015,2343.84
29016,1962.64
29017,1093.27
29018,687.4
29019,824.01
29020,4549.66
29021,714.34
29022,93.69
29023,478.83
29024,959.26
29025,2275.26
29026,1066.83
29027,2545.47
29028,528.17
29029,1949.55
29030,2404.07
29031,1558.08
29032,508.99
29033,1882.18
29034,1383.76
29035,399.88
29036,1827.12
29037,522.24
29038,1548.83
29039,1592.67
29040,338.06
29041,1882.26
29042,2019.22
29043,383.1
29044,2167.39
29045,2007.4
29046,755.77
29047,1165.55
29048,2569.24
29049,5368.15
29051,1064.71
29053,235.22
29054,785.86
29055,650.39
29056,83.75
29057,611.62
29058,533.43
29059,693.97
29060,493.61
29061,416.3
29062,1814.19
29063,1230.23
29064,703.8
29065,1053.17
29066,1018.8
29067,765.32
29068,3319.72
29069,807.92
29070,572.32
29071,1120.21
29073,995.38
29074,475.63
29075,2117.01
29076,2977.73
29077,1385.14
29078,2955.89
29079,443
29080,302.22
29081,356.05
29082,104.29
29084,33.36
29086,3081.83
29087,1267.62
29089,2391.71
29090,667.66
29091,946.93
29093,738.35
29094,254.38
29095,1043.97
29097,1008.8
29098,1.7
29099,435.59
29100,118.27
29101,471.78
29102,1963.96
29103,49.13
29104,810.97
29105,674.02
29106,1821.65
29107,911.08
29108,1243.9
29109,602.45
29110,1332.07
29111,1363.3
29112,238.91
29113,1977.81
29114,742.34
29115,949.72
29116,349.28
29117,1850.1
29119,1145.9
29120,412.26
29122,1294.01
29123,1957.26
29124,180.29
29125,2585.12
29126,492.25
29128,781.11
29130,1919.53
29131,1020.77
29133,152.54
29134,239.43
29135,315.09
29136,1570.57
29137,197.41
29139,2308.39
29140,648.6
29141,448.73
29142,1617.24
29143,1685.73
29144,1025.58
29145,1265.99
29146,3361.38
29147,2102.67
29148,866.94
29150,1435.19
29151,943.72
29152,1662.45
29153,415.81
29156,181.95
29158,78.98
29159,1258.53
29160,3492.84
29161,760.29
29162,5742.81
29163,3235.45
29165,530.35
29166,807
29167,2081.19
29168,122.22
29169,3900.11
29170,1287.78
29171,1651.03
29172,3213.84
29173,1859.99
29174,2835.94
29175,5383.84
29176,2421.7
29177,2785.11
29178,1818.75
29179,3531.57
29180,2089.55
29181,1749.99
29182,1059.78
29183,965.15
29184,1899.07
29185,586.66
29186,1166.54
29187,1664.07
29188,2068.98
29189,824.59
29190,947.84
29191,4276.15
29192,995.24
29193,766.31
29195,2482.31
29196,2188.27
29197,1289.33
29198,1894.06
29199,3488.46
29201,3444.63
29202,1540.48
29204,1872.85
29205,2010.41
29206,3406.01
29207,3000.38
29208,1931.13
29209,2360.11
29210,2780.34
29211,2568.03
29212,1517.89
29213,1400.35
29214,1249.89
29215,1189.46
29216,1942.71
29217,1441.59
29218,249.91
29220,614.57
29221,599.9
29222,168.99
29224,1881.4
29225,872.48
29226,1869.15
29227,5854.77
29228,252.48
29229,2461.03
29230,2749.27
29232,2676.61
29233,1167.16
29234,1344.39
29235,8.22
29236,2789.07
29237,205.2
29238,46.25
29239,544.67
29240,1912.92
29241,3513.53
29243,293.85
29244,983.61
29245,694.9
29246,385.57
29247,1952.18
29248,1085.41
29249,1334.49
29250,1006.92
29251,1263.01
29252,616.58
29254,734.62
29255,826.8
29256,1200.05
29257,381.21
29259,1135.2
29260,857.12
29261,452.69
29262,1208.92
29263,1018
29264,489.14
29265,454.26
29266,3501.25
29267,1109.29
29268,602.07
29269,993.26
29270,917.53
29271,1248.14
29272,1246.88
29273,436.48
29274,7034.5
29275,3804.46
29276,940.71
29277,3228.49
29278,4697.57
29279,3047.92
29280,1990.81
29281,2086.51
29282,121.92
29284,209.98
29285,488.63
29286,792.62
29287,765.82
29288,329.44
29289,517.98
29290,251.74
29291,1504.99
29292,455.39
29293,2014.82
29294,1036.7
29295,526.22
29296,546.51
29297,868.45
29298,246.19
29299,496.66
29300,1627.48
29301,247.82
29302,1663.48
2A001,561.68
2A004,1035.46
2A006,985.86
2A008,133.35
2A011,1.63
2A014,376.88
2A017,1420.17
2A018,538.62
2A019,606.36
2A021,447.32
2A022,357.63
2A024,585.15
2A026,653.33
2A027,53.27
2A028,717.76
2A031,1749.47
2A032,712.87
2A035,93.18
2A040,212.37
2A041,1518.88
2A048,563.37
2A056,226.24
2A060,111.02
2A061,97.49
2A062,126.48
2A064,50.76
2A065,1897.39
2A066,113.61
2A070,295.51
2A071,635.63
2A085,487.93
2A089,137.19
2A090,559.45
2A091,506.06
2A092,455.16
2A094,166.27
2A098,473.31
2A099,566.47
2A100,548.1
2A103,653.92
2A104,133.1
2A108,315.85
2A114,1060.74
2A115,1.5
2A117,221.85
2A118,351.02
2A119,419.91
2A127,100.87
2A128,17.99
2A129,249.28
2A130,365.29
2A131,279.41
2A132,221.05
2A133,947.82
2A139,225.2
2A141,875.57
2A142,650.99
2A144,455.21
2A146,422.04
2A154,516.34
2A158,45
2A160,328.25
2A163,774.52
2A174,48.15
2A181,487.83
2A186,941.4
2A189,801.13
2A191,115.5
2A196,359.24
2A197,580.27
2A198,693.38
2A200,484.68
2A203,620.89
2A204,149.98
2A209,510.7
2A211,678.68
2A212,603.26
2A215,850.63
2A228,161.38
2A232,202.03
2A240,100.38
2A247,2789.99
2A249,179.3
2A253,197.87
2A254,464.52
2A258,241.88
2A262,152.11
2A266,8.39
2A268,219.71
2A269,59.63
2A270,809.71
2A271,1306.95
2A272,3472.98
2A276,863.62
2A278,608.37
2A279,515.09
2A282,237.79
2A284,1122.78
2A285,369.97
2A288,1071.79
2A295,204.3
2A300,237.37
2A308,343.12
2A310,355.95
2A312,123.24
2A322,219.65
2A323,106.16
2A324,761.58
2A326,94.1
2A330,602.47
2A331,204.04
2A336,184.49
2A345,69.67
2A348,1854.64
2A349,384.95
2A351,326.72
2A357,87.27
2A358,1246.52
2A359,1241.27
2A360,542.78
2A362,327.8
2B002,960.99
2B003,78.85
2B005,48.88
2B007,1369.48
2B009,3767.19
2B012,229.93
2B016,883.95
2B020,401.25
2B023,1506.82
2B025,216.97
2B029,55.77
2B030,10
2B033,58.41
2B034,363.22
2B036,80.66
2B037,423.58
2B039,170.9
2B042,1322.38
2B043,501.57
2B045,138.14
2B046,278.78
2B047,1651.29
2B049,2992.95
2B050,214.84
2B051,312.39
2B052,31.49
2B053,45.7
2B054,40.31
2B055,488.39
2B057,879.62
2B058,309.94
2B059,811.67
2B063,1475.11
2B067,135.23
2B068,333.56
2B069,135.89
2B072,109.61
2B073,632.79
2B074,372.59
2B075,58.89
2B077,314.37
2B079,688.55
2B080,1473.61
2B081,67.63
2B082,59.8
2B083,502.9
2B084,135.08
2B087,399.44
2B088,336.05
2B093,251.38
2B095,1252.35
2B096,2518.78
2B101,142.95
2B102,40.03
2B105,346.82
2B107,126.01
2B109,121.68
2B110,175.31
2B111,19.28
2B112,336.66
2B120,244.7
2B121,2196.74
2B122,416.74
2B123,4591.78
2B124,390.4
2B125,337.27
2B126,491.28
2B135,169.7
2B136,650.53
2B138,251.29
2B140,583.35
2B143,2341.64
2B145,522.52
2B147,769.9
2B148,1836.38
2B149,213.17
2B150,988.6
2B152,140.19
2B153,640.41
2B155,82.68
2B156,502.31
2B157,16.93
2B159,4.08
2B161,101.21
2B162,1867.04
2B164,98.77
2B165,217
2B166,322.64
2B167,965.33
2B168,574.42
2B169,1250.05
2B170,11.5
2B171,175.72
2B172,521.68
2B173,366
2B175,398.68
2B177,197.31
2B179,230.24
2B180,832.35
2B182,602.4
2B184,153.19
2B185,1638.2
2B187,274.89
2B188,272.17
2B190,1577.79
2B193,1560.5
2B194,225.67
2B195,317.21
2B199,2255.62
2B201,348.26
2B205,484.9
2B206,162.86
2B207,803.93
2B208,166.73
2B210,223.8
2B213,286.16
2B217,38.26
2B218,99.82
2B219,118.32
2B220,183.64
2B222,3.4
2B223,1990.46
2B224,384.03
2B225,121.6
2B227,114.88
2B229,354.91
2B230,704.71
2B231,62.01
2B233,20.11
2B234,9.09
2B235,50.09
2B236,42.43
2B238,426.54
2B239,184.84
2B241,45.84
2B242,102.96
2B243,3.28
2B244,1108.27
2B245,91.22
2B246,122.66
2B248,204.79
2B250,211.08
2B251,1693.59
2B252,112.19
2B255,35.13
2B256,31.88
2B257,170.43
2B260,120.07
2B261,363.04
2B264,679.79
2B265,553.75
2B267,337.34
2B273,16.04
2B275,105.66
2B277,315.32
2B280,177.93
2B281,228.6
2B283,35.24
2B286,319.61
2B287,168.89
2B289,0
2B290,472.32
2B293,94.82
2B296,132.06
2B297,164.04
2B298,86.1
2B299,158.44
2B301,337.8
2B302,128.54
2B303,1105.54
2B304,1253.58
2B305,363.29
2B306,247.89
2B307,162.31
2B311,189.56
2B313,441.29
2B314,2487.7
2B315,334.9
2B316,323.72
2B317,76.47
2B318,504.17
2B319,151.6
2B320,2288.17
2B321,2
2B327,30.78
2B328,342.33
2B329,484.29
2B332,568.28
2B333,523.78
2B334,329.23
2B335,74.13
2B337,334.23
2B338,282.36
2B339,197.43
2B340,260.42
2B341,207.05
2B342,709.65
2B343,1017.87
2B344,72.57
2B346,825.72
2B347,367.58
2B350,179.21
2B352,364.14
2B353,63.28
2B354,862.44
2B355,657.7
2B356,130.75
2B361,219.52
2B364,73.49
2B365,57.9
30001,319.18
30002,487.87
30003,4277.48
30004,249.87
30005,117.16
30006,1848.18
30007,342.56
30008,215.83
30009,441.27
30010,76.88
30011,175.38
30012,580.49
30013,478.71
30014,499.97
30015,15.2
30016,149.57
30017,294.79
30018,272.51
30019,175.33
30020,423.95
30021,246.87
30022,223.2
30023,75.31
30024,54.88
30026,7.28
30027,388.05
30028,958.15
30029,1333.55
30030,320.39
30031,119.35
30032,4674.66
30033,1145.46
30034,2491.17
30035,487.64
30036,319.45
30037,31.32
30038,233.84
30039,783.65
30040,1635.37
30041,738.99
30042,241.46
30043,11.17
30044,150.86
30045,0
30046,444.87
30047,815.69
30048,443.56
30049,1076.11
30050,231.38
30051,9.81
30052,64.32
30053,210.03
30054,236.53
30055,119.65
30056,456.6
30057,326.99
30058,61.91
30059,1630.77
30060,612.02
30061,233.33
30062,1267.06
30064,1259.76
30065,420.62
30066,171.49
30067,456.39
30068,349.27
30069,300.99
30070,117.01
30071,182.67
30072,702.79
30073,353.05
30074,569.82
30075,60.71
30076,561.39
30077,251.25
30079,46.08
30080,76.02
30081,371.66
30082,163.01
30083,303.74
30084,107.11
30085,579.94
30086,355.18
30087,651.15
30088,342.33
30089,163.89
30090,47.41
30091,365.56
30092,353.56
30093,220.03
30095,229.66
30096,570.23
30097,451.7
30098,34.05
30099,16.15
30100,147.12
30101,294.96
30102,164.91
30103,687.66
30104,136.87
30105,297.59
30106,67.97
30107,648.56
30108,49.99
30109,62.44
30110,110.48
30111,232.7
30112,179.26
30113,150
30114,427.96
30115,1.66
30116,651.31
30117,2280.52
30119,456.32
30120,42.18
30121,170.46
30122,484.59
30123,217.22
30124,208.64
30125,841.76
30126,779.75
30127,225.22
30128,1810.18
30129,16.88
30130,395.1
30131,92.21
30133,436.7
30134,246.25
30135,1524.55
30136,303.18
30137,128.21
30138,265.82
30139,4029.88
30140,182.82
30141,1160.17
30142,32.28
30143,134.17
30144,281.1
30145,505.73
30146,411.39
30147,560.05
30148,361.55
30149,257.9
30150,591.92
30151,1337.89
30152,125.83
30153,301.18
30154,60.63
30155,1083.21
30156,685.85
30158,164.67
30160,260.11
30161,75.98
30162,387.9
30163,129.8
30164,188.35
30165,3.88
30166,1085.63
30168,94.9
30169,324.76
30170,8.93
30171,76.46
30172,625.54
30173,297.11
30174,725.88
30175,135.68
30176,715.4
30177,131.58
30178,286.97
30179,917.1
30180,245.24
30181,233.67
30182,265.86
30183,306.87
30184,539.32
30185,101.64
30186,139.67
30187,477.63
30188,157.2
30189,2113.58
30191,295.07
30192,633.53
30193,182.78
30194,87.91
30196,80.41
30197,540.17
30198,302.93
30199,238.07
30200,1095.09
30201,82.04
30202,721.54
30203,80.86
30204,234.65
30205,390.46
30206,44.99
30207,345.38
30208,207.11
30209,748.08
30210,351.25
30211,579.9
30212,118.95
30213,477.7
30214,555.76
30215,103.96
30216,3.4
30217,614.01
30218,737.01
30219,1182.35
30220,50.18
30221,720.9
30222,155.37
30223,1070.25
30224,351.41
30225,1468.25
30226,1493.46
30227,158.05
30228,850.51
30229,107.44
30230,141.29
30231,517.85
30232,343.21
30233,202.15
30234,473.92
30235,131.72
30236,303.45
30237,4.19
30238,0.2
30239,28.01
30240,467.18
30241,844.83
30242,101.16
30243,534.04
30244,212.97
30245,302.99
30246,126.8
30247,123.78
30248,338.06
30249,173.98
30250,32.8
30251,350.88
30252,190.49
30253,1
30254,86.7
30255,376.26
30256,360.93
30257,216.85
30258,9849.17
30259,275.79
30260,265.3
30261,263.58
30262,46.44
30263,591.26
30264,318.93
30265,167.74
30266,1047.11
30267,394.85
30268,12.82
30269,262.34
30270,9.56
30271,360.75
30272,21.45
30273,331.46
30274,200.26
30275,315.24
30276,2606.25
30277,393.7
30278,386.27
30279,165.36
30280,0.3
30281,1068.12
30282,434.91
30283,109.03
30285,685.42
30286,195.96
30287,276.94
30288,93.52
30289,1004.16
30290,619.8
30291,106.01
30292,274
30293,123.74
30294,646.41
30295,594.71
30296,163.25
30297,15
30298,9.41
30299,742.93
30300,108.16
30301,39.78
30302,638.89
30303,359.64
30304,110.28
30305,306.79
30306,341.46
30307,13.95
30308,503.45
30309,120.43
30310,237.38
30311,282.39
30312,350.79
30313,312.77
30314,407.49
30315,408.64
30316,69.37
30317,297.02
30318,694.41
30319,339.64
30320,16.16
30321,429.76
30322,341.52
30323,79.1
30324,321.16
30325,589.35
30326,1439.31
30328,484.92
30329,279.18
30330,340.35
30331,949.21
30332,238.17
30333,237.05
30334,715.36
30335,3.14
30336,430.16
30337,190.24
30338,581.95
30339,1953.43
30340,137.35
30341,4290.77
30342,580.48
30343,496.85
30344,629.07
30345,2.5
30346,336.53
30347,375.18
30348,195.5
30349,174.84
30350,209.35
30351,510.89
30352,272.09
30353,1458.15
30354,154.19
30355,351.56
30356,353.8
31001,798.64
31002,2225.57
31003,228.29
31004,596.76
31005,558.07
31006,622.91
31007,533.47
31008,990.45
31009,140.36
31010,84.05
31011,85.71
31012,130.62
31013,109.13
31014,232.47
31015,74.9
31017,122.24
31018,534.61
31019,73.53
31020,890.3
31021,3.41
31023,609.59
31024,1569.11
31025,689.23
31026,2842.16
31027,871.71
31028,481.79
31029,995.79
31030,128.64
31031,400.86
31032,695.28
31033,2469.7
31034,100.13
31035,184.18
31036,217.74
31037,2930.33
31038,919.89
31039,67.04
31040,18.85
31041,63.32
31042,46.27
31043,593.19
31044,981.75
31045,94.03
31047,251.9
31048,1755.17
31049,625.24
31050,453.58
31051,346.72
31052,2215.9
31053,28.65
31054,253.15
31055,110.79
31057,880.47
31058,117.05
31059,444.95
31060,415.97
31061,520.28
31062,352.69
31063,688.73
31064,63.45
31065,1661.4
31066,526.66
31067,30.07
31068,96.65
31069,55.72
31070,563.72
31071,292.07
31072,425.97
31073,222.66
31074,811.25
31075,437.71
31076,414.53
31077,332.78
31078,358.76
31079,510.76
31080,1272.86
31081,331.73
31082,1398.29
31083,576.1
31084,44.31
31085,380.18
31086,317.5
31087,316.52
31088,20.64
31089,404.85
31090,2036.19
31091,383.93
31092,49.39
31093,1993.25
31094,1526.47
31095,141.57
31096,795.1
31097,792.19
31098,978.71
31099,739.08
31100,2368.76
31101,489.29
31102,433.79
31103,324.29
31104,390.44
31105,389.56
31106,2298.74
31107,1408.88
31108,773.85
31109,1328.56
31110,748.65
31111,720.3
31112,214.49
31113,113.43
31114,294.81
31115,500.28
31116,127.13
31117,824.43
31118,943.16
31119,79.3
31120,1342.42
31121,615.87
31122,1318.2
31123,77.1
31124,748.08
31126,961.53
31128,174.04
31129,78.68
31130,208.91
31131,47.06
31132,11.41
31133,85.51
31134,69.72
31135,1469.8
31136,466.7
31137,752.79
31138,488.24
31139,66.79
31140,445.5
31141,240.94
31142,32.46
31143,211.3
31144,34.97
31145,3319.52
31147,256.99
31148,373.28
31149,21.45
31150,719.06
31151,455.22
31152,353.91
31155,109.99
31156,164.47
31157,32.85
31158,357.63
31159,827.15
31160,977.18
31161,308.3
31162,87.48
31163,713.61
31164,505.37
31165,544.5
31166,243.68
31167,183.22
31168,581.59
31169,357.17
31170,861.43
31171,193.28
31172,202.9
31173,1019.29
31174,776.71
31175,530.52
31177,2.95
31178,1383.55
31179,878.39
31180,626.62
31181,69.6
31182,128.5
31183,435.94
31184,475.89
31185,92.53
31187,878.78
31188,1245.44
31189,290.33
31190,61.91
31191,3
31192,1020.64
31193,2447.15
31194,782.25
31195,87.01
31196,649.16
31197,766.85
31198,179.03
31199,186.24
31200,87.09
31201,166.05
31202,2315.05
31203,95.92
31204,304.44
31205,4.5
31206,3433.36
31207,63.25
31208,793.46
31209,1540.58
31210,1251.03
31211,339.49
31212,515.51
31213,115.93
31215,975.17
31216,24.51
31217,67.18
31218,700.04
31219,570.08
31220,1541.67
31221,52.37
31222,104.41
31223,213.22
31224,156.19
31225,127.16
31226,397.74
31227,65.88
31228,798.83
31229,521.95
31230,89.9
31231,546.38
31232,2398.99
31233,521.28
31234,685.78
31235,41.63
31236,93.25
31237,194.37
31238,134.46
31239,976.5
31240,401.41
31241,480.5
31242,54.12
31243,522.8
31244,111.81
31245,182.88
31246,324.59
31247,398.89
31248,33.83
31249,902.21
31250,768.62
31251,827.17
31253,280.43
31254,13.28
31255,165.41
31256,26.59
31258,418.03
31259,67.98
31260,18.25
31261,1113.74
31262,1121.86
31263,1272.25
31264,797.49
31265,429.56
31266,266.24
31267,159.19
31268,156.35
31269,468.31
31270,271.15
31271,1608.62
31272,619.57
31273,331.93
31274,351.33
31275,488.05
31276,1500.76
31277,640.02
31278,733.9
31279,435.16
31280,1246.67
31281,1648.85
31282,167.48
31283,1745.64
31284,33.64
31285,921.93
31286,1243.66
31287,1071.51
31288,1193.61
31289,824.99
31290,47.4
31291,1222.74
31292,282.43
31293,7.48
31294,104.47
31295,443.52
31296,275.98
31297,802.55
31299,1353.26
31300,358.76
31301,348.03
31302,944.33
31303,1658.19
31304,384.36
31305,318.88
31306,0
31308,244.42
31309,989.47
31310,698.3
31311,142.47
31312,255.35
31313,67.29
31314,183.01
31315,13.75
31316,47.28
31317,1085.08
31318,391.73
31319,334.16
31320,1084.92
31321,40.86
31322,595.57
31323,504.12
31324,1282.68
31325,301.69
31326,197.43
31328,312.69
31329,674.31
31330,74.35
31331,934.44
31332,1284.93
31333,414.46
31334,530.98
31335,62.31
31336,330.4
31337,99.87
31338,238.08
31339,600.97
31340,269.99
31341,1478.56
31342,95.92
31343,423.84
31344,208.99
31345,1510.38
31346,367.03
31347,532.34
31348,59.76
31349,1316.36
31350,480.8
31351,410.92
31352,686.98
31353,165.11
31354,354.5
31355,303.09
31356,182.7
31357,845.46
31358,1392.63
31359,463.13
31360,83.45
31361,1567.64
31362,457.46
31363,1057.62
31364,118.47
31365,638.52
31366,467.72
31367,97.99
31368,527.18
31370,731.58
31371,854.51
31372,913.52
31373,547.17
31374,2614.84
31375,3178.9
31376,647.99
31377,871.52
31378,203.41
31379,1319.04
31380,250.07
31381,1363.7
31382,745.36
31383,1209.14
31384,539.81
31385,232
31386,170.25
31387,243.89
31388,695.74
31389,105.22
31390,482.9
31391,763.32
31392,394.45
31393,596.84
31394,53.23
31395,2615.33
31396,856.9
31397,239.88
31398,370.28
31399,130.27
31400,169.7
31401,319.68
31402,253.82
31403,407.8
31404,125.75
31405,78.31
31406,332.67
31407,852.84
31408,139.1
31409,555.02
31410,444.99
31411,13.73
31412,1518.92
31413,552.29
31414,585.26
31415,432.62
31416,292.22
31417,1605.5
31418,164.93
31419,738.66
31420,7.96
31421,143.31
31422,311.13
31423,829.36
31424,771.27
31425,635.2
31426,660.56
31427,583.69
31428,209.31
31429,538.39
31430,319.97
31431,27.6
31432,170.43
31433,161.56
31434,7.96
31435,1346.73
31436,897.18
31437,347.57
31439,1218.2
31440,303.94
31441,253.45
31442,339.53
31443,1572.33
31444,88.05
31445,123.7
31446,42.37
31447,1
31448,574.17
31449,61.66
31450,443.13
31451,1540.85
31452,73.22
31453,461.44
31454,1476.59
31455,2189.59
31456,258.12
31457,263.7
31458,8.52
31459,452.22
31460,67.42
31461,263.2
31462,38.8
31463,263.68
31464,866.91
31465,61.11
31466,655.5
31467,8.01
31468,1170.56
31469,1228.77
31470,7.42
31471,152.04
31472,231.74
31473,542.81
31474,1310.9
31475,613.37
31476,365.28
31477,918.86
31478,4053.31
31479,907.57
31480,588.19
31481,1961.08
31482,1230.12
31483,1326.13
31484,31.74
31485,92.7
31486,1001.17
31487,425.13
31488,6.34
31489,370.98
31490,1009.69
31491,1107.34
31492,418.6
31493,630.03
31494,456.55
31495,1875.07
31496,617.34
31497,220.94
31498,110.53
31499,1296.73
31501,647.33
31502,998.28
31503,293.14
31504,363.21
31505,215.53
31506,707.6
31507,423.82
31508,11.46
31509,69.2
31510,567.75
31511,408.77
31512,531.21
31513,385.91
31514,386.32
31515,281.4
31516,97.68
31517,751.34
31518,735.75
31519,210.48
31520,69.14
31521,376.33
31522,485.5
31523,175.12
31524,87.27
31525,386.37
31527,274.4
31528,610.55
31529,233.14
31530,114.47
31531,137.69
31532,400.67
31533,478.64
31534,193.79
31535,614.45
31536,924.33
31537,142.39
31538,399.32
31539,166.57
31540,247.11
31541,45.07
31542,127.92
31543,615.21
31544,47.45
31545,1209.43
31546,287.89
31547,1224.83
31549,40.36
31550,869.37
31551,1185.63
31552,498.49
31553,1558.89
31554,183.77
31555,996.07
31556,974.26
31557,14.65
31558,392.45
31560,711.77
31561,10.56
31562,539.23
31563,1330.62
31564,79.87
31565,162.37
31566,510.69
31567,555.14
31569,235.14
31570,780.65
31571,313.35
31572,1026.9
31573,2533.17
31574,589.28
31575,13.48
31577,425.84
31579,453.98
31580,138.42
31581,476.63
31582,986.42
31583,994.72
31584,2388.03
31585,579.43
31586,994.62
31587,812.38
31588,10.67
31589,797.69
31590,64.19
31591,427.61
31592,680.43
31593,481.23
32001,1809.76
32002,256.72
32003,509.4
32004,300.53
32005,765.57
32007,363.97
32008,315.44
32009,518.56
32010,220.45
32012,2937.91
32013,3241.71
32014,237.49
32015,416.76
32016,1766.35
32017,578.49
32018,857.57
32019,1028.02
32020,821.66
32021,144.55
32022,754.4
32023,513.59
32024,778.9
32025,505.7
32026,774.56
32027,1352.37
32028,594.19
32029,3985.5
32030,942.93
32031,331.08
32032,2414.96
32033,1380.1
32034,103.24
32035,1332.55
32036,2048.73
32037,529.65
32038,235.26
32039,168.67
32040,1138.17
32041,538.51
32042,1246.7
32043,1126.95
32044,1155.2
32045,595.21
32046,521.79
32047,1501.69
32048,499.94
32049,162.02
32050,50.64
32051,773.97
32052,510.38
32053,707.02
32054,2617.24
32055,964.57
32056,272.21
32057,905.14
32058,106.18
32059,818.5
32060,148.38
32061,545.21
32062,1444.76
32063,665.5
32064,768.59
32065,913.76
32066,1163.87
32068,787.19
32069,166.23
32070,506.11
32071,1445.53
32072,725.47
32073,407.66
32075,816.29
32076,2578.37
32077,535.71
32078,1343.04
32079,2417.7
32080,866.24
32081,1510.05
32082,1360.3
32083,1241.38
32084,918.78
32085,579.29
32086,381.86
32087,996.13
32088,2478.63
32089,462.01
32090,951.34
32091,1010.06
32092,398.62
32093,463.2
32094,1571.15
32095,932.44
32096,2810.55
32097,619.96
32098,310.62
32099,122.19
32100,492.02
32101,940.91
32102,1206.78
32103,781.13
32104,1274.7
32105,406.09
32106,707.05
32107,6994.9
32108,725.89
32109,1288.16
32110,1688.91
32111,456.95
32112,2457.11
32113,1009.31
32114,819.55
32115,1782.81
32116,1069.91
32117,455
32118,1501.78
32119,5734.28
32120,1073.11
32121,1218.8
32122,603.46
32123,2365.04
32124,740.8
32125,1000.43
32126,608.71
32127,820.61
32128,1073.18
32129,1177.39
32130,638.03
32131,838.79
32132,2001.28
32133,1782.36
32134,712.02
32135,688.45
32136,616.21
32138,716.08
32139,271.29
32140,353.17
32141,401.65
32142,1164.12
32143,1854.53
32144,474.64
32145,189.73
32146,1953.01
32147,1922.8
32148,317.51
32149,1840.06
32150,736.96
32151,46.33
32152,483.05
32153,566.93
32154,656.95
32155,1643.26
32156,927.69
32157,522.19
32158,1222.55
32159,1518.2
32160,6396.08
32161,90.49
32162,2763.93
32163,727.22
32164,672.37
32165,1229.23
32166,272.22
32167,428.14
32169,640.54
32170,921.14
32171,185.85
32172,1436.86
32173,888.34
32174,1164.39
32175,586.33
32176,1003.74
32177,575.43
32178,480.16
32180,2285.96
32181,482.13
32182,1198.83
32183,310.07
32184,229.7
32185,1095.89
32186,521.85
32187,470.88
32188,559.02
32189,739.83
32190,2439.64
32191,397.69
32192,384.18
32193,626.25
32194,287.38
32195,91.87
32196,1519.22
32197,1090.98
32198,1330.89
32199,851.31
32200,849.82
32201,222.1
32202,585.28
32203,848.31
32204,2836.29
32205,940.63
32206,1352.95
32207,803.28
32208,6917.75
32209,1248.97
32210,578.38
32211,251.52
32212,871.52
32213,1620.26
32214,675.03
32215,1131.72
32216,245.08
32217,576.32
32218,230.15
32219,2911.53
32220,804.23
32221,1316.82
32222,317.6
32223,267.81
32224,1007.78
32225,380.4
32226,419.22
32227,2469.34
32228,422.64
32229,473.01
32230,374.55
32231,768.27
32232,484.55
32233,928.91
32234,851.46
32235,1323.74
32236,245.37
32237,1238.11
32238,517.5
32239,1806.6
32240,621.21
32241,1263.39
32242,1615.27
32243,1726.78
32244,77.6
32245,707.34
32246,477.85
32247,1272.28
32248,688.91
32249,2609.43
32250,404.1
32251,214.59
32252,837.34
32253,3343.24
32254,949.22
32255,489.44
32256,1033.77
32257,1120.02
32258,673.26
32261,1259.49
32262,1378.05
32263,728.73
32264,37.75
32265,649.41
32266,399.24
32267,573.81
32268,1938.57
32269,1112.8
32270,388.41
32271,490.27
32272,1081.19
32273,1370.25
32274,516.66
32275,90.77
32276,560.52
32277,1452.93
32278,950.06
32279,2696.89
32280,803.4
32281,810.85
32282,522.92
32283,463.71
32284,265.01
32285,3260.66
32286,1141.18
32287,773.87
32288,1188.12
32289,1230.05
32290,4835.26
32291,857.95
32292,874.94
32293,361.14
32294,814.81
32295,272.08
32296,405.69
32297,1437.57
32298,982.5
32299,533.52
32300,596.95
32301,1618.79
32302,521.28
32303,496.73
32304,1149.49
32305,941.15
32306,1776.14
32307,1209.78
32308,52.63
32309,818.96
32310,355.97
32311,1285.46
32312,2422.51
32313,1385.58
32314,790.06
32315,1646.91
32316,415.35
32317,655.35
32318,315.41
32319,1190.64
32320,942.89
32321,1029.24
32322,1145.42
32323,731.53
32324,568.69
32325,876.87
32326,838.19
32327,490.96
32328,540.56
32329,1141.94
32330,167.16
32331,786.4
32332,883.95
32333,714.66
32334,558.83
32335,1662.8
32336,769.02
32337,660.26
32338,1138.22
32339,520.93
32340,540.04
32341,967.18
32342,704.73
32343,976.65
32344,2235.82
32345,2027.32
32346,1062.08
32347,519.82
32348,1952.87
32349,160.12
32350,78.52
32351,400.04
32352,920.62
32353,856.12
32354,449.76
32355,261.51
32356,550.2
32357,414.42
32358,619.96
32359,529.79
32360,973.32
32361,1037.14
32362,639.3
32363,580.78
32364,612.34
32365,1779.33
32366,750.95
32367,515.44
32368,998.6
32369,1908.94
32370,1159.09
32371,939.28
32372,300.66
32373,1053.58
32374,648.11
32375,530.36
32376,816.15
32377,1079.21
32378,443.58
32379,284.83
32380,385.75
32381,1068.55
32382,704.92
32383,465.64
32384,682.01
32385,797.41
32386,460.22
32387,590.05
32388,1814.52
32389,299
32390,751.14
32391,668.82
32392,439.28
32393,979.69
32394,1449.09
32395,1188.13
32396,1548.86
32397,1037.31
32398,941.8
32399,194.59
32400,529.2
32401,460.51
32402,942.95
32403,884.01
32404,3392.37
32405,1361.67
32406,1648.87
32407,796.51
32408,803.7
32409,717.55
32410,2760.71
32411,413.77
32412,870.88
32414,1575.87
32415,653.31
32416,1911.86
32417,2123.4
32418,1304.19
32419,667.58
32420,139.39
32421,318.07
32422,291.04
32423,611.48
32424,788.93
32425,345.24
32426,1487.79
32427,410
32428,408.9
32429,1879.43
32430,353.23
32431,191.44
32432,1579.96
32433,2708.15
32434,469.03
32435,794.29
32436,1255.15
32437,816.82
32438,715.51
32439,336.57
32440,774.68
32441,572.66
32442,2002.26
32443,150.4
32444,698.48
32445,405.61
32446,824.9
32447,677.64
32448,1405.07
32449,366.47
32450,214.67
32451,1016.52
32452,2267.08
32453,641.54
32454,721.84
32455,1197.79
32456,522.1
32457,563.41
32458,246.87
32459,1627.67
32460,405.21
32461,443.45
32462,3068.62
32463,1551.7
32464,600.15
32465,667.66
32466,582.34
32467,542.42
32468,386.69
33001,289.82
33002,1672.7
33003,174.05
33004,294.35
33005,0
33006,1323.72
33007,133.44
33008,944.22
33010,267.66
33011,34.49
33012,422.53
33014,365.52
33015,618.12
33016,783.22
33017,147.19
33018,664.23
33019,1156.07
33020,189.19
33021,227.08
33022,474.87
33023,60.28
33024,222.12
33025,78.83
33026,42.1
33027,223.59
33028,327.17
33029,1277.44
33030,852.22
33031,262.61
33032,28
33033,263.06
33034,136.1
33035,144.62
33036,1001.93
33037,91.35
33038,1741.44
33040,218.16
33042,131.24
33044,2.79
33045,499.91
33046,96.08
33047,898.34
33048,135.98
33049,648.25
33050,215.01
33051,1.27
33052,5.69
33053,177.76
33054,237.45
33055,966.96
33056,1027.09
33057,1575.32
33058,78.11
33059,69.43
33060,342.46
33061,132.56
33062,252.47
33063,486.58
33064,164.16
33065,0.12
33066,97.83
33067,685.47
33068,2440.18
33069,20.29
33070,124.96
33071,9.46
33072,457.45
33073,880.4
33074,119.4
33075,266.2
33076,176.35
33077,8.96
33078,191.6
33079,190.76
33080,479.35
33081,315.85
33082,710.9
33083,221.18
33084,72.55
33085,184.35
33086,400.88
33087,429.8
33088,51.25
33089,156
33090,56.67
33093,638.8
33094,527.44
33095,669.91
33096,53.21
33097,2485.67
33098,104.85
33099,433.78
33100,810.73
33101,216.33
33102,100.94
33104,21.19
33105,306.4
33106,714.32
33108,198.49
33109,219.07
33111,83.83
33112,288.81
33113,175.51
33114,53.38
33115,238.04
33116,206.49
33117,615.25
33118,136.65
33120,339.77
33121,326.16
33122,3022.56
33123,655.59
33124,292.29
33125,590.69
33126,710.88
33127,193.76
33128,835.11
33129,308.16
33130,38.61
33131,96.93
33132,56.88
33133,349.3
33134,184.43
33135,158.81
33136,650.21
33137,161.65
33138,1465.82
33139,416.95
33140,184.17
33141,48.74
33142,307.21
33143,111.27
33144,106.94
33145,67.79
33146,591.22
33147,406.49
33148,88.14
33149,406.73
33150,622.53
33151,609.23
33152,195.53
33153,301.65
33154,252.62
33155,5
33156,528.73
33157,187.64
33158,296.18
33159,294.91
33160,223.83
33161,112.96
33162,76.82
33163,390.65
33164,318.29
33165,217.01
33166,293.57
33167,302.68
33168,460.62
33169,263.2
33170,361.31
33171,398.2
33172,152.09
33173,231.02
33174,571.79
33175,583.6
33176,187.24
33177,1014.56
33178,377.29
33179,856.42
33180,229.2
33181,199.5
33182,264.84
33183,84.45
33184,182.22
33185,695.26
33186,485.57
33187,548.8
33188,15
33189,1454.7
33191,148.05
33192,16.16
33193,89.89
33194,960.68
33195,1254.28
33196,228.97
33197,8.99
33198,38.53
33199,135.51
33200,103.9
33201,450.67
33202,121.35
33203,2226.05
33204,245.98
33205,316.87
33206,26.81
33207,208.97
33208,2278.55
33209,452.25
33210,332.52
33211,433.88
33212,179.8
33213,186.51
33214,138.17
33215,1003.58
33216,94.23
33218,303.35
33219,222.21
33220,281.11
33221,542.36
33222,374.96
33223,1455.43
33224,331.09
33225,194.14
33226,554.96
33227,432.46
33228,473.82
33229,1147.65
33230,284.46
33231,142.15
33233,450.1
33234,193.45
33235,59.57
33236,0.12
33238,952.26
33239,59.89
33240,452.63
33241,691.89
33242,1004.56
33243,549.37
33244,6.03
33245,225.78
33246,200.94
33247,334.48
33248,824.03
33249,0.06
33250,628.95
33251,0
33252,297.67
33253,471.4
33254,367.4
33255,6.1
33256,1208.47
33257,246.68
33258,501.47
33259,592.56
33260,692.08
33261,1352.75
33262,556.55
33263,10.5
33264,957.5
33266,233.75
33268,1778.21
33269,962.91
33270,0
33271,4.75
33272,169.5
33274,403.22
33275,59.43
33276,230.91
33277,956.15
33278,565.17
33279,681.37
33280,263.13
33281,293.69
33282,529.15
33283,167.57
33284,160.88
33285,177.42
33287,353.29
33288,307.36
33289,395.19
33290,1653.58
33291,329.78
33292,359.3
33293,321.8
33294,431.49
33295,80.83
33296,734.54
33297,645.48
33298,798.78
33299,905.68
33300,550.37
33301,1069
33302,509.27
33303,265.43
33304,85.33
33305,135
33306,99.47
33307,291.6
33308,65.21
33309,403.5
33310,15
33311,160.21
33312,852.78
33314,1833.85
33315,720.45
33316,2178.6
33317,536.28
33318,758.52
33319,402.68
33320,290.11
33321,404.65
33322,101.21
33323,281.68
33324,510.06
33325,176.72
33326,141.96
33327,150.25
33328,695.35
33330,87.2
33331,574.32
33332,31.24
33333,476.47
33334,632.64
33335,40.76
33336,105.6
33337,1121.62
33339,136.54
33341,468.73
33342,1187.74
33343,89.27
33344,417.73
33345,662.23
33346,48.76
33347,646.5
33348,1575.9
33349,239.32
33350,282.54
33351,1665.13
33352,285.48
33353,643.92
33354,553.76
33355,327.53
33356,105.29
33357,22.24
33358,55.31
33359,409.68
33360,284.35
33361,642.54
33362,531.83
33363,631.94
33364,286.8
33365,185.61
33366,481.89
33367,591.97
33369,549.61
33370,845.61
33372,413.25
33373,498.52
33374,302.82
33375,264.51
33376,9.37
33377,96.92
33378,1055.07
33379,659.03
33380,1670.11
33381,89.4
33382,454
33383,216.94
33384,620.04
33385,469.39
33386,492.69
33387,411.78
33388,465.06
33389,3646.27
33390,164.24
33391,333.69
33392,460.19
33393,1236.22
33394,2541.95
33395,1545.2
33396,561.06
33397,265.66
33398,206.49
33399,636.89
33400,928.51
33401,210.28
33403,366.84
33404,786.48
33405,359.8
33406,182.88
33407,282.74
33408,152.39
33411,200.94
33412,790.53
33413,754.44
33414,34.54
33415,376.19
33416,359.05
33417,80.05
33418,420.79
33419,357.32
33420,340.09
33421,616.01
33422,1175.34
33423,1254.5
33424,3465.39
33425,238.44
33426,274.22
33427,482.39
33428,200.86
33431,58.4
33432,100
33433,855.61
33434,506.47
33435,58.08
33436,481.6
33437,884.21
33438,166.66
33439,403.64
33440,573.3
33441,266.56
33442,351.26
33443,229.26
33444,530.49
33445,409.56
33446,617.88
33447,614.35
33448,67.85
33449,320.16
33451,470.51
33452,11.62
33453,374.05
33454,62.13
33456,438.76
33457,121.61
33458,319.55
33459,363.4
33460,582.02
33461,251.58
33462,213.84
33463,305.76
33464,98.08
33465,515.68
33466,490.92
33467,903.86
33468,836.96
33470,171.72
33471,497.33
33472,362.95
33473,624.78
33474,112.53
33475,59.78
33476,1096.01
33477,85.22
33478,97.19
33479,32.37
33480,1325.11
33481,317.06
33482,585.67
33483,435.52
33484,418.49
33485,810.17
33486,181.86
33487,573.11
33488,680.02
33489,282.03
33490,1108.02
33491,1241.72
33492,152.04
33493,1119.06
33494,470.36
33496,490.59
33498,562.93
33499,278.99
33500,168.52
33501,1490.95
33502,175.91
33503,36.07
33504,597.74
33505,448.9
33506,2147.37
33507,380.6
33508,693.79
33509,135.45
33510,263.25
33511,35.83
33512,567.67
33513,0
33514,290.59
33515,507.69
33516,649.19
33517,252.54
33518,72.47
33519,60.05
33520,851.41
33521,1133.49
33522,19.06
33523,940.82
33524,43.02
33525,569.9
33526,51.54
33527,105.09
33528,418.22
33529,0
33530,280.46
33531,234.51
33532,37.95
33533,458.14
33534,97.16
33535,287.46
33537,2.11
33538,663
33539,230.97
33540,565.56
33541,324.38
33542,521.01
33543,281.49
33544,411.75
33545,831.78
33546,394.18
33547,82.2
33548,315.64
33549,117.23
33550,96.09
33551,200.17
33552,109.81
33553,80.17
33554,498.72
33555,411.94
34001,510.9
34002,415.09
34003,1466.04
34004,216.52
34005,1.75
34006,341.56
34007,450.78
34008,204.47
34009,822.15
34010,557.97
34011,57.91
34012,253.99
34013,594.33
34014,262.07
34015,140.84
34016,1505.74
34017,291.8
34018,392.27
34019,866.81
34020,338.27
34021,238.84
34022,293.55
34025,353.04
34026,180.11
34027,321.62
34028,190.58
34029,178.8
34030,211.39
34031,1138.06
34032,4276.38
34033,446.43
34034,260.42
34035,168.49
34036,475.15
34037,276.57
34038,45.53
34039,10.63
34040,339.61
34041,205.88
34042,538.31
34043,122.57
34044,545
34045,313.71
34046,421.6
34047,62.74
34048,210.94
34050,747.89
34051,434.76
34052,2729.85
34053,388.69
34054,257.33
34055,714.35
34056,2483.86
34057,185.5
34058,646.79
34059,355.64
34060,435.89
34061,469.52
34062,255.02
34063,1189.47
34064,1458.99
34065,316.46
34066,26
34067,191.04
34068,178.38
34069,1294.7
34070,246.24
34071,1097.48
34073,642.35
34074,876.46
34075,1031.8
34076,249.59
34077,53.36
34078,578.01
34079,743.83
34080,0
34081,180.39
34082,219.95
34083,4.36
34084,623.21
34085,249.74
34086,458.38
34087,438.28
34088,796.18
34089,336.41
34090,129.08
34091,425.53
34092,744.47
34094,254.27
34095,1117.29
34096,314.9
34097,721.43
34098,207.66
34099,18
34100,145.18
34101,1780.34
34102,226.35
34103,804.58
34104,73.96
34105,181.37
34106,80.64
34107,1453.14
34108,698.82
34109,393.17
34110,276.75
34111,2.35
34112,144.91
34113,512.9
34114,609.2
34115,162.38
34116,66.42
34118,317.55
34119,3.85
34120,34.73
34121,895.73
34122,191.58
34123,123.39
34124,43.79
34125,143.37
34126,30.78
34127,1712.67
34128,46.27
34129,977.84
34130,786.44
34131,260.21
34132,790.62
34133,479.98
34134,212.19
34135,566.95
34136,211.32
34137,112.43
34138,30.88
34139,541.03
34140,27.99
34141,1101.37
34142,257.12
34143,146.63
34144,1649.99
34145,617.13
34146,396.99
34147,900.23
34148,905.86
34149,240.43
34150,1008.97
34151,2941.44
34152,427.92
34153,82.12
34154,2629.69
34155,404.22
34156,195.25
34157,1621.26
34158,353.82
34159,87.35
34160,90.62
34161,800.2
34162,2095.81
34163,768.93
34164,449.81
34165,364.06
34166,1088.49
34167,245.61
34168,181.65
34169,217.58
34170,333.69
34171,596.07
34172,625.1
34173,903.36
34174,952.11
34175,37.08
34176,1099.49
34177,3.8
34178,1354.45
34179,183.87
34180,296.89
34181,347.75
34182,223.62
34183,1172.78
34184,547.85
34185,734.7
34186,700.99
34187,6.4
34188,215.38
34189,2053.74
34190,239.63
34191,244.94
34192,26.47
34193,699.31
34194,460.75
34195,151.25
34196,622
34197,1291.82
34198,118.23
34199,1113.45
34200,389.28
34201,230.7
34202,411.35
34203,839.25
34204,335.94
34205,521.3
34206,239.8
34207,1414.81
34208,202.67
34209,1144.16
34210,531.17
34211,42
34212,37.5
34213,239.46
34214,657.34
34215,331.78
34216,19.67
34217,26.26
34218,299.09
34219,51.88
34220,191.19
34221,107.87
34222,219.4
34223,543.7
34224,1263.08
34225,1372.29
34226,1330.43
34227,168.42
34228,188.31
34229,336.51
34230,1396.35
34231,282.99
34232,544.71
34233,962.93
34234,240.92
34236,879.13
34237,815.95
34238,280.97
34239,612.11
34240,745.25
34241,580.59
34242,1810.35
34243,73.57
34244,70.98
34245,403.07
34246,1094.89
34247,218.9
34248,628.62
34249,456.57
34250,21.78
34251,1072.32
34253,1365.7
34254,335.62
34255,258.34
34256,535.37
34257,65.03
34258,555.41
34259,125.39
34260,162.25
34261,13.55
34262,105.41
34263,196.08
34264,74.11
34265,142
34266,158.63
34267,506.94
34268,378.22
34269,434.37
34270,84.09
34271,2
34272,213.63
34273,8.36
34274,970.96
34276,555.92
34277,2470.12
34278,2015.11
34279,207.43
34280,490.64
34281,861.61
34282,106.83
34284,434.79
34285,482.75
34286,90.38
34287,248.52
34288,193.62
34289,1155.97
34290,29.93
34291,37.91
34292,293.85
34293,1442.11
34294,81.3
34295,53.12
34296,174.23
34297,677.65
34298,788.94
34299,573.68
34300,2379.5
34302,634.59
34303,1292.06
34304,149.39
34305,716.08
34306,177.87
34307,229.89
34308,35.9
34309,1252.31
34310,797.95
34311,712.04
34312,756.76
34313,281.7
34314,227.25
34315,96.1
34316,11.33
34317,2288.43
34318,458.19
34319,130.81
34320,169.26
34321,52.72
34322,626.32
34323,5.14
34324,61.06
34325,291.56
34326,148.05
34327,150.27
34328,390.66
34329,3238.76
34331,46.53
34332,1075.08
34333,323.6
34334,171.42
34335,75.7
34336,652
34337,424.72
34338,88.31
34339,137.41
34340,40.92
34341,1264.42
34342,1498.28
34343,147.43
34344,226.91
35001,1885.42
35002,2341.08
35003,1396.35
35004,4943.45
35005,430.4
35006,2950.1
35007,57.42
35008,732.39
35009,1745.7
35010,1086.65
35012,5385.53
35013,2419.79
35014,2854.13
35015,3638.08
35016,797.32
35017,536.25
35018,2847.84
35019,3573.23
35021,338.41
35023,2870.9
35024,1490.93
35025,996.75
35026,86.72
35027,1822.37
35028,1037.41
35029,992.78
35030,698.25
35031,1369.12
35032,1066.92
35033,1630.68
35034,605.46
35035,608.75
35037,2008.74
35038,236.03
35039,401.42
35040,1103.26
35041,1783.32
35042,1064.29
35044,1008.52
35045,1933.96
35046,786.38
35047,854.39
35049,253.2
35050,310.91
35051,1173.77
35052,835.92
35054,904.92
35055,467.69
35056,304.42
35057,1573.08
35058,890.05
35059,783.67
35060,742.54
35061,739.71
35062,3740.35
35063,723.47
35064,964.19
35065,693.86
35066,518.16
35067,372.66
35068,1705.78
35069,1031.06
35071,1027.78
35072,3115.31
35075,1425.63
35076,522.38
35077,1272.05
35078,1313.6
35079,869.56
35080,478.8
35081,188.95
35082,1375.29
35084,1468.23
35085,4916.54
35086,481.34
35087,753.59
35088,1503.36
35089,963.31
35090,458.44
35091,356.88
35092,1865.7
35093,0.29
35094,1522.78
35095,1340.46
35096,2598.79
35097,2771.88
35098,2090.33
35099,1201.95
35101,1393.16
35102,1055.5
35103,1270.98
35104,1781.87
35105,2285.28
35106,2679.37
35107,1438.16
35108,2235.74
35109,3033.52
35110,1257.06
35111,1496.37
35114,577.55
35115,105.46
35116,1743.61
35117,3950.93
35118,1129.39
35119,1343.88
35120,2472.95
35121,1029.09
35122,181.48
35123,1651.17
35124,3383.08
35125,827.98
35126,2012.97
35127,3135.92
35128,2210.68
35130,936.97
35131,214.13
35132,760.85
35133,4609.55
35134,230.34
35135,1646.67
35136,2842.87
35137,1278.1
35138,376.1
35139,1592.58
35140,1676.54
35141,286.11
35142,1244.04
35143,1071.71
35144,393.33
35145,1330.8
35146,421.15
35148,200.66
35149,525.34
35150,669.11
35151,1387.96
35152,2049.15
35153,197.8
35154,1966.45
35155,324.21
35156,834.81
35157,869.68
35159,462.82
35160,327.69
35161,857.95
35162,3204.45
35163,3191.22
35164,1568.65
35165,1527.86
35166,754.46
35167,5185.41
35168,4261.78
35169,2983.72
35170,1031.45
35171,1983.16
35172,2493.82
35173,2737.98
35174,1042.67
35175,901.87
35176,6627.94
35177,780.29
35178,1493.78
35179,1731.04
35180,1745.49
35181,54.66
35183,595.39
35184,3267.2
35185,685.18
35186,1226.03
35187,1497.45
35188,264.61
35189,225.28
35190,654.63
35191,3170.87
35192,842.49
35193,653.92
35194,753.34
35195,848.57
35196,2274.28
35197,556.83
35198,1205.52
35199,73.87
35200,1892.26
35201,2568.63
35202,1524.47
35203,415.05
35204,1125.49
35205,1247.29
35206,1686.6
35207,3038.52
35208,799.66
35210,2442.69
35211,1668.29
35212,1282.04
35214,1407.91
35215,1606.54
35216,414
35217,2016.62
35218,503.94
35219,3760.35
35220,3279.53
35221,2847.22
35222,2102.66
35223,3545.83
35224,972.87
35225,994.33
35226,1380.02
35227,1212.64
35228,1260.81
35229,1368.86
35230,875.43
35231,456.15
35232,897.15
35233,987.13
35234,2197.12
35235,2247.05
35236,6.82
35237,1547.49
35238,404.51
35239,3023.63
35240,811.42
35241,2.24
35242,1090
35243,2092.41
35244,584.87
35245,2129.74
35246,1709.76
35247,1415.4
35248,977.78
35249,1475.75
35250,607.93
35251,1811.98
35252,1097.12
35253,885.04
35256,169.12
35257,2938.78
35258,726.22
35259,1513.47
35260,546.69
35261,103.67
35262,756.01
35263,809.65
35264,1037.94
35265,1127.8
35266,532.91
35268,1066.25
35270,1063.33
35271,2561.1
35272,735.39
35273,2404.8
35274,406.54
35275,1473.84
35276,92.27
35277,514.59
35278,718.25
35279,195.28
35280,1581.14
35281,81.76
35282,4591.54
35283,818.13
35284,323.16
35285,1381.05
35286,766.53
35287,318.36
35288,895.38
35289,656.48
35290,1358.39
35291,527.95
35292,1485.15
35294,846.81
35295,584.15
35296,1014.94
35297,1007.4
35299,2122.87
35300,2140.02
35302,2092.16
35304,951.89
35305,184.47
35306,1658.7
35307,1010.65
35308,1145.78
35309,1380.5
35310,1137.65
35311,641
35312,845.36
35314,377.48
35315,169.06
35316,1121.25
35317,986.11
35318,609.06
35319,825.87
35320,830.9
35321,637.82
35322,542.83
35324,590.84
35325,101.52
35326,2746.42
35327,1298.31
35328,2970.25
35329,923.39
35330,1079.86
35331,1255.75
35332,764.13
35333,1356.19
35334,431.2
35335,2336.29
35336,297.32
35337,2258.11
35338,1218.41
35339,1150.73
35340,1454.62
35342,566.73
35343,1869.07
35345,590.23
35346,382.84
35347,3072.47
35350,663.62
35351,523.93
35352,1293.43
35353,382.23
35354,513.31
35355,927.2
35356,788.75
35357,877.51
35358,340.78
35359,1367.5
35360,2352.34
35361,80.6
35362,284.84
35363,107.28
36001,2322.39
36002,1176.4
36003,1438.69
36004,1460.57
36005,3678.23
36006,1289.08
36007,3038.48
36008,2043.24
36009,2420.24
36010,4412.48
36011,1391.64
36012,1496.69
36013,1352.85
36014,1265.81
36015,577.1
36016,1737.26
36017,3378.59
36018,2573.51
36019,2112.17
36020,864.19
36021,1186.28
36022,1507.69
36023,2895.99
36024,1284.52
36025,1969.62
36026,3472.55
36027,1447.47
36028,736.62
36029,1708.93
36030,2048.38
36031,3077.01
36032,967.45
36033,1087.77
36034,1903.03
36035,4430.75
36036,1186.25
36037,5318.93
36038,243.59
36040,1453.34
36041,886.91
36042,2140.82
36043,1563.3
36044,1039.42
36045,4036.37
36046,16.4
36047,2153.31
36048,1275.2
36049,807.46
36050,1766.55
36051,1686.79
36052,2638.54
36053,3219.76
36054,2883.63
36055,2020.74
36056,2762.53
36057,2384.54
36058,1890.67
36059,1292.63
36060,3866.89
36061,2481.52
36062,1019.02
36063,1285.52
36064,2077.22
36065,1525.35
36066,2996.72
36067,489.99
36068,1028.56
36069,1952.21
36070,1369.81
36071,1042.7
36073,1065.56
36074,2106.66
36075,1491.83
36076,307.19
36077,874.12
36078,2071.9
36079,287.76
36080,257.4
36081,1290.76
36082,1682.61
36083,2806.18
36084,2363
36085,1506.65
36086,3111.99
36087,2203.83
36088,3844.76
36089,2673.87
36090,809.67
36091,1472.87
36092,1595.11
36093,8421.41
36094,4512.74
36095,632.78
36096,2022.84
36097,2278.05
36098,3107.69
36099,1731.64
36100,1325.17
36101,1849.15
36102,1236.06
36103,5488.57
36104,968.86
36105,1537.94
36106,1610.38
36107,1585.31
36108,860.4
36109,862.75
36110,1309.78
36111,1278.14
36112,2738.15
36113,2220.91
36114,738.23
36115,593.55
36116,2680.13
36117,376.96
36118,1479.63
36119,2531.24
36120,1418.99
36121,1036.66
36122,938.6
36123,1821.98
36124,2714.85
36125,1378.97
36126,2461.66
36127,1994.69
36128,1375.39
36129,1126.89
36130,1265.88
36131,1663.43
36132,286.81
36133,1994.12
36134,2438.42
36135,2157.89
36136,2545.22
36137,990.43
36138,2068.53
36139,2653.47
36140,3400.84
36141,2552.33
36142,2483.49
36143,1341.24
36144,3692.86
36145,891.23
36146,3863.6
36147,367.23
36148,1668.84
36149,4566.4
36150,2866.92
36152,1996.97
36153,1892.67
36154,750.88
36155,1877.14
36156,2288.9
36157,1219.81
36158,511.48
36159,563.84
36160,840.88
36161,743.05
36162,2579.79
36163,1678.89
36164,1371.43
36165,3393.55
36166,1790.13
36167,667.18
36168,3201.54
36169,2994.52
36170,645.42
36171,2173.63
36172,2108.14
36173,2262.2
36174,2144.84
36175,1825.33
36176,3365.54
36177,2282.55
36178,1139.45
36179,2220.75
36180,2965.53
36181,1575.57
36182,179.87
36184,3107.89
36185,1218.37
36186,1716.17
36187,413.98
36188,810.34
36189,2061.25
36190,1617.05
36191,532.49
36192,211.74
36193,684.02
36194,1066.98
36195,2182.23
36196,117.03
36197,3415.76
36198,2358.92
36199,2069.21
36200,217
36202,4771.95
36203,689.49
36204,973.53
36205,1470.55
36207,1967.15
36208,1795.22
36209,2190.4
36210,552.38
36211,2332.05
36212,925.71
36213,884.52
36214,2171.27
36215,1833.66
36216,526.87
36217,1000.21
36218,1438.87
36219,2132.47
36220,1049.55
36221,2091.44
36222,1630.91
36223,904.36
36224,1726.84
36225,1062.9
36226,967.05
36227,1410.63
36228,1876.15
36229,3575.78
36230,2227.48
36231,3173.86
36232,1590.22
36233,715.01
36234,761.29
36235,1075.33
36236,3223.55
36237,3121.02
36238,323.61
36239,2734.83
36240,2024.64
36241,3600.47
36242,1163.96
36243,1010.94
36244,3616.8
36246,2086.04
36247,3263.03
36248,552.86
37001,2043.96
37002,604.53
37003,216.38
37004,243.12
37005,1269.29
37006,1623.47
37007,519.06
37008,2428.36
37009,785.87
37010,2830.28
37011,424.18
37012,1196.75
37013,369.49
37014,986.62
37015,1965.38
37016,810.09
37018,323.01
37019,1827.2
37020,557.92
37021,2688.18
37022,619.57
37023,1178.43
37024,317.07
37025,225.73
37026,3937.29
37027,1340.12
37028,3941.85
37029,1024.64
37030,676.75
37031,680.42
37032,1063.91
37033,1108.84
37034,915.14
37035,875.17
37036,407.23
37037,1027.85
37038,35.76
37039,1437.14
37040,1333.06
37041,829.6
37042,315
37043,1606.18
37044,2025.46
37045,1383.45
37046,2193.53
37047,465.09
37048,1384.59
37049,1131.38
37050,283.75
37051,677.68
37052,1205.22
37053,501.52
37054,1205.6
37055,1796.86
37056,42.01
37057,2763.4
37058,849.13
37059,681.52
37060,520.08
37061,3186.03
37062,599.61
37063,109.84
37064,759.54
37065,1494.83
37066,1343.64
37067,1021.27
37068,3083.24
37069,936.33
37070,6.2
37071,825.06
37072,1483.76
37073,183.81
37074,2164.05
37075,1864.02
37076,210.85
37077,368.04
37078,1065.44
37079,1164.72
37080,508.62
37081,1141.22
37082,76.3
37083,21.77
37084,1225.82
37085,1681.77
37086,778.28
37087,1509.8
37088,699.72
37089,1420.9
37090,177.53
37091,410.08
37092,1200.97
37093,1266.79
37094,1513.97
37095,729.55
37096,679.21
37097,1866.88
37098,1335.05
37099,1328.99
37100,756.99
37101,1507.39
37103,583.6
37104,1254.32
37105,1101.17
37106,467.72
37107,1331.16
37108,551.31
37109,433.5
37110,441.49
37111,2298
37112,795.17
37113,2091.22
37114,328.04
37115,2829.09
37116,3797.97
37117,1875.51
37118,964.9
37119,193.48
37121,1133.68
37122,1341.43
37123,369.36
37124,47.9
37125,972.27
37126,1015.67
37127,544.81
37128,914.02
37129,2238.87
37130,1721.11
37131,1164.74
37132,1156.98
37133,5035.16
37134,1515.88
37136,2288.32
37137,791.45
37138,70.77
37139,1701.08
37140,337.06
37141,2987.15
37142,1628.02
37143,2973.03
37144,1567.63
37145,460.34
37146,376.16
37147,864.25
37148,2358.68
37149,1462.44
37150,1173.75
37151,84.12
37152,569.87
37153,2530
37155,2493.24
37156,1442.84
37157,294.83
37158,1906.08
37159,899.12
37160,1520.48
37161,812.19
37162,1086.29
37163,814.36
37165,1011.29
37166,1541.72
37167,2277.87
37168,2598.67
37169,897.8
37170,3565.27
37171,779.42
37172,359.8
37173,3247.59
37174,380.15
37175,1778.05
37176,721.05
37177,3569.22
37178,1190.94
37179,599.9
37180,1013.85
37181,1786.27
37182,732.56
37183,2146.59
37184,2808.97
37185,113.95
37187,1023.53
37188,930.09
37189,762.24
37190,888.08
37191,798.12
37192,2043.17
37193,1214.07
37194,1747.74
37195,11.88
37196,263.66
37197,287.82
37198,1034.49
37199,1839.79
37200,824.27
37201,235.65
37202,1987.64
37203,621.2
37204,1141.1
37205,1179.16
37206,1573.74
37207,1281.77
37208,79.54
37210,361.71
37211,3411
37212,486.06
37213,1819.89
37214,499.25
37216,4851.5
37217,443.48
37218,2939.33
37219,332.5
37220,604.41
37221,1535.06
37222,1427.3
37223,833.75
37224,1994.67
37225,461.36
37226,3490.69
37228,1325.03
37229,593.96
37230,956.32
37231,2629.07
37232,567.66
37233,7.19
37234,1974.32
37236,290.89
37237,117.31
37238,1480.9
37240,1097.4
37241,1330.56
37242,371.4
37243,982.32
37244,674.41
37245,941.23
37246,1307.69
37247,1964.02
37248,656.96
37249,2446.99
37250,2771.9
37251,1048.53
37252,1142.22
37253,1495.78
37254,3448.85
37255,354.34
37256,879.57
37257,2570.03
37258,229.06
37259,888.96
37260,1181.73
37261,262.07
37262,372.2
37263,726.11
37264,468.32
37265,329.8
37266,975.09
37267,153.43
37268,531.7
37269,1802.4
37270,1169.35
37271,550.24
37272,713.65
37273,548.07
37274,721.49
37275,726.8
37276,1847.5
37277,2805.04
37278,1134.08
37279,2072.32
37280,1434.89
37281,1385.3
37282,3229.27
38001,1080.55
38002,322.49
38003,846.23
38004,1115.79
38005,40.02
38006,107.24
38008,179.63
38009,157.9
38010,823.24
38011,181.83
38012,743.1
38013,644.86
38015,753.91
38017,379.36
38018,267.88
38019,121.39
38022,2431.68
38023,76.21
38026,998.47
38027,85.9
38029,250.11
38030,669.57
38031,46.21
38032,809.17
38033,705.53
38034,1020.41
38035,788.37
38036,1.34
38037,653.14
38038,388.17
38039,218.37
38040,103.49
38041,584.15
38042,393.29
38043,329.75
38044,772.91
38045,64.09
38046,909.31
38047,574.26
38048,456.21
38049,303.98
38050,509.26
38051,972.58
38052,559.52
38053,556.19
38054,726.15
38055,499.57
38057,21.41
38058,959.35
38059,208.98
38060,273.19
38061,660.06
38062,540.24
38063,459.2
38064,251.63
38065,1057.46
38066,259.25
38067,551.26
38068,298.73
38069,542.52
38070,31.54
38072,328.77
38073,391.07
38074,207.7
38075,1025.92
38076,552.96
38077,482.45
38078,233.53
38080,392.46
38081,562.69
38082,262.41
38083,460.63
38084,281.41
38085,157.85
38086,628.09
38087,235.49
38089,530.52
38090,283.42
38091,368.28
38092,228.23
38093,364.08
38094,1041.25
38095,1235.63
38097,576.51
38098,238.89
38099,1413.03
38100,133.45
38101,358.6
38102,565.52
38103,567.49
38104,457.46
38105,502.56
38106,637.82
38107,323.72
38108,86.56
38109,338.26
38110,634.52
38111,332.61
38113,847.66
38114,158.58
38115,584.22
38116,139.72
38117,300.79
38118,925.23
38120,64.54
38124,857.73
38126,93.61
38127,370.62
38128,99.48
38129,133.2
38130,1240.47
38131,1193.47
38133,45.84
38134,178.78
38135,1705.74
38137,140.52
38138,305.89
38139,788.2
38140,908.28
38141,294.19
38144,1052.66
38146,51.39
38147,696.16
38148,630.52
38149,53.21
38150,3.43
38152,654.89
38153,131.23
38154,437.5
38155,314.92
38156,534.05
38157,950.64
38159,469.1
38160,1538.48
38161,672.72
38162,370.69
38163,944.43
38166,175.88
38167,359.87
38169,8.84
38170,39.71
38171,357.48
38172,493.32
38173,0.3
38174,1224.01
38175,6.88
38176,743.38
38179,157.79
38180,929.86
38181,150.18
38182,511.76
38183,357.47
38184,310.18
38185,0.08
38186,457.45
38187,752.76
38188,484.25
38189,652.33
38190,156.94
38191,44.74
38192,115.09
38193,578.66
38194,437.33
38195,377.99
38197,973.89
38198,811.66
38199,479.25
38200,276.37
38204,431.62
38205,1098.63
38206,301.37
38207,633.39
38208,439.18
38209,44.74
38210,503.01
38211,223.34
38213,698.85
38214,51.31
38215,1131.89
38216,19.01
38217,1.2
38218,863.2
38219,645.9
38221,229.45
38222,353.72
38223,824.26
38224,290.43
38225,1754.23
38226,1874.05
38228,404.36
38229,107.72
38230,23.72
38231,240.68
38232,682.27
38235,178.69
38236,1427.33
38237,67.91
38238,1481.41
38239,920.66
38240,668.85
38242,43.55
38243,450.12
38244,479.97
38245,652.52
38246,728.85
38247,457.91
38248,285.93
38249,171.44
38250,181.14
38253,323.65
38254,110.46
38255,362.61
38256,748.47
38257,247.03
38258,60.77
38259,793.18
38260,429.09
38261,341.59
38263,304.8
38264,39.92
38265,273.18
38266,18.21
38267,575.4
38268,106.44
38269,336.15
38270,161
38271,394.97
38272,341.74
38273,809.71
38275,1062.46
38276,150.72
38277,197.65
38278,346.9
38280,373.55
38281,281.38
38282,458
38283,111.82
38284,856.84
38287,857.38
38288,666.11
38289,64.97
38290,637.83
38291,1050.81
38292,1289.48
38294,339.65
38295,195.65
38296,453.81
38297,1394.54
38298,17.63
38299,494.23
38300,702.75
38301,256.23
38303,134.8
38304,922.07
38307,1253.65
38308,490.17
38310,944.78
38311,1124.88
38314,418.18
38315,393.07
38318,77.31
38320,387.91
38321,729.51
38322,161.35
38323,435.17
38324,896.48
38325,26.04
38326,123.99
38328,169.87
38330,384.01
38331,116.58
38332,245.53
38333,331.72
38334,132.53
38335,746.08
38336,893.01
38337,472.21
38338,488.53
38339,938.03
38341,1239.14
38342,839.24
38343,960.26
38344,567.3
38345,79.5
38346,248.6
38347,1586.32
38348,1020.68
38349,431.47
38350,318.56
38351,393.12
38352,52.34
38353,15.03
38354,369.11
38355,280.71
38356,514.17
38357,516.13
38358,1016.56
38359,1371.75
38360,589.09
38361,51.93
38362,109.95
38363,873.1
38365,1335.21
38366,938.16
38368,192.32
38369,375.11
38370,923.18
38372,91.68
38373,202.18
38374,1352.53
38375,1034.26
38376,379.5
38377,307.74
38378,255.03
38379,442.01
38380,184.83
38381,541.43
38382,0
38383,490.79
38384,1086.04
38386,731.73
38387,339.06
38389,1335.19
38390,134.24
38391,419.82
38392,205.84
38393,848.4
38394,946.45
38395,351.05
38396,948.45
38397,241.68
38398,246.61
38399,2340.37
38400,164.25
38401,524.77
38402,266.14
38403,532.51
38404,76.11
38405,581.27
38406,391.42
38407,455.79
38408,339.32
38409,185.69
38410,699.98
38412,504.84
38413,630.29
38414,167.72
38415,1239.47
38416,130.6
38417,161.69
38418,72.27
38419,367.74
38420,154.53
38421,23.82
38422,333.36
38423,134.64
38424,346.98
38425,601.77
38426,107
38427,330.46
38428,250.37
38429,210.39
38430,19.02
38431,187.81
38432,557.93
38433,422.51
38434,489.09
38436,91.3
38437,716.94
38438,519.28
38439,654.31
38440,450.79
38442,340
38443,115.6
38444,21.94
38445,7.15
38446,155.13
38448,617.75
38449,977.26
38450,153.61
38451,380.69
38452,285.13
38453,1191.49
38454,582.68
38455,2059.78
38456,1139.7
38457,1076.92
38458,475.58
38459,378.34
38460,866.6
38462,55.48
38463,622.04
38464,1575.67
38465,766.71
38466,819.19
38467,250.77
38468,438
38469,126.08
38470,250.33
38471,185.52
38473,1170.8
38474,84.3
38475,1128.51
38476,730.43
38478,200.9
38479,1582.02
38480,687.37
38481,745.98
38483,653.73
38484,704.29
38485,2
38486,0.76
38487,474.52
38488,516.52
38489,255.78
38490,756.16
38492,546.39
38494,441.57
38495,133.56
38496,863.65
38497,949.6
38498,311.18
38499,176.48
38500,208.71
38501,159.17
38503,68.04
38504,898.42
38505,1414.49
38507,684.09
38508,318.62
38509,179.6
38511,101.36
38512,341.71
38513,46.94
38514,937.11
38515,675.56
38517,1180.31
38518,580.32
38519,318.45
38520,572.77
38521,128.67
38522,255.36
38523,585.14
38524,712.32
38525,217.27
38526,423.31
38527,167.25
38528,278.09
38529,187.94
38530,315.35
38531,589.51
38532,455.91
38533,105.28
38535,184.31
38536,694.35
38537,295.85
38538,154.67
38539,224.41
38540,72.9
38542,112
38543,810.75
38544,258.45
38545,615.21
38546,394.62
38547,254.59
38548,1037.58
38550,47.97
38551,0.78
38552,394.4
38553,1.38
38554,710.81
38555,776.82
38556,1163.77
38557,1439.19
38558,383.24
38559,662.51
38560,1020.86
38561,1319.87
38562,27.32
38563,837.65
38564,134.56
38565,426.99
38566,371.7
39001,377.69
39002,15.5
39003,12.82
39004,513.33
39006,230.21
39007,246.65
39008,466.01
39009,630.41
39010,419.8
39011,1317.95
39013,1122.69
39014,185.7
39015,77.15
39016,994.24
39017,1136.97
39018,1069.68
39019,15.31
39020,633.71
39021,923.77
39022,1554.45
39024,164.92
39025,568.6
39026,43.37
39027,179.87
39028,428.48
39029,417.76
39030,390.25
39031,446.47
39034,267.9
39035,352.09
39037,279.77
39038,472.68
39039,364.49
39040,885.41
39041,282.44
39042,269.36
39043,906.95
39045,409.09
39046,630.31
39047,203.82
39048,281.77
39049,813.73
39050,550.78
39051,304.46
39052,666.63
39053,618.02
39054,234.26
39055,277.17
39056,145.09
39057,35.51
39058,837.88
39059,39.94
39061,451.54
39062,204.02
39063,357.59
39065,163.68
39066,713.57
39068,646.62
39070,181.91
39072,508.63
39073,172.97
39074,615.07
39076,141.52
39077,18.25
39078,409.19
39079,261.26
39080,227.32
39081,450.1
39083,798.33
39084,543.01
39085,354.52
39086,382.62
39088,5.9
39090,373.49
39091,796.75
39092,754.61
39093,391.02
39094,413.01
39095,353.66
39096,506.82
39097,418.97
39099,882.92
39100,17.37
39101,831.45
39103,106.93
39104,2353.25
39105,689.5
39106,236.73
39107,380.92
39108,171.52
39109,450.07
39111,119.77
39112,4.86
39114,514.36
39116,178.32
39117,0.6
39119,41.23
39120,348.04
39121,401.17
39122,203.78
39124,15.44
39126,745.98
39127,273.95
39128,934.8
39129,284.42
39130,1144.68
39131,198.29
39133,755.78
39134,524.75
39136,0.3
39137,885.91
39138,778.03
39139,617.51
39140,13.48
39141,4.49
39142,454.55
39145,118.01
39146,310.12
39147,616.47
39149,322.81
39150,536.63
39151,413.9
39153,14.11
39154,15.43
39155,570.89
39156,361.04
39159,776.14
39160,706.26
39162,243.96
39163,33.23
39164,192.25
39165,179.12
39166,1000.79
39167,1254.53
39168,488.32
39169,2.92
39170,293.82
39171,210.23
39172,159.76
39173,219.8
39175,30.64
39176,389.24
39177,1550.13
39178,190.04
39179,403.44
39180,618.14
39182,435.32
39183,338.44
39185,734.95
39187,477.74
39188,1185.96
39190,386.74
39191,213.15
39192,690.7
39193,217.02
39194,893.31
39196,355.17
39197,158
39198,249.59
39199,482.93
39200,340.59
39201,428.32
39202,274.91
39203,379.64
39204,529.64
39205,346.25
39206,500.93
39208,146.2
39209,1556.71
39211,622.44
39214,342.92
39216,255.4
39217,47.21
39218,130
39219,755.22
39220,271.08
39221,291.43
39222,584.67
39223,1540.09
39225,803.77
39227,418.39
39228,960.81
39229,24.53
39230,114.4
39232,411.09
39233,317.46
39234,186.5
39236,281.84
39237,281.67
39238,184.45
39240,61.1
39241,1.05
39244,339.34
39245,225.51
39246,618.84
39247,56.21
39248,266.74
39249,604.76
39250,336.67
39251,206.34
39252,415.46
39253,589.43
39254,626.83
39255,280.61
39258,2042
39259,129.06
39261,331.29
39262,89.12
39263,943.55
39265,255.88
39266,504.63
39267,730.99
39268,322.88
39270,5.94
39271,1038.38
39272,245.68
39273,1185.18
39274,544.44
39275,384.36
39277,437.8
39278,128.71
39279,304.22
39280,336.23
39281,203.02
39282,487.06
39283,115.06
39284,492.13
39285,278.55
39286,100.11
39288,580.55
39289,147.93
39290,989.66
39291,606.87
39292,274.71
39293,171.95
39295,267.33
39296,3.57
39297,1101.25
39298,399.22
39299,1469.24
39300,290.52
39301,595.06
39302,206.96
39304,1.73
39305,2014.65
39307,210.36
39308,635.41
39310,313.8
39312,305.55
39313,650.73
39314,2.93
39315,367.89
39317,698.97
39318,12.77
39319,11.1
39320,515.5
39321,259.91
39322,75.97
39323,339.72
39324,145.99
39325,139.05
39326,442.58
39328,216.57
39329,662.09
39330,710.89
39331,2249.98
39333,174.07
39334,6.6
39335,89.26
39336,325.86
39337,339.17
39338,203.89
39342,121.55
39343,64.63
39344,332.17
39346,170.86
39348,86.26
39349,126.67
39351,190.35
39352,153.4
39353,473.99
39354,402.59
39355,406.5
39356,918.33
39359,117.44
39360,2.5
39361,351
39362,483.64
39363,210.2
39364,651.33
39365,71.83
39366,489.06
39367,482.95
39368,3.54
39370,126.29
39372,401.01
39373,434.1
39375,316.44
39376,67.96
39377,784.72
39378,669.75
39379,491.04
39380,8.52
39381,70.68
39385,789.47
39387,82.34
39388,335.89
39389,328.74
39390,684.57
39391,87
39392,221.3
39393,245.86
39394,164.58
39396,214.87
39397,971.25
39398,152.29
39399,1221.52
39400,235.19
39401,711.79
39402,19.42
39403,86.85
39404,632.53
39405,891.27
39406,332.48
39407,19.73
39408,87.63
39409,327.47
39411,5.39
39412,600.15
39413,761.82
39415,857.44
39418,272.87
39419,168.91
39420,539.14
39421,2.37
39422,52.43
39423,17.55
39424,395.88
39425,0.87
39426,435.51
39427,351.1
39428,183.62
39429,187.82
39430,59.36
39431,208.84
39432,314.74
39434,457.62
39435,457.36
39436,475.95
39437,458.29
39439,141.8
39441,198.7
39443,360.17
39444,13.82
39445,841.79
39446,250.63
39447,119.91
39448,1254.48
39449,30.71
39451,230.84
39452,161.09
39453,0
39454,4
39456,234.59
39457,259.07
39458,0
39460,81.77
39461,497.92
39462,309.92
39463,169.05
39464,413.38
39465,259.57
39466,830.71
39467,39.35
39468,356.58
39469,440.37
39470,1178.6
39471,1336.16
39473,832.38
39475,478.17
39476,2818.17
39477,396.34
39478,723.27
39479,157.01
39480,64.22
39481,279.07
39485,1321.39
39486,298.62
39487,561.96
39489,413.03
39490,1499.67
39491,163.38
39492,186.44
39493,466.4
39494,637.93
39495,268.1
39497,108.09
39498,275.5
39500,299.77
39501,196.02
39502,782.23
39504,582.98
39505,308.32
39508,431.39
39510,1171.35
39511,11.64
39512,108.02
39513,376.27
39514,306.67
39517,625.62
39518,489.81
39519,705.31
39520,500.06
39522,219.11
39523,138.08
39525,145.89
39526,978.29
39527,630.51
39528,1326.9
39529,328.42
39530,397.59
39531,173.28
39532,194.69
39533,103.37
39534,452.18
39535,674.79
39537,239.9
39538,320.84
39539,195.11
39540,822.18
39543,511.63
39545,147.7
39546,871.06
39547,0.53
39550,336.84
39551,267.61
39552,18.08
39553,107.18
39554,475.67
39555,128.76
39556,2.99
39557,611.93
39558,433.11
39559,216.59
39561,44.36
39565,186.08
39567,157.3
39568,292.9
39569,165.33
39570,208.29
39571,172.14
39572,215.34
39573,186.71
39574,1651.34
39575,325.09
39576,453.94
39577,240.71
39579,284.78
39581,322.17
39582,588.12
39583,936.9
39584,343.18
39586,356.91
40001,3365.88
40002,1398.03
40003,129.1
40004,121.99
40005,709.43
40006,514.19
40007,358.2
40008,216.81
40011,556.96
40012,212.15
40013,574.35
40014,154.42
40015,239.8
40016,398.05
40017,227.03
40018,390.8
40020,377.71
40021,293.48
40022,981.65
40023,526.17
40024,412.21
40025,373.37
40026,545.42
40027,250.28
40028,395.28
40029,498.18
40030,175.71
40031,596.07
40032,451.08
40033,135.27
40034,399.99
40035,385.27
40036,236.36
40037,1336.52
40038,338.24
40039,239.01
40040,737.67
40041,186.28
40042,164.66
40044,296.82
40046,217.8
40047,821.73
40049,436.34
40050,27.54
40051,52.18
40052,992.49
40053,2557.7
40054,492.83
40055,385.42
40056,264.79
40057,303.44
40058,98.24
40059,524.38
40060,56.69
40061,921.64
40062,40
40063,345.67
40064,114.58
40065,33.47
40066,684.76
40067,280.83
40068,318.05
40069,366.51
40070,1374.47
40071,535.75
40072,593.37
40073,255.35
40074,985.59
40075,824.15
40076,780.12
40077,454.64
40078,651.88
40079,468.16
40080,1216.04
40082,952.39
40083,441.16
40084,979.47
40085,1786
40086,551.29
40087,742.72
40088,77.42
40089,2280.69
40090,760.19
40091,1217.28
40092,46.82
40093,604.97
40094,429.82
40095,857.89
40096,140.22
40097,664.03
40098,844.03
40099,834.93
40100,599.42
40101,521.78
40102,629.96
40103,407.47
40104,816.02
40105,86.49
40106,463.42
40109,1129.88
40110,425.48
40111,210.71
40112,217.88
40113,475.38
40114,222.39
40115,393.81
40116,318.15
40117,1099.14
40118,1078.99
40119,1727.77
40120,766.23
40121,529.62
40122,597.17
40123,791.15
40124,1112.19
40125,774.97
40126,473.42
40127,1608.62
40128,748.21
40129,479.39
40130,247.37
40131,1639.63
40132,1021.74
40133,0
40134,565.52
40135,1035.8
40136,456.64
40137,405.08
40138,251.77
40139,213.11
40140,363.88
40141,980.73
40142,332.24
40143,818.56
40144,257.31
40145,1056.09
40146,561.92
40147,223.43
40148,370.79
40149,881.01
40150,168.4
40151,217.49
40152,560.04
40153,359.61
40154,113.29
40155,140.44
40156,2299.69
40157,134.8
40158,966.46
40159,88.66
40160,466.15
40161,491.84
40162,159.54
40163,1196.46
40164,801.93
40165,390.03
40166,187.81
40167,2657
40168,937.55
40169,117.51
40170,62.83
40171,1310.37
40172,1107.52
40173,445.82
40174,376.85
40175,463.88
40176,646.58
40177,1047.06
40178,488.98
40179,155.57
40180,1414.23
40181,47.67
40182,140.68
40183,1124.61
40184,579.35
40185,1757.4
40186,917.96
40187,74.23
40188,543.33
40189,391.04
40190,1012.26
40191,721.89
40192,107.96
40193,123.22
40194,376.28
40195,1546.36
40196,1028.27
40197,1428.4
40198,470.19
40199,583.43
40200,23.78
40201,1009.68
40202,275.75
40203,314.21
40204,165.89
40205,179.39
40206,465.66
40207,264.69
40208,251.58
40209,75.31
40210,1756.65
40211,899.17
40212,649.77
40213,450.41
40214,413.35
40215,237.04
40216,212.58
40217,439.97
40218,1665.52
40219,472.89
40220,377.13
40221,1305.1
40222,510.11
40223,567.61
40224,788.37
40225,969.87
40226,501.41
40227,2129.87
40228,1409.14
40229,4.86
40230,812.01
40231,589.71
40232,318.13
40233,2513.47
40234,130.32
40235,459.27
40236,1134.94
40237,193.35
40238,775.48
40239,617.1
40240,1237.97
40242,56.73
40243,1245.88
40244,380.37
40245,10.3
40246,2178.8
40247,1027.66
40248,470.27
40249,688.17
40250,200.03
40251,51.61
40252,767.04
40253,1034.05
40254,282.59
40255,868.53
40256,578.22
40257,0.61
40258,327.16
40259,815.83
40260,33.82
40261,1388.45
40262,308.49
40263,532.99
40264,939.38
40265,277.52
40266,289.67
40267,982.8
40268,565.99
40269,1280.76
40270,968.66
40271,919.17
40272,1146.02
40273,1033.63
40274,695.98
40275,523.06
40276,97.69
40277,346.94
40278,106.77
40279,832.64
40280,572.84
40281,215.32
40282,2555.68
40283,221.24
40284,220.29
40285,730.73
40286,2125.23
40287,1122.82
40288,12.1
40289,430.14
40290,234.12
40291,11.27
40292,1101.52
40293,360.42
40294,515.65
40295,2672.76
40297,805.71
40298,508.83
40299,372.76
40300,1.78
40301,23.65
40303,3143.34
40305,966.67
40306,925.07
40307,3046.6
40308,1068.16
40309,1919.07
40310,1283.87
40311,547.59
40312,327.65
40313,1042.84
40314,359.81
40315,494.91
40316,1326.33
40317,215.4
40318,846.02
40319,713.38
40320,734.28
40321,917.5
40322,58.9
40323,911.36
40324,359.82
40325,872.95
40326,81.11
40327,287.13
40329,818.21
40330,323.78
40331,738.5
40332,2510.96
40333,715.81
40334,342.48
41001,438.09
41002,428.8
41003,126.39
41004,697.19
41006,1835.87
41007,2243.86
41008,784.28
41009,3121.07
41010,1654.84
41012,1216.52
41013,217.28
41014,678.07
41016,855.17
41017,2161.68
41018,165.51
41019,1193
41020,1070.74
41022,959.65
41024,1773.68
41026,1597.02
41027,348.97
41028,698.34
41029,570.76
41030,1315.59
41031,358.17
41032,819.78
41034,154.55
41035,1187.01
41036,1048.96
41037,487
41038,478.44
41039,1953.56
41040,1099.86
41041,1460
41042,1864.79
41043,568.52
41044,327.26
41045,338.51
41046,252.26
41048,2089.09
41049,1631.59
41050,1128.2
41051,1482.96
41052,293.51
41053,3185.14
41054,174.85
41055,1925.84
41057,1308.91
41058,542.86
41059,4753.27
41060,112.28
41061,493.19
41062,1675.81
41063,817.39
41065,1043.41
41066,844.78
41067,828.73
41068,731.52
41069,232.29
41070,1586.11
41071,398.43
41072,1922.65
41073,3442.82
41074,787.66
41075,2248.27
41077,401.8
41078,2332.33
41079,415.79
41080,459.58
41081,658.51
41083,27
41084,124.4
41085,304.42
41086,928.62
41087,1511.51
41088,491.42
41089,2127.15
41090,8.38
41091,508.07
41093,452.1
41094,240.42
41095,803.54
41096,1975.27
41097,244.15
41098,1089.75
41099,499.26
41100,1032.67
41101,2338.28
41102,1179.58
41103,624.67
41104,453.28
41105,1341.85
41106,112.6
41107,1251.53
41108,299.85
41109,1469.19
41110,717.58
41112,131.23
41113,6.5
41114,714.7
41115,1037.3
41116,53.38
41118,291.43
41119,1093.82
41120,2295.38
41121,942.67
41122,2126.49
41123,477.74
41124,303.12
41125,502.85
41126,685.55
41127,842.97
41128,563.91
41129,691.15
41130,2911.65
41131,1416.6
41132,775.91
41134,77.92
41135,323.97
41136,1867.46
41137,703.66
41138,247.8
41139,622.69
41140,964.5
41141,1509.97
41142,1254.8
41143,357.97
41144,121.41
41145,623.73
41146,675.46
41147,21.77
41148,571.28
41149,944.04
41150,580.21
41151,105.54
41152,666.31
41153,351.37
41154,1699.07
41155,1217.18
41156,1280.91
41157,279.32
41158,841.18
41159,612.75
41160,206.31
41161,676.97
41163,1332.48
41164,390.36
41166,531.19
41167,2203.05
41168,196.86
41171,4181.18
41172,1645.16
41173,12115.84
41174,1151.16
41175,1141.94
41176,1516.98
41177,668.58
41178,679.15
41179,1214.28
41180,3932.29
41181,1046.73
41182,535.48
41184,3357.9
41185,742.81
41186,955.75
41187,469.52
41188,322.56
41189,536.52
41190,1149.23
41191,1124.31
41192,10
41193,788.92
41194,850.67
41195,109.73
41196,996.6
41198,639.11
41199,1993.98
41200,966.05
41201,481.3
41203,1158.27
41204,1158.83
41205,1979.66
41206,759.82
41207,6.06
41208,925.94
41209,679.32
41211,964
41213,729.39
41214,629.7
41216,1183.38
41217,252.46
41218,1035.38
41219,698.28
41220,1263.37
41221,2382.89
41222,1019.62
41223,882.37
41224,1057.31
41225,3349.1
41226,751.94
41228,453.97
41229,1175.32
41230,250.12
41231,377.05
41232,210.19
41233,1314.78
41234,2449.92
41235,3487.93
41236,268.4
41237,521.22
41238,6073.33
41239,78.42
41241,397.69
41242,882.58
41243,2527.35
41245,2038.99
41246,351.01
41247,2100.34
41248,6959.08
41249,0
41250,818.42
41251,595.48
41252,2130.88
41253,1293.76
41254,773.75
41255,635.27
41256,432.8
41258,815.82
41259,839.12
41260,49.3
41261,890.79
41262,441.88
41265,584.13
41266,555.47
41267,2779.68
41268,384.82
41269,441.64
41271,833.49
41273,2507.73
41274,324.1
41275,1520.97
41276,489.96
41277,431.85
41278,450.42
41279,2467.94
41281,1427.84
41282,264.41
41283,1326.07
41284,641.29
41285,213.8
41286,1100.95
41287,1462.08
41288,2515.72
41289,2670.88
41290,1505.92
41291,336.17
41292,916.26
41293,1174.82
41294,1081.9
41295,537.3
41296,738.94
41297,344.3
42001,162.34
42002,404.46
42003,748.38
42005,163.84
42006,744.21
42007,109.01
42008,567.98
42009,596.79
42010,854.24
42011,865.29
42012,579
42013,927.82
42014,566.11
42015,1212.01
42016,197.17
42018,230.53
42019,70.32
42020,396.75
42021,1425.87
42022,6.74
42023,583.99
42025,622.35
42026,1850.45
42027,688.49
42028,1085.2
42029,1075.48
42030,1499.2
42031,8.19
42032,372.5
42034,211.82
42035,584.8
42036,166.07
42037,394.02
42038,1404.49
42039,1132.43
42040,73.86
42041,1003.73
42042,795.42
42043,831.91
42044,336.26
42045,20.53
42046,1058.06
42047,443.52
42048,1042.9
42049,1837.9
42050,103.63
42051,279.24
42052,184
42053,521.02
42054,545.79
42055,181.44
42056,483.77
42058,442.45
42059,1658.77
42060,425.78
42061,1705.56
42062,906.94
42063,1041.81
42064,726.45
42065,1065.15
42066,950.61
42067,660.79
42068,153.08
42069,439.38
42070,1158.14
42071,75.36
42073,892.7
42074,1856.64
42075,349.14
42076,2540.03
42077,601.78
42078,911.13
42079,419.47
42081,968.92
42083,239.67
42084,434.55
42085,363.5
42086,443.26
42087,45.04
42088,753.73
42089,632.42
42090,586.03
42091,726.59
42092,107.67
42093,313.1
42094,1350.08
42095,4.15
42096,627.89
42097,784.23
42098,888.75
42099,18.19
42100,279.85
42101,140.43
42102,698.46
42103,4.79
42104,1093.91
42105,552.5
42106,405.22
42107,499.79
42108,804.01
42110,34.68
42112,643.32
42113,254.06
42115,532.49
42116,594.57
42117,65.49
42118,1110.71
42119,356.96
42120,288.3
42121,357.4
42122,603.97
42123,35.41
42124,8.45
42125,406.94
42126,801.52
42127,2032.51
42128,687.2
42129,199.13
42130,1046.96
42131,307.01
42132,224.84
42133,692.81
42134,746.4
42135,725.31
42136,596.42
42137,514.44
42138,775.23
42139,1593.29
42140,485.53
42141,906.31
42142,314.1
42143,477.78
42145,1480.11
42146,66.06
42147,298.36
42148,490.55
42149,310.6
42150,542.6
42151,1886.15
42152,835.41
42153,1072.76
42154,296.27
42155,694.76
42156,1675.32
42157,1217.35
42158,80.91
42159,1075.7
42160,464.24
42161,505.13
42162,1048.94
42163,1467.91
42164,110.72
42165,1463.79
42166,823.07
42167,83.13
42168,1026.53
42169,1514.84
42170,3732.57
42171,315.75
42172,316.56
42173,2100.59
42174,659.41
42175,588.49
42176,833.49
42177,1341.8
42178,939.53
42179,440.63
42180,1348.23
42181,1121.5
42182,594.3
42183,27.31
42184,151.72
42185,234.04
42186,78.33
42187,13.52
42188,908.54
42189,858.74
42191,282.84
42192,519.11
42193,316.01
42194,1569.93
42195,34.93
42196,170.88
42197,538.18
42198,271.79
42199,554.41
42200,485.93
42201,250.5
42202,676.84
42203,1350.9
42204,16.23
42205,2559.08
42206,385.28
42207,2172.52
42208,1376.71
42209,716.03
42210,714.05
42211,236.48
42212,1339.03
42213,931.17
42214,1390.36
42215,229.89
42216,1018.15
42217,991.02
42218,918.21
42219,828.97
42220,1827.81
42221,1966.88
42222,1221.53
42223,540.26
42224,1964.64
42225,191.04
42226,475.47
42227,1160.92
42228,469.61
42229,476.58
42230,1111.58
42231,1478.08
42232,15.85
42233,929.22
42234,2207.23
42235,682.4
42236,998.16
42237,523
42238,342.49
42239,1096.36
42240,564.75
42241,539.81
42242,493.12
42243,841.12
42245,936.36
42246,381.21
42247,1033.03
42248,1038.32
42249,1174.43
42251,1093.69
42253,249.38
42254,1511.3
42255,771.07
42256,979.32
42257,2091.45
42259,257.77
42260,1751.06
42261,1442.87
42262,1408.8
42264,680.81
42265,167.2
42266,804.52
42267,1000.46
42268,2409.06
42269,462.97
42270,82.94
42271,1049.24
42272,89.15
42273,436.76
42274,566.68
42276,455.56
42277,522.73
42278,212.59
42279,1278.47
42280,848.95
42281,215.27
42282,716.01
42283,918.51
42284,2377.73
42285,892.56
42286,582.8
42287,871.12
42288,640.16
42289,2221.13
42290,529.56
42293,772.49
42294,121.45
42295,1052.93
42296,387.55
42297,442.93
42298,1341.72
42299,1407.63
42300,453.45
42301,563.44
42302,516.47
42303,1180.05
42304,1701.39
42305,179.73
42306,393
42307,239.93
42308,516.25
42310,189.15
42311,269.23
42312,3.72
42313,307.75
42314,1166.67
42315,293.93
42316,62.82
42317,1674.2
42318,2013.24
42319,1189.88
42320,452.51
42321,306.99
42322,412.33
42323,136.52
42324,321.72
42325,826.08
42326,99.23
42327,74.19
42328,936.6
42329,375.28
42330,262.73
42331,437.02
42332,218.73
42333,364.79
42334,1436.7
42335,137.95
42336,495.84
42337,1366.5
42338,1404.92
42339,383.9
43001,751.8
43003,1001.27
43004,848.46
43005,643.27
43006,1362.96
43007,1146.13
43008,1192.53
43009,87.67
43010,1315.84
43011,504.67
43012,603.27
43013,789.35
43014,829.35
43015,350.76
43016,642.8
43017,1250.21
43018,2668.24
43019,551.97
43020,1425.33
43021,1642.58
43022,736.16
43023,889.83
43024,601.28
43025,1363.46
43026,1099.55
43027,39.06
43028,257.44
43029,1078.23
43030,372.22
43031,254.79
43032,163.98
43033,957.31
43034,732.12
43035,263.5
43036,301.89
43037,1492.91
43038,1116.49
43039,2698.08
43040,337.66
43041,35.45
43042,1622.78
43043,1775.34
43044,491.55
43045,652.31
43046,96.93
43047,381.71
43048,616.86
43049,426.73
43050,397.82
43051,966.46
43052,315.76
43053,572.24
43054,1609.66
43055,529.88
43056,686.99
43057,165.15
43058,530.47
43059,351.7
43060,333.64
43061,636.45
43062,522.94
43063,691.98
43064,277.83
43065,1045.27
43066,960.71
43067,584.35
43068,35.37
43069,731.13
43070,554.76
43071,1390.96
43072,774.39
43073,195.05
43074,1202.23
43075,364.45
43076,314.05
43077,331.39
43078,905.33
43079,1137.39
43080,2015.71
43082,647.32
43083,698.7
43084,728.58
43085,421.31
43086,201.06
43087,1087.82
43088,1051.47
43089,226.1
43090,1067.92
43091,2453.88
43092,868.54
43093,732.86
43094,670.9
43095,385.23
43096,856.03
43097,1454.95
43098,716
43099,92.18
43100,340.07
43101,181.83
43102,1016.45
43103,89.17
43104,1153.62
43105,340.4
43106,182.97
43107,178.74
43108,808.25
43109,375.36
43110,625.78
43111,3747.6
43112,1024.52
43113,830.25
43114,1208.89
43115,1787.45
43116,67.71
43117,520.36
43118,118.81
43119,185.7
43120,287.02
43121,815.54
43122,1529.14
43123,1037.4
43124,1573.06
43125,940.03
43126,560.21
43127,511.2
43128,176.03
43129,196.15
43130,1997.76
43131,650.33
43132,3246.36
43133,1764.81
43134,318.36
43135,2205.61
43136,461.32
43137,1942.09
43138,1170.04
43139,364.04
43140,46.37
43141,464.31
43142,1506.3
43143,749.69
43144,896.84
43145,465.38
43147,693.2
43148,471.09
43149,641.85
43150,533.14
43151,1052.47
43152,2043.94
43153,188.25
43154,791.26
43156,1327.67
43157,322.6
43158,551.04
43159,749.46
43160,1467.77
43162,1585.49
43163,1158.41
43164,1136.29
43165,1715.32
43166,660.38
43167,1022.33
43168,1017.96
43169,370.63
43170,1102.95
43171,796.91
43172,144.42
43173,1038.17
43174,1946.83
43175,427.09
43177,1511.27
43178,677.6
43180,891.15
43181,874.68
43182,101.16
43183,124.14
43184,498.85
43185,310.57
43186,2731.14
43187,1437.62
43188,1415.81
43189,1143.97
43190,1083.09
43191,1086.12
43192,2412.8
43193,571.84
43194,530.09
43195,289.81
43196,684.57
43197,2415.49
43198,1900.49
43199,1473.71
43200,1133.58
43201,965.67
43202,279.59
43203,295.86
43204,684.59
43205,778.98
43206,2319.3
43207,136.44
43208,82.59
43210,1517.21
43211,1066.6
43212,1931.2
43213,853.58
43214,199.41
43215,1331.5
43216,2589.89
43217,1568.14
43218,776.16
43219,77.13
43220,1047.66
43221,1916.82
43222,1347.12
43223,869.62
43224,1166.98
43225,465.18
43226,162.01
43227,730.12
43228,225.17
43229,488.41
43230,598
43231,421.73
43232,737.11
43233,852.49
43234,5699.89
43236,376.36
43237,254.67
43238,417.86
43239,2737.83
43240,143.18
43241,1462.32
43242,355.53
43244,2015.29
43245,2785.8
43246,973.07
43247,724.75
43249,806.08
43250,20.59
43251,323.61
43252,15.83
43253,2245.79
43254,809.42
43256,2159.74
43257,1862.9
43258,593.97
43259,1261.4
43260,193.49
43261,253.33
43262,1055.34
43263,178.97
43264,576.35
43265,369.5
43267,941.07
43268,4190.24
44001,4795.12
44002,856.97
44003,863.23
44005,4777.71
44006,2145.82
44007,6923.29
44009,201.29
44010,15.03
44013,1044.42
44014,1787.84
44015,6594.41
44016,1099.94
44018,391.48
44019,1305.72
44020,612.85
44021,5196.63
44022,2322.67
44023,2738.53
44024,1238.49
44025,4141.13
44026,1120.7
44027,760.7
44028,1373.08
44029,1815.53
44030,262.92
44031,2595.42
44032,391.73
44033,2936.03
44035,771.96
44036,2124.56
44037,633.64
44038,2946.96
44039,358.49
44041,1631.04
44043,350.82
44044,2734.76
44045,2196.61
44046,1347.09
44047,2280.14
44048,3357.91
44049,38.73
44050,849.54
44051,5216.14
44052,3780.29
44053,645.47
44054,3453.48
44055,599.02
44056,5439.74
44057,2615.19
44058,2327.97
44061,4609.57
44062,446.43
44063,1600.9
44064,948.48
44065,2268.41
44066,2236.49
44067,8314.6
44068,3949.78
44069,2985.48
44070,644.56
44071,1065.38
44072,3499.81
44073,4551.07
44074,32.68
44075,3354.99
44076,2379.57
44077,3299.13
44078,577.38
44079,1124.51
44080,1083.25
44081,4142.05
44082,2623.22
44083,1664.06
44084,3470.06
44085,1006.06
44086,2735.88
44087,5592.8
44088,861.72
44089,1281.39
44090,906.03
44091,2986.16
44092,368.78
44094,722.94
44095,1264.24
44096,3931.26
44097,661.46
44098,3070.74
44099,4856.23
44100,492.62
44101,0.37
44102,2633.1
44103,596.75
44104,683.47
44105,581.63
44106,283.52
44107,960.97
44108,984.12
44109,98.63
44110,4932.26
44111,2614.92
44112,428.22
44113,3762.66
44114,1572.03
44115,527.88
44117,374.74
44118,2365.28
44119,2593.06
44120,776.69
44121,1585.57
44122,1454.01
44123,1776.17
44124,2035.85
44125,161.31
44126,520.12
44127,2492.4
44128,6547.45
44129,2578.44
44130,654.42
44131,6113.05
44132,133.34
44133,2394.71
44134,1201.63
44135,24.77
44136,0.17
44137,1431.8
44138,2308.32
44139,1060.66
44140,884.93
44141,1418.55
44142,1229.83
44143,12.3
44144,2518.88
44145,3819.85
44146,4599.34
44148,2036.92
44149,3068.27
44150,51.27
44151,760.84
44152,1328.18
44153,2256.13
44154,350.47
44155,1273.49
44156,3369.37
44157,2680.77
44158,4495.23
44159,538.84
44161,2554.61
44162,43.92
44163,3553.42
44164,1760.52
44165,1532.77
44166,349.74
44168,613.5
44169,1505.84
44170,3320.88
44171,174.19
44172,119.77
44173,1416.61
44174,1835.6
44175,867.11
44176,805.52
44178,2155.71
44179,1719.11
44180,14483.59
44182,1310.89
44183,1355.98
44184,1075.68
44185,675.98
44186,2916.2
44187,4979.65
44188,4228.04
44189,1500.06
44192,1813.11
44193,1630.82
44194,683.83
44195,1335.88
44196,667.52
44197,3732.69
44198,306.54
44199,2975.74
44200,445.74
44201,1419.86
44202,2158.19
44203,134.43
44204,282.62
44205,3140.01
44206,2801.02
44207,2642.2
44208,1438.29
44209,1096.48
44210,925.58
44211,516.35
44212,2660.33
44213,8455.23
44214,2826.05
44215,787.3
44216,4388.25
44217,2085.4
44218,1198.73
44220,467.86
44221,799.71
44222,975.67
44223,69.97
44224,1412.19
45001,530.08
45002,1182.79
45004,1180.28
45005,1358.98
45006,144.91
45008,1239.85
45009,1698.08
45010,518.06
45011,1681.72
45012,688.13
45013,61.55
45014,885.55
45015,2498.53
45016,3706.87
45017,1698.25
45018,848.78
45019,2910.52
45020,1267.67
45021,276.58
45022,1570.69
45023,1079.17
45024,943.92
45025,2605.89
45026,279.94
45027,1223.76
45028,858.15
45029,2827.6
45030,2224.22
45031,97.19
45032,1078.43
45033,831.23
45034,322.68
45035,808.25
45036,129.31
45037,377.9
45038,569.43
45039,496.25
45040,1659.73
45041,674.23
45042,223.46
45043,382.98
45044,699.43
45045,1950.55
45046,1363.58
45047,583.21
45049,943.62
45050,1235.87
45051,1081.3
45052,1130.16
45053,711.67
45054,123.49
45055,910.83
45056,1343.08
45058,693.28
45059,718.29
45060,481.45
45062,349.12
45063,774.66
45064,1768.76
45065,1925.45
45066,726.29
45067,1451.94
45068,24.35
45069,215.43
45070,21.83
45072,77.52
45073,1437.09
45074,868.14
45075,125.48
45076,276.44
45077,757.7
45078,576.7
45079,976.66
45080,2113.73
45081,2768.08
45082,881.53
45083,3212.63
45084,569.68
45085,2508.62
45086,655.63
45087,2431.03
45088,1611.09
45089,445.02
45091,600.25
45092,634.72
45093,2706.21
45094,713.74
45095,2097.22
45096,416.62
45097,1997.68
45098,1459.46
45099,1696.05
45101,82.68
45103,2598.49
45104,1027.52
45105,932.71
45107,508.5
45108,3146.91
45109,1068.52
45110,505.18
45111,226.1
45112,900.57
45113,657.73
45114,1235.36
45115,3476.78
45116,3314.54
45118,1240.66
45119,1540.97
45120,1176.13
45121,3145.74
45122,792.77
45123,920.02
45124,452.84
45125,127.07
45126,372.25
45127,252.43
45129,2847.2
45130,529.36
45131,1506.59
45132,947.23
45133,1569.17
45134,3312.99
45135,848.25
45136,691.89
45137,724.4
45138,408.16
45139,1406.84
45141,779.67
45142,1049.06
45143,415.09
45144,1708.88
45145,1373.33
45146,440.57
45147,10
45149,123.75
45150,886.3
45151,675.81
45152,1003.57
45153,598.95
45154,1621.85
45155,1670.75
45156,1602.41
45157,936.14
45158,1258.63
45159,771.91
45160,2194.05
45161,1932.66
45162,2755.6
45164,1072.87
45165,854.58
45166,1411.97
45167,2865.99
45168,469.93
45169,704.23
45170,537.69
45171,878.15
45173,282.52
45174,1141.93
45175,381.25
45176,703.38
45177,471.45
45178,1011.46
45179,892.69
45180,293.54
45181,349.33
45182,303.15
45183,938.83
45184,998.13
45185,422.64
45186,1860.33
45187,1106.8
45188,687.67
45189,683.82
45191,6525.36
45193,905.69
45194,99.48
45195,1311.31
45196,368.92
45197,452.65
45198,1208.83
45199,2316.35
45200,42.67
45201,309.73
45202,541.29
45203,896.25
45204,282.07
45205,854.47
45206,551.44
45207,448.96
45209,247.65
45210,2957.02
45212,1003.13
45213,853.73
45214,646.47
45215,557.96
45216,570.37
45217,1089.44
45218,27.97
45219,377.62
45220,1394.89
45222,1328.39
45223,352.57
45224,1858.8
45225,664.95
45226,185.55
45227,659.47
45228,1293.45
45229,756.36
45230,783.67
45231,1170.27
45232,53.01
45233,1038.62
45234,128.17
45235,992.4
45237,403.89
45238,105.95
45239,1116.49
45240,4546.82
45241,471.63
45242,1710.76
45243,1031.7
45244,628.66
45245,4189.75
45246,702.57
45247,1420.42
45248,1491.28
45250,470.35
45251,1438.27
45252,419.72
45253,2582.25
45254,1126.05
45255,802.32
45256,1152.23
45257,1057.98
45258,1061.55
45259,425.97
45260,1046.82
45261,945.85
45262,1270.06
45263,1115.29
45264,199.12
45265,244.18
45266,1979.09
45268,700.37
45269,607.97
45270,1185.36
45271,1487.71
45272,1402.12
45273,702.41
45274,396.67
45275,1578.16
45276,686.27
45277,2118.17
45278,1339.24
45279,1886.92
45280,1267.23
45281,2454.33
45282,544.66
45283,1111.12
45284,94.35
45286,186.87
45288,694.83
45289,1162.54
45290,725.43
45291,963.03
45292,2756.55
45293,295.87
45294,309.94
45296,2095.44
45297,406.19
45298,268.91
45299,1391.21
45300,1980.19
45301,1119.98
45302,156.74
45303,2781.99
45305,433.12
45306,1030.43
45307,1581.11
45308,26.02
45309,75.97
45310,1822.33
45311,1926.91
45312,869.3
45313,2798.49
45314,294.37
45315,1569.27
45316,544.82
45317,1891.58
45320,603.4
45321,425.36
45322,252.16
45323,1594.4
45324,1042.13
45325,1391.35
45326,1455.22
45327,1422.04
45328,1017.61
45329,1996.72
45330,1637.23
45331,1.07
45332,1633.54
45333,1459.94
45334,961.15
45335,1260.12
45336,941.86
45337,2005.45
45338,356.8
45339,1589.19
45340,1318.52
45341,1829.74
45342,901.62
45343,509.2
45344,89.63
45345,1384.56
45346,966.87
45347,210.09
45348,2186.91
46001,426.46
46002,698.95
46003,1249.09
46004,684.47
46005,222.31
46006,512.93
46007,282.15
46008,127.22
46009,854.56
46010,71.27
46011,379.48
46012,543.6
46013,200.54
46015,1931.84
46016,1146.07
46017,388.87
46018,1842.73
46020,1127.83
46021,746.97
46022,194.55
46023,2431.27
46024,550.11
46026,420.01
46027,457.73
46028,882.6
46029,8.93
46030,839.45
46031,1728.7
46032,91.74
46033,2662.03
46034,764.96
46035,682.22
46036,254.64
46037,191.3
46038,153.87
46039,556.63
46040,1612.11
46041,225.1
46042,301.06
46043,176.26
46044,200.72
46045,576.55
46046,72.92
46047,1188.43
46049,666.39
46050,148.57
46051,190.05
46052,304.58
46053,353.12
46054,2123.38
46055,190.7
46056,208.1
46057,348.08
46058,879.82
46059,1618.64
46060,286.17
46061,285.23
46062,24.94
46063,5157.61
46064,748.32
46065,655.11
46066,322.4
46068,400.68
46069,495.97
46070,204.43
46072,462.54
46073,1160.37
46074,110.93
46075,745.57
46076,491.3
46078,1216.59
46079,243.11
46080,6.39
46081,193.97
46082,762.36
46083,2121.62
46084,270.7
46085,10.12
46086,1771.03
46087,808.44
46088,99.39
46089,190.03
46090,2176.82
46091,413.77
46092,43.7
46094,1605.54
46095,14.78
46096,519.3
46097,282.25
46098,364.97
46100,478.79
46101,993.51
46102,819.23
46103,2780.07
46104,645.53
46105,600.39
46106,885.3
46107,352.56
46108,660.68
46109,501.27
46111,161.88
46112,200.49
46113,1295.47
46114,283.83
46115,662.21
46116,161.97
46117,403.69
46118,1323.79
46119,282.77
46120,345.88
46121,854.18
46122,439.08
46123,198.57
46124,369.85
46125,1854.49
46126,603.18
46127,1673.54
46128,2043.57
46129,1503.24
46130,170.13
46131,1093.41
46132,875.2
46133,503.97
46134,98.52
46135,585.21
46136,53.79
46137,1014.3
46138,4653.92
46139,801.72
46140,211.34
46142,337
46143,544.47
46144,501.74
46145,937.41
46146,309.99
46147,67.91
46148,2356.01
46149,174.18
46151,423.58
46152,311.36
46153,379.7
46154,1181.59
46155,708.3
46156,178.23
46157,424.35
46159,440.09
46160,541.8
46161,1406.12
46162,639.36
46163,31.83
46164,547.69
46165,492.93
46167,889.51
46168,323.77
46169,447.06
46170,370.76
46171,404.74
46172,2244.13
46173,2205.59
46174,448.08
46175,1179.35
46176,2483.53
46177,833.84
46178,510.4
46179,326.68
46180,294.72
46181,1211.99
46182,300.61
46183,717.51
46184,614.33
46185,864.28
46186,505.45
46187,402.04
46188,110.56
46189,1659.22
46190,600.65
46191,255.2
46192,554.98
46193,1717.94
46194,343.57
46195,1000.59
46196,320.5
46197,404.65
46198,405.42
46199,339.81
46200,214.04
46201,4371.61
46202,1203.15
46203,622.37
46204,1115.62
46205,372.3
46206,399.74
46207,786.36
46208,1485.25
46209,142.71
46211,106.98
46212,561.45
46213,493.84
46214,385.6
46215,444.39
46216,394.6
46218,159.34
46219,1604.66
46220,758.81
46221,183.49
46222,120.1
46223,215.03
46224,48.68
46225,486.73
46226,384.53
46227,399.41
46228,1456.34
46229,203.36
46230,67.02
46231,836.2
46232,1336.1
46233,1036.56
46234,238.3
46235,409.84
46236,263.92
46237,792.52
46238,768.72
46239,232.46
46240,2221.58
46241,258.51
46242,497.66
46243,837.15
46244,279.14
46245,499.89
46246,196.12
46247,600.01
46249,284.8
46250,243.38
46251,354.79
46252,1419.13
46253,295.88
46254,960.27
46255,1691.38
46256,452.48
46257,82.91
46258,70.63
46259,100.92
46260,887.97
46262,2579.89
46263,2045.24
46264,341.48
46265,292.33
46266,609.32
46267,386.19
46268,821.47
46269,389.99
46270,1121.7
46271,273.29
46272,534.23
46273,488.36
46276,507.58
46277,271.61
46279,1311.73
46280,121.72
46281,346.28
46282,997.94
46283,603.91
46284,174.62
46286,396.26
46288,317.13
46289,85.73
46290,704.89
46292,291.61
46293,255.95
46294,750.07
46295,375.88
46296,329.89
46297,972.63
46299,580.98
46301,473.11
46302,1262.53
46303,652.28
46304,722.68
46305,1223.46
46306,361.36
46307,1005.69
46308,459.91
46309,119.26
46310,626.68
46311,6357.95
46312,482.31
46313,164.74
46314,603.82
46315,468.82
46316,754.21
46317,1264.45
46318,435.79
46319,339.5
46320,226.27
46321,156.63
46322,227.23
46323,226.28
46324,533.13
46328,2263.56
46329,586.94
46330,321.49
46332,448
46333,921.51
46334,1072.53
46335,607.39
46336,568.76
46337,433.62
46338,728.02
46339,469.91
46340,6.09
47001,148.32
47002,491.77
47003,716.27
47004,1647.89
47005,218.43
47006,615.97
47007,474.79
47008,270.02
47009,653.53
47010,48.81
47011,810.04
47012,967.56
47013,873.86
47014,431.08
47015,2620.44
47016,726.6
47017,704.41
47018,220.92
47019,477.73
47020,730.24
47021,85.87
47022,367.86
47023,2022.09
47024,268.41
47025,1958.44
47026,77
47027,533.83
47028,1076.51
47029,359.48
47030,778.38
47031,444.34
47032,588.12
47033,600.24
47034,475.65
47035,772.54
47036,693.34
47037,907.7
47038,1478.22
47039,337.31
47040,351.03
47041,1347.86
47042,1003.27
47043,1306.24
47044,515.74
47045,1289.42
47046,1107.88
47047,508.77
47048,1716.91
47049,1130.53
47050,614.24
47051,1069.77
47052,912.37
47053,878.59
47054,1659.71
47055,1243.24
47056,463.69
47057,1896.31
47058,37.63
47059,744.05
47060,1393.2
47061,450.75
47062,640.09
47063,1059.56
47064,1375.01
47065,1614.89
47066,801.29
47067,851.13
47068,1558.07
47069,976.72
47070,450.49
47071,1895.04
47072,728.27
47073,1037.23
47074,173.09
47075,428.83
47076,1097.5
47077,822.85
47078,887.22
47079,416.8
47080,354.75
47081,1402.36
47082,1078.11
47083,1083.24
47084,668.3
47085,580.09
47086,1445.28
47087,1026.57
47088,1154.99
47089,560.83
47090,1210.72
47091,141.2
47092,1118.12
47093,55.53
47094,501.36
47095,695.92
47096,1175.71
47097,1473.13
47098,1311.99
47099,658.54
47100,1264.88
47101,614.05
47102,1804.08
47103,848.37
47104,682.54
47105,599.25
47106,323.87
47107,539.05
47108,381.26
47109,574.86
47110,1926.56
47111,293.55
47112,1254.52
47113,899.24
47114,664
47115,242.09
47117,596.59
47118,928.93
47120,843.01
47121,430.54
47122,975.22
47123,161.87
47124,798.74
47125,699.27
47126,331.06
47127,1268.84
47128,153.88
47129,247.74
47130,340.16
47131,198.96
47132,499.28
47133,1080.93
47134,3213.58
47135,915.58
47136,1020.34
47137,3846.65
47138,1371.09
47139,537.06
47140,746.04
47141,851.29
47142,1254.44
47143,477.23
47144,1305.58
47145,1192.86
47146,493.89
47147,1805.57
47148,1500.83
47150,703.93
47151,984.02
47152,1659.94
47154,370.91
47155,1600.4
47156,659.37
47157,1913.38
47158,803.52
47159,570.1
47160,435.9
47161,576.47
47162,610.44
47163,477.24
47164,544.71
47165,1806.15
47167,2622.54
47168,632.42
47169,509.35
47170,2481.49
47171,557.08
47172,719.05
47173,1259.49
47174,3282.96
47175,5027.59
47176,635.03
47177,398.89
47178,1338.16
47179,312.25
47180,1900.17
47181,1110.84
47182,1819.29
47183,938.1
47184,759.62
47185,957.74
47186,907.21
47187,1441.54
47188,946.49
47189,974.36
47190,1310.14
47191,469.26
47192,661.41
47193,1096.47
47194,249.46
47195,4794.39
47196,337.29
47197,928.78
47198,623.64
47199,1363.53
47200,476.51
47201,179.52
47202,996.31
47203,2182.31
47204,498.4
47205,4.25
47206,1925.48
47207,63.14
47208,291.5
47209,717.24
47210,1193.15
47211,1063.32
47212,153.94
47213,968.7
47214,1790.54
47215,1035.01
47216,2527.16
47217,1284.32
47218,421.76
47219,626.63
47220,329.61
47221,524.47
47222,468.5
47223,846.8
47224,615.99
47225,44.33
47226,772.69
47227,154.17
47228,426.97
47229,775.88
47230,1153.52
47231,708.94
47232,1008.66
47233,1132.74
47234,1042.28
47235,1956.45
47236,441.1
47237,914.97
47238,1212.13
47239,896.3
47240,881.16
47241,2689.99
47242,419.98
47244,924.38
47245,229.85
47246,452.22
47247,1263.79
47248,199.03
47249,178.02
47250,205.69
47251,685.34
47252,1302.3
47253,443.82
47254,162.97
47255,423.07
47256,429.65
47257,277.71
47258,1385.93
47259,386.98
47260,1213.27
47262,325.75
47263,255.19
47264,520.29
47265,740.83
47266,458.73
47267,439.2
47269,1133.83
47271,697.57
47272,789.48
47273,352.66
47274,342.78
47275,622.45
47276,762.11
47277,348.02
47278,1017.02
47279,341.7
47280,619.69
47281,823.43
47282,1022
47283,326.99
47284,848.34
47285,545.71
47286,11.3
47287,663.04
47288,1025.74
47289,272.45
47290,536.88
47291,933.83
47292,171.11
47293,531.92
47294,994.18
47295,447.4
47296,960.54
47297,1084.09
47298,666.07
47299,561.74
47300,361.28
47301,2485.99
47302,367.51
47303,678.22
47304,696.35
47305,831.63
47306,836.65
47307,955.73
47308,246.85
47309,973.79
47310,1406.22
47311,868.3
47312,1043.8
47313,606.03
47314,526.5
47315,1276.21
47316,1270.68
47317,1274.81
47318,480.14
47319,604.17
47320,512.15
47321,837.53
47323,3135.75
47324,634.38
47325,505.65
47326,1260.17
47327,308.08
47328,1036.8
48001,1611.78
48002,263.04
48003,2041.99
48004,1311.64
48005,1895.43
48007,733.78
48008,3334.04
48009,11647.08
48010,2006.82
48012,2015.03
48013,936.32
48015,964.96
48016,546.17
48017,704.53
48018,1403.41
48019,937.38
48020,338.41
48021,429.68
48025,1776.77
48026,697.52
48027,6494.97
48028,2710.23
48029,948.47
48030,683.03
48031,1776.88
48032,2115.12
48034,5778.15
48036,505.91
48037,455.07
48038,2315.44
48039,5211
48041,800.66
48042,1376.38
48043,2222.37
48044,1152.27
48045,2224.81
48046,476.75
48048,300.39
48050,262.45
48051,182.42
48053,2199.63
48054,234.47
48055,10.79
48056,917.84
48058,3688.62
48059,1172.15
48061,2376.81
48063,2136.65
48064,938.42
48065,1425.55
48067,144.66
48068,1108.12
48069,237.03
48070,4278.45
48071,1045.2
48072,714.65
48073,763.35
48074,4655.78
48075,2536.77
48077,749.16
48079,1365.39
48080,1424.97
48081,1349.52
48082,1064.53
48083,1660.1
48085,1462.49
48086,1218.27
48087,4116.65
48088,1308.65
48089,2951.26
48090,850.57
48091,701.33
48092,394.94
48094,8023.63
48095,769.47
48096,3891.72
48097,219.86
48098,264.41
48099,2364.71
48100,1670.26
48103,1213.43
48104,4112.8
48105,534.75
48106,810.59
48107,958.54
48108,2042.49
48110,1091.47
48111,1832.11
48112,667.68
48115,843.64
48116,5072.71
48117,56.4
48119,1457.33
48121,385.47
48123,2764.32
48124,1100.83
48126,3103.25
48127,8817.51
48128,1683.78
48129,1116.01
48130,622.62
48131,0.86
48132,3016.87
48135,14.62
48136,223.78
48137,1317.5
48138,515.71
48139,1211.48
48140,2123.79
48141,3653.64
48144,141.12
48145,1925.38
48146,5508.54
48147,2810.25
48148,352.56
48149,923.56
48150,613.12
48151,945.36
48152,422.29
48153,279.44
48155,1003.61
48156,992
48157,508.87
48158,116.74
48160,1721.54
48161,124.62
48163,20.28
48165,2285.02
48166,1183.73
48167,555.75
48168,1155.83
48169,1255.02
48170,259.26
48171,320.55
48173,127.02
48174,2532.65
48175,2038.94
48176,886.22
48177,1292.29
48178,282.25
48179,831.78
48181,292.32
48182,1744.14
48185,169.21
48187,1811.75
48188,1136.88
48190,1125.89
48191,631.34
48192,1789.44
48193,3123.3
48194,386.2
48198,37.41
49002,1617.34
49003,2459.36
49007,103.75
49008,2720.01
49009,1443.2
49010,1487.97
49011,323.56
49012,301.15
49015,500.86
49017,543.16
49018,11987.57
49020,1155.19
49021,2169.77
49022,476.48
49023,17641.74
49026,3127.97
49027,933.63
49029,952.16
49030,1573.76
49035,1028.57
49036,1436.33
49038,127.03
49041,1006.54
49045,25.81
49048,453.55
49050,7842.58
49053,194.93
49054,88.86
49055,801.88
49056,829.6
49057,609.33
49058,1062.58
49060,1430.69
49061,4420.98
49063,1999.81
49064,927.94
49067,878.67
49068,2123.44
49070,1196.98
49076,666.19
49080,10939.58
49082,852.45
49086,3828.08
49089,1985.62
49090,481.08
49092,25923.11
49099,3704.56
49100,1235.69
49102,2063.03
49107,467.71
49109,2567.22
49110,2296.03
49112,1014.29
49113,309.48
49114,293.89
49120,1489.11
49121,1843.41
49123,758.52
49125,10945.56
49126,10831.36
49127,2060.78
49129,1124.01
49130,661.26
49131,1428.56
49132,736.87
49135,1746.42
49138,3488.09
49155,1882.08
49160,817.2
49161,789.44
49163,3309.3
49167,1421.01
49170,1578.01
49171,74.74
49174,892.26
49176,3524.59
49178,3570.26
49180,5143.7
49182,2001.73
49183,9462.89
49188,1487.34
49192,2385.52
49193,3145.74
49194,1592.77
49195,600.57
49200,3728.59
49201,1456.02
49205,1839.49
49209,544.85
49211,2034.51
49214,489.59
49215,3019.12
49216,706.61
49217,851.01
49218,16560.85
49219,418.39
49220,5257.36
49221,736.25
49222,1425.42
49223,839.21
49224,245.29
49228,19121.69
49231,492.15
49235,225.56
49236,210.04
49237,77.64
49240,1331.42
49241,431.52
49244,15941.83
49246,448.18
49247,1017.26
49248,13733.55
49253,1297.04
49257,30.23
49259,1510.18
49260,1432.63
49261,7450.96
49262,860.58
49266,2107.26
49267,374.57
49269,1577.16
49271,2713.48
49272,412.71
49278,419.88
49283,1661.33
49284,1599.86
49288,40.43
49291,225.19
49292,2121.04
49294,901.91
49298,1440.34
49299,765.34
49301,15915.57
49302,1025.29
49306,763.51
49307,6868.38
49308,103.28
49310,2244.32
49311,670.74
49323,852.1
49326,326.09
49328,2077.77
49329,1393.7
49330,728.45
49331,17447.96
49332,2242.14
49333,589.05
49334,882.07
49336,2706.42
49338,511.18
49339,938.07
49341,355.44
49343,1433.54
49344,1489.64
49345,5257.7
49347,2410.81
49352,1470.45
49353,135.3
49355,2271.04
49358,214.44
49359,459.28
49361,1457.44
49362,459.13
49364,1752.44
49367,7449.49
49368,1552.87
49369,1597.98
49370,678.27
49371,1125.45
49373,13187.17
49374,437.2
49377,1796.21
49378,1571.65
49381,3178.07
50002,148.61
50003,276.94
50004,1049.16
50006,73.9
50008,85.84
50013,395.32
50016,293.62
50019,803.35
50021,457.78
50022,193.16
50023,1567.12
50024,559.75
50025,176.77
50026,96.47
50027,1680.89
50028,198.54
50029,2177.25
50030,62.45
50031,136.79
50032,459.32
50033,278.86
50034,154.59
50036,176.34
50038,291.31
50039,161.37
50040,921.5
50041,9286.63
50042,1226.98
50044,266.86
50045,733.44
50046,1377.07
50048,1230.26
50049,1382.87
50050,511.05
50052,256.9
50054,613.26
50055,529.09
50058,248.21
50059,218.04
50060,667.66
50062,541.24
50064,487.99
50066,867.23
50069,403.1
50070,145.13
50072,391.38
50074,1479.6
50076,232.34
50077,295.67
50078,465.99
50079,926
50081,236.81
50082,4691.96
50083,862.43
50084,220.41
50085,955.38
50086,707.68
50087,1226.85
50088,70.02
50090,1758.37
50092,1410.55
50093,649.56
50094,380.98
50095,1978.2
50096,251.7
50097,426.51
50098,778.64
50099,9120.4
50101,363.11
50102,20.73
50105,592.76
50106,745.35
50108,505.88
50109,2209.47
50110,1390.4
50111,1505.13
50112,1217.39
50115,630.49
50117,341.88
50118,583.51
50120,167.81
50121,178.11
50124,360.35
50126,235.6
50129,1265.18
50130,406.27
50135,385.74
50137,1669.97
50138,1115.44
50139,3014.3
50142,1471.03
50143,541.45
50144,1394.78
50145,688.48
50146,563.92
50147,559.93
50148,1386.93
50149,859.55
50150,535
50151,1380.08
50152,990.25
50155,251.92
50156,250.47
50158,807.15
50159,725.45
50161,1194.53
50162,648.84
50164,1066.24
50165,16.56
50166,485.33
50167,855.4
50168,968.37
50169,485.59
50172,301.87
50174,443.09
50175,481.57
50176,479.35
50177,638.99
50178,32.68
50181,759.89
50182,590.7
50183,416.17
50184,355.48
50185,739.15
50186,811.39
50188,743.05
50190,951.8
50192,186.8
50193,1285.02
50194,789.64
50195,662.62
50196,538.43
50197,2381.86
50198,1430.5
50199,180.75
50200,2202.77
50205,137.69
50207,534.39
50208,412.44
50209,1594.82
50210,1831.52
50214,647
50215,1850.41
50216,1380.34
50217,767.1
50218,262.08
50219,900.66
50221,76.99
50222,1722.43
50225,475.12
50227,222.82
50228,1794.13
50229,296.06
50230,522.07
50231,31.94
50232,1728.93
50233,168.68
50234,425.5
50235,277.82
50236,4274.26
50237,91.13
50238,944.32
50239,2125.81
50240,567.61
50241,292.32
50243,753.48
50246,187.86
50247,144.65
50251,528.4
50252,1340.19
50253,462.29
50256,5070.36
50258,397.52
50259,1447.3
50260,5027.28
50261,793.46
50262,1361.31
50263,1403.32
50265,906.04
50266,1163.23
50267,1459.34
50268,618.06
50269,455.21
50270,68.28
50271,229.07
50272,877.8
50273,2593.74
50274,2117.66
50275,679.09
50276,1099.22
50277,196.11
50278,285.11
50279,1163.22
50281,733.68
50282,780.04
50283,232.58
50285,636.73
50288,321.99
50289,1565.61
50290,362.77
50291,221.45
50292,1116.59
50294,444.63
50295,662.92
50296,288.57
50297,688.24
50298,1512.78
50299,409.93
50300,625.76
50302,60.49
50304,580.32
50305,842.12
50310,56.7
50311,983.29
50312,606.3
50315,694.16
50317,467.78
50321,575.77
50324,214.05
50326,937.26
50327,859.96
50328,1636.21
50332,1171.87
50334,805.79
50335,700.37
50336,454.81
50338,1525.4
50340,210.14
50341,472.72
50342,311.83
50345,371.79
50347,706.14
50349,324.02
50350,1413.57
50351,96.8
50352,498.75
50353,372.48
50356,670.97
50357,397.37
50359,4547.97
50360,750.27
50361,355.83
50362,701.48
50363,2577.76
50364,766.12
50365,464.59
50368,274.36
50369,553.39
50370,1000.58
50371,214.47
50372,227.6
50373,627.92
50374,281.71
50376,662.66
50378,2659.92
50379,194.01
50382,267.43
50384,374.04
50387,949.42
50388,1540.5
50389,784.88
50390,295.34
50391,2555.77
50393,4095.87
50394,1158.16
50395,428.19
50397,620.47
50398,601.22
50399,442.82
50400,5167.95
50401,1035.18
50402,1012.95
50403,739.6
50405,1190.63
50407,968.14
50408,54.03
50409,1696.65
50410,4793.69
50411,537.27
50412,1903.52
50413,524.25
50417,991.43
50419,3522.08
50420,824.15
50421,337.95
50422,526.2
50423,286.27
50425,1333.58
50426,695.45
50428,1533.79
50429,595.67
50430,106.23
50431,1632.83
50433,842.37
50435,403.73
50436,3085.61
50437,698.24
50442,343.73
50443,1862.76
50444,2752.81
50445,432.95
50446,300.66
50447,559.6
50448,1714.54
50450,321.11
50451,111.6
50452,938.82
50453,688.77
50454,244.8
50455,640.99
50456,2614.24
50457,579.6
50461,405.38
50462,2177.49
50463,1672.04
50464,1894.53
50467,355.04
50468,1152.49
50469,430.88
50471,577.42
50472,375.88
50473,775.04
50474,1985.39
50475,543.37
50476,464.1
50478,842.37
50479,266.58
50480,685.84
50481,695.86
50482,1069.44
50483,711.35
50484,3461.94
50486,1263.01
50487,7453.06
50488,273.68
50489,744.51
50490,18.52
50491,467.37
50492,2365.37
50493,1628.85
50495,525.44
50496,11.87
50498,419.77
50499,1108.09
50500,1307.49
50502,680.47
50504,1011.39
50505,494.26
50506,295.43
50507,1054.48
50509,2512.79
50510,1318.46
50511,202.14
50512,333.18
50513,738.02
50514,470.42
50517,636.2
50518,873.63
50519,188.16
50521,325.37
50522,587.67
50523,3363.6
50525,882.74
50528,599.6
50529,333.77
50531,1012.98
50532,987.63
50533,477.52
50535,1287.72
50536,524.25
50537,177.74
50538,329.32
50539,468.98
50540,623.13
50541,798.34
50542,272.65
50543,1335.03
50546,3464.98
50548,803.79
50549,303.25
50550,3491.75
50551,2354.6
50552,546.26
50553,668.21
50554,492.84
50556,255.54
50562,382.56
50563,1136.01
50564,4189.26
50565,2312.05
50567,1062.9
50568,332.27
50569,1049.07
50570,1516.08
50571,386.91
50572,526.77
50574,799.22
50575,541.5
50576,205.36
50577,374.77
50578,186.07
50579,458.97
50580,252.58
50582,4702.04
50584,666.6
50585,665.5
50587,98.05
50588,1505.82
50589,614.54
50590,672.99
50591,5208.72
50592,2769.71
50593,1993.77
50594,598.82
50596,464.99
50597,1447.85
50598,510.26
50599,737.12
50601,2456.08
50603,632.06
50604,1064.06
50606,894.53
50607,668.67
50609,221.58
50610,533.01
50612,373.41
50613,597.37
50615,370.48
50616,880.81
50617,491.4
50618,308.4
50619,541.62
50621,376.16
50624,632.56
50626,991.97
50628,581.14
50629,1849.54
50633,245.68
50634,22.06
50637,667.5
50639,680.14
50641,332.73
50643,646.77
50647,0.54
50648,981.79
51001,610.19
51002,734.07
51003,530.44
51004,1394.9
51005,867.33
51006,412.79
51007,849.23
51008,904.9
51009,558.33
51010,991.28
51012,660.06
51013,815.36
51014,680.71
51015,430.29
51016,386.97
51017,660.08
51018,860.68
51019,2564.68
51020,409.77
51022,503.56
51023,909.62
51025,1071.95
51027,2653.57
51028,644.25
51029,984.92
51030,1692.61
51031,1178.75
51032,948.76
51033,119.25
51034,1017.34
51035,1400.25
51036,1546.02
51037,386.92
51038,329.91
51039,962.6
51040,1019.01
51041,733.28
51042,1129.33
51043,931.92
51044,154.19
51045,279.13
51046,2614.96
51047,160.95
51048,184.78
51049,1019.57
51050,891.4
51051,795.98
51052,955.98
51053,1066.76
51054,1192.15
51055,1364.28
51056,800.83
51057,216.61
51058,471.84
51060,1625.8
51061,1141.01
51062,538.29
51065,660.7
51066,400.11
51069,61.69
51070,800.6
51071,2364.22
51072,125.91
51073,559.15
51074,1558.3
51075,3455.81
51076,170.02
51077,628.29
51078,1243.61
51079,592.23
51080,758.44
51081,365.67
51082,792.18
51083,1097.27
51084,966.86
51085,608.34
51086,333.85
51087,654.38
51088,722.99
51089,238.53
51090,2390.28
51091,1150.68
51092,717.28
51093,674.13
51094,124.5
51095,758.03
51097,2424.69
51098,1813.14
51099,2246.85
51100,516.13
51101,1160.97
51102,662.36
51103,799.73
51104,1112.36
51105,3191.78
51106,1036.45
51107,847.71
51108,1687.04
51109,273.18
51110,261.2
51111,80.31
51112,404
51113,2013.29
51115,616.66
51116,1121.34
51117,1977.5
51118,302.52
51119,109.2
51120,480.19
51121,647.64
51122,182.26
51124,526.19
51125,848.9
51126,1324.92
51127,1629.27
51128,1638.57
51129,871.92
51130,291.11
51132,1112.14
51133,387.5
51134,1449.26
51135,413.11
51136,279.43
51137,152.59
51138,981.77
51139,19.56
51140,1130.63
51141,2292.32
51142,166.72
51143,205.03
51144,249.13
51145,67.48
51146,892.97
51147,1826.21
51148,1378.59
51149,789.01
51150,209.36
51151,676.52
51152,356.24
51153,833.45
51154,2389.12
51155,546.52
51156,376.89
51157,737.17
51158,4422.65
51160,318.53
51161,1054.42
51162,197.36
51163,819.41
51164,1823.75
51165,2736.76
51166,325.06
51167,2938.71
51168,1741.74
51169,1437.05
51170,765.13
51171,1520.6
51172,194.12
51173,69.54
51174,8.1
51175,735.2
51176,810.03
51177,89.72
51178,1021.18
51179,2033.27
51181,270.9
51182,495.79
51183,1028.16
51184,934.75
51185,1041.32
51186,840.43
51187,323.61
51188,51.39
51190,183.67
51191,742.01
51192,337
51193,5031.53
51194,715.56
51195,643.68
51196,444.23
51197,1465.14
51198,1021.76
51199,351.58
51200,694.95
51201,193.38
51202,188.18
51203,2002.06
51204,879.86
51206,826
51208,979
51210,154
51211,899.17
51212,2795.41
51213,1200.78
51214,1863.91
51215,534.86
51216,926.35
51217,728.54
51218,789.26
51219,298.7
51220,609.3
51222,551.96
51223,290.55
51224,904.01
51225,594.88
51226,311.23
51227,564.11
51228,1100.64
51229,686.93
51230,2188.53
51231,1629.59
51232,1420.58
51233,891.59
51234,517.15
51235,1441.93
51236,1148.26
51237,1312.69
51238,798.46
51239,579.32
51240,472.46
51241,1897.04
51242,1625.05
51243,2475.24
51244,2883.88
51245,132.95
51246,609.51
51247,438.79
51248,4251.85
51249,805.07
51250,989.86
51251,965.71
51252,223.31
51253,0.09
51254,987.55
51255,351.79
51256,213.2
51258,1121.79
51259,949.18
51260,1260.66
51262,605.79
51263,1431.48
51264,2097.51
51265,2091.32
51266,135.07
51267,107.17
51268,2150.02
51269,195.52
51270,1061.2
51272,393.8
51273,617.1
51274,1108.08
51275,1120.06
51276,2733.22
51277,501.29
51278,1097.22
51279,504.92
51280,529.12
51281,228.04
51282,215.9
51283,2070.08
51284,299.05
51285,1771.4
51286,510.87
51287,165.3
51288,977.99
51289,908.11
51290,294.21
51291,420.84
51292,2914.25
51293,972.2
51294,336.66
51295,1168.68
51296,860.73
51298,1503.1
51299,532.89
51300,258.56
51301,1185.07
51302,581.02
51303,1144.27
51304,833.37
51305,270.97
51306,786.44
51307,899.18
51308,22.73
51309,298.68
51310,118.24
51311,521.12
51312,1075.95
51313,950.65
51314,634.1
51316,957.82
51317,509.37
51318,1994.45
51319,2441.16
51320,371.54
51321,559.79
51322,803.87
51323,1149.34
51324,971.64
51325,755.7
51326,2656.42
51327,949.65
51328,588.74
51329,773
51333,666.16
51334,432.37
51336,688.6
51337,81.84
51338,240.74
51339,1381.16
51340,1644.47
51341,382.5
51342,187.85
51343,620.86
51344,598.97
51345,507.62
51346,938.51
51348,492.28
51349,1148.91
51350,372.11
51351,645.24
51352,318.25
51353,558.59
51354,2511.52
51355,277.37
51356,636.3
51357,1679.83
51358,332.39
51359,371.73
51361,1040.33
51362,470.18
51363,838.25
51364,300.72
51365,428.71
51367,654.14
51368,437.77
51369,1478.43
51370,619.48
51371,928.87
51372,1507.81
51373,314.33
51374,76.67
51375,435.37
51376,665.31
51377,2182.23
51378,152.42
51379,327.46
51380,2810.27
51381,811.94
51382,677.28
51384,390.4
51386,927.07
51387,306.08
51388,662.47
51389,963.56
51390,375.78
51391,255.93
51392,98.1
51393,262.11
51395,694.18
51396,640.92
51397,564.68
51398,141.65
51399,985.33
51402,989.87
51403,809.41
51404,1982.43
51407,472.79
51409,2031.69
51410,235.77
51412,1083.43
51413,403.42
51414,731.86
51415,168.03
51416,999.34
51417,797.69
51418,777.82
51419,1141.36
51420,643.77
51421,111.29
51422,159.77
51423,506.36
51424,735.28
51425,599.08
51426,788.19
51428,493.89
51429,557.89
51430,1474.45
51431,336.63
51432,1017.48
51433,258.17
51434,1116.71
51435,2111.57
51436,1595.19
51437,245.43
51438,1554.41
51439,1363.88
51440,1778.79
51441,292.71
51442,853.14
51443,704.55
51444,129.38
51445,146.29
51446,1726.97
51447,1693.81
51448,765.68
51449,1147.06
51450,665.67
51451,667.72
51452,870.43
51453,1520.9
51454,1377.62
51455,568.53
51456,709.78
51457,1019.51
51458,587.16
51459,295.81
51460,785.75
51461,470.66
51463,1374.32
51464,544.98
51465,66.47
51466,1002.28
51468,428.91
51469,556.1
51471,427.87
51472,3077.73
51473,613.97
51474,0.24
51475,1163.82
51476,960.08
51477,385.94
51478,446.7
51479,148.94
51480,521.67
51482,1605.51
51483,266.04
51484,269.29
51485,1801.51
51486,3578.95
51487,2000.84
51488,0.08
51489,868.57
51490,1197.34
51491,1482.33
51492,574.16
51493,126.13
51495,1214.8
51496,287.86
51497,168.73
51498,670.05
51499,715.57
51500,842.26
51501,2429.53
51502,632.95
51503,979.47
51504,1106.91
51505,593.3
51506,1900.4
51507,830.47
51508,2794.95
51509,1407.02
51510,287.25
51511,1065.05
51512,1037.82
51513,816.58
51514,736.83
51515,3143.19
51516,321.9
51517,1687.41
51518,355.17
51520,809.35
51521,812.49
51522,418.25
51523,750.55
51524,1467.63
51525,1303.43
51526,677
51527,339.06
51528,314.38
51529,1068.91
51530,529.76
51532,855.84
51533,1768.07
51534,336.38
51535,1632.99
51536,395.58
51537,1748.32
51538,590.41
51539,741.2
51542,246.68
51543,607.47
51544,4032.79
51545,2973.75
51546,2471.24
51547,1926.84
51548,2454.6
51549,1949.97
51550,2609.83
51551,2620.94
51552,1687.35
51553,858.54
51555,3125.72
51556,3627.19
51557,495.86
51558,586.51
51559,2061.49
51560,393.83
51562,763.38
51563,37.63
51564,776.3
51565,1071.65
51566,2203.26
51567,462.64
51568,143.24
51569,757.94
51570,597.72
51571,2382.94
51572,1507.06
51573,7.51
51574,1009.71
51576,1649.45
51577,256.01
51578,1050.47
51579,1211.59
51580,447.41
51581,230.36
51582,265.14
51583,256.04
51584,118.02
51585,703.68
51586,620.94
51587,714.93
51588,2049.93
51589,2992.44
51590,1244.83
51591,151.85
51592,633.62
51594,1289.36
51595,1114.25
51596,643.86
51597,88.86
51598,541.39
51599,1145.37
51600,1248.18
51601,586.57
51602,82.3
51603,1274.64
51604,1706.59
51605,263.56
51607,801.93
51608,1006.53
51609,837.83
51610,424.79
51611,2111.73
51612,3557.11
51613,631.41
51614,704.09
51616,554.07
51617,1325.82
51618,841.98
51619,422.31
51620,387.63
51621,475.45
51622,189.76
51624,798.52
51625,905.46
51626,1367.99
51627,1452.51
51628,992.74
51629,343.32
51630,334.36
51631,392.13
51632,380
51633,580.19
51634,742.25
51636,433.96
51638,1737.51
51639,772.92
51640,851.72
51641,1265.47
51642,352.96
51643,87.36
51644,141.72
51645,347.18
51646,1056.92
51647,1143.43
51648,2185.27
51649,2.22
51650,1163.7
51652,961.41
51654,464.72
51655,778.27
51656,1471.54
51657,446.39
51658,613.58
51659,490.15
51660,2047.87
51662,1693.33
51663,2.54
52001,997.7
52002,7
52003,439.75
52004,593.13
52005,230.4
52006,504.36
52007,935.15
52008,1941.45
52009,451.03
52011,284.02
52012,542.31
52013,833.6
52014,1116.35
52015,76.44
52016,209.75
52017,1041.24
52019,193.37
52021,861.85
52022,1398.58
52023,516.19
52025,1179.01
52027,349.98
52028,918.83
52031,1851.6
52033,193.8
52034,181.34
52035,550.3
52037,216.91
52038,153.53
52039,586.76
52040,391.42
52042,1489.14
52043,431.72
52044,1323.14
52047,1233.42
52050,1261.63
52053,450.17
52055,413.73
52056,1202.72
52057,695.58
52058,1497.28
52059,854.87
52060,3849.52
52061,1144.5
52062,371.01
52063,132.15
52064,1252.81
52065,679.39
52066,395.31
52067,628.39
52069,339.22
52070,1001.1
52072,954.82
52074,2777.41
52075,181.93
52076,904.49
52079,1
52082,1649.05
52083,1050.39
52084,481.78
52085,256.02
52088,2287.86
52089,592.52
52091,287.12
52092,1955.79
52093,383.23
52094,891.62
52095,937.72
52097,627.3
52099,331.12
52101,298.82
52102,800.14
52103,809.08
52104,705.71
52105,563.26
52107,893.38
52108,379.12
52110,726.47
52113,1134.81
52114,3875.5
52115,359.17
52116,310.95
52118,733.77
52119,261.88
52120,38.74
52121,1201.48
52122,705.83
52123,1428.44
52124,266.66
52125,266.05
52126,1362.54
52127,248.44
52128,1609.4
52129,663.55
52130,704.26
52131,655.04
52132,3
52133,139.28
52134,730.99
52135,0.73
52136,794.55
52137,627.16
52138,862.54
52140,4458.26
52141,293.64
52142,509.52
52145,1543.28
52146,626.3
52147,503.88
52149,221.64
52151,211.55
52155,407.65
52158,2946.48
52159,42.12
52160,776.6
52161,321.25
52162,1499.6
52163,1763.74
52164,618.42
52165,895.28
52167,1776.76
52168,607.79
52169,249.72
52170,647.82
52171,734.66
52172,1837.81
52173,1391.01
52174,162.61
52175,336.07
52177,495.51
52178,1483.7
52181,781.59
52182,1413.7
52183,265.81
52184,1234.91
52185,1184.57
52187,956.31
52189,1962.4
52190,753.08
52193,249.4
52194,199.37
52195,586.92
52196,825.59
52197,1131.13
52198,750.17
52199,360.63
52200,936.72
52201,93.91
52203,16.91
52204,304.75
52205,1022.35
52206,615.07
52207,820.31
52208,1120.6
52211,430.37
52212,433.09
52213,570.4
52214,106.51
52216,269.61
52217,664.75
52218,1065.93
52219,216.85
52220,1131.64
52221,780.7
52222,571.61
52223,489.81
52227,965.07
52228,179.47
52229,227.31
52230,957.77
52231,565.35
52232,243.09
52233,406.82
52234,492.06
52235,902.36
52237,609.44
52240,1021.58
52242,2161.4
52243,2.63
52244,715.65
52245,332.4
52246,1348.35
52247,535.02
52248,482.59
52249,862.92
52250,358.19
52251,1827.92
52253,403.77
52254,606.82
52256,109.97
52257,146.49
52258,556.91
52260,650.31
52265,835.93
52266,138.6
52267,175.24
52269,1029.5
52271,1566.65
52272,1671.63
52273,513.22
52274,2048.88
52275,311.61
52276,1934.49
52277,208.44
52278,376.42
52280,604.07
52282,2175.42
52284,861.74
52285,561.04
52286,163.96
52287,719.61
52288,1769.71
52289,1276.56
52290,678.55
52291,309.76
52292,219.38
52294,620.3
52295,781.73
52297,575.66
52298,409.25
52300,775.24
52301,449
52302,774.95
52303,178.16
52304,610.66
52305,144
52306,411.27
52307,634.32
52308,384.35
52310,1402.37
52311,311.75
52312,154.28
52313,2404.38
52315,183.05
52316,481.2
52318,481.23
52319,84.8
52320,247.98
52321,653.6
52322,301.02
52325,1499.37
52326,653.16
52328,1.53
52330,467.29
52331,1650.02
52332,5583.45
52336,114.32
52337,370.61
52341,1046.34
52342,182.72
52344,1266.27
52346,333.81
52347,1104.53
52348,480.09
52349,465.38
52352,1153.7
52353,2962.17
52354,284.73
52355,103.51
52356,932.36
52357,228.16
52358,681.59
52359,1022.96
52360,1582.26
52362,348.92
52363,407.56
52364,105.06
52365,1053.95
52366,311.3
52367,339.66
52369,1153.45
52370,912.09
52371,913.18
52372,617.94
52373,592.9
52374,120.06
52375,76.18
52377,3242.43
52378,759.6
52380,198.6
52383,353.71
52384,1574.09
52385,797.33
52386,716.78
52388,1291.31
52390,221.15
52391,146.26
52392,227.7
52394,793.5
52395,741.02
52396,680.76
52397,1212.14
52398,814.91
52399,816.1
52400,1650.34
52401,0
52403,232.81
52405,1383.93
52406,1401.14
52407,1392.34
52411,6124.43
52413,577.39
52414,678.08
52415,256.56
52416,435.98
52419,261.44
52420,515.14
52421,399.51
52422,1549.05
52423,1296.84
52424,278.15
52425,804.85
52426,1622.89
52428,581.04
52429,492.33
52431,750.89
52432,1213.52
52433,1067.66
52436,493.75
52438,498.87
52439,284.46
52440,397.43
52442,235.43
52443,43.34
52444,948.51
52445,48.88
52446,197.57
52447,1993.33
52448,554.43
52449,2914.05
52450,722.07
52452,776.94
52453,861.51
52455,95.08
52456,1024.63
52457,903.53
52459,382.38
52461,579.52
52463,646.95
52464,688.76
52465,969.84
52467,536.26
52468,709.15
52469,1441.44
52470,275.12
52472,1023.39
52473,824.81
52474,1240.48
52476,431.19
52479,2178.7
52480,811.53
52482,480.72
52483,446.2
52484,97.9
52486,239.79
52487,1008.77
52488,829.95
52489,509.31
52490,667.04
52491,2107.32
52492,0
52493,256.67
52494,1039.77
52495,573.41
52497,2621.28
52499,615.96
52502,845.47
52504,88.16
52505,1032.52
52506,545.99
52507,1291.22
52510,1193.38
52511,193.7
52512,314.13
52513,426.63
52514,239.25
52515,368.62
52516,197.49
52517,342.15
52518,13.72
52519,274.7
52520,404.16
52522,168.67
52523,411.11
52526,876.04
52528,119.45
52529,3177.33
52534,576.23
52535,1112.41
52536,161.25
52538,924.65
52539,382.82
52540,434.8
52541,20.79
52542,955.52
52543,693.83
52544,1049.73
52545,1109.76
52547,1633.87
52548,136.98
52549,558.76
52550,684.96
53001,1836.52
53002,1862.04
53003,2626.59
53005,3026.55
53007,2657.16
53008,2618.53
53009,2165.47
53010,1135.51
53011,1694.85
53012,1291.44
53013,1205.68
53015,1954.26
53016,1728.23
53017,2374
53018,2951.78
53019,1005.09
53021,335.27
53022,1605.72
53023,1314.97
53025,2904
53026,1613.7
53027,1055.5
53028,502.71
53029,4131.69
53030,1203.47
53031,1434.69
53033,462.69
53034,2270.27
53035,1587.58
53036,2129.78
53037,666.84
53038,730.63
53039,1711.57
53040,1670.09
53041,599.33
53042,2916
53043,933.72
53045,646.72
53046,1371.86
53047,1389.87
53048,2190.87
53049,605.17
53051,784.17
53052,495.57
53053,2193.99
53054,2041.19
53055,1906.17
53056,1752.12
53057,1128.19
53058,1079.18
53059,1282.99
53061,1532.02
53062,4147.69
53063,1354.09
53064,2843.67
53066,3180.27
53067,1097.73
53068,713.16
53069,657.4
53071,1237.49
53072,2462.48
53073,2152.48
53074,2178.85
53075,965.92
53076,1119.29
53077,3404.75
53078,1305.12
53079,1569.82
53080,41.14
53082,1355.89
53083,2820.16
53084,1789.25
53085,187.52
53086,1685.78
53087,1068.5
53088,1827.84
53089,599.67
53090,874.55
53091,2845.31
53093,919.19
53094,1665.99
53096,3114.93
53097,4962.33
53098,1848.65
53099,65.69
53100,2697.3
53101,1934.9
53102,694.61
53103,1261.47
53104,3107.84
53105,754.9
53106,1594.3
53107,825.43
53108,197.02
53109,1538.48
53110,2233.35
53111,1097.75
53112,2691.24
53113,2043.7
53114,427.53
53115,719.28
53116,2683.93
53117,1067.26
53118,586.17
53119,807.97
53120,2513.56
53121,3487.14
53122,1723.02
53123,4963.66
53124,3611.37
53125,2508.71
53126,3738.98
53127,4642.76
53128,1017.16
53129,1011.55
53130,731.12
53131,998.66
53132,1019.79
53133,1705.13
53134,743.78
53135,2307.49
53136,2101.67
53137,3063.85
53139,1551.03
53140,1146.06
53141,547.44
53142,1144.88
53143,1456.61
53144,1741.71
53145,1557.01
53146,2697.28
53147,734.99
53148,786.88
53150,1662.85
53151,2109.37
53152,1449.41
53153,1052.4
53154,2104.45
53155,2860.32
53156,531.49
53157,1252.97
53158,2288.33
53160,1225.4
53161,4712.24
53162,343.38
53163,666.83
53164,1190.5
53165,411.3
53168,1707.07
53169,406.71
53170,2518.9
53172,859.05
53173,686.51
53174,1079.22
53175,2512.47
53176,1826.13
53177,966.25
53178,1277.08
53179,1254.64
53180,2253.82
53181,184.95
53182,255.02
53184,993.45
53185,4133.41
53186,4195.89
53187,148.76
53188,1033.66
53189,912.06
53190,1583.91
53191,700.71
53192,1336.19
53193,1597.49
53195,745.01
53196,1421.8
53197,1226.29
53198,1008.79
53199,1210.85
53200,284.08
53201,1249.34
53202,1721.75
53203,164.84
53204,1652.61
53206,681.87
53208,1195.15
53209,1798.84
53210,3136.65
53211,4510.44
53212,1327.39
53213,1218.53
53214,449.19
53216,1205.71
53218,1648.96
53219,1891.6
53220,502.6
53221,1105.05
53222,925.99
53223,1685.78
53224,1050.99
53225,877.4
53226,2566.36
53228,2536.08
53229,1228.94
53230,1094.78
53232,838.84
53233,186.42
53234,969.88
53235,858.8
53236,724.57
53237,1476.27
53238,1805.42
53240,801.93
53242,1164.96
53243,1472.45
53245,3355.28
53246,2656.7
53247,1066.88
53248,717.01
53249,5574.48
53250,832.61
53251,2154.51
53253,807.53
53255,2337.06
53256,1377.95
53257,2429.7
53258,2558.65
53259,1431.27
53260,834.67
53261,925.06
53262,1883.48
53263,1011.27
53264,1478.88
53265,2232.94
53266,1065.19
53267,2663.17
53269,1367.33
53270,656.15
53271,2306.51
53272,703.96
53273,1618
53276,1285.21
54001,706.29
54002,348.22
54003,557.89
54004,725.72
54005,518.74
54006,885.89
54007,651.51
54009,790.24
54010,15.34
54011,651.53
54012,275.42
54013,749.15
54014,607.07
54015,892.21
54016,668.96
54018,597.18
54019,280.89
54020,852.26
54021,1035.69
54022,386.42
54023,1237.87
54024,623.09
54025,486.58
54026,1193.82
54027,767.41
54029,366.27
54030,491.46
54031,121.99
54032,907.75
54033,165.58
54034,409.01
54035,102.97
54036,994.47
54037,161.27
54038,555.9
54039,168.56
54040,288.78
54041,1512.35
54042,225.29
54043,305.46
54044,1281.93
54045,358
54046,1308.24
54047,420.06
54048,1577.83
54049,371.2
54050,239.47
54051,106.88
54052,90.43
54053,835.08
54054,295.27
54055,111.08
54056,83.43
54057,17.18
54058,1921.78
54059,2046.06
54060,415.66
54061,3.56
54062,1181.41
54063,842.49
54064,59.84
54066,107.82
54067,827.18
54068,1283.69
54069,711.64
54070,67.32
54071,511.95
54072,395.66
54073,307.41
54074,336.26
54075,17.61
54076,218.12
54077,387.27
54078,291.26
54079,220.63
54080,248.88
54081,776.57
54082,743.82
54083,212.87
54084,445.52
54085,510.31
54086,495.08
54087,274.52
54088,1293.83
54089,1020.93
54091,627.22
54092,243.73
54093,719.59
54094,846.96
54095,189.15
54096,517.93
54097,241.58
54098,596.16
54099,1142.77
54101,733.53
54102,314.7
54103,999.05
54104,170.43
54105,25
54106,1469.96
54107,395.33
54108,285.19
54109,1014.56
54110,954.86
54111,20.56
54112,938.04
54113,310.53
54116,148.05
54117,657.65
54118,610.16
54119,918.98
54120,2.48
54121,528.99
54122,91.66
54124,98.84
54125,186.18
54126,201.8
54127,885.03
54128,557.02
54129,56.26
54130,533.23
54131,854.59
54132,634.12
54133,1319.64
54134,714
54135,415.54
54136,103.76
54137,251.37
54138,647.42
54139,630.09
54140,746.14
54141,709.72
54142,258.46
54143,509.96
54144,95.22
54145,470.04
54146,682.95
54147,967.97
54148,208.1
54149,263.28
54150,439.06
54151,562.61
54152,275.51
54153,1044.03
54154,213.04
54155,508.49
54156,530.03
54157,655.07
54158,47.33
54159,326.71
54160,150.01
54161,925.98
54162,263.88
54163,294.62
54164,650.63
54166,221.37
54167,303.07
54168,422.15
54169,540.82
54170,321.63
54171,1075.79
54172,564.43
54173,1540.18
54174,0
54175,202.94
54176,585.78
54177,205.35
54178,462.45
54179,1094.82
54180,170.21
54181,129.88
54182,962.25
54183,637.2
54184,12.15
54185,78.33
54186,5.52
54187,524.97
54188,699.25
54189,425.33
54190,471.39
54191,184.18
54192,563.88
54193,278.26
54194,1249.1
54196,564
54197,96.37
54198,1548.9
54199,784.19
54200,304.75
54201,482.08
54202,29.11
54203,973.27
54204,796.3
54205,377.29
54206,965.57
54207,415.88
54208,265.01
54209,509.17
54210,13.77
54211,196.29
54212,467.91
54213,544.43
54214,427.41
54216,517.41
54217,337.59
54219,340.58
54220,594.91
54221,458.72
54222,961.66
54223,1015.81
54224,485.38
54225,269.62
54226,598.31
54227,321.44
54228,630.88
54229,756.1
54230,576.76
54231,744.13
54232,1173.32
54233,241.29
54235,752.81
54236,1315.16
54237,327.24
54238,260.48
54239,208.96
54240,202.95
54241,16.13
54242,795.23
54243,558.86
54244,395.97
54245,144.76
54246,503.94
54247,442.44
54248,801.62
54249,1023.16
54250,1054.08
54251,292.46
54252,309.2
54253,583.93
54254,363.8
54255,347.68
54256,837.11
54258,907.27
54259,205.77
54260,742.96
54262,783.41
54264,427.13
54266,503.82
54268,688.49
54269,167.71
54270,136.16
54271,745.8
54272,183.98
54273,540.89
54275,321.67
54276,298.17
54277,505.64
54279,324.25
54281,1039.49
54282,561.88
54283,779.65
54284,237.52
54285,326.78
54286,135.96
54288,908.72
54289,422.74
54290,496.99
54291,850.05
54292,378.02
54293,283.18
54294,134.15
54295,382.41
54296,945.65
54297,538.44
54298,121.84
54299,982.5
54300,416.17
54301,345.37
54302,1026.74
54303,532.66
54305,203.82
54306,578.8
54307,582.76
54308,548.24
54309,174.55
54310,32.41
54311,600.53
54312,526.54
54313,497.99
54314,136.82
54315,525.18
54316,1559.17
54317,722.5
54318,92
54320,667.46
54322,2754.66
54324,237.24
54325,432.32
54327,41.83
54328,186.93
54329,19.5
54330,579.85
54331,472.37
54332,418.85
54333,527.73
54334,731.83
54335,775.45
54336,125.94
54337,503.23
54339,473.87
54340,550.22
54343,834.98
54344,108.14
54345,682.58
54346,499.78
54348,406.3
54349,334.26
54350,754.79
54351,35.04
54353,596.23
54355,781.12
54356,404.64
54358,746.74
54359,695.46
54360,9.87
54362,106.74
54363,890.21
54364,193.83
54365,1000.71
54367,158.18
54368,268.62
54369,581.43
54370,503.86
54371,387.73
54372,249.95
54373,387.35
54374,948.87
54375,290.84
54376,198.73
54377,839.04
54378,894.23
54379,110.08
54380,29.21
54381,62.77
54382,188.51
54383,129.56
54385,721.3
54386,1061.6
54387,562.35
54388,508.32
54389,149.45
54390,237.02
54391,115.94
54392,410.94
54393,628.07
54394,463.87
54395,0.98
54397,155.79
54398,72.96
54399,0.6
54400,840.03
54401,655.03
54402,651.41
54403,24.04
54404,915.63
54405,67.77
54406,159.58
54407,577
54408,966.04
54409,538.05
54411,478.36
54412,11.09
54413,478.74
54414,74.94
54415,239.53
54416,294.61
54417,452.78
54418,239.57
54419,15.4
54420,250.91
54421,337.6
54422,119.7
54423,184.08
54424,19.62
54425,473.29
54426,157.9
54428,563.99
54429,540.09
54430,24.39
54431,114.41
54432,18.87
54433,658.3
54434,679.71
54435,636.14
54436,856.02
54437,320.78
54438,81.53
54441,547.95
54442,175.14
54443,0.43
54444,510.16
54445,623.84
54446,797.1
54447,92.48
54449,1046.05
54450,546.04
54451,32.67
54452,639.8
54453,212.8
54455,822.69
54456,704.56
54457,644.97
54458,952.51
54460,331.9
54461,278.45
54462,752.28
54463,755.63
54464,324.48
54465,288.38
54466,460.08
54467,555.4
54468,90.59
54469,923.7
54470,549.85
54471,260.01
54472,382.01
54473,524.41
54474,329.21
54475,421.4
54476,179.4
54477,584.57
54478,1281.79
54479,471.82
54480,202.88
54481,124.39
54483,68.73
54484,489.56
54485,289.54
54486,240.72
54487,714.51
54489,1112.7
54490,808.68
54491,1011.18
54492,647.01
54494,166.44
54495,537.02
54496,933.22
54497,332.84
54498,503.95
54499,864.92
54500,241.15
54501,280.79
54502,1272.88
54504,356.51
54505,558.77
54508,119.66
54509,247.97
54510,163.59
54511,703.75
54513,669.86
54514,484.58
54515,759.73
54516,140.14
54517,982.69
54518,390.14
54519,18.3
54520,441.58
54522,580.85
54523,391.63
54524,687.45
54525,511.67
54526,64.57
54527,647.77
54528,1158.52
54529,241.58
54530,178.98
54531,39.23
54532,805.63
54533,535.82
54534,524.76
54535,684.58
54536,607.66
54537,892.11
54538,373.16
54539,538.3
54540,81.96
54541,539.18
54542,47.74
54543,1014.47
54544,43.43
54545,74.75
54546,163.49
54548,140.29
54549,871.23
54550,240.41
54551,130.54
54552,63.94
54553,345.35
54554,454.53
54555,624.99
54556,1048.77
54557,1550.53
54558,405.31
54559,392.82
54561,110.29
54562,967.51
54563,482.1
54564,908.12
54565,868.57
54566,79.28
54567,642.75
54568,897.69
54569,132.99
54570,223.08
54571,1330.16
54572,242.32
54573,780.61
54574,300.47
54575,405.72
54576,691.3
54577,430.66
54579,176.03
54580,23.42
54581,977.04
54582,102.13
54583,171.77
54584,704.01
54586,774.37
54587,389.09
54588,347.99
54589,240.99
54590,1077.06
54591,429.77
54592,327.79
54593,579.64
54594,356.93
54596,856.29
54597,124.32
54598,1225.77
54599,827.62
54600,608.94
54601,278.72
54602,168.88
55001,1088.47
55002,1251.13
55004,796.14
55005,569.12
55007,171.34
55008,1374.59
55009,295.76
55010,732.95
55011,354.48
55012,1440.75
55013,1406.12
55014,526.57
55015,426.52
55017,501.43
55018,717.95
55021,124.53
55022,837.67
55023,778.26
55024,483.91
55025,1711.04
55026,1479.53
55027,491.69
55028,888.75
55029,215.72
55031,35.64
55032,752.82
55033,301.78
55034,235.96
55035,127.47
55036,108.1
55037,769.8
55038,0.4
55040,2585.3
55041,447.21
55042,565.16
55043,53.79
55044,513.53
55045,92.23
55046,951.73
55047,874.79
55048,125.24
55049,483.22
55051,1033.72
55053,1277.85
55054,179.88
55055,751.4
55057,442.39
55058,809.93
55059,1878.41
55060,683.89
55061,264.65
55062,551.06
55063,664.41
55064,420.93
55065,387.05
55066,942.22
55067,186.03
55068,891.62
55069,1226.68
55070,461.54
55071,518.97
55072,269.44
55073,549.81
55075,206.61
55076,1283.37
55077,901.88
55078,1290.92
55079,1177.03
55080,633.16
55081,528.53
55082,872.53
55083,704.63
55084,437.29
55085,1137.21
55087,1201.8
55088,461.25
55089,612.43
55093,495.37
55094,756.26
55095,528.91
55096,350.84
55097,971.21
55099,726.59
55100,393.83
55101,1020.67
55102,1128.23
55103,287.79
55104,935.82
55105,302.71
55106,643.09
55107,301.56
55108,1448.28
55109,620.87
55110,919.89
55111,515.71
55113,768.74
55114,267.34
55115,1067.68
55117,3672.23
55118,499.81
55120,885.62
55121,378.64
55122,1268.97
55123,3984.5
55124,1383.51
55125,472.16
55127,549.5
55128,1077.59
55129,320.31
55132,685.4
55133,594.01
55134,382.4
55137,1007.31
55138,452.83
55139,0.5
55140,162.1
55141,1552.25
55142,284.92
55143,343.64
55144,42.5
55145,1130.35
55146,777.77
55148,904.04
55149,349.72
55150,1560.21
55153,1002.32
55154,794.72
55155,789.99
55156,254.63
55157,357.44
55158,1268.49
55160,479.05
55163,414.15
55165,692.83
55166,1154.75
55167,516.9
55168,476.28
55169,19.69
55170,108.8
55171,188.66
55172,25.9
55173,344.21
55174,1562.35
55175,350.87
55177,468.05
55178,620.64
55179,1634.92
55180,965.01
55181,571.3
55182,1089.19
55183,204.45
55184,1778.11
55185,860.32
55186,807.46
55188,496.75
55191,333.18
55192,150.96
55193,1061.89
55194,720.28
55196,626.35
55197,393.67
55198,1013.31
55199,279.85
55200,1204.86
55201,0
55202,69.76
55204,779.91
55206,1039.68
55208,874.61
55210,852.27
55211,749.46
55214,240.06
55215,1730.55
55216,179.24
55217,62.7
55218,206.05
55219,303.46
55220,758.07
55222,491.89
55224,281.58
55225,336.66
55226,728.37
55228,551.05
55229,1026.62
55232,70.51
55236,1159.89
55237,209.99
55241,1169.21
55242,446.33
55243,37.25
55244,1690.18
55245,572.36
55246,747
55247,495.64
55248,1026.98
55250,371.64
55251,825.46
55252,272.04
55253,91.53
55254,1344.9
55255,956.96
55256,657.11
55257,466.15
55258,1143.14
55260,829.17
55261,85.92
55262,612.05
55263,343.42
55264,555.38
55265,825.54
55266,0.34
55267,1124.84
55268,922.81
55269,894.49
55270,274.54
55271,756.09
55272,78.72
55274,1806.23
55275,346.81
55276,353.55
55278,380.29
55279,731.92
55280,547.61
55281,1072.72
55282,438.26
55284,276.94
55285,955.13
55286,834.79
55288,1226.59
55289,1267.39
55290,219.35
55291,415.1
55292,880.31
55293,999.72
55295,2090.82
55296,562.95
55297,634.89
55298,801
55299,675.82
55300,24.58
55301,1023.42
55302,1298.77
55303,447.26
55304,241.18
55306,610.26
55310,476.59
55311,508.79
55312,1155.01
55313,1122.46
55315,2033.58
55316,1206.85
55317,710.88
55320,765.56
55321,899.64
55322,138.81
55323,355.5
55324,930.29
55325,758.61
55326,210.75
55327,758.87
55328,400.11
55329,916.13
55330,560.05
55331,1343.55
55332,777.5
55333,74.54
55334,859.07
55335,802.22
55336,195.19
55338,1.35
55339,363.5
55340,329.91
55341,1603.9
55343,787.51
55345,130.08
55346,960.57
55347,949.17
55348,1156
55349,153.16
55350,474.68
55351,1150.58
55352,1139.8
55353,165.19
55355,1196.82
55356,228.42
55357,528.39
55358,2016.23
55359,1311.18
55360,322.72
55361,287.79
55362,464.62
55363,56.98
55364,681.66
55366,795.93
55367,1046.55
55368,1294.45
55369,170.34
55370,300.23
55371,1210.02
55372,142.32
55373,354.43
55374,56.76
55375,666.36
55376,757.76
55377,406.35
55378,578.72
55379,82.01
55380,1290.79
55382,846.17
55383,932.86
55384,823.11
55385,758.19
55386,1053.48
55387,928.41
55388,1442.79
55389,2990.48
55391,784.36
55395,1340.04
55396,470.37
55397,891.5
55398,603.74
55399,928.77
55400,278.18
55401,803.68
55403,534.21
55404,764.25
55405,1466.54
55406,315.83
55407,206.08
55408,508.67
55409,1109.02
55410,746.25
55411,258.21
55412,992.86
55414,666.41
55415,674.19
55416,83.75
55419,701.08
55420,395.68
55421,237.88
55422,453.81
55423,2510.09
55424,891.58
55425,207.84
55426,611.84
55427,1548.33
55428,377.17
55429,745.62
55430,877.08
55431,585.13
55433,851.76
55434,737.49
55435,342.46
55436,136.24
55437,625.61
55438,227.55
55439,132.18
55442,1466.86
55443,1059.62
55444,300.11
55445,850.13
55446,234.35
55447,1053.53
55448,412.98
55449,457.12
55450,366.6
55452,132.41
55453,696.94
55454,520.21
55456,241.51
55457,1015.04
55458,678.38
55459,1934.85
55460,1
55461,768.24
55462,146.09
55463,601.54
55464,697.41
55465,3.88
55466,337.5
55467,49.7
55469,404.82
55470,257.51
55471,779.93
55472,1479.45
55473,1466.8
55474,720.02
55475,665.16
55476,419.57
55477,430.13
55479,1323.33
55481,1456.75
55482,1048.98
55484,726.53
55485,231.81
55487,299.36
55489,811.51
55490,1176.6
55492,230.24
55493,440.92
55494,323.09
55495,862.67
55496,1538.85
55497,972.91
55498,705.39
55500,1810.65
55501,1655.3
55502,1200.2
55503,357.56
55504,591.04
55505,732.37
55506,294.21
55507,5.12
55508,307.31
55509,972.17
55511,293.55
55512,437.07
55514,285.51
55515,55.56
55516,764.53
55517,863
55518,1181.54
55519,495.93
55520,829.1
55521,605.99
55522,267.45
55523,140.79
55525,67.35
55527,246.17
55528,465.83
55530,441.56
55531,521.75
55532,1175.3
55533,952.46
55534,862.11
55536,254.01
55540,270.79
55541,816.1
55543,74.66
55544,158.22
55545,851.41
55546,139.77
55547,183.35
55549,1108.2
55551,3811.1
55552,455.79
55553,1.37
55554,782.19
55555,363.71
55556,728.24
55557,1022.48
55559,170.76
55560,555.19
55561,507.47
55562,589.8
55563,155.69
55565,344.85
55566,612.54
55567,1165.99
55569,275.33
55570,1325.41
55571,722.39
55572,988.09
55573,1388.03
55574,698.93
55575,333.75
55577,178.87
55578,207.52
55579,226.28
55580,1022.44
55581,551.8
55582,339.32
55583,565.52
55584,614.69
55586,788.53
56001,3652.05
56002,2668.73
56003,797.04
56004,1860.04
56005,5.4
56006,2216.3
56007,15.64
56008,1040.81
56009,935.55
56010,2230.81
56011,1912.87
56012,82.77
56013,407.6
56014,1054.22
56015,1412.72
56017,3136.73
56018,555.25
56019,590.06
56020,433.36
56021,285.71
56022,1348.94
56023,1647.95
56024,4403.89
56025,719.69
56026,3455.61
56027,1032.11
56028,2686.18
56029,887.19
56030,729.57
56031,1249.46
56032,2155.78
56033,4150
56034,810.9
56035,2579.38
56036,2330.74
56039,1032.5
56040,1046.2
56041,5162.36
56042,1261.9
56043,1321.39
56044,432.6
56045,610.12
56046,1338.98
56047,2733.54
56048,821.54
56050,1542.27
56051,1139.66
56052,314.09
56053,3713.41
56054,714.33
56055,13
56056,617.92
56057,1067.33
56058,1684.07
56060,740.39
56061,1390.25
56063,189.02
56065,155.45
56066,5072.08
56067,4112.13
56068,533.24
56069,288.74
56070,3164.81
56071,1473.91
56072,1083.13
56074,1863.11
56075,3751.93
56076,2100.62
56077,576.01
56078,1863.62
56079,757.45
56080,3149.32
56081,4998.6
56082,245.6
56083,355.3
56084,201.79
56085,0
56087,0
56088,62.37
56089,2522.65
56090,1650.96
56091,142.65
56092,1404.48
56093,1716.09
56094,1216.22
56096,813.55
56097,359.6
56098,494.73
56099,1215.69
56100,4529.06
56101,5259.02
56102,5037.83
56103,632.42
56104,1001.24
56105,1906.78
56106,8.73
56108,779.06
56109,541.01
56110,2498.58
56111,1651.49
56112,1067.66
56113,2043.33
56114,452.66
56115,545.44
56116,93.91
56117,66.14
56118,32.83
56119,1951.44
56120,1249.38
56122,2540.72
56123,1637.41
56124,111.54
56125,1591.64
56126,1397.11
56127,4061.29
56128,2028.56
56129,4637.51
56130,1200.22
56131,1411.7
56132,76.73
56133,732
56134,3521.61
56135,740.46
56136,2182.19
56137,686.7
56139,113.19
56140,4933.22
56141,1734.37
56143,2415.95
56144,6608.38
56145,1695.96
56146,2682.48
56147,3412.87
56148,598.38
56149,3758.65
56151,5012.21
56152,656.16
56153,2608.14
56154,1038.11
56155,261.5
56156,1201.98
56157,2372.5
56158,1310.13
56159,2070.05
56160,2108.74
56161,592.73
56162,1516.79
56163,3951.87
56164,1332.99
56165,3524.62
56166,3000.31
56167,1051.02
56168,302.71
56169,968.85
56170,1597.7
56171,1680.97
56172,3446.57
56173,5582.67
56174,1797.89
56175,3098.04
56176,765.51
56177,4658.32
56178,798.8
56179,1696.04
56180,613.91
56182,2288.57
56184,3658.12
56185,777.01
56186,6.5
56188,1905.93
56189,1275.65
56190,2438.37
56191,769.9
56193,754.43
56194,1394.44
56195,0
56197,2036.67
56198,2027.88
56199,1820.02
56200,2668.26
56201,1430.07
56202,676.36
56203,740.61
56204,860.5
56205,357.55
56206,999.72
56207,1671.66
56208,622.84
56209,167.67
56210,1190.25
56211,1461.3
56212,2543.66
56213,1154.16
56214,75.88
56215,1163.8
56216,451.53
56218,901.83
56219,903.76
56220,198.19
56221,1266.68
56222,1982.21
56223,99.64
56224,89.91
56225,56.83
56226,280.05
56227,1196.82
56228,691.22
56229,2370.62
56230,1225.68
56231,776.87
56232,36.29
56233,288.84
56234,20.09
56236,1652.37
56237,1484.91
56238,1451.96
56239,701.62
56240,1932.15
56241,1171.8
56242,3537.71
56243,565.33
56244,3144.61
56245,1475.52
56246,1314.83
56247,1327.51
56248,3889.72
56249,2133.73
56250,482.31
56251,2754.45
56252,76.43
56253,1237.03
56254,401.63
56255,1122.26
56256,100.55
56257,1234.1
56258,4.3
56260,419.08
56261,1256.2
56262,58.61
56263,282.61
56264,696.71
57001,617.56
57002,51.75
57003,217.98
57004,434.03
57006,632.6
57007,209.66
57008,583.04
57009,540.64
57010,267.61
57011,610.01
57012,413.51
57013,247.73
57014,350.26
57015,179.66
57017,2022.31
57018,497.88
57021,94.45
57022,438.76
57024,564.43
57025,158.32
57026,45.77
57027,847.86
57028,776.13
57029,746.81
57030,595.18
57031,1273.38
57032,163.73
57033,119.96
57034,365.91
57035,491.24
57036,457.93
57037,342.74
57038,642.83
57039,1209.15
57040,393.49
57041,1088.35
57042,709.16
57043,187.46
57044,773.53
57045,430.52
57046,56
57047,8.52
57048,393.23
57049,3
57050,244.69
57051,296.29
57052,344.01
57053,394.99
57054,245.57
57055,1192.41
57056,268.47
57057,649.7
57058,148.1
57059,576.13
57060,395.66
57061,9.2
57062,217.24
57063,586.07
57064,690.83
57065,634.94
57066,217.26
57067,572.84
57069,313.4
57070,340.27
57071,495.96
57072,792.57
57073,533.85
57074,883.65
57075,890.27
57076,653.29
57077,313.43
57079,874.83
57080,283.35
57081,625.1
57082,347.39
57083,1063.92
57084,871.99
57085,395.24
57086,795.32
57087,168.45
57088,1160.43
57089,259.12
57090,648.32
57091,537.93
57092,350.33
57093,350.01
57095,466.33
57096,834.97
57097,831.55
57098,703.78
57099,919.5
57100,232.6
57101,597.98
57102,296.24
57104,65.68
57105,132.09
57106,161.13
57107,472.06
57108,940.25
57109,1013.83
57110,82.74
57112,806.29
57113,383.29
57114,652.55
57115,253.97
57116,214.99
57117,139.26
57118,161.14
57119,467.71
57120,1398.56
57121,262.48
57122,400.51
57124,1375.43
57125,754.8
57126,894.47
57127,403.3
57128,817.23
57129,525.24
57130,102.53
57132,1102.82
57133,687.83
57134,121.09
57136,566.4
57137,899.17
57139,646.53
57140,10
57141,519.05
57142,148.1
57144,105.05
57145,352.16
57146,604.31
57147,665.64
57148,466
57149,337.88
57150,815.67
57151,885.14
57152,5.1
57153,143.54
57154,838.75
57155,1147.86
57156,148.86
57158,739.14
57159,776.81
57160,163.97
57161,358.05
57162,329.7
57163,0
57165,359.1
57166,155.31
57167,0.3
57169,282.26
57171,491.81
57172,1160.91
57173,565.55
57174,708.45
57175,139.75
57176,702.26
57177,0.35
57178,317.8
57179,987.2
57180,471.3
57181,1102.64
57182,106.32
57183,1663.16
57186,465.68
57187,95.96
57188,113.07
57189,296.08
57190,678.36
57191,340.32
57192,137.11
57193,287.02
57194,95.07
57195,1649.48
57196,612.75
57197,131.56
57198,240.76
57199,332.25
57200,244.93
57201,763.7
57202,49.82
57203,62.24
57204,373.32
57205,32.79
57206,8.37
57207,515.88
57208,335.85
57209,598.46
57210,657.14
57212,612.66
57213,943.94
57214,217.82
57215,669.1
57216,551.24
57217,916.85
57218,628.06
57219,722.8
57220,714.82
57221,0
57222,500.8
57224,447.77
57225,369.66
57226,359.62
57228,322.67
57229,1081.47
57230,909.05
57231,819.57
57232,387.22
57233,625.83
57235,1165.33
57236,355.35
57237,429.58
57238,1103.63
57239,547.78
57241,1454.79
57244,16.52
57245,688.2
57246,1553.66
57247,46.63
57248,379.04
57250,7.5
57251,659.45
57252,947.29
57253,999.6
57254,527.08
57255,682.61
57256,859.98
57257,380.71
57258,382.95
57259,581.39
57260,4.07
57261,2602.28
57262,2078.13
57263,59.7
57264,162.39
57265,205.15
57266,175.89
57267,949.53
57268,615.58
57270,580.17
57271,272.84
57272,895.48
57273,231.95
57274,237.05
57275,387.83
57276,809.55
57277,123.04
57278,489.54
57280,130.96
57281,460.78
57282,189.86
57283,1.63
57284,33.5
57286,288.01
57287,139.05
57288,71.99
57289,253.6
57290,246.7
57291,255.15
57292,116.65
57295,1254.99
57297,410.79
57298,118.53
57299,43.68
57301,319.67
57302,973.6
57303,320.83
57304,389.46
57305,171.93
57307,451.67
57308,181.68
57309,318.37
57310,319.67
57311,846.59
57312,2153.25
57313,438.99
57314,66.81
57315,190.62
57316,153.14
57317,596.85
57318,13.74
57319,457.03
57320,140.57
57321,535.45
57323,16.8
57324,517.74
57325,810.23
57326,163.47
57328,267.26
57329,200.9
57330,75.09
57331,147.53
57333,1160.94
57335,706.36
57337,464.69
57338,1489.81
57340,857.48
57341,414.04
57342,76.01
57343,270.89
57344,604.92
57345,333.02
57346,748.41
57347,809.59
57348,307.2
57349,1053.37
57352,191.44
57353,783
57354,291.39
57355,1001.15
57356,457.95
57357,250.05
57359,83.95
57361,893.14
57362,642.59
57364,816.18
57365,1839.57
57366,329.75
57370,704.95
57371,341.55
57372,283.19
57373,1050.4
57374,36.74
57375,1114.3
57377,489.41
57379,950.34
57380,48.65
57381,815.19
57382,1399.02
57383,577.46
57384,731.04
57385,807.66
57386,218.61
57387,485.56
57388,846.79
57389,795.52
57390,102.2
57391,258.73
57392,502.33
57393,16.57
57394,523.33
57395,958.21
57396,0
57397,761.41
57398,119.33
57399,608.23
57401,804.23
57402,265.23
57403,819.42
57404,265.98
57405,269.81
57406,317.33
57407,205.02
57408,392.81
57409,153.42
57410,481.15
57411,338.7
57413,342.46
57414,757.18
57415,29.35
57416,641.12
57417,264.72
57418,318.2
57419,273.74
57421,116.97
57422,1040.69
57423,111.91
57424,535.28
57425,1344.82
57426,1160.98
57428,803.63
57430,709.68
57431,708.1
57433,0.6
57434,1866.59
57436,829.12
57437,131.32
57438,274.9
57439,1563.27
57440,222.25
57441,604.01
57442,521.88
57443,265.78
57444,1188.48
57445,435.81
57446,71.03
57447,33.45
57448,1388.12
57449,106.58
57451,679.95
57452,405.11
57453,562.68
57454,931.94
57455,233.79
57456,22
57457,230.15
57459,461.23
57460,25.17
57461,32.96
57462,226.47
57463,820.47
57464,440.68
57465,546.05
57466,343.11
57468,285.09
57469,446.55
57470,168.73
57471,426.74
57472,260.37
57473,442.61
57474,0.29
57475,175.28
57476,807.58
57477,300.06
57479,500.92
57480,95.56
57481,161.48
57482,1109.68
57483,1106.48
57484,205.14
57485,592.94
57486,382.54
57487,0.14
57488,950.63
57490,1393.76
57491,0.83
57493,515.79
57494,356.3
57495,538.01
57496,601.08
57497,419.55
57498,492.59
57499,358.02
57500,183.76
57501,182.88
57502,229.65
57504,70.37
57505,294.21
57506,199.73
57507,708.04
57509,95.67
57510,134.93
57511,79.72
57512,130.6
57513,479.22
57514,897.55
57515,217.4
57516,757.52
57517,699.37
57518,420.74
57519,825.84
57520,416.78
57521,1.4
57524,89.61
57525,241.97
57526,237.36
57527,280.66
57528,182.94
57529,587.69
57530,868.49
57531,815.05
57532,715.57
57533,759.74
57534,476.03
57535,727.49
57536,1218.25
57537,4.38
57538,471.72
57539,531.1
57540,688.9
57541,2
57542,557.78
57543,81.3
57544,44.49
57546,265.67
57547,87.8
57548,651.17
57549,494.72
57550,13.15
57551,879.12
57552,393.27
57553,1.51
57554,543.75
57555,451.52
57556,268.71
57557,769.17
57558,1138.75
57559,459.92
57560,768.59
57561,1908.15
57562,160.13
57563,322.69
57564,877.75
57565,214.87
57566,375.72
57567,259.33
57569,176.38
57570,9.42
57571,768.43
57572,1118.68
57573,228.2
57574,1255.41
57575,879.34
57576,195.04
57577,69.8
57578,2047.51
57579,387.3
57580,639.24
57581,226.44
57582,294.33
57583,162.67
57584,458.81
57586,852.4
57587,282.9
57588,866.58
57589,133.14
57590,389.43
57591,4.52
57592,1232.83
57593,578.53
57594,244.68
57595,242.01
57598,89.53
57599,353.6
57600,1489.33
57602,713.55
57603,12.45
57605,631.6
57606,65.02
57607,765.53
57609,33.13
57610,7.57
57611,1052.26
57613,272.01
57614,429.28
57615,437.13
57617,831.67
57618,42.39
57619,6.21
57620,264.61
57621,390.16
57622,898.77
57623,36.38
57625,615.71
57626,429.47
57628,1146.56
57629,599.61
57630,127.93
57631,399.68
57633,19.68
57634,61.16
57635,1240.38
57636,317.6
57637,273.12
57639,29.1
57640,771.84
57641,481.83
57642,16.52
57643,556.14
57644,317.61
57645,80.51
57648,1415.58
57649,163.69
57650,12.11
57651,17.97
57652,897.52
57653,406.77
57654,129.45
57655,712.99
57656,863.51
57657,86.57
57658,119.79
57659,164.49
57660,1
57661,9.15
57662,464.59
57664,420.85
57665,470.91
57667,714.94
57668,256.9
57669,114.43
57670,601.8
57671,278.71
57672,1350.72
57673,33.53
57674,354.82
57675,355.85
57676,745.2
57677,343.87
57678,510.4
57679,347.86
57680,182.5
57681,476.98
57682,6.27
57683,87.9
57684,420.67
57685,645.25
57686,219.21
57687,321.19
57689,657.27
57690,76.14
57691,253.41
57692,316.43
57694,319.9
57695,478.43
57697,4
57698,200.96
57700,63.25
57702,180.85
57703,227.25
57704,25.29
57705,251.86
57706,1414.78
57707,960.13
57708,243.29
57709,356.97
57711,737.55
57712,1253.97
57713,231.26
57714,858.6
57715,438.15
57716,1345.93
57717,732.79
57718,242.61
57719,779.53
57720,183.98
57721,58.26
57723,511.09
57724,8.04
57725,338.84
57726,532.32
57727,478.47
57728,588.37
57730,289.9
57731,397.6
57732,1117.39
57733,1189.97
57734,520.78
57736,828.38
57737,226.38
57738,125.8
57739,14.7
57740,392.74
57741,961.41
57742,50.06
57743,3
57745,669.41
57746,168.34
57747,132.44
57748,601.59
57749,432.59
57750,499.16
57751,13.72
57752,501.27
57753,353.92
57754,837
57757,3.75
57759,122.54
57760,13.9
57761,611.25
57762,172.73
57763,497.31
57764,650.51
57765,66.05
57767,115.66
58001,1511.99
58002,2481.92
58003,1450.84
58004,1812.12
58005,2215.25
58006,1926.3
58007,1328.55
58008,1614.16
58009,732.2
58010,1202.48
58011,355.54
58012,1469.58
58013,593.1
58014,765.21
58015,20.67
58016,372.51
58017,1882.19
58018,775.01
58019,1051.92
58020,1227.27
58021,1302.48
58023,1096.32
58024,2637.33
58025,297.87
58026,1421.55
58027,354.93
58028,1698.65
58029,349.4
58030,1403.66
58031,1505.34
58032,1068.31
58033,1298.8
58034,1642.24
58035,1689.98
58036,3136.94
58037,1580.15
58038,687.56
58039,1378.47
58040,1578.9
58041,466.52
58042,537.04
58043,204.27
58044,1568.14
58045,929.41
58046,2472.21
58047,2374.82
58048,89.44
58049,238.99
58051,1731.48
58052,364.78
58053,1868.2
58054,189.23
58055,2248.91
58056,923.67
58057,2605.94
58058,268.95
58059,898.85
58060,1532.72
58061,1017.73
58062,36.75
58063,1354.52
58064,1789.4
58065,946.76
58066,600.21
58067,257.06
58068,25.98
58069,373.78
58070,393.12
58071,1437.22
58072,2205.51
58073,118.78
58074,2454.58
58075,633.25
58076,1270.28
58077,1628.16
58078,674.23
58079,2279.04
58080,1861.53
58081,1736.23
58082,1103.29
58083,1059.44
58084,544.13
58085,2888.56
58086,2276.23
58087,3055.83
58088,336.6
58089,899.87
58090,406.83
58092,1763.23
58093,1492.58
58094,1190
58095,3934.12
58096,1415.12
58097,3460.49
58098,125.13
58099,1090.02
58101,1383.06
58102,4295.54
58103,594.73
58104,2480.54
58105,1000.56
58106,779.1
58107,253.14
58108,542.39
58109,3469.46
58110,592.84
58111,500.82
58112,1241.72
58113,268.97
58114,1490.13
58115,1026.26
58116,585.39
58118,1514.49
58119,1799.52
58120,1391.44
58121,783.77
58122,1823.97
58123,2100.92
58124,1559.2
58125,121.24
58126,692.42
58127,317.11
58128,254.6
58129,659.57
58130,95.75
58132,913.66
58133,688.52
58134,1077.63
58135,1398.14
58136,594.5
58137,1261.01
58138,885.87
58139,550.69
58140,1704.69
58141,417.65
58142,2286.55
58143,533.17
58144,1452.57
58145,2557.88
58146,4493.61
58147,1253.68
58148,2292.42
58149,2762.59
58150,71.59
58151,219.52
58152,2716.11
58153,807.37
58154,370.68
58155,593.73
58156,614.66
58157,1224.57
58158,1754.34
58159,129.49
58160,1258.69
58161,1200.01
58162,752.48
58163,227.12
58164,529.24
58165,1433.61
58166,1590.98
58168,2889.75
58169,515.08
58171,1075.64
58172,1423.81
58173,1304.01
58174,921.47
58175,1647.82
58176,342.55
58177,1778.41
58178,2588.95
58179,1608.86
58180,1023.35
58181,150.86
58182,2260.62
58183,225.11
58184,705.4
58185,1626.14
58186,341.55
58188,298.2
58189,998.02
58190,900.92
58191,1083.65
58192,693.17
58193,1249.4
58194,17.97
58195,1345.27
58196,1306.95
58197,1110.22
58198,1250.05
58199,1312.09
58200,345.81
58202,227.59
58203,567.94
58204,2423.91
58205,3252.21
58206,139.74
58207,1846.63
58208,2264.54
58209,1530.59
58210,656.24
58211,1313.39
58212,656.88
58213,1844.47
58214,995.92
58215,1253
58216,534.6
58217,129.5
58218,1268.71
58219,2792.02
58220,761.09
58221,2274.66
58222,135.11
58223,2822.98
58224,314.39
58225,1703.74
58226,1050.71
58227,1272.02
58228,1777.69
58229,1483.31
58230,241.61
58231,609.72
58232,1736.44
58233,733.43
58234,169.36
58235,982.04
58236,967.62
58237,3.52
58238,541.33
58239,138.4
58240,932.12
58241,1891.98
58242,1581.93
58243,2088.44
58244,1070.84
58245,949.66
58246,397.39
58247,2509.11
58248,405.42
58249,1816.8
58250,205.61
58251,779.58
58252,1018.94
58253,815.53
58254,182.83
58255,1108.62
58256,1607
58257,739.24
58258,1101.72
58259,1210.92
58260,3239.41
58261,1067.23
58262,1070.23
58263,869.78
58264,3545.96
58265,1155.49
58266,1167.33
58267,991.99
58268,2087.79
58269,1823.06
58270,718.18
58271,2767.22
58272,912.4
58273,1328.56
58274,1528.17
58275,1474.66
58276,1728.07
58277,1434.32
58278,1105.96
58279,110.16
58280,1577.67
58281,3581.05
58282,806.21
58283,618.93
58284,1044.13
58285,683.88
58286,552.12
58287,1605.01
58288,368.63
58289,1164.4
58290,353.86
58291,322.5
58292,1993.72
58293,1613.31
58294,326.01
58295,858.44
58296,1318.61
58297,531.18
58298,768.55
58299,198.97
58300,581.54
58301,1994.6
58302,1172.02
58303,1572.62
58304,2366.8
58305,450.95
58306,2003.22
58307,1715.4
58308,1204.77
58309,1868.16
58311,2249.4
58312,136.01
58313,1113.2
59001,237.69
59002,478.05
59003,911.9
59004,694.12
59005,351.83
59006,460.14
59007,143.19
59008,245.44
59009,340.45
59010,684.18
59011,615.48
59012,552.65
59013,34.44
59015,217.56
59016,694.23
59018,1152.88
59019,537.84
59022,366.9
59024,338.18
59025,668.47
59026,273.55
59027,296.34
59028,120.96
59029,306.94
59031,749.76
59032,403.74
59033,446.97
59034,832.88
59035,1212.57
59037,440.15
59038,792.98
59039,496.02
59041,252.04
59042,353.5
59043,2965.1
59044,608.94
59045,232.97
59046,1179.88
59047,762.84
59048,120.68
59049,341.01
59050,481.91
59051,64.33
59052,3.84
59053,1031.73
59054,634.31
59055,1198.05
59056,420.82
59057,840.99
59058,1653.96
59059,122.65
59060,157.42
59061,500.01
59062,209.69
59063,327.24
59064,357.58
59065,191.67
59066,401.67
59067,64.48
59068,456.08
59069,613.06
59071,1197.33
59072,266.02
59073,557.62
59074,383.78
59075,669.22
59076,350.44
59077,125.25
59078,251.33
59079,118.3
59080,455.93
59081,452.78
59082,656.44
59083,396.45
59084,967.65
59085,82.65
59086,889.26
59087,162.07
59088,456.09
59089,1247.31
59090,540.11
59091,644.63
59092,308.87
59093,613.83
59094,3609.37
59096,335.23
59097,666.14
59098,344.8
59099,246.23
59100,161.96
59101,780.54
59102,488.29
59103,223.75
59104,51.49
59105,628.79
59106,298.51
59107,535.9
59108,408.13
59109,377.53
59110,978.33
59111,341.34
59113,307.53
59114,546.67
59115,227.21
59116,78.11
59117,718.62
59118,847.04
59119,311.31
59120,959.14
59121,458.04
59122,1172.57
59123,344.61
59124,544.65
59125,583.34
59126,671.61
59127,290.72
59128,6.5
59129,870.63
59130,903.97
59131,458.51
59132,711.65
59133,320.21
59134,2939.5
59135,714.33
59136,1262.13
59137,1359.94
59138,622.45
59139,305.69
59140,150.46
59141,623.01
59142,153.69
59143,510.16
59144,46.97
59145,651.6
59146,228.37
59147,424.64
59148,296.04
59149,1243.24
59150,185.18
59151,1401.85
59152,943.97
59153,227.04
59155,73.42
59157,784.26
59158,1113.72
59159,841.65
59160,86.97
59161,1749.47
59162,829.47
59164,355.95
59165,267.47
59166,436.09
59167,467.58
59168,144.9
59169,584.37
59170,593.11
59171,129.08
59172,222.26
59173,630.4
59174,206.38
59175,697.71
59176,849.74
59177,1582.7
59178,370.68
59179,115.53
59180,659.27
59181,1158.71
59182,298.56
59183,110.62
59184,421.36
59185,136.44
59186,165.78
59188,489.51
59189,833.97
59190,350.57
59191,569.44
59192,432.34
59193,174.68
59194,455.95
59196,623.85
59197,523.73
59198,215.65
59199,630.39
59200,424.94
59201,250.47
59202,857.88
59203,66.5
59204,770.99
59205,117.03
59206,166.61
59207,93.41
59208,218.04
59209,1058.97
59210,1107.54
59211,413.43
59212,1072.75
59213,564.14
59214,317.34
59215,764.45
59216,239.23
59217,248.8
59218,2062.74
59219,138.73
59220,3.08
59221,338.95
59222,678.33
59223,815.84
59224,383.37
59225,877.94
59226,323.58
59227,23.76
59228,646.72
59229,266.43
59230,354.39
59231,585.38
59232,144.29
59233,391.73
59234,340.89
59236,553.72
59237,1048.2
59238,525.14
59239,714.07
59240,508.16
59241,1700.28
59242,407.07
59243,535.76
59244,694.95
59246,1256.14
59247,291.82
59249,262.11
59250,644.39
59251,450.86
59252,1557.71
59254,789.13
59255,295
59256,529.19
59257,670.87
59258,633.71
59259,327.85
59260,2538.46
59261,266.95
59262,535.69
59263,194.22
59264,513.55
59265,510.96
59266,335.66
59267,494.46
59268,568.68
59269,908.5
59270,634.97
59271,246.46
59272,374.49
59273,99.81
59274,618.38
59275,52.37
59277,127.11
59279,488.82
59280,542.18
59281,101.94
59282,372.93
59283,216.89
59284,415.46
59285,1101.85
59286,56.85
59287,296.72
59288,166.03
59289,1114.56
59290,995.9
59291,208.64
59292,738.34
59293,583.86
59294,930.74
59295,2072.24
59296,230.6
59297,673.41
59299,179.61
59300,473.68
59301,411.73
59302,140.34
59303,432.2
59304,133.51
59305,1081.68
59306,464.56
59307,218.27
59308,1221.05
59309,1697.76
59310,804.99
59311,623.35
59312,863.77
59313,314.39
59314,607.94
59315,794.07
59316,506.75
59317,558.99
59318,1171.61
59319,541.98
59320,753
59321,684.15
59322,497.2
59323,64.43
59324,17.24
59325,37.72
59326,967.93
59327,343.47
59328,37.22
59329,66.72
59330,905.44
59331,1734.01
59333,154.92
59334,13.69
59335,868.15
59336,382.93
59337,696.22
59338,1025.13
59339,169.07
59340,209.72
59341,764.08
59342,590.31
59343,258.92
59344,241.34
59346,3
59347,336.01
59348,281.38
59349,529.31
59350,315.6
59351,813.8
59352,884.33
59353,63.64
59354,23.76
59356,227.46
59357,535.22
59358,901.09
59359,686.69
59360,99.9
59361,5.57
59363,472.62
59364,179.4
59365,188.76
59366,585.53
59367,1.6
59369,504.78
59370,491.87
59371,79.56
59372,1011.77
59374,280.85
59375,574.13
59377,1075.18
59378,265.98
59379,656.85
59381,718.53
59382,918.74
59383,256.46
59384,1236.56
59385,658
59387,1001.87
59388,732.02
59389,655.36
59390,467.71
59391,1078.19
59392,655.65
59393,464.01
59394,536.66
59395,947.53
59396,42.98
59397,1126.47
59398,223.25
59399,558.26
59400,1774.51
59401,2150.43
59402,790.84
59403,45.77
59405,632.87
59406,607.07
59407,366.32
59409,608.96
59411,1299.3
59412,370.86
59413,675.35
59414,127.13
59415,503.39
59416,980.15
59419,744.6
59420,80.16
59421,5
59422,552.71
59423,171.77
59424,211.32
59425,402.21
59426,116.85
59427,285.68
59428,87.82
59429,219.49
59430,982.1
59431,1094.52
59432,107.1
59433,495.81
59434,661.91
59435,1235.78
59436,1392.15
59437,62.53
59438,555.26
59439,542.26
59440,476.44
59441,163.28
59442,216.31
59443,373.82
59444,261.07
59445,533.7
59447,405.99
59448,264.77
59449,575.64
59450,784.88
59451,395.3
59452,0.4
59453,605.91
59454,521.35
59455,479.84
59456,103.79
59457,28.66
59458,264.58
59459,11.58
59461,643.55
59462,324.12
59463,1717.05
59464,1091.95
59465,542.61
59466,103.37
59467,648.97
59468,542.14
59469,193.84
59470,185.9
59471,227.6
59472,14.04
59473,769.83
59474,2802.66
59475,285.38
59476,31.56
59477,185.48
59478,1676.17
59479,748.85
59480,330.51
59481,883.81
59482,877.63
59483,453.1
59484,154.89
59485,706.8
59486,531.11
59487,431.38
59488,654.92
59489,812.21
59490,423.7
59491,204.16
59492,485.57
59493,722.96
59494,30.58
59495,270.15
59496,1011.8
59497,1664.57
59498,669.52
59499,1550.26
59500,566.92
59501,178.51
59502,846.73
59503,477.28
59504,238.3
59505,429.29
59506,507.39
59507,37.93
59508,376.33
59509,70.01
59511,117.89
59512,1
59513,259.44
59514,13.2
59515,32.53
59516,1262.21
59517,960.23
59518,576.39
59519,531.65
59520,933.45
59521,429.17
59522,281.63
59523,536.63
59524,438.93
59525,675.96
59526,733.04
59528,694.15
59529,747.92
59530,157.57
59531,422.4
59532,332.6
59533,572.97
59534,777.73
59535,257.52
59536,653.86
59537,731.33
59538,436.11
59539,807.15
59541,658.6
59542,374.59
59543,284.58
59544,4.77
59545,719.17
59546,692.3
59547,355.69
59548,626.39
59549,317.31
59550,125.67
59551,484.63
59552,365.27
59553,438.33
59554,180
59555,516.29
59556,58.47
59557,251.67
59558,538
59559,1419.31
59560,570.06
59562,892.3
59563,376.04
59565,304.28
59566,188.57
59567,863.88
59568,912.28
59569,124.05
59570,632.33
59571,1616.1
59572,842.54
59574,777.77
59575,294.51
59576,723.24
59577,1096.77
59578,1331.71
59579,1178.89
59580,2181.56
59581,2625.95
59582,177.58
59583,470.76
59584,1308.86
59585,201.47
59586,594.65
59587,1113.68
59588,1360.38
59589,601.73
59590,1021.16
59591,373.03
59592,80.92
59593,102.17
59594,65.13
59595,691.91
59596,511.31
59597,187.64
59598,88.27
59599,1
59600,109.57
59601,381.45
59602,8.44
59603,45.64
59604,1116.91
59605,785.35
59606,2.21
59607,297.84
59608,316.54
59609,177.64
59610,1150.56
59611,618.91
59612,403.04
59613,359.08
59614,935.5
59615,2494.53
59616,461.76
59617,392.11
59618,1263.93
59619,390.59
59620,86.87
59622,729.98
59623,854.99
59624,1107.71
59625,1097.96
59626,943.7
59627,738.06
59628,1303.86
59629,113.26
59630,428.09
59631,889.76
59632,761.89
59633,785.52
59634,358.69
59635,630.95
59636,715.74
59637,364.6
59638,532.62
59639,402.87
59640,227.75
59641,2409.43
59642,58.77
59643,315.43
59645,355.18
59646,0.78
59647,558.4
59648,566.05
59649,554.17
59650,199.27
59651,217.49
59652,38.99
59653,484.61
59654,172.46
59655,614.71
59656,365.46
59657,915.82
59658,293.81
59659,1465.83
59660,299.7
59661,354.35
59662,1361.51
59663,1861.81
59664,301.74
59665,542.54
59666,1840.67
59667,592.41
59668,257.19
59669,932.81
59670,46.94
60001,451.58
60002,7.23
60003,567
60004,759.49
60005,45.04
60006,315.18
60007,779.83
60008,448.08
60009,822.68
60010,1560.52
60011,657.8
60012,551
60013,7.82
60014,694.17
60015,24.21
60016,235.59
60017,1026.97
60019,936.44
60020,224
60021,340.51
60023,169.97
60024,299.81
60025,1249.21
60026,814.3
60027,1019.53
60028,4.5
60029,2269.34
60030,664.7
60031,654.37
60032,854.55
60033,193.62
60034,756.31
60035,384.93
60036,846.97
60037,577.02
60039,200.24
60040,1553.62
60041,210.6
60042,122.6
60043,502.62
60044,351.08
60045,2081.56
60046,729.89
60047,1565.14
60048,194.39
60049,749.45
60050,103.97
60051,662.12
60052,67.6
60053,958.44
60055,200.64
60056,255.73
60057,500.67
60058,683.48
60059,300.25
60060,414.13
60061,99.1
60062,640.63
60063,796.52
60064,373.44
60065,283.16
60066,388.84
60067,267.63
60068,489.36
60069,1098.79
60070,251.16
60071,612.21
60072,950.74
60073,752.76
60074,181.54
60075,1129.8
60076,877.8
60077,1247.06
60078,236.85
60079,1926.45
60081,108.16
60082,1722.81
60083,967.22
60084,192.07
60085,214.31
60086,1074.5
60087,839.54
60088,907.32
60089,628.2
60090,548.99
60091,997.87
60092,532.58
60093,299.46
60094,298.69
60095,681.2
60097,816.4
60098,525.83
60100,681.49
60101,1130.56
60103,1513.56
60104,1844.67
60105,143.61
60106,68.47
60107,281.83
60108,151.34
60109,942.92
60110,44.08
60111,419.94
60112,1068.08
60113,563.28
60114,458.6
60115,905.4
60116,860.67
60117,584.67
60118,38.84
60119,206.81
60120,779.45
60121,361.7
60122,380.67
60123,885.23
60124,648.76
60125,529.51
60126,555.1
60127,363.46
60128,18.39
60129,174.74
60130,756.06
60131,416.13
60132,889.28
60133,1187.25
60134,263.62
60135,1519.21
60136,367.92
60137,263.35
60138,143.91
60139,1134.02
60141,122.15
60142,112.76
60143,1207.05
60144,383.74
60145,668.2
60146,706.72
60147,135.23
60148,1618.46
60149,832.19
60150,15.78
60151,67.68
60152,737.33
60153,256.98
60154,99.87
60155,943.6
60156,91.13
60157,28.58
60158,510.29
60159,208.2
60160,972.12
60161,205.35
60162,550.64
60163,487
60164,758.47
60166,315.31
60167,1.65
60168,703.89
60169,471.85
60171,37.05
60173,304.14
60174,157.47
60175,298.23
60176,1389.84
60177,364.08
60178,1489.79
60179,360.81
60180,320.59
60181,46.72
60182,87.24
60183,728.34
60184,508.01
60185,227.02
60186,376.05
60187,349.79
60189,1145.86
60190,629.38
60191,896.64
60192,571.82
60193,562.36
60194,1053.31
60195,451.32
60196,1973.2
60197,228.53
60198,450.56
60199,729.33
60200,74.35
60201,101.86
60203,760.67
60204,506.11
60205,73.98
60206,117.54
60208,211.34
60209,1637.96
60210,381.05
60211,951.55
60212,569.24
60213,506.52
60214,621.22
60215,538.68
60216,297.09
60217,1019.1
60218,1019.69
60219,228.11
60220,4.42
60221,945.67
60222,1407.88
60223,447.61
60224,392.28
60225,687.51
60226,766.68
60227,21.13
60228,383.22
60229,91.73
60230,1058.39
60231,376
60232,480.51
60233,693.59
60234,107.64
60235,1892.04
60236,251.11
60237,237.73
60238,380.61
60239,679.89
60240,953.15
60241,815.11
60242,330.06
60243,360.52
60244,428.74
60245,687.46
60247,227.55
60248,130.79
60249,290.89
60250,452.71
60251,1339.41
60252,797.63
60253,506.22
60254,1367.41
60255,333.71
60256,1205.98
60257,643.32
60258,190.03
60259,864.55
60260,89.87
60261,861.79
60262,838.45
60263,218.68
60264,722.95
60265,285.04
60267,216.68
60268,534.83
60269,327.99
60270,229.36
60271,225.95
60272,379.66
60273,249.6
60275,401.77
60276,564.9
60277,102.76
60278,299.06
60279,329.98
60280,44.07
60281,838.91
60282,493.58
60283,0
60284,978.97
60285,496.73
60286,687.68
60287,38.05
60288,1554.78
60289,838.62
60291,1336.02
60292,414.79
60293,375.39
60294,215.34
60295,236.31
60296,866.67
60297,543.34
60298,246.24
60299,216.86
60301,346
60302,674.69
60303,258.72
60304,438.61
60305,610.16
60306,437.37
60307,112.43
60308,582.71
60309,468.57
60310,346.92
60311,261.21
60312,631.96
60313,648.14
60314,577.42
60315,399.7
60316,281.46
60318,285.93
60319,45.29
60320,236.04
60321,1147.66
60322,401.78
60324,240.47
60325,472.53
60326,409.47
60327,836.22
60328,1384.99
60329,152.34
60330,453.36
60331,1006.01
60332,14.99
60333,192.51
60334,467.06
60335,408.33
60336,1197.49
60337,860.14
60338,126.61
60339,709.65
60340,911.71
60341,792.49
60342,278.85
60343,104.53
60344,758.34
60345,586.09
60346,5.5
60347,1190.83
60348,78.99
60350,979.65
60351,462.85
60352,117.24
60353,630.5
60354,240.76
60355,823.43
60356,990.8
60357,789.26
60358,453.03
60360,158.86
60361,1152.81
60362,563.54
60363,632.64
60364,253.78
60365,1179.72
60366,676.81
60367,472.56
60368,290.47
60369,427.43
60370,603.56
60371,920.67
60372,695.08
60373,380.54
60374,1348.55
60375,555.91
60376,382.58
60377,497.12
60378,252.34
60379,829.01
60380,567.04
60381,301.87
60382,134.97
60383,119.29
60385,1120.69
60386,901.78
60387,121.02
60388,237.49
60389,131.2
60390,732.46
60392,493.35
60393,25.1
60394,334.69
60395,694.84
60396,1274.7
60397,574.67
60398,284.34
60399,78.48
60400,540.53
60401,394.7
60402,91.18
60403,1799.39
60404,114.58
60405,854.04
60406,298.12
60407,280.98
60408,1292.13
60410,177.76
60411,995.47
60412,517.66
60413,601.87
60414,114.18
60415,563.04
60416,526.9
60418,776.02
60420,1241.23
60421,474.11
60422,0
60424,142.72
60425,723.77
60427,106.64
60428,42.05
60429,652.69
60430,842.07
60432,146.65
60434,463.74
60435,951.73
60436,452.03
60437,703.45
60438,1047.59
60439,520
60440,657.85
60441,594.63
60442,324.36
60443,340.55
60444,811.41
60445,1274.14
60446,1619.56
60447,1057.41
60448,369.05
60449,707.26
60450,906.25
60451,591.54
60452,364.63
60454,170.35
60456,1094.57
60457,69.13
60458,254.63
60460,378.79
60461,634.5
60462,687.39
60464,476.23
60465,923.03
60466,722.45
60468,624.11
60469,200.41
60470,1092.17
60471,837.02
60472,334.06
60473,815.69
60474,621.24
60476,1037.51
60477,887.87
60478,474.56
60479,922.3
60480,1326.54
60481,642.54
60482,167.21
60483,353.64
60484,348.23
60485,635.37
60486,1468.13
60487,906.26
60488,277.78
60489,341.92
60490,792.26
60491,804.05
60492,664.11
60493,371.3
60494,778.38
60495,950.99
60496,243.86
60497,175.37
60498,698.52
60500,522.54
60502,358.86
60503,343.13
60504,150.37
60505,174.06
60507,149.63
60508,666.7
60509,23.91
60510,40.59
60511,403.55
60512,2
60513,577.09
60514,731.03
60515,726.8
60516,1036.15
60517,357.12
60518,578.8
60519,467.26
60520,425.13
60521,251.98
60522,443.18
60523,61.57
60524,0.4
60525,619.84
60526,1075.14
60527,667.82
60528,359.06
60529,523.22
60530,898.56
60531,1119.75
60533,305.73
60535,1040.55
60536,212.62
60537,719.62
60538,81.45
60540,1.88
60541,124.39
60542,284.14
60543,852.97
60544,760.06
60545,566.21
60546,853.26
60548,443.44
60549,542.13
60550,877.86
60551,361.89
60552,329.32
60553,889.22
60554,677.27
60555,130.31
60556,1283.19
60557,726.86
60558,841.21
60559,378.94
60560,1375.27
60561,731.02
60562,756.1
60563,472.42
60564,877.96
60565,1317.28
60566,795.56
60567,649.18
60568,633.92
60569,398.02
60570,1680.08
60571,341.34
60572,736.03
60573,942.69
60574,276.37
60575,94.51
60576,681.34
60577,1147.94
60578,360.44
60581,1548.29
60583,227.39
60584,444.82
60585,929.84
60586,351.95
60587,317.6
60588,802.65
60589,212.37
60590,435.15
60591,217.67
60592,844.08
60594,907.61
60595,968.84
60596,82.05
60597,123.12
60598,680.58
60599,1384.18
60601,786.05
60602,459.06
60603,262.14
60604,830.67
60605,927.39
60608,318.7
60609,240.38
60610,289.71
60611,1184.22
60612,196.03
60613,902.69
60614,689.69
60615,563.63
60616,986.97
60617,393.62
60618,243.22
60619,1404.29
60620,476.88
60621,191.2
60622,1080.33
60623,630.87
60624,153.42
60625,337.1
60626,475.69
60627,461.12
60628,896.16
60629,204.9
60630,609.47
60631,109.98
60632,351.35
60633,230.33
60634,944.91
60635,171.32
60637,715.77
60638,130.82
60639,1268.22
60640,252.58
60641,91.16
60643,1303.76
60644,518.9
60645,356.68
60646,326.24
60647,114.32
60648,321.98
60650,1024.63
60651,797.88
60652,897.49
60653,508.31
60654,439
60655,1021.53
60656,41.74
60657,155.15
60658,0.33
60659,194.35
60660,262.11
60662,612.26
60663,526.31
60664,896.94
60665,1408.81
60666,1147.75
60667,880.71
60668,589.3
60669,251.67
60670,217.37
60671,802.32
60672,1152.6
60673,499.35
60675,231.42
60676,268.4
60677,329.41
60678,221.39
60679,708.11
60680,288.53
60681,1078.57
60682,512.21
60683,920.09
60684,162.74
60685,394.18
60686,69.79
60687,813.27
60688,931.09
60689,196.09
60691,251.18
60692,124.03
60693,516.28
60695,330.41
60697,89.34
60698,310.8
60699,244.53
60700,801.07
60701,889
60702,1287.58
60703,381.68
61001,112.12
61002,1002.38
61005,447.35
61006,1067.64
61007,5844.43
61008,415.36
61010,423.71
61011,365.92
61012,318.89
61013,656.26
61014,207.52
61015,2293.57
61018,645.84
61020,725.68
61021,709.93
61023,892.09
61024,1106.23
61026,1468.68
61028,2145.38
61029,1622.39
61030,615.27
61032,933.55
61034,2293.25
61035,807.13
61036,886.17
61037,1215.21
61038,38.48
61039,465.76
61040,2734.08
61041,325.35
61043,917.01
61044,222.7
61046,433.07
61048,127.83
61049,535.73
61050,1548.33
61051,1205.67
61052,299.18
61053,453.64
61054,1228.4
61055,2394.74
61056,172.46
61060,106.5
61061,1344.69
61062,220.08
61063,693.11
61064,632.65
61066,182.04
61067,486.9
61068,453.05
61069,284.35
61070,863.5
61071,847.69
61072,366.67
61074,482.02
61075,2911.11
61076,213.55
61077,263.1
61078,1261.4
61079,4139.2
61080,194.72
61081,2395.21
61082,228.94
61084,446.9
61085,15.01
61086,541.44
61087,695.98
61088,489.57
61089,611.9
61091,1539.86
61092,1767.07
61093,1639.74
61094,274.78
61095,598.26
61096,2898.99
61097,198.85
61098,296.97
61099,742.3
61100,929.85
61101,875.52
61102,763.27
61103,617.01
61104,137.87
61105,696.03
61107,1092.38
61108,312.56
61111,1105.57
61113,78.81
61114,524.02
61116,3666.65
61117,214.35
61118,713.28
61120,266.67
61121,1053.92
61122,726.18
61123,656.53
61124,391.56
61126,298.07
61129,2052.67
61130,1103.29
61133,2082.27
61137,273.43
61138,383.78
61139,1103.68
61140,2036.25
61141,489.8
61142,860.81
61143,89.66
61145,3608.62
61146,560.09
61148,517.27
61149,452.12
61150,2449.65
61151,789.38
61152,999.09
61153,2962.55
61156,867.57
61158,929.42
61159,598.81
61160,881.5
61162,742.58
61163,422.08
61164,647.82
61165,357.8
61166,1001.14
61167,9078.71
61168,2323.89
61169,1040.5
61170,979.21
61171,258.09
61176,762.13
61178,260.58
61180,170.65
61181,307.56
61182,1445.24
61183,672.92
61189,1179.54
61190,636.01
61193,1060.85
61194,2389.1
61195,700.26
61196,4258.38
61197,600.31
61198,731.47
61199,789.07
61202,572.02
61203,883.67
61206,577.52
61207,2273.51
61208,1355.51
61209,1769.66
61210,722.13
61211,6257.01
61212,3.67
61213,1134.94
61214,1192.01
61215,647.49
61216,246.22
61217,464.51
61218,616.78
61219,433.45
61221,553.95
61222,592.1
61224,368.65
61225,227.94
61227,567.21
61228,2584.7
61229,171.3
61230,6557.26
61232,3849.22
61233,1042.1
61234,528.89
61237,1038.67
61238,693.46
61240,1741.99
61241,542.46
61242,680.17
61243,2598.67
61244,1234.76
61248,3071.12
61251,722.02
61252,760.08
61255,837.99
61256,0.61
61257,276.7
61258,110.11
61259,263.6
61260,1336.85
61261,198.18
61262,444.71
61263,823.57
61264,930.7
61265,619.18
61266,347.37
61267,378.78
61268,721.31
61269,665.05
61271,899.21
61272,507.9
61273,611.35
61274,883.03
61275,4682.42
61276,167.88
61277,1371.69
61278,944.13
61279,501.56
61281,630.58
61283,886.56
61284,871.61
61286,1111.34
61287,457.72
61288,611.75
61289,139.07
61290,580.26
61291,587.91
61292,1135.21
61293,151.57
61294,2257.78
61295,410.25
61297,1075.84
61298,855.95
61300,1499.36
61301,739.11
61302,1483.48
61303,527.77
61304,17.85
61307,773.07
61308,1391.54
61309,7126.81
61314,1373.55
61316,607.32
61317,827.04
61319,2241.72
61321,657.5
61322,377.74
61323,1143.1
61324,3818.89
61326,70.51
61327,1080.93
61328,560.55
61329,1223.37
61330,475.56
61331,265.66
61332,1083.85
61333,30.11
61336,984.34
61339,5113.97
61341,1445.26
61342,517.18
61344,1773.92
61345,3050.48
61346,747.72
61347,400.03
61348,1314.83
61349,611.88
61350,378.42
61351,738.37
61352,276.5
61357,370.67
61358,673.03
61360,227.91
61361,1081.94
61362,884.73
61363,328.88
61365,764.18
61366,1053.99
61367,647.87
61369,2470.3
61370,202.22
61371,586.56
61372,547.17
61373,920.06
61374,246.21
61375,4267.19
61376,412.05
61379,1711.68
61381,164.65
61382,628.98
61384,782.07
61385,985.87
61386,153.55
61387,2884.74
61388,1246.93
61389,1303.66
61390,847.72
61391,567.89
61392,496.41
61393,471.42
61394,2152.35
61395,713.69
61396,239.29
61397,305.96
61398,308.18
61399,345.72
61400,647.56
61401,430.95
61402,1334.43
61404,1938.93
61405,690.09
61406,395.39
61407,718.02
61408,1045.65
61411,1347.41
61412,878.92
61413,706.91
61414,725.49
61415,856.87
61416,633.6
61418,1617.51
61419,479.09
61420,831.68
61421,1656.1
61422,908.47
61423,560.42
61424,813.74
61425,470.76
61426,688.46
61427,1174.35
61429,3542.62
61432,704.66
61433,305.83
61435,778.86
61436,1106.89
61438,859.33
61439,752.27
61440,675.19
61442,815.83
61443,696.1
61444,322.22
61445,369.11
61446,412.72
61447,457.03
61448,193.87
61450,393.83
61451,808.14
61452,776.8
61453,827.6
61454,1772.05
61456,1018.56
61457,1641.52
61459,754.5
61460,1812.67
61461,923.24
61462,401.42
61463,1616.3
61464,3141.97
61466,358.37
61467,1705.1
61472,312.62
61473,457.38
61474,9957.61
61475,653.54
61476,1108.23
61479,797.63
61480,992.12
61481,224.7
61482,475.79
61483,634.87
61484,2968.97
61485,546.68
61486,6283.21
61487,1189.56
61488,209.31
61490,564.63
61491,3508.45
61492,828.23
61493,593.73
61494,338.54
61497,780.81
61498,128.57
61499,1063.59
61500,72.08
61501,1389.88
61502,56.59
61503,830.79
61505,700.6
61507,850.63
61508,544.72
61510,889.2
61512,460.67
62001,809.58
62002,462.9
62003,249.48
62004,166.73
62005,385.53
62006,786.11
62007,319.95
62008,1203.33
62009,379.55
62010,197.7
62011,460.91
62013,253.04
62014,1810.47
62015,144.81
62016,563.69
62017,172.16
62018,838.86
62019,442.48
62020,311.79
62021,967.52
62022,594.44
62023,564.8
62024,437.08
62025,164.79
62026,430.02
62027,421.27
62028,331.14
62029,619.13
62030,226.2
62031,409.26
62032,182.87
62033,291.4
62034,54.9
62035,1
62036,280.93
62037,81.32
62038,590.03
62039,574.24
62040,166.81
62041,96.44
62042,269.35
62043,2042.19
62044,362.96
62045,542.85
62046,253.25
62047,481.96
62048,97.31
62049,383.67
62050,573.37
62051,432.34
62052,558.54
62053,633.97
62054,1141.97
62055,1010.26
62056,400.08
62057,1240.35
62058,727.06
62059,515.51
62060,1096.46
62061,557.34
62062,224.28
62063,344.01
62064,197.76
62065,383.74
62066,596.23
62067,663.82
62068,595.27
62069,803.66
62070,525.92
62071,39.25
62072,176.41
62073,284.62
62074,477.78
62075,733.39
62076,250.79
62077,29.95
62078,299.69
62079,404.64
62080,741.53
62081,630.97
62082,381.48
62083,151.05
62084,928.66
62085,185.72
62086,746.47
62087,159.27
62088,181.96
62089,1079.83
62090,340.39
62091,492.92
62092,370.48
62093,370.26
62094,1105.04
62095,451.17
62096,1053.62
62097,458.43
62099,165.05
62100,849.78
62101,236.36
62102,724.7
62103,713.95
62104,497.56
62105,474.36
62106,205.76
62107,145.07
62108,264.53
62109,96.53
62111,418.01
62112,641.86
62113,761.43
62114,439.13
62115,477.22
62116,469.41
62117,520.11
62118,482.5
62119,172.24
62121,87.21
62122,384.86
62123,1213.77
62124,181.51
62125,142.69
62126,886.48
62127,1306.57
62128,338.92
62129,337.81
62130,749.7
62131,485.53
62132,172.11
62134,376.94
62135,488.16
62137,345.87
62138,748.54
62139,127.91
62140,491.62
62141,376.02
62142,251.19
62143,357.18
62144,280.32
62145,887.96
62146,392.78
62147,515.7
62148,241.69
62149,354.53
62150,1145.69
62151,721.78
62153,1230.31
62154,2681.06
62155,647.89
62156,619.69
62157,132.53
62158,215.95
62161,207.92
62162,194.36
62163,457.54
62164,766.21
62165,374.34
62166,631.79
62167,435.7
62168,1996.27
62169,5.37
62170,249.97
62171,360.51
62172,281.85
62173,854.46
62174,653.1
62175,264.83
62176,491.15
62177,853.77
62178,540.12
62179,565.06
62180,774.57
62181,1692.02
62182,842.74
62183,1345.82
62184,400.95
62185,417.26
62186,390.62
62187,654.94
62188,293.28
62189,371.65
62190,1165.05
62191,433.73
62192,768.77
62193,133.15
62194,139.88
62195,664.4
62196,367.17
62197,209.82
62198,393.01
62199,732.35
62200,14.64
62201,225.83
62202,883.15
62203,480.96
62204,1644.4
62205,609.43
62206,635.2
62207,337.25
62208,286
62209,683.58
62211,68.36
62212,450
62213,721.38
62214,366.82
62215,892.57
62216,64.31
62217,243.8
62218,917.15
62219,1156.05
62220,562.27
62221,615.12
62222,202.35
62223,416.83
62224,252.32
62225,636.86
62227,525.65
62228,160.97
62229,416.14
62230,640.97
62231,266.33
62232,550.66
62233,778.74
62234,619.8
62235,367.52
62236,366.6
62237,183.36
62238,266.35
62239,101.06
62240,115.77
62241,733.26
62242,337.56
62243,186.38
62244,507.86
62245,532.06
62246,356.72
62247,768.22
62248,475.42
62249,69.1
62250,190.26
62251,753.59
62252,881.22
62253,247.42
62254,767.7
62255,732.85
62256,997.77
62257,1696.77
62258,359
62259,668.23
62260,463.26
62261,472.35
62262,76.55
62263,1487.62
62264,185.69
62265,1245.53
62267,269.19
62268,154.23
62269,765.86
62270,261
62271,857.69
62272,692.92
62273,1161.47
62274,266.23
62275,584.51
62276,658.22
62277,204.66
62278,88.82
62279,489.3
62280,490.45
62281,69.86
62282,409.88
62283,8.48
62284,227.13
62285,738.29
62286,19.82
62288,867.26
62289,919.99
62290,466.28
62292,127.73
62293,1041.35
62295,1592.31
62296,128.91
62297,1399.31
62298,469
62299,364.27
62300,192.37
62301,352.71
62302,822.85
62303,232.91
62304,566.24
62306,579.61
62307,339.57
62308,174.92
62309,315.99
62310,31.85
62311,36.94
62312,156.01
62313,383.7
62314,494.38
62315,62.04
62316,104.52
62317,254.44
62318,306.04
62319,141.47
62320,525.89
62321,178.57
62322,555.44
62323,415.84
62324,835.29
62325,357.5
62326,323.04
62327,1340.58
62328,411.24
62329,147.35
62330,391.14
62331,1151.31
62332,458.51
62333,1184.72
62334,441.25
62335,560.7
62336,617.57
62337,675.52
62338,1002.88
62339,253.74
62340,586.25
62341,904.56
62342,461.62
62343,617.14
62344,154.38
62345,346.21
62346,406.64
62347,581.6
62348,391.38
62350,184
62352,1116.04
62353,835.01
62354,1444.67
62355,418.23
62356,237.11
62357,222.67
62358,253.85
62359,1180.8
62360,248.75
62361,625.06
62362,545.58
62363,346.16
62364,878.33
62365,403.14
62366,531.43
62367,360.06
62368,795.87
62369,705.42
62370,700.75
62371,383.06
62372,406.38
62373,222.1
62374,235.01
62375,130.02
62376,1255.32
62378,343.85
62379,870.82
62380,463.56
62381,283.62
62382,1133.55
62383,393.49
62384,1289.75
62385,1068
62386,39.02
62387,784.03
62388,246.37
62389,541.45
62390,490.62
62391,284.18
62392,361.57
62393,1510.11
62395,210.99
62396,261.96
62397,1096.61
62398,48.58
62399,498.41
62400,37.81
62401,138.05
62402,526.41
62403,319.17
62404,377.94
62405,455.7
62406,807.16
62407,75.54
62408,1251.93
62409,117.47
62410,436.75
62411,229.49
62412,846.96
62413,470.49
62414,498.59
62415,461.55
62416,530.88
62418,297.86
62419,718.17
62421,1120.98
62422,1385.58
62423,805.78
62424,717.98
62425,368.88
62426,262.09
62427,1061.92
62428,318.13
62429,532.11
62430,284.85
62432,552.73
62433,874.18
62434,364.1
62435,260.38
62436,730.1
62437,1057.87
62438,400.88
62439,570.09
62440,1182.17
62441,373.27
62442,716.88
62443,600.11
62444,356.89
62445,421.39
62446,174.52
62447,377.4
62448,499.19
62449,669.59
62450,859.62
62451,579.42
62452,530.79
62453,566.07
62454,552.18
62455,149.33
62456,391.38
62457,282.21
62458,274.35
62459,668.04
62460,1043.12
62462,102.52
62463,613.76
62464,338.95
62465,219.09
62466,293.56
62467,471.91
62468,560.68
62469,966.76
62470,448.45
62471,730.29
62472,146.85
62473,712.54
62474,240.02
62475,260.47
62476,805.14
62477,793.38
62478,70.48
62479,405.41
62480,144.24
62481,100.59
62483,645.49
62484,618.09
62485,689.49
62486,261.45
62487,409.6
62488,342.24
62489,84.19
62490,593.14
62491,1292.87
62492,467.98
62493,455.55
62494,335.8
62495,821.36
62496,635.16
62497,122.77
62499,1228.04
62500,122.54
62501,358.04
62502,1493
62503,670.95
62504,539.72
62505,179.41
62506,966.6
62507,232.54
62508,15.69
62509,117.65
62510,300.19
62511,266.35
62512,485.61
62513,487.08
62514,312.2
62515,786.19
62516,1450.88
62517,289.94
62518,489.68
62519,1220.79
62520,933.19
62521,185.38
62522,644.83
62523,2.33
62524,661.97
62525,87.17
62526,112.08
62527,865.19
62528,1036.28
62529,311.17
62530,766.68
62531,1142.47
62532,71.64
62533,110.86
62534,73.42
62535,61.23
62536,733.84
62537,248.54
62538,562.51
62539,478.51
62540,166.81
62541,604.8
62542,382.54
62543,870.79
62544,58.12
62545,344.83
62546,281.12
62547,197.94
62548,1921.46
62550,421.26
62551,747.35
62552,483.8
62553,172.41
62554,158.19
62555,115.74
62556,156.57
62557,524.72
62558,634.67
62559,680.46
62560,917.65
62561,1062.74
62562,478.87
62563,369.96
62564,462.88
62565,213.97
62566,118.89
62567,555.31
62568,744.27
62569,1032.66
62570,16.67
62572,475.98
62573,496.63
62574,371.72
62576,491.77
62577,528.31
62578,394.24
62579,986.18
62580,272.84
62581,423.71
62582,384.57
62583,484.07
62584,481.66
62585,1389.82
62586,395.32
62587,0
62588,2.52
62589,923.04
62590,331.77
62591,370.9
62592,761.43
62593,539.73
62594,693.15
62595,327.06
62596,1423.06
62597,283.45
62598,776.85
62599,133.99
62600,270.65
62601,201.31
62602,255.95
62603,36.64
62604,907.66
62605,115.91
62606,12.97
62607,190.49
62608,1220.23
62609,1192.26
62610,708.47
62611,572.61
62612,604.2
62613,859.48
62614,667.98
62615,277.6
62616,279.69
62617,378.62
62618,493.74
62619,438.1
62620,474.85
62621,889.49
62622,392.36
62623,935.26
62624,183.04
62625,139.28
62626,92.23
62627,516.1
62628,85.2
62629,42.98
62630,322.98
62631,1159.25
62632,199
62633,683.97
62634,1110.47
62635,432.81
62636,238.69
62638,749.78
62639,392.99
62640,69.33
62641,414.09
62642,289.79
62643,340.92
62644,375.91
62645,1211.18
62647,407.51
62648,1177.91
62649,760.67
62650,427.23
62651,848.96
62652,298.9
62653,493.88
62654,1397.84
62655,1073.57
62656,653.57
62657,961.81
62658,245.98
62659,366.24
62660,219.7
62661,339.77
62662,237.48
62664,529.58
62665,462.1
62668,309.55
62669,331.63
62670,1096.63
62671,1000.5
62672,1011.99
62673,498.26
62674,996.89
62675,157.02
62676,76.67
62677,595.56
62678,876.51
62679,756.44
62680,885.8
62682,253.14
62683,1602.09
62684,202.94
62685,502.74
62686,189.82
62688,288.96
62689,202.61
62690,390.77
62691,899.03
62692,35.09
62693,1135.02
62694,1027.47
62695,784.6
62696,405.88
62697,95.28
62698,440.94
62699,214.63
62700,460.9
62701,225.76
62702,165.22
62703,379.99
62704,1244.79
62705,1261.88
62706,1687.34
62708,511.61
62709,634.73
62710,836.38
62711,408.14
62712,738.45
62713,522.92
62714,234.3
62715,223.07
62716,674.09
62717,353.65
62718,262.24
62719,869.94
62720,38.18
62721,1196.7
62722,421.35
62723,632.38
62724,112.63
62725,318.6
62726,427.66
62727,279.69
62728,355.06
62729,665.67
62730,1072.51
62731,269.33
62732,552.31
62733,797.9
62734,586.12
62735,261.97
62736,564.06
62737,112.47
62738,517.12
62739,498.78
62740,45.44
62741,655.21
62742,548.32
62744,108.29
62745,305.39
62746,315.11
62747,283.43
62748,1118.78
62749,310.7
62750,1018.58
62751,670.98
62752,1131.89
62753,361.83
62754,1430.23
62756,1327.76
62757,701.58
62758,412.63
62759,139.8
62760,269.83
62761,613.91
62762,362.41
62763,317.46
62764,70.22
62765,391.32
62766,828.79
62767,363.91
62768,460.88
62769,316.36
62770,1137.3
62771,1.81
62772,164.46
62773,723.59
62774,881.25
62775,314.05
62776,230.91
62777,666.14
62778,162.73
62779,843.85
62780,117.88
62781,444.05
62782,379.66
62783,269.07
62784,928.18
62785,348.26
62786,407.68
62787,773.05
62788,890.77
62789,439.78
62790,385.46
62791,164.34
62792,955.58
62793,403.91
62794,143.5
62795,213.18
62796,42.4
62797,266.67
62798,1571.45
62799,696.92
62800,429.04
62801,342.58
62802,781.21
62803,685.7
62804,771.96
62805,449.72
62806,401.69
62808,140.84
62809,512.42
62810,524.25
62811,510.66
62812,1667.23
62813,648.34
62814,222.64
62815,668.58
62816,414.58
62817,410.21
62818,480.16
62819,662.44
62820,1221.34
62821,824.78
62822,528.24
62823,759
62824,922.87
62825,193.78
62826,101.64
62827,957.16
62828,182.07
62829,826.62
62830,248.98
62831,370.86
62832,892.65
62833,734.05
62834,505.69
62835,1066.35
62836,35.34
62837,398.29
62838,142.35
62839,904.96
62840,69.38
62841,250.41
62842,614.36
62843,740.55
62844,1306.72
62845,624.5
62846,854.53
62847,41.35
62848,339.33
62849,307.97
62850,810.26
62851,132.13
62852,1589.18
62853,602.15
62854,158.13
62855,393.35
62856,658.88
62857,155.99
62858,638.55
62859,579.4
62860,326.26
62861,698.55
62862,338.33
62863,722.38
62864,561.08
62865,1058.41
62866,123.52
62867,396.19
62868,512.92
62869,861.97
62870,766.06
62871,522.74
62872,1229.82
62873,644.17
62874,903.89
62875,293.65
62876,132.37
62877,949.62
62878,201.49
62879,542.01
62880,133.04
62881,913.14
62882,1412.43
62883,335.31
62885,915.88
62886,724.8
62887,934.34
62888,353.09
62889,1279.29
62890,699.64
62891,162.75
62892,406.29
62893,146.64
62894,1677.61
62896,1141.57
62897,786.86
62898,271.69
62899,786.21
62900,222.93
62901,302.87
62902,374.69
62903,467.13
62904,124.43
62905,397.5
62906,1140.33
62907,0.05
62908,77.44
62909,729.38
63001,597.79
63002,136.21
63003,2140.75
63004,471.54
63005,928.47
63006,3196.27
63007,1564.66
63008,204.6
63009,264.46
63010,1978.04
63011,1291.66
63012,2164.44
63013,1443.79
63014,320.38
63015,459.9
63016,951.32
63017,508.11
63020,983.88
63021,1339.41
63022,335.74
63023,713.68
63024,1354.77
63025,1145.87
63026,1598.86
63027,112.8
63028,2975.07
63029,127.31
63030,1172.68
63031,771.33
63033,447.2
63034,839.66
63035,399.29
63036,550.73
63037,774.2
63038,3429.87
63039,631.22
63040,585.87
63041,1685.65
63042,113.96
63043,781.15
63044,551.29
63045,835.35
63046,410.38
63047,37.11
63048,1759.13
63049,476.12
63050,274.05
63051,439.42
63052,288.79
63053,1984.47
63054,983.75
63055,2411.11
63056,743.8
63057,75.73
63058,286.2
63059,460.34
63060,926.29
63061,1128.36
63062,1415.92
63063,217.83
63064,686.29
63065,702.23
63066,2032.4
63067,577.47
63069,128.37
63070,0.59
63071,1002.81
63072,216.86
63073,273.3
63074,387
63076,180.77
63077,2200.33
63079,522.24
63080,521.81
63081,297.74
63082,169.88
63083,364.49
63084,195.41
63085,1120.41
63086,812.14
63087,1294.85
63088,391.86
63089,967.98
63090,691.62
63091,72.74
63092,480.95
63093,2477.55
63094,2206.03
63095,284.47
63096,714.77
63097,1126.84
63098,2294.05
63099,73.5
63100,813.04
63101,729.92
63102,314.78
63103,84.39
63104,172.99
63105,612.51
63106,492.46
63107,390.89
63108,391.71
63109,494.58
63110,1933.54
63111,208.91
63112,736.01
63113,577.1
63114,280.05
63115,873.88
63116,1058.94
63117,2210.25
63118,3836.49
63119,781.17
63120,88.8
63122,386.26
63123,945.48
63124,559.63
63125,1254.68
63126,306.44
63128,1781.31
63129,495.9
63130,2251.14
63131,1656.79
63132,1197.02
63134,1751.7
63135,152.53
63136,518.71
63137,287.58
63138,423.5
63139,1101.35
63140,815.96
63142,354.16
63143,1332.36
63144,3721.67
63145,309.23
63146,1017.11
63147,376.68
63148,1860.3
63149,912.64
63150,27.18
63151,972.84
63152,1662.3
63153,586.75
63154,468.11
63155,357.36
63156,121.1
63157,689.58
63158,87.01
63159,1090.87
63160,1314.03
63161,200.2
63162,373.56
63163,3064.31
63164,898.12
63165,2767.76
63166,448.12
63167,170.79
63168,493.64
63169,857.94
63170,1357.38
63171,1239.93
63172,119.6
63173,367.43
63174,373.27
63175,538.29
63176,1318.65
63177,845.99
63178,503.27
63179,983.07
63180,1471.65
63181,717.16
63182,0
63183,373.63
63184,154.85
63185,144.76
63186,1075.98
63187,2900.29
63188,862.3
63189,2085.03
63190,928.3
63191,571.63
63192,1879.84
63193,484.73
63194,385.94
63195,2029.62
63196,521.66
63197,471.96
63198,1098.24
63199,883.71
63200,808.75
63201,1505.25
63202,633.8
63203,316.43
63204,834.13
63205,1839.55
63206,2442.36
63207,384.9
63208,521.04
63209,87.54
63210,1510.72
63211,1493.78
63212,146.79
63213,688.4
63214,239.25
63215,304.02
63218,270.4
63219,838.88
63220,3054.04
63221,339.27
63222,39.56
63223,1127.93
63224,632.55
63225,1614.13
63226,326.51
63227,106.34
63228,1436.07
63229,714.34
63230,141.19
63232,620.04
63233,124.23
63234,664.68
63235,558.45
63236,602.63
63237,1976.55
63238,659.81
63239,884.1
63240,447.35
63241,229.28
63242,1010.94
63243,1381.67
63244,939.03
63245,12.44
63246,387.02
63247,888.06
63248,1219.21
63249,237.44
63250,458.86
63251,267.59
63252,1150.1
63253,174.56
63254,30.38
63255,551.54
63256,857.27
63257,1290.38
63258,861.57
63259,1020.38
63260,175.38
63261,298.29
63262,290.83
63263,783.75
63264,1567.79
63265,905.75
63267,403.46
63268,262.15
63269,289.13
63270,210.98
63271,716.84
63272,35.74
63273,310.87
63274,3435.95
63275,166.47
63276,624.1
63277,269.47
63278,119.42
63279,2741.87
63280,445.35
63281,1682.49
63282,757.82
63283,956.72
63284,1433.36
63285,28.74
63286,902.15
63287,251.47
63288,272.93
63289,1368.97
63290,1551.88
63291,1099.1
63292,1318.15
63293,1393.41
63294,658.88
63295,974.99
63296,122.73
63297,482.97
63298,136.8
63299,874.16
63300,1323.78
63301,217.85
63302,179.58
63303,1559.98
63304,270.77
63305,1019.2
63306,19.49
63307,1071.99
63308,46.82
63309,915.84
63310,565.71
63311,870.62
63312,329.09
63313,2596.83
63314,381.86
63315,145.39
63317,2053.57
63318,486.13
63319,1359.01
63320,985.16
63321,900.14
63322,1211.41
63323,304.74
63324,242.92
63325,361.21
63326,1182.03
63327,762.32
63328,137.06
63329,794.02
63331,365.33
63332,1218.15
63333,510.71
63334,1154.48
63335,1622.34
63336,2043.12
63337,30.9
63338,288.64
63339,1584.89
63340,774.5
63341,224.16
63342,680.97
63343,590.6
63344,379.2
63345,1294.69
63346,1996.72
63347,556.15
63348,1058.61
63349,1078.79
63350,598.02
63351,440.72
63352,999.79
63353,459.67
63354,2719.05
63355,188.96
63356,1214.01
63357,888.99
63358,550.82
63359,516.51
63360,834.7
63362,1076.74
63363,541.2
63364,377.42
63365,1020.38
63366,545.7
63367,167.31
63368,1371.06
63369,510.01
63370,2266.37
63371,309.81
63372,672.52
63373,1595.58
63374,418.4
63375,49.25
63376,231.53
63377,2119.68
63378,178.54
63379,624.56
63380,1330.54
63381,1856.33
63382,858.95
63383,1096.2
63384,111.84
63385,1307.28
63386,803.24
63387,540.06
63388,2488.22
63389,346.93
63390,827.36
63391,551.87
63392,1086.98
63393,547.28
63394,438.55
63395,308.89
63396,702.54
63397,2437.41
63398,326.66
63399,823.1
63400,583.37
63401,1003.32
63402,115.25
63403,124.3
63404,632.42
63405,1166.75
63406,898.81
63407,999.12
63408,414.77
63409,511.64
63410,1423.09
63411,517.6
63412,1561.84
63413,729.38
63414,684.38
63415,1578.76
63416,397.99
63417,197.82
63418,463.79
63419,1630.64
63420,839.87
63421,707.86
63422,1239.11
63423,945.71
63424,736.03
63425,271.18
63426,2826.48
63427,822
63428,1257.9
63429,19.3
63430,1192.17
63431,110.53
63432,1297.63
63433,475.77
63434,1356.22
63435,729.63
63436,731.81
63437,596.01
63438,1430.2
63439,170.59
63440,1564.28
63441,903.5
63442,214.3
63443,339.09
63444,600.07
63445,272.39
63446,1676.64
63447,481.75
63448,1918.36
63449,2804.51
63450,1965.98
63451,953.47
63453,801.8
63454,171.31
63455,545.25
63456,378.7
63457,888.4
63458,256.09
63459,607.92
63460,2542.66
63461,717.77
63462,961.18
63463,305
63464,676.65
63465,268.59
63466,819.28
63467,543.17
63468,237.92
63469,944.35
63470,239.9
63471,421.18
63472,551.66
63473,564.24
64001,287.18
64002,531.93
64003,319.76
64004,311.71
64005,574.31
64006,513.35
64007,287.34
64008,699.9
64009,427.95
64010,887.69
64011,295.53
64012,973.41
64013,1086.93
64014,466.58
64015,780.14
64016,1120.26
64017,261.27
64018,550.41
64019,1072.39
64021,1208.31
64022,440.34
64023,267.97
64024,79.14
64025,340.86
64026,447.97
64027,98.32
64028,149.17
64029,897.62
64031,332.79
64032,482.02
64033,276.31
64034,285.7
64035,315.06
64036,913
64037,516.95
64038,339.13
64039,340.4
64040,1742.12
64041,37.38
64042,386.26
64043,85.51
64044,464.39
64045,435.69
64046,1363.49
64047,850.81
64048,260.49
64049,946.53
64050,401.26
64051,1035.77
64052,380.66
64053,358.88
64054,800.62
64056,756.66
64057,1121.36
64058,573.13
64059,878.01
64060,35.29
64061,160.35
64062,540.09
64063,1146.6
64064,479.49
64065,291.01
64066,417.59
64067,414.13
64068,2593.8
64069,199.66
64070,191.11
64071,530.93
64072,466.92
64073,280.65
64074,80.16
64075,447.94
64077,158.22
64078,295.21
64079,1073.21
64080,134.96
64081,661.27
64082,177.26
64083,70.08
64084,795.41
64085,273.85
64086,1580.78
64087,599.36
64088,630.7
64089,653.45
64090,382.68
64091,81.35
64092,943.35
64093,3085.26
64094,2857.36
64095,778.67
64096,151.87
64097,481.22
64098,318.22
64099,378
64100,134.38
64101,164.21
64102,58.45
64103,388.12
64104,298.99
64105,880.77
64106,640.22
64107,375.99
64108,545.4
64109,401.54
64110,98.57
64111,378.21
64112,615.36
64113,542.58
64114,168.92
64115,169.67
64116,406.16
64117,98.94
64118,365.54
64119,525.41
64120,1372
64121,316.52
64122,1.87
64123,1586.6
64124,1316.68
64125,113.76
64127,365.78
64128,120.88
64129,4.99
64130,93.99
64131,177.38
64132,129.73
64133,350.21
64134,33.9
64135,1517.47
64136,179.3
64137,80.95
64138,360.69
64139,1304.2
64140,14.32
64141,1388
64142,703.62
64143,230.67
64144,583.35
64145,103.58
64146,637.27
64147,1522.46
64148,1119.65
64149,958.53
64150,356.2
64151,74.93
64152,1052.47
64153,140.04
64154,601.97
64155,478.54
64156,347.71
64157,1234.84
64158,376.77
64159,301.13
64160,670.83
64161,1859.1
64162,518.09
64165,744.46
64166,312.59
64167,473.3
64168,678.9
64170,413.89
64171,436.85
64172,518.19
64173,451.88
64174,31.16
64175,106.74
64176,824.84
64177,858.96
64178,457.42
64179,245.81
64180,380.43
64181,228.61
64182,190.43
64183,685.7
64184,260.72
64185,485.6
64186,974.1
64187,244.41
64188,1312.35
64189,76.33
64190,796.35
64191,553.01
64192,153.62
64193,634.99
64194,1028.74
64195,484.04
64196,642.24
64197,245.76
64198,561.25
64199,526.13
64200,466.98
64201,526.45
64202,1543.11
64203,128.74
64204,93.3
64205,721.24
64206,323.29
64207,531.08
64208,737.5
64209,244.47
64210,237.54
64211,212.83
64212,843.93
64213,1027.66
64214,571.32
64215,216.07
64216,698.71
64217,1346.5
64218,1217.61
64219,407.85
64220,215.84
64221,398.11
64222,301.35
64223,20.2
64224,312.46
64225,697.09
64226,319.09
64227,1075.92
64228,455.67
64229,479.99
64230,1508.92
64231,359.26
64232,888.52
64233,1403.01
64234,300.03
64235,136.69
64236,416.5
64237,305.92
64238,2034.72
64239,447.92
64240,136.95
64241,615.92
64242,217.59
64243,291.25
64244,256.96
64245,259.67
64246,160.8
64247,276.8
64249,5.16
64250,1273.08
64251,263.75
64252,308.96
64253,489.87
64254,993.42
64255,46.2
64256,3387.97
64257,404.75
64258,254.32
64259,1717.45
64260,13.66
64261,367.06
64262,778.38
64263,393.3
64264,258.29
64265,529.2
64266,643.68
64267,474.37
64268,468.38
64269,138.14
64270,217.46
64271,1592.75
64272,600.77
64273,2044.61
64274,548.32
64275,267.27
64276,397.13
64277,711.28
64279,1172.15
64280,107.84
64281,226.44
64282,416.31
64283,527.94
64284,339.75
64285,1067.23
64286,450.57
64287,357.99
64288,369.55
64289,1594.57
64290,344.41
64291,981.99
64292,197.86
64293,325.27
64294,693.13
64295,336.22
64296,387.29
64297,341.92
64298,235.22
64299,27.29
64300,904.58
64301,1123.83
64302,440.52
64303,198.59
64304,66.23
64305,940.25
64306,713.05
64307,385.16
64308,464.29
64309,875.16
64310,1042.77
64311,789.3
64312,1082.33
64313,2050.06
64314,1099.28
64315,88.49
64316,693.56
64317,397.15
64318,645.73
64319,760.4
64320,286.42
64321,419.63
64322,903.38
64323,174.32
64324,2644.11
64325,317.89
64326,184.73
64327,595.43
64328,515.73
64329,256.39
64330,326.62
64331,237.96
64332,481.21
64334,429.17
64335,560.84
64336,520.69
64337,303.3
64338,528.7
64339,564.65
64340,318.69
64341,420.15
64342,222.53
64343,434.63
64344,791.38
64345,1043.73
64346,463.04
64347,282.43
64348,150.45
64349,1297.06
64350,450.94
64351,364.42
64352,711.29
64353,776
64354,47.42
64355,783.55
64356,415.17
64357,168.25
64358,496.57
64359,3145.48
64360,354.3
64361,443.66
64362,511.5
64363,1080.44
64364,1366.23
64365,1274.8
64366,783.63
64367,532.25
64368,683.36
64369,689.86
64370,325.97
64371,632.41
64372,347.21
64373,92.47
64374,710.36
64375,1164.01
64376,271.66
64377,1603.5
64378,467.2
64379,487.99
64380,363.82
64381,211.14
64382,926.98
64383,147.03
64385,823.33
64386,44.89
64387,1141.1
64388,258.41
64389,887.85
64390,403.43
64391,1368.8
64392,281.46
64393,2821.27
64394,303.21
64395,68.73
64396,1249.9
64397,214.25
64398,1070.64
64399,541.8
64400,813.08
64401,628.64
64403,624.04
64404,1028.11
64405,592.01
64406,444.12
64407,254.61
64408,108.39
64409,239.54
64410,31.65
64411,894.48
64412,422.53
64413,92.69
64414,720.12
64415,964.44
64416,359.83
64417,168.82
64418,20.25
64419,847.14
64420,890.36
64421,1127.71
64422,1820.18
64423,603.73
64424,1969.49
64425,1708.73
64426,355.27
64427,623.13
64428,460.17
64429,408.92
64430,1832.86
64431,38.54
64432,231.88
64433,242.47
64434,190.79
64435,261.55
64436,1952.77
64437,805.01
64438,470.35
64439,244.23
64440,766.22
64441,1268.21
64442,233.61
64443,325.94
64444,425.63
64445,287.2
64446,288.61
64447,553.15
64448,357.59
64449,488.34
64450,470.53
64451,524.04
64452,797.32
64453,2348.49
64454,500.29
64455,360.81
64456,165.93
64457,803.2
64458,265.46
64459,502.5
64460,876.5
64461,148.8
64462,461.29
64463,617.4
64464,323.91
64465,415.81
64466,89.94
64467,98.71
64468,663.32
64469,103.56
64470,1026.37
64471,438.99
64472,384.4
64473,600.33
64474,306.2
64475,695.71
64476,1275.36
64477,2199.99
64478,523.1
64479,357
64480,544.16
64481,114.96
64482,215.99
64483,137
64484,981.12
64485,116.88
64486,286.62
64487,906.1
64488,1115.26
64489,862.1
64490,580.79
64491,458.28
64492,504.37
64493,318.05
64494,332.12
64495,1988.27
64496,87.94
64498,937.53
64499,2105.14
64500,258.73
64501,1100.77
64502,729.5
64503,196.1
64504,1566.08
64505,150.46
64506,229.1
64507,183.1
64508,380.76
64509,459.11
64510,1132.94
64511,741.71
64512,880.34
64513,697.54
64514,681.2
64515,519.42
64516,811.52
64517,824.86
64518,874.54
64519,803.4
64520,667.79
64521,574.24
64522,797.47
64523,1236.9
64524,218.31
64525,168.14
64526,151.54
64527,952.99
64528,717.76
64529,360.99
64530,182.03
64531,138.48
64532,240.97
64533,502.17
64534,1001.04
64535,132.53
64536,481.42
64537,294.37
64538,511.36
64539,795.04
64540,170.06
64542,118.89
64543,949.8
64544,275.4
64545,1071.65
64546,747.78
64547,723.55
64548,737.51
64549,1047.95
64550,90.23
64551,641.95
64552,551.03
64554,747.24
64555,133.84
64556,845.64
64557,576.74
64558,342.22
64559,910.07
64560,190.54
65001,60.52
65002,137.81
65003,125.04
65004,121.3
65005,84.28
65006,208.61
65007,574.88
65009,234.05
65010,298.96
65011,82.28
65012,149.63
65013,562.15
65014,17.2
65015,668.82
65016,20.85
65017,69.2
65018,186.98
65019,172.42
65020,278.02
65021,163.03
65022,157.38
65023,13.02
65024,144.4
65025,52.12
65026,274.34
65028,863.71
65029,236.23
65031,20.6
65032,682.06
65033,113.89
65034,19.79
65035,350.29
65036,130.6
65037,143.87
65038,106.77
65039,186.46
65040,28.99
65041,258.98
65042,94.08
65043,535.11
65044,362.99
65045,78.36
65046,83.09
65047,324.91
65048,409.15
65049,1182.04
65050,15.88
65051,295.93
65052,106.77
65053,87
65054,664.46
65055,279.43
65056,168.15
65057,753.44
65058,273.47
65059,688.28
65060,68.61
65061,442.02
65062,111.27
65063,213.31
65064,57.85
65065,319.6
65066,20.6
65067,78.6
65068,198.82
65069,451.74
65070,243.96
65071,52.38
65072,82.16
65073,321.78
65074,474.69
65075,264.77
65076,154.84
65077,192.17
65078,271.81
65079,449.88
65080,300.14
65081,63.13
65082,113.72
65083,279.21
65084,474.24
65085,355.85
65086,637.38
65087,72.04
65088,182.43
65089,123.77
65090,208.09
65091,175.47
65092,50.81
65093,693.92
65094,174.19
65095,665.95
65096,298.81
65097,570.14
65098,171
65099,57.28
65100,655.81
65101,381.8
65102,161.5
65103,357.8
65104,254.68
65105,420.91
65106,80.55
65107,211.84
65108,226.74
65109,97.09
65110,289.48
65111,98.81
65112,112.85
65113,805.45
65114,439.6
65115,190.91
65116,200.84
65117,9.74
65118,145.42
65119,238.63
65120,54.82
65121,512.16
65123,1155.54
65124,45.65
65125,661.76
65126,348.58
65127,401.66
65128,373.66
65129,1058.63
65130,1323.59
65131,225.89
65132,75.67
65133,211.9
65134,66.12
65135,232.55
65136,250.89
65137,214.01
65138,71.72
65139,55.79
65140,15.82
65141,43.64
65142,360.91
65143,364.36
65144,137.1
65145,36.54
65146,172.36
65147,875.55
65148,248.62
65149,406.14
65150,608.81
65151,422.25
65153,233.92
65155,336.35
65156,124.34
65157,36.6
65158,127.73
65159,226.14
65160,648.06
65161,296.4
65162,82.45
65163,123.23
65164,126.66
65165,215.98
65166,46.58
65167,226.63
65168,103.83
65169,157.61
65170,283.85
65171,53.16
65172,35.35
65173,2.95
65174,373.43
65175,71.67
65176,42.57
65177,787.73
65178,225.32
65180,2.99
65181,100.48
65182,165.82
65183,455.14
65184,296.39
65185,1177.62
65186,130.29
65187,348.41
65189,93.98
65190,66.4
65191,171.77
65192,402.79
65194,265.24
65195,51.65
65196,121.68
65197,78.78
65198,401.79
65199,46.39
65200,186.31
65201,59.17
65202,94.03
65203,27.22
65204,36.97
65205,8.29
65206,419.07
65207,78.84
65209,42.79
65210,24.97
65211,74.56
65213,556.69
65214,35.97
65215,47.87
65216,186.12
65217,88.29
65218,161.14
65219,176.84
65220,172.84
65221,113.88
65222,146.16
65223,276.24
65224,349.21
65225,263.18
65226,1433.15
65228,148.16
65229,169.27
65230,72.45
65231,169.88
65232,167.6
65233,187.75
65234,117.19
65235,231.44
65236,339.05
65237,131.07
65238,308.91
65239,366.42
65240,1221.23
65241,63.88
65242,473.53
65243,1169.35
65244,136.77
65245,409.53
65247,194.75
65248,73.71
65249,347.81
65250,425.12
65251,242.22
65252,316.1
65253,143.1
65254,188.76
65255,30.29
65256,54.87
65257,315.92
65258,184.88
65259,178.63
65260,405.66
65261,226.26
65262,850.33
65263,157.37
65264,311.89
65265,303.6
65266,200.54
65267,155.47
65268,207.73
65269,571.4
65270,155.35
65271,252.36
65272,22.81
65273,325.12
65274,692.49
65275,178.01
65276,75.78
65277,226.03
65278,90.1
65279,323.02
65280,441.47
65281,304.44
65282,248.06
65283,37.9
65284,185.41
65285,233.02
65286,343.92
65288,423.42
65289,599.08
65290,422.81
65292,767.02
65293,160.95
65294,246
65295,177.91
65296,1229.35
65297,154.24
65298,135.73
65299,291.92
65300,31.53
65301,192.21
65303,342.34
65304,642.57
65306,490.92
65307,28.97
65308,429.42
65309,111.45
65310,210.24
65311,75.55
65313,380.4
65314,622.61
65315,1134.31
65316,313.55
65317,32.47
65318,805.75
65319,17.11
65320,472.76
65321,144.48
65322,502.75
65323,60.75
65324,339.68
65325,287.58
65326,254.21
65327,113.22
65328,41.32
65329,723.71
65330,427.14
65331,421.27
65332,13.97
65333,146.16
65334,134.19
65335,305.41
65336,245.45
65337,559.21
65338,524.83
65339,545.89
65340,468.41
65341,762.94
65342,84.89
65343,80.47
65344,1103.22
65345,47.56
65346,188.82
65347,141.19
65348,55.15
65349,78.95
65350,971.71
65351,5.23
65352,187.12
65353,506.51
65354,26.67
65355,149.79
65356,146.38
65357,170.84
65358,550.64
65359,84.46
65360,312.35
65361,330.65
65362,84.06
65363,347.96
65364,135.32
65366,592.38
65367,422.78
65368,72.54
65369,360.26
65370,209.19
65371,130.66
65372,314.23
65373,444.31
65374,1008.04
65375,97.52
65376,680.48
65377,296.55
65378,185.13
65379,49.63
65380,6.66
65381,157.93
65382,88.41
65383,847.61
65384,32.12
65385,295.59
65386,96.39
65387,237.11
65388,64.89
65389,478.58
65390,367.52
65392,401.17
65393,166.78
65394,50.54
65395,558.58
65396,153.45
65397,811.47
65398,45.3
65399,66.3
65400,29.64
65401,134.12
65402,28.53
65403,25.83
65404,617.07
65405,168.94
65406,58.47
65407,91.42
65408,54.57
65409,955.04
65410,297.98
65411,5.08
65412,792.47
65413,96.12
65414,867.3
65415,186.51
65416,45.48
65417,112.98
65418,545.24
65419,451.35
65420,76.32
65421,37.58
65422,689.46
65423,404.09
65424,34.54
65425,509.12
65426,373.39
65428,100.2
65429,725.66
65430,51.46
65431,428.53
65432,185.3
65433,31.34
65435,18.16
65436,200.74
65437,410.16
65438,5.42
65439,542.68
65440,165.82
65441,44
65442,471.61
65443,93.45
65444,511.22
65445,66.18
65446,524.94
65447,206.67
65448,141.9
65449,356.51
65450,0.68
65451,292.62
65452,834.79
65453,131.64
65454,554.78
65455,438.47
65456,395.08
65457,158.17
65458,21.28
65459,59.91
65460,1302.76
65461,211.48
65462,867.75
65463,194.59
65464,314.61
65465,155.28
65466,61.84
65467,101.87
65468,433.57
65469,39.07
65470,83.32
65471,70.02
65472,224.37
65473,143.97
65474,519.59
65475,213.71
65476,210.23
65479,226.97
65482,258.21
66001,103.28
66002,169.14
66003,123.01
66004,263.17
66005,359.67
66006,28.63
66007,365.99
66008,1401.78
66009,22.48
66011,305.75
66012,182.32
66013,472.15
66014,1029.56
66015,336.74
66016,613.9
66017,4.8
66018,451.62
66019,192.42
66020,24.26
66021,43.79
66022,154.02
66023,547.93
66024,63.03
66025,607.12
66026,193.35
66027,71.3
66028,245.71
66029,197.09
66030,656.64
66032,55.96
66033,260.58
66034,32.77
66035,131.56
66037,296.05
66038,423.61
66039,129.96
66040,88.32
66041,226.95
66042,165.51
66044,138.11
66045,154.62
66046,156.87
66048,45.03
66049,349.1
66050,379.03
66051,0.28
66052,59.51
66053,482.07
66054,78.93
66055,255.93
66056,323.85
66057,58.71
66058,336.04
66059,427.09
66060,197.47
66062,429.58
66064,88.05
66065,729.46
66066,615.33
66067,230.04
66068,83.95
66069,975.36
66070,93.97
66071,603.23
66072,45.71
66073,233.02
66074,1070.16
66075,274.54
66076,2
66077,158.59
66078,81.39
66079,10.85
66080,0.76
66081,396.65
66082,361.7
66083,199.92
66084,244.49
66085,184.35
66086,326.95
66088,1195.44
66089,34.3
66090,258.53
66091,475.9
66092,47.79
66093,285.87
66094,93.39
66095,688.35
66096,303.44
66097,127.91
66098,493.46
66099,59.42
66100,435.64
66101,66.91
66102,334.32
66103,60.67
66104,1227.51
66105,402.54
66106,836.77
66107,1439.62
66108,652.52
66109,48.98
66111,260.66
66112,283.13
66113,31.32
66114,234.87
66115,211.35
66116,285.08
66117,24.49
66118,220.43
66119,1017.97
66120,333.78
66121,133.88
66122,409.08
66123,191.07
66124,204.61
66125,138.24
66126,167.18
66127,316.26
66129,164.9
66130,596.2
66132,259.64
66133,663.05
66134,312.67
66136,1188.9
66138,200.76
66140,442.29
66141,405.34
66142,86.46
66143,96.13
66144,179.33
66145,714.55
66146,681.99
66147,132.26
66148,274.14
66149,158.45
66150,1014.15
66151,137.29
66152,46.98
66153,336.96
66154,76.37
66155,513.39
66156,598.08
66157,30.7
66158,130.3
66159,90.98
66160,52.8
66161,731.32
66162,173.87
66164,1690.88
66165,57.44
66166,307.53
66167,645.66
66168,108.88
66169,64.25
66170,69.89
66171,462.64
66172,479.89
66173,104.7
66174,423.07
66175,464.92
66176,395.75
66177,227.63
66178,484.89
66179,206.91
66180,527.33
66181,444.39
66182,104.3
66183,316.52
66184,335.8
66185,20.84
66186,609.81
66187,688.49
66188,185.39
66189,76.18
66190,1268.96
66192,19.55
66193,77.55
66194,75.62
66195,188.97
66196,731.8
66197,493.86
66198,1120.15
66199,31.5
66201,139.28
66202,246.55
66204,343.3
66205,875.5
66206,87.39
66207,377.89
66208,247.4
66209,52.86
66210,1187.86
66211,258.17
66212,548.94
66213,116.63
66214,337.36
66215,10.14
66216,73.47
66217,1037.57
66218,423.28
66219,0
66220,99.99
66221,97.58
66222,211.92
66224,162.92
66225,204.1
66226,82.05
66227,222.66
66228,137.28
66230,158.63
66231,239.87
66232,38.91
66233,41
66234,0.87
67001,289.13
67002,246.68
67003,60
67004,328.15
67005,396.82
67006,225.2
67008,784.88
67009,707.63
67010,130.7
67011,747.92
67012,316.4
67013,777.64
67016,31.41
67017,1117.75
67018,693.84
67019,984.63
67021,175.52
67022,235.59
67023,716.64
67025,476.46
67026,146.69
67027,241.89
67028,36.75
67029,243.98
67030,147.35
67031,340.17
67032,120.8
67033,193.51
67034,1496.55
67035,359.83
67036,293.34
67037,298.78
67038,446.48
67039,398.53
67040,700.69
67044,154.64
67045,465.7
67046,544.85
67047,144.42
67048,437.05
67049,522.03
67051,230.3
67052,81.31
67053,453.86
67054,458.11
67055,708.23
67056,196.16
67057,414.8
67058,447.96
67059,351.03
67060,301.78
67061,1536.04
67062,146.79
67063,208.9
67065,505.17
67066,211.72
67067,405.5
67068,189.96
67069,293.15
67070,337.65
67071,728.62
67072,596.32
67073,312.37
67074,169.58
67075,18.52
67076,13.88
67077,124.49
67078,388.56
67079,252.24
67080,543.9
67081,584.77
67082,181.41
67083,83.47
67084,641.17
67085,319.31
67086,136.26
67087,507.89
67088,816.06
67089,270.03
67090,312.17
67091,372.06
67092,90.73
67093,231.8
67094,38.4
67095,4.75
67096,20.82
67097,406.24
67098,137.79
67099,1131.48
67100,275.43
67101,1101.25
67102,130
67104,529.42
67105,232.61
67106,547.3
67107,991.52
67108,419.18
67109,233.87
67110,136.29
67111,229.9
67112,724.62
67113,286.47
67115,2689.27
67116,141.87
67118,65.62
67119,583.17
67120,37.15
67121,885.83
67122,13.84
67123,593.49
67124,385.69
67125,919.87
67126,97.34
67127,733.05
67128,312.38
67129,384.39
67130,824.04
67131,631.78
67132,202.97
67133,43.23
67134,258.2
67135,438.82
67136,134.77
67137,200.25
67138,629.33
67139,34.86
67140,345.34
67141,695
67142,417.74
67143,68.19
67144,48.67
67145,455.3
67146,1109.66
67147,306.51
67149,235.21
67150,746.71
67151,844.51
67152,1027.62
67153,632.24
67154,582.57
67155,308.39
67156,674.25
67159,127.77
67160,332.13
67161,247.15
67162,673.51
67163,319.62
67164,167.86
67165,0
67166,231.91
67167,282.89
67168,153.61
67169,268.75
67172,331.62
67173,433.97
67174,140.28
67176,808.04
67177,283.41
67179,13.91
67180,559.54
67181,203.27
67182,63.36
67183,571.54
67184,889.27
67185,72.71
67186,60.81
67187,491.23
67189,170.43
67191,314.9
67192,729.81
67194,816.17
67195,417.02
67196,1364.59
67197,413.16
67198,9.62
67199,1468.49
67200,464.19
67201,743.86
67202,918.18
67203,223.08
67205,1531.05
67206,824.48
67208,367.52
67209,310.66
67210,164.6
67212,546.45
67213,699.35
67214,674.86
67215,433.72
67216,270.66
67217,215.56
67218,324.83
67220,519.54
67221,400.64
67222,166.04
67223,392.61
67225,164.2
67226,479.81
67227,149.66
67228,239.21
67229,751.41
67230,189.07
67232,116.26
67233,724.26
67234,633.65
67235,12.39
67236,597.59
67237,511.64
67238,648.37
67239,333.23
67240,368.24
67241,42.04
67242,164.58
67244,738.51
67245,215.48
67246,551.02
67247,313.06
67248,851.71
67249,23.02
67250,632.4
67252,528.7
67253,155.29
67254,241.76
67256,340.84
67257,175.58
67258,307.04
67259,180.03
67260,8.88
67261,244.89
67263,773.61
67265,12.1
67266,416.35
67267,286.12
67268,262.75
67269,824.91
67270,273.94
67271,84.65
67272,600.46
67273,510.37
67274,580.03
67275,307.71
67276,26.58
67277,769.81
67278,351
67279,237.65
67280,33.35
67281,954.83
67282,521.15
67283,232.33
67285,287.82
67286,738.8
67287,261.86
67288,202.19
67289,266.84
67290,178.02
67291,173.76
67292,658.09
67293,661.32
67295,225.94
67296,140.51
67298,551.31
67299,58.6
67300,217.22
67301,610.26
67302,54.07
67303,157.2
67304,441.76
67305,336.63
67306,41.23
67307,323.85
67308,123.96
67309,120.57
67310,1184.18
67311,566.31
67312,101.15
67313,29.67
67314,12.6
67315,242.44
67317,13.54
67319,41.96
67320,239.67
67322,331.18
67324,189.37
67325,94.45
67326,181.77
67327,693.41
67329,859.34
67330,501.35
67331,563.86
67333,176.13
67335,583.3
67336,544.84
67337,201.52
67338,848.23
67339,1394.96
67340,370.84
67341,154.72
67342,113.84
67343,502.18
67344,47.11
67345,506.51
67346,473.09
67347,521.42
67348,388.81
67349,558.97
67350,643.13
67351,1306.35
67352,269.94
67353,34
67354,54.28
67355,1016.1
67356,223.74
67358,480.56
67359,703.01
67360,1050.18
67361,264.7
67362,217.29
67363,396.49
67364,904.41
67365,452.74
67367,25.57
67368,34.63
67369,300.26
67370,214.17
67371,4
67372,929.51
67373,261.39
67375,448.24
67377,62.87
67378,759.37
67379,755.15
67380,555.14
67382,113.66
67383,290.23
67384,294.14
67385,298.6
67386,252.71
67387,57.14
67388,563.06
67389,29.83
67392,122.34
67394,439.65
67395,279.95
67396,395.76
67397,402.56
67398,267.99
67400,770.41
67401,133.28
67403,324.52
67404,402.69
67405,716.88
67406,775.09
67408,302.92
67409,821.1
67410,150.6
67411,686.83
67412,323.11
67413,3.5
67415,34.93
67416,89.22
67417,180.59
67418,427.1
67420,29.61
67421,132.11
67422,489.82
67423,540.44
67424,22.78
67425,46.52
67427,0
67428,0.32
67429,111.01
67430,136.24
67432,685.22
67433,331.26
67434,517.49
67435,1170.59
67436,100.29
67437,8.7
67438,333.21
67440,298.94
67441,172.91
67442,336.3
67443,230.11
67444,97.46
67445,698.96
67446,829.28
67447,14.34
67449,282.01
67451,1275.53
67452,1499.62
67453,400.72
67454,99
67455,219.02
67456,226.12
67458,112.14
67459,309.08
67460,616.5
67461,207.03
67462,862.69
67463,359.66
67464,515.32
67465,522.35
67466,642.88
67467,571.46
67468,86.5
67470,25.62
67471,153.29
67472,62.55
67473,219.05
67474,631.7
67475,15.02
67476,573.37
67477,361.96
67478,157.38
67479,778.41
67480,327.52
67481,1346.71
67482,276.25
67483,30.27
67484,60.43
67485,681.46
67486,1287.3
67487,680.71
67488,218.38
67489,1
67492,258.09
67493,0.6
67494,468.57
67495,1361.59
67497,693.03
67498,1222.29
67499,174.44
67500,0
67501,656.31
67502,90.12
67503,151.49
67504,601.23
67505,79.87
67506,512.27
67507,0.43
67508,483.84
67509,154.87
67510,255.79
67511,390.1
67514,637.12
67515,367.38
67516,187.04
67517,332.17
67519,880.35
67520,506.32
67521,335.5
67522,396.7
67523,474.63
67524,88.28
67525,618.76
67526,821.15
67527,281.84
67528,586.38
67529,869.59
67530,856.23
67532,637.07
67534,404.6
67535,5.68
67536,43.08
67537,334.8
67538,54.19
67539,1739.96
67540,364.6
67541,676.19
67542,200.69
67544,741.33
67545,853.39
67546,435.21
67547,603.7
67548,304.88
67550,183.09
67551,461.42
67552,581.79
67553,685.45
67554,310.69
67555,316.43
67556,165.48
67557,716.17
67559,201.62
68001,514.44
68002,242.58
68004,489.8
68005,467.87
68006,977.03
68007,706.89
68008,406.15
68009,599.7
68010,225.9
68011,497.32
68012,664.72
68013,185.2
68014,85.13
68015,223.35
68016,1076.24
68017,125.45
68018,980.22
68019,150.23
68020,696.34
68021,611.22
68022,856.8
68023,655.24
68024,124.6
68025,4.3
68026,444.72
68027,366.75
68028,327.51
68029,233.01
68030,70.59
68032,796.37
68033,221.08
68034,201.32
68035,238.26
68036,703.05
68037,325.04
68038,372.17
68039,494.27
68040,15.38
68041,1131.22
68042,757.02
68043,383.77
68044,322.53
68045,306.83
68046,87.33
68049,217.41
68050,380.93
68051,552.96
68052,154.33
68054,185.25
68055,346.21
68056,438.07
68057,18.25
68058,25.84
68059,474.05
68060,548.44
68061,127.97
68062,650.27
68063,156.05
68064,4.41
68065,344.52
68066,547.53
68067,306.63
68068,284.74
68069,1467.92
68071,96.42
68072,457.18
68073,204.74
68074,429.34
68075,255.45
68076,493.41
68077,219.43
68078,551.58
68080,105.29
68081,326.69
68082,1649.38
68083,59.33
68084,184.63
68085,197.09
68086,105.94
68087,553.22
68088,175.53
68089,315.98
68090,52.31
68091,1075.2
68092,381.34
68093,241.65
68094,124.64
68095,403.27
68096,416.85
68097,512.84
68098,330.16
68099,223.17
68100,239.6
68101,518.5
68102,110.69
68103,377.16
68104,265.58
68105,101.5
68106,61.61
68107,1356.51
68109,224.88
68110,741.09
68111,240.96
68112,137.1
68113,1320.13
68114,0.99
68115,197.55
68116,645.83
68117,0.43
68118,274.61
68119,462.98
68120,226.33
68121,651.95
68122,139.18
68123,182.23
68124,389.91
68125,25.62
68126,456.83
68127,199.47
68128,396.45
68129,496.07
68130,1425.68
68131,95.82
68132,411.78
68134,377.74
68135,217.41
68136,1229.2
68137,9.16
68138,508.12
68139,248.96
68140,802.99
68141,489.55
68142,358.79
68143,1122.41
68144,699.94
68145,594.34
68146,721.45
68147,208
68148,86.69
68150,127.98
68151,27.96
68152,241.88
68153,795.01
68154,26.5
68155,264.7
68156,259.02
68157,1157.93
68158,329.33
68159,57.48
68160,497.17
68161,173.22
68162,732.7
68163,212.39
68165,290.76
68167,196.23
68168,198.55
68169,572.71
68170,405.65
68171,434.71
68172,734.95
68173,279.33
68174,391.49
68175,1265.06
68176,701.25
68177,262.33
68178,140.25
68179,58.69
68180,1.68
68181,178.28
68182,207.53
68183,115.35
68184,23.42
68185,154.19
68186,73.7
68187,570.62
68188,271.37
68189,607.29
68190,405.52
68191,243.55
68192,408.21
68193,166.51
68194,233.72
68195,173.23
68196,229.95
68197,486.55
68198,373.63
68199,61.17
68200,285.65
68201,267.66
68202,181.47
68203,629.08
68204,341.86
68205,522.63
68207,128.42
68208,357.88
68209,216.65
68210,309.21
68211,159.15
68212,728.03
68213,166.63
68216,205.2
68217,104.09
68218,526.85
68219,232.45
68221,650.21
68222,578.26
68223,230.86
68224,228.35
68225,711.34
68226,62.86
68227,516.04
68228,792.38
68230,466.63
68232,148.3
68234,268.19
68235,915.8
68237,108.15
68238,229.52
68239,85.8
68240,564.31
68241,848.74
68242,1075.95
68243,354.16
68244,76.76
68245,521.42
68246,894.93
68247,285.11
68248,643.9
68249,1499.13
68250,351.63
68251,327.47
68252,723.59
68254,506.12
68255,444.54
68256,76.81
68257,438.06
68258,134.69
68259,464.85
68260,561.18
68261,10.76
68262,72.49
68263,559.24
68264,509.26
68265,343.68
68266,1416.72
68267,700.95
68268,132.62
68269,469.46
68270,263.63
68271,122.7
68273,631.35
68274,13.42
68275,50.31
68277,333.31
68278,310.87
68279,307.08
68280,131.95
68281,440.17
68282,300.66
68283,258.83
68284,242.22
68285,185.54
68286,47.47
68287,1765.67
68288,370.91
68289,457.38
68290,1121.15
68291,998.92
68292,116.33
68293,63.47
68294,525.77
68295,1895.18
68296,393.1
68297,353.34
68298,518.23
68299,0.84
68300,350.39
68301,273.56
68302,777.08
68303,80.87
68304,227.74
68305,156.85
68306,251.37
68307,157.56
68308,7.18
68309,273.84
68311,496.72
68312,145.53
68313,245.72
68315,437.68
68316,26.46
68317,711.94
68318,494.1
68320,963.18
68321,271.74
68322,28.05
68323,593.68
68324,177.94
68325,349.71
68326,246.15
68327,442.23
68328,57.2
68329,624.72
68330,127.47
68331,707.55
68332,85.93
68333,151.47
68334,0.6
68335,24.51
68336,587
68337,191.82
68338,277.94
68340,327.25
68341,390.98
68342,401.39
68343,468.73
68344,70.85
68345,380.82
68347,204.17
68349,117.98
68350,187.02
68351,141.52
68352,493.22
68353,698.81
68354,30.03
68355,146.27
68356,243.41
68357,81.07
68358,181.8
68359,277.71
68360,558.14
68362,279.49
68363,166.43
68364,418.18
68365,686.4
68366,465.49
68367,466.93
68368,143.63
68370,34.76
68371,500.89
68372,330.02
68373,227.04
68374,407.7
68375,632.24
68376,544.07
68377,214.34
68378,366.03
68379,340.66
68380,329.02
68381,246.39
68382,367.6
68383,182.73
68384,81.58
68385,30.93
68386,364.52
69001,415.06
69002,1325.14
69003,0.5
69004,137.95
69005,451.61
69006,2684.86
69007,551.41
69008,710.53
69009,262.5
69010,1.2
69012,1077.4
69013,929.65
69014,1246.68
69016,169.82
69017,316.56
69018,337.47
69019,636.8
69020,0.26
69021,897.81
69022,282.38
69023,667.69
69024,493.76
69026,234.51
69027,242.29
69028,463.67
69030,715.23
69031,255.13
69032,821
69033,516.75
69034,120.14
69035,696.02
69036,740.21
69037,714.86
69038,1089.57
69039,126.74
69040,0.1
69042,568.8
69043,533.45
69044,5
69045,1640.88
69046,102.84
69047,226.39
69049,511.83
69050,475.07
69051,570.66
69052,138.25
69053,291.01
69054,469.22
69055,527.11
69056,170.02
69057,328.2
69058,358.51
69059,50.73
69060,1204.05
69061,431.82
69062,651.16
69063,2.66
69064,440.53
69065,608.23
69066,1248.95
69067,1033.3
69069,0.55
69070,570.59
69071,9.03
69072,284.89
69074,401.21
69075,327.19
69076,181.22
69077,1625.42
69078,780.39
69080,1028.77
69082,143.22
69083,98.71
69084,768.36
69085,52.6
69086,723.04
69090,151.65
69091,391.75
69092,399.3
69093,658.19
69094,68.72
69095,888.18
69096,4.76
69097,792.19
69098,131.37
69099,1675.78
69100,111.57
69102,439.43
69103,405.32
69104,345.51
69105,49.12
69106,132.27
69107,554.6
69108,221.85
69109,422.43
69110,2374.55
69111,96.75
69112,373.57
69113,330.92
69114,618.56
69115,72.2
69116,121.6
69117,94.7
69118,523.17
69119,1607.23
69120,1052.2
69121,274.84
69122,324.8
69123,15.03
69124,359.27
69125,119.46
69126,97.07
69127,99.9
69130,325.78
69131,557.12
69132,1196.82
69133,221.65
69134,72.12
69135,3859.2
69136,231.41
69137,49.87
69138,477.22
69139,1206.79
69140,304.77
69141,838.58
69142,0
69143,70.26
69145,654.75
69148,347.58
69151,293.29
69153,378.01
69154,484.7
69155,868.27
69156,348.19
69157,1457.52
69160,402.19
69161,725.06
69162,762.52
69163,1101.29
69164,231.91
69165,712.72
69166,34.79
69167,423.67
69168,8.61
69169,1203.13
69170,643.11
69171,224.84
69172,238.7
69173,786.61
69174,969.22
69175,1389.31
69176,593.35
69177,530.21
69178,242.49
69179,1661.45
69180,281.28
69181,85.21
69182,891.45
69183,574.76
69184,694.31
69186,358.16
69187,834.14
69188,624.04
69189,123.09
69190,278.45
69192,79.06
69193,118.25
69194,0
69196,342.38
69197,956.45
69198,329.74
69200,967.73
69202,6.17
69203,524.11
69204,302.6
69205,160.75
69206,1283.63
69207,280.8
69208,292.1
69209,444.51
69212,117.73
69214,1089.67
69215,254.14
69216,550.75
69217,495.61
69218,575.04
69219,429.08
69220,1217.38
69225,337.78
69227,2801.01
69228,1940.15
69229,361.58
69230,350.91
69231,197.98
69233,4.8
69234,1103.74
69235,230.23
69236,71.69
69238,132.99
69239,1054.79
69240,958.46
69241,300.18
69242,543.33
69243,228.32
69244,81.42
69245,194.54
69246,255.78
69248,2508.78
69249,674.03
69252,194.05
69253,168.32
69254,376.93
69255,1245.07
69256,78.72
69257,305.7
69258,371.24
69260,0.31
69261,263.95
69263,1254.92
69264,108.42
69265,446.44
69267,1186.86
69268,45.3
69269,393.93
69270,1121.74
69271,384.63
69272,380.56
69273,789.45
69275,343.4
69276,634.19
69277,1951.89
69278,507.48
69279,639.46
69280,460.45
69281,478.64
69282,606.05
69283,133.08
69284,283.81
69285,880.18
69286,336.55
69287,1112.76
69288,513.34
69289,1784.38
69290,822.27
69291,538.79
69292,80.68
69293,176.99
69294,80.02
69295,347.42
69296,475.46
69297,71.2
69298,308.88
69299,922.87
70001,953.45
70002,2086.53
70003,837.7
70004,334.38
70005,659.57
70006,1163.32
70007,403.2
70009,1690.3
70010,243.06
70011,59.78
70012,1266.1
70013,328.27
70014,300.25
70016,111.06
70017,919.95
70018,261.03
70020,384.7
70021,340.14
70022,693.71
70023,598.72
70024,872.06
70025,444.69
70026,823.08
70027,1193.08
70028,491.03
70029,326.65
70030,290.36
70031,592.32
70032,503.75
70035,1603.19
70036,179.63
70037,92.85
70038,377.78
70039,164.32
70040,292.88
70041,1837.37
70042,29.87
70043,1061.84
70044,498.85
70045,957.92
70046,919.07
70047,116.41
70048,129.91
70049,564.6
70050,424.12
70051,10
70053,240.08
70054,111.71
70055,236.95
70056,5.4
70057,627.81
70058,1371.96
70059,761.33
70060,83.38
70062,1
70065,401.37
70066,392.76
70067,216.08
70070,179.18
70071,209.36
70072,345.12
70074,906.93
70075,419.42
70076,376.14
70077,360.64
70078,937.13
70079,648.63
70080,552.03
70081,836.47
70082,130.63
70083,651.12
70084,253.27
70085,500.29
70086,410.98
70087,617.93
70088,179.66
70089,791.48
70090,647.1
70091,354.2
70093,71.64
70095,148.59
70096,252.3
70097,272.61
70098,186.39
70099,162.48
70100,419.59
70101,875.97
70102,520.78
70103,295.16
70104,638.06
70105,81.21
70106,289.53
70107,183.2
70109,271.85
70111,1181.73
70112,660.75
70113,572.48
70114,538.09
70115,277.08
70116,111.85
70117,382.87
70119,602.63
70120,32.73
70121,166.3
70122,6835.81
70124,280.42
70125,449.01
70126,548.66
70127,355.18
70128,11.07
70129,467.96
70130,808.81
70132,1004.3
70133,826.3
70134,260.74
70135,295.4
70136,408.13
70137,239.01
70138,176.45
70140,182.1
70142,287.98
70143,639.44
70144,13
70145,401.66
70146,161.95
70147,142.38
70148,3
70150,601.44
70151,580.85
70152,642.7
70153,322.95
70154,631.97
70155,166.5
70156,730.19
70158,229.26
70159,514.7
70160,231.19
70162,294.83
70163,1275.5
70164,350.78
70165,40
70167,189.8
70168,1267.57
70169,663.39
70170,327.86
70171,266.11
70172,140.21
70174,513.58
70175,1436.11
70176,300.73
70177,442.13
70178,9.45
70179,146.83
70180,728.81
70181,458.3
70183,199.83
70185,628.2
70186,550.85
70187,511.37
70188,392.19
70189,170.09
70190,744.94
70192,1412.97
70193,329.45
70194,8.61
70195,267.69
70196,88.44
70197,1681.24
70198,1650.3
70199,367.28
70200,68.48
70201,671.99
70202,29.06
70203,715.24
70204,640.06
70205,70.25
70206,487.65
70208,440.52
70210,383.35
70211,401.68
70213,1253.6
70214,422.7
70215,246.85
70216,382.72
70217,389.73
70218,31.99
70219,549.11
70220,36.83
70222,167.29
70224,180.39
70225,841.86
70226,263.9
70227,75
70228,28.17
70230,296.23
70231,481.73
70232,940.52
70233,171.94
70234,576.56
70235,597.39
70236,740.49
70237,814.43
70238,5.61
70239,655.9
70240,566.01
70242,318.68
70243,568.17
70244,565.5
70245,2839.56
70247,1287.36
70248,98.93
70249,510.08
70250,181.5
70251,786.66
70252,1029.39
70253,688.97
70254,32.42
70255,8.76
70256,109.88
70257,622.27
70258,201.23
70259,136.78
70260,296.87
70261,150.51
70262,690.58
70263,538.98
70265,451.03
70267,1457.74
70268,361.34
70269,69.73
70271,144.52
70272,409.77
70273,716.11
70274,5.38
70275,366.13
70277,6.35
70278,15.49
70279,26.62
70282,1016.62
70283,7.25
70284,155.16
70285,517.96
70286,430.52
70287,253.18
70288,122.89
70289,549.53
70290,479.79
70291,151.86
70292,1236.91
70294,267.66
70295,233.06
70296,142.76
70297,578.02
70298,623.09
70299,335.14
70301,192.33
70302,2.31
70303,631.76
70304,138.13
70305,482.21
70306,182.19
70307,285.23
70308,343.82
70309,444.11
70310,146.25
70311,244.94
70312,292.88
70313,62.48
70314,205
70317,103.02
70318,173.06
70319,0
70320,567.16
70322,509.79
70323,2041.07
70324,977.14
70325,938.47
70326,234.7
70327,508.5
70328,160.58
70329,109.54
70330,221.54
70331,981.87
70332,369.04
70334,159.79
70335,330.46
70336,184.88
70337,456.69
70338,648.06
70339,245.28
70340,479.49
70341,221.23
70342,770.56
70343,594.5
70344,112.59
70347,98.55
70348,42.21
70349,368.81
70350,280.99
70351,819.5
70352,28.1
70353,429.4
70355,73.52
70356,225.53
70357,619.28
70358,334.54
70359,490.91
70361,178.35
70362,471.51
70363,462.16
70364,1064.14
70366,1142.3
70367,927.29
70368,354.76
70369,538.42
70371,853.84
70372,896.86
70373,1127.29
70374,566.75
70376,303.44
70378,2
70380,161.35
70381,190.55
70383,123.25
70384,627.84
70385,14.94
70386,297.75
70387,219.85
70388,206.06
70390,804.33
70393,872.71
70394,1006.92
70395,53.73
70396,101.86
70398,463.05
70399,245.5
70400,440.54
70401,623.96
70402,711.98
70403,273.6
70404,261.65
70405,277.25
70406,144.7
70407,103.16
70408,729.77
70409,1129.92
70410,442.34
70411,7.63
70412,342.88
70413,322.97
70414,23.03
70415,763.19
70416,1057.26
70417,3.86
70418,2294.22
70419,389.1
70420,233.75
70421,358.33
70422,1064.01
70425,459.04
70426,78.21
70427,315.71
70428,328.98
70429,858.08
70430,689.09
70431,186.69
70432,37.95
70433,85.03
70435,544.97
70436,68.16
70437,128.68
70438,289.92
70439,602.53
70441,961.12
70442,264.77
70443,345.77
70444,338.05
70445,425.12
70446,738.36
70447,624.01
70448,952.13
70449,404.24
70450,986.12
70451,115.63
70452,568.83
70453,258.56
70454,113.58
70455,388.3
70456,113.71
70457,183.43
70459,117.93
70460,1600.61
70461,1106.65
70462,355.37
70463,362.18
70464,417.07
70466,987.77
70467,249.24
70468,769.76
70469,311.57
70470,297.49
70471,244.51
70472,213.98
70473,115.35
70474,171.87
70476,98.15
70477,828.63
70478,597.36
70479,280.99
70480,313.8
70481,14.34
70482,246.07
70483,89.39
70484,110.88
70485,0.48
70486,338.95
70487,655.44
70488,810.11
70489,289.96
70490,169.7
70491,589.42
70492,1788.88
70493,742.75
70494,960.53
70496,92.29
70498,111.57
70499,203.21
70500,540.64
70501,320.8
70502,458.17
70503,45.14
70504,392.01
70505,191.95
70506,143.37
70507,223.09
70509,514.1
70510,294
70511,602.34
70512,42.57
70513,0.12
70514,1020.37
70515,12
70516,905.74
70517,145.79
70518,22.68
70520,809.84
70521,488.8
70522,1327.84
70523,467.37
70524,445.25
70525,689.28
70526,372.9
70527,467
70528,2277.68
70529,698.08
70531,179.08
70532,527.11
70534,372.45
70535,313
70536,140.38
70537,12.96
70538,657.25
70539,1388.66
70540,249.08
70541,12.05
70542,432.52
70545,730.64
70546,427.85
70548,498.01
70549,171.91
70550,7.34
70553,286.72
70554,158.92
70555,489.16
70558,349.23
70559,490.65
70560,495.78
70561,563.55
70562,527.98
70563,828.15
70564,245.59
70565,310.08
70566,371.95
70567,292.19
70568,260.9
70569,189.83
70571,279.76
70572,1494.07
70573,328.22
70574,823.31
70575,237.92
70576,1571.27
70577,406.43
70578,246.15
70579,25
70580,269.05
70581,636.38
70582,883.1
70583,150.73
71001,1463.98
71002,1312.78
71003,1938.4
71004,781.14
71005,158.06
71006,846.81
71007,590.8
71008,576.1
71009,758.22
71010,1896.34
71011,2053.44
71012,1318.11
71013,244.61
71014,1922.37
71015,1305.24
71016,667.34
71017,908.43
71018,756.07
71019,124.59
71020,805.39
71021,372.24
71022,572.32
71023,1672.58
71024,846.8
71025,1617.98
71026,710.72
71027,640.82
71028,365.98
71029,323.04
71030,398.28
71031,16.64
71032,246.55
71033,395.75
71034,368.02
71035,411.67
71036,172.98
71037,457.55
71038,1145.15
71039,423.9
71040,2339.03
71041,91.41
71042,749.43
71043,183.51
71044,1388.35
71045,924.23
71046,743.82
71047,4050.27
71048,622.21
71050,683.35
71051,59.45
71052,1089.31
71054,777.6
71056,1408.01
71057,662.48
71058,1156.12
71059,1825.29
71060,1515.02
71061,259.89
71062,1113.12
71063,322.51
71064,854.79
71065,712.71
71066,38.04
71067,244.71
71068,754.24
71069,176.08
71070,721.24
71071,1925.95
71072,422.13
71073,571.89
71074,205.63
71075,3105.76
71076,0.64
71077,917.72
71078,28.16
71079,489.36
71080,648.09
71082,1845.19
71084,136.76
71085,139.66
71086,1245.1
71087,1236.75
71088,2649.86
71089,246.27
71090,872.89
71091,523.91
71092,618.44
71093,610.78
71094,386.94
71095,497.03
71096,545.52
71097,1755.08
71098,1779.03
71099,218.96
71100,199.51
71101,969.81
71102,900.33
71103,3858.36
71104,759.73
71105,627.51
71106,878.68
71107,21.24
71108,32.91
71109,105.12
71110,1155.83
71111,970.09
71112,524.13
71113,170.06
71115,453.12
71116,871.6
71117,23.46
71118,787.73
71119,466.61
71120,809.16
71121,851.47
71122,211.05
71123,2838.41
71124,304.43
71125,524.84
71126,156.18
71127,545.29
71128,656.3
71129,1114.91
71130,412.77
71132,2435.83
71133,298.88
71134,1382.55
71135,699
71136,647.04
71137,678.51
71139,406.18
71140,339.5
71141,919.12
71142,2187.93
71143,725.91
71144,704.29
71145,246.94
71146,630.8
71147,589.87
71148,246.52
71149,1237.4
71150,221.47
71151,8.23
71152,2611.12
71153,247.43
71154,948.06
71155,4893.56
71156,326.14
71157,463.1
71158,77.2
71159,83.63
71160,621.39
71161,177.58
71162,2246.83
71163,150.43
71164,853.99
71165,1207.2
71166,1549.47
71167,348.41
71168,27.6
71169,474.16
71170,1057.24
71171,34
71172,1180.74
71173,1488.41
71174,599.52
71175,237.31
71176,2447.56
71177,1045.37
71178,2326.53
71179,1358.27
71181,348.19
71182,162.46
71183,468.03
71184,1546.6
71185,726.67
71186,356.49
71187,692.21
71188,131.41
71189,520.48
71190,1234.52
71191,1058.48
71192,2266.98
71193,794.46
71194,795.88
71195,239.05
71196,627.94
71198,1116.65
71199,832.25
71200,321.99
71201,408.12
71202,2200.16
71203,312.19
71204,500.03
71205,1502.33
71206,260.66
71207,1847.41
71208,712.76
71209,739.57
71210,471.39
71212,1626.65
71213,250.55
71214,459.49
71215,2145.88
71216,382.07
71217,763.92
71218,1871.9
71219,866.21
71220,1260.26
71221,1133.19
71222,1313.59
71223,2181.99
71224,742.91
71225,203.37
71226,101.83
71227,3018.19
71228,2.44
71229,742.78
71230,1403.45
71231,2157.25
71232,808.27
71233,1590.85
71234,762.57
71235,431.96
71236,318.21
71237,246.5
71238,1801.82
71239,7070.49
71240,595.1
71241,745.07
71242,1057.24
71243,305.91
71244,264.05
71245,523.76
71246,990.57
71247,439.59
71248,171.37
71249,730.28
71250,549.61
71251,2475.52
71252,526.57
71253,172.71
71254,1059.48
71255,209.78
71256,805.54
71257,304.27
71258,159.16
71259,1918.18
71261,843.9
71262,1433.22
71263,1055.61
71264,724.99
71266,992.82
71267,552.48
71268,1004.98
71269,1017.78
71270,220.61
71271,330.98
71272,809.35
71273,1440.09
71274,903.11
71275,407.08
71276,366.99
71277,722.02
71278,1165.98
71279,3141.12
71280,1475.73
71281,2169.16
71282,1562.41
71283,1063.94
71284,89.26
71285,2564.2
71286,612.86
71287,365.81
71289,1476.09
71290,584.38
71291,2698.64
71292,791.7
71293,895.68
71294,482.09
71295,1792.31
71296,677.4
71297,1403.87
71299,172.39
71300,969.69
71301,1036.95
71302,244.86
71303,239.68
71305,1737.7
71306,307.07
71307,680.79
71308,9.97
71309,946.99
71310,0.25
71311,676.53
71312,84.3
71313,2035.64
71314,775.11
71315,481.25
71316,1026.38
71317,2542.33
71318,2416.44
71319,457.38
71320,1396.1
71321,1026.4
71322,647.27
71323,888.32
71324,607.23
71325,1431.57
71326,1953.61
71327,396.92
71328,1009.83
71329,621.79
71330,4653.38
71331,597.16
71332,484.23
71333,97.61
71334,2184.42
71335,233.26
71336,489.08
71337,823.43
71338,690.75
71339,1616.72
71340,2844.58
71341,752.01
71342,1327.94
71343,43.89
71344,20.43
71345,564.33
71346,1712.16
71347,241.57
71348,725.37
71349,586.23
71350,925.64
71351,2440
71352,274.42
71353,107.5
71354,2491.57
71355,160.33
71356,806.43
71357,705.86
71358,501.61
71359,465.81
71360,529.49
71361,421.53
71362,148.44
71363,142.81
71364,551.87
71365,650.45
71366,481.27
71367,882.82
71368,1298.46
71369,48.83
71370,2392.09
71371,738.72
71372,408.07
71373,3035.91
71374,244.17
71376,582.55
71377,179.1
71378,324.9
71379,1963.53
71380,764.14
71381,136.52
71382,1829.26
71383,589.92
71384,999.4
71385,319.46
71386,116.96
71387,991.77
71388,1169.2
71389,218.45
71390,3415.14
71391,366.69
71392,1198.09
71393,1647.21
71394,2142.54
71395,473.08
71396,679.99
71397,234.58
71398,650.88
71399,1658.31
71400,531.69
71401,687.72
71402,665.44
71403,687.05
71404,243.56
71405,1376.59
71406,432.09
71407,2019.59
71408,1008.89
71409,1134.23
71410,1080.62
71411,2219.49
71412,1991.01
71413,1323.32
71414,1242.39
71415,380.13
71416,325.34
71417,513.03
71419,1620.34
71420,1664.46
71421,478.19
71422,536.53
71423,1240.18
71424,1542.06
71425,643.15
71426,1376.32
71427,444.59
71428,613.68
71430,15.46
71431,765.07
71433,2197.73
71434,1118.63
71435,856.4
71436,851.64
71437,1132.4
71438,1844.07
71439,1271.01
71440,1104.01
71441,724.98
71442,1354.82
71443,1800.23
71444,708.34
71445,176.92
71446,742.12
71447,43.85
71448,328.19
71449,130.12
71450,1468
71451,493.51
71452,552.58
71453,251.52
71454,101.21
71455,1047.06
71456,2223.38
71457,685.77
71458,858.31
71459,102.32
71460,564.87
71461,283.82
71462,569.18
71463,1009.67
71464,56.61
71465,2022.9
71466,536.24
71468,1142.61
71469,1351.43
71470,508.34
71471,42.54
71472,573.91
71473,615.86
71474,1658.93
71475,552.69
71477,1718.19
71478,1030.62
71479,190.86
71480,968.79
71481,146.83
71482,2613.77
71483,950.66
71484,2166.39
71485,518.34
71486,1267.1
71487,78.2
71488,538.17
71489,1233.17
71490,3200.86
71491,1497.27
71493,1000
71494,12.93
71495,539.48
71496,52.36
71497,355.17
71498,168.29
71499,2090.3
71500,638.54
71501,1160.41
71502,651.39
71503,212.49
71504,575.18
71505,0
71506,2099.98
71507,754.99
71508,658.1
71509,643.57
71510,584.66
71512,645.72
71513,290.81
71514,672.54
71515,585
71516,1366.81
71517,547.19
71518,324.82
71519,268.28
71520,473.85
71521,0.17
71522,1198.79
71523,1364.73
71524,636.15
71525,359.79
71526,497.64
71527,611.78
71528,762.71
71529,1572.92
71530,1453.85
71531,1782.74
71532,297.78
71533,807.64
71534,133.54
71535,1741.59
71537,981.54
71538,1167.32
71539,205.36
71540,711.93
71541,1118.96
71542,3230.29
71543,794.87
71544,914.13
71545,1743.47
71546,628.84
71547,836.86
71548,519.23
71550,632.36
71551,343.41
71552,2900.7
71553,531.04
71554,682.63
71555,404.41
71556,21.9
71557,1675.68
71558,2322.77
71559,1054.08
71561,1030.78
71562,1145.32
71563,214.94
71564,2137.97
71565,1523.89
71566,1782.62
71567,213.11
71568,676.29
71570,972.73
71571,1445.77
71572,18.52
71573,857.78
71574,696.94
71577,104.83
71578,777.18
71579,1393.29
71580,170.65
71581,1933.92
71582,2472.79
71583,613.43
71584,789.81
71585,615.97
71586,1765.82
71588,837.26
71589,1279.72
71590,2189.76
71591,155.17
72001,706.75
72002,762.46
72003,429.28
72004,1179.68
72005,1671.22
72007,17.36
72008,277.66
72009,632.02
72010,1228.41
72011,2726.12
72012,1220.74
72013,907.8
72015,555.97
72016,3614.41
72017,1169.07
72018,272.16
72019,1937.27
72020,1219.19
72021,970.54
72022,1485.3
72023,2018.99
72024,1568.56
72025,1593.72
72026,1576.55
72027,1370.36
72028,1288.28
72029,195.41
72032,436.01
72034,621.05
72035,823.07
72036,463.43
72037,44.9
72038,58.41
72039,1649.82
72040,206.18
72041,1206.24
72042,1579.95
72044,954.05
72045,905.98
72046,838.94
72047,194.3
72048,515.92
72049,676.25
72050,1689.74
72051,1308.73
72052,1607.36
72053,1229.67
72054,103.83
72056,574.07
72057,559.28
72058,911.97
72059,2598.59
72060,282.12
72061,1341.3
72062,1121.96
72064,1529.84
72065,80.23
72066,226.64
72067,1044.11
72068,288.46
72070,203.21
72071,1529.57
72073,720.47
72074,532.02
72075,2226.03
72076,13.63
72077,2019.76
72078,960.72
72079,614.23
72080,2545.65
72083,796.56
72084,591.27
72085,1080.28
72086,525.69
72087,1803.3
72088,1219.49
72089,1507.25
72090,381.89
72091,881.57
72093,1478.68
72094,1099.31
72095,296.1
72096,1674.19
72098,918.54
72099,869.22
72100,1438.08
72101,1321.54
72102,453.18
72103,2080.05
72104,1211.5
72105,955.29
72106,11.67
72107,986.73
72109,1830.36
72110,2639.75
72111,1031.48
72112,1736.49
72113,1232.07
72114,1572.67
72115,1618.7
72118,1926.22
72119,1618.59
72120,696.45
72121,1636.96
72122,868.19
72123,391.5
72124,837.43
72125,1498.53
72126,967.62
72127,528.89
72128,2018.16
72129,524.06
72130,874.82
72131,464.4
72132,228.63
72133,267.46
72134,1010.58
72135,182.54
72136,1337.81
72137,3628.44
72138,2052.52
72139,1695.29
72141,188.67
72142,697.04
72143,1676.04
72144,539.71
72145,433.63
72146,512.57
72147,683.23
72148,660.75
72149,1501.54
72150,504.53
72151,1449.93
72152,378.66
72153,1261.17
72154,2257.45
72155,1518.2
72156,1311.51
72157,100.69
72158,1276.49
72160,488.28
72161,611.48
72163,953.12
72164,153.8
72165,660.63
72166,514.75
72167,537.91
72168,1416.18
72169,673.61
72170,826.21
72171,294.95
72172,814.67
72173,849.23
72174,638.71
72175,2689.04
72176,4229.91
72177,934.61
72178,768.99
72179,567.81
72180,526.11
72181,50.85
72182,2236.85
72183,1626.17
72184,291.78
72185,1129.31
72186,507.11
72187,1004.88
72188,554.16
72189,3280.64
72190,1049.32
72191,2493.91
72192,475.48
72193,2155.44
72194,864.31
72195,957.97
72196,678.99
72197,536.08
72198,438.44
72199,329.43
72200,275.19
72201,732.89
72202,554.26
72204,2710.72
72205,768.95
72208,1091.35
72209,1030.16
72210,677.24
72211,2581.29
72212,1314.18
72213,220.8
72214,91.06
72215,495.07
72216,2140.88
72217,961.7
72218,716.89
72219,2844.05
72220,1405.92
72221,382.94
72222,680.32
72223,2889.4
72224,288.07
72225,812.64
72226,701.37
72227,405.33
72228,2766.53
72229,1245.38
72230,105.83
72231,1091.57
72232,230.54
72233,155.18
72234,477.13
72235,1199.3
72236,355.34
72237,794.31
72238,422.04
72239,1282.55
72241,457.41
72243,424.92
72244,3915.67
72245,395.58
72246,279.54
72247,832.83
72248,522.3
72249,942.19
72250,1613.28
72251,1442.08
72252,827.96
72253,1679.39
72254,1072.78
72255,2130.66
72256,2310.89
72257,681.29
72259,1106.35
72260,144.03
72261,1562.81
72262,3879.43
72264,2418.87
72265,865.48
72266,1211.6
72267,1647.51
72268,619.86
72269,1172.16
72270,539.48
72271,386.42
72272,747.72
72273,545.2
72274,821.89
72275,1036.8
72276,2522.3
72277,216.75
72278,2750.05
72279,886.54
72280,571.41
72281,939.96
72282,2375.43
72283,1187.32
72286,1520.19
72289,454.98
72290,2618.08
72291,1492.82
72292,519.8
72293,67.15
72294,1023.43
72295,821.07
72296,899.43
72297,430.83
72299,941.83
72300,422.58
72302,204.1
72303,1892.61
72305,385.62
72306,933.62
72307,233.49
72308,808.92
72309,1004.65
72310,89.25
72311,1149.4
72312,587.02
72313,555.91
72314,659.72
72315,628.79
72316,322.06
72317,1191.46
72319,711.4
72320,212.26
72321,1123.91
72322,1395.22
72323,945.55
72324,1139.06
72325,2325.22
72326,865.09
72327,1208.96
72328,704.91
72329,2227.66
72330,1614
72331,706.73
72332,1300.5
72333,337.18
72334,334.51
72335,761.13
72336,591.43
72337,1049.62
72338,404.66
72339,1219.22
72340,631.21
72341,467.9
72342,454.87
72343,1931.11
72344,442.94
72345,5.55
72346,750.2
72347,1017.61
72348,365.74
72349,1361.39
72350,1281.46
72351,2669.71
72352,404.36
72353,1324.63
72354,1229.27
72355,533.43
72356,376.79
72357,817.1
72358,1267.45
72359,1121.72
72360,857.73
72361,1473.57
72362,140
72363,2637.46
72364,2074.09
72366,2704.88
72367,1373.65
72368,1093.3
72369,1202.05
72370,935.04
72372,602.33
72373,1733.18
72374,617.79
72375,661.08
72376,2159.31
72377,1060.96
72378,1364.4
72379,965.45
72380,1730.74
72381,679.66
72382,2019.52
72383,171.04
72385,616.04
72386,517.38
73001,34.7
73003,324.64
73004,590.61
73005,541.81
73006,2462.24
73007,896.84
73008,9.96
73010,2277.56
73011,128.51
73012,230.88
73013,1425.51
73014,77.4
73015,466.14
73017,318.61
73018,80.92
73019,308.56
73020,567.84
73021,38.02
73022,769.73
73023,534.1
73024,1129.44
73025,614.2
73027,636.82
73028,341.38
73029,109.48
73030,0
73031,0.8
73032,692.58
73033,134.09
73034,4268.6
73036,662.22
73039,609.86
73040,2228.21
73041,291.91
73042,50.72
73043,585.61
73047,1705.95
73048,27.71
73049,33.96
73051,36.09
73052,103.44
73053,576.51
73054,5809.62
73055,148.81
73058,316.91
73059,39.39
73061,39.39
73063,160.69
73064,515.69
73065,582.36
73067,29.35
73068,689.79
73069,431.01
73070,545.82
73071,385.35
73072,46.48
73073,10.16
73074,291.85
73075,465.38
73077,800.31
73078,94.65
73079,359.85
73081,279.45
73082,544.86
73083,374.04
73084,186.42
73085,341.65
73086,248.08
73087,25.79
73089,1339.62
73090,951.32
73092,87.36
73094,360.31
73095,31.17
73096,222.77
73097,158.73
73098,789.54
73099,13.18
73100,425.16
73101,118.96
73103,228.29
73104,289.62
73105,239.16
73106,628.06
73107,1115.97
73109,258.64
73110,563.22
73113,665.8
73114,627.17
73116,1303.3
73120,420.49
73122,270.34
73123,767.21
73124,117.47
73128,383.43
73129,278.05
73131,317.79
73132,2425.76
73133,520.75
73135,170.29
73137,105.01
73138,295.53
73139,648.73
73140,263.37
73141,247.4
73142,633.52
73145,68.12
73146,466.36
73147,114.58
73149,10.13
73150,1509.5
73151,925.13
73153,427.79
73154,1011.04
73155,838.39
73156,681.95
73157,19.54
73159,159.53
73160,149.18
73161,299.72
73162,179.07
73164,531.99
73168,13.43
73171,25.95
73173,196.44
73175,74.17
73176,846.07
73177,208.17
73178,701.8
73179,1188.09
73180,380.83
73181,296.39
73182,78.41
73183,289.54
73184,215.13
73186,476.38
73187,1555.46
73188,163.83
73189,85.21
73190,204.65
73191,281.67
73192,50.9
73193,152.44
73196,305.94
73197,2194.42
73200,212.16
73201,608.68
73202,105.33
73204,9.15
73205,6.52
73206,739.36
73207,253.49
73208,200.59
73210,544.77
73211,409.04
73212,1.42
73213,33.82
73214,565.36
73215,402.82
73216,318.81
73217,6.29
73218,48.93
73219,138.72
73220,78.22
73222,20.27
73223,587.67
73224,1036.37
73225,102.86
73226,154.71
73227,320.88
73228,599.69
73229,276.21
73230,1424.05
73231,260.2
73232,1566.88
73233,252.99
73234,299.77
73235,1080.63
73236,690.59
73240,318.17
73241,693.26
73242,1896.8
73243,7.41
73245,515.26
73246,11.33
73247,279.42
73248,2155.54
73249,133.57
73250,514.3
73252,13.41
73253,19.32
73254,348.56
73255,326.57
73257,3476.55
73259,46.97
73261,708.18
73262,513.29
73263,486.01
73265,494.93
73267,19.6
73268,215.61
73269,587.24
73270,300.44
73271,431.74
73272,0
73273,370.77
73274,204.55
73275,858.92
73276,553.87
73277,417.98
73278,1221.96
73280,501.57
73281,144.03
73282,458.08
73283,124.25
73284,12.14
73285,867.67
73286,208.32
73288,189.38
73289,92.8
73290,6245.82
73292,146.4
73293,507.89
73294,343.53
73296,326.57
73297,145.39
73298,152.6
73299,529.81
73301,253.19
73302,76.1
73303,961.81
73304,1125.39
73306,1659.03
73307,218.27
73308,4
73309,241.97
73310,153.22
73311,13.48
73312,187.09
73313,273.42
73314,113.69
73315,237.03
73316,98.43
73317,1187.69
73318,215.01
73320,60.29
73322,409.2
73323,363.24
73324,64.03
73326,237.72
73327,3.64
73328,49.86
73329,161.09
73330,808.19
74001,1836.83
74002,226.18
74003,357.24
74005,609.24
74006,277.79
74007,312.23
74009,515.76
74010,1277.57
74012,34.5
74013,12.13
74014,219.68
74015,1257.53
74016,431.79
74018,743.45
74019,79.81
74020,41.97
74021,24.8
74024,131.68
74025,721.77
74026,824.61
74027,426.03
74029,595.95
74030,158.13
74031,504.07
74032,862.04
74033,592.57
74034,132.67
74035,440.04
74037,530.16
74038,577.3
74040,517.49
74041,46.88
74042,322.82
74043,454.27
74044,10.93
74045,676.41
74046,357.73
74048,342.43
74049,239.68
74050,172.61
74051,292.18
74052,715.04
74053,408.81
74054,310.99
74055,260.38
74056,576.93
74057,158.06
74058,539.36
74059,254.51
74060,199.01
74061,600.26
74062,138.35
74063,1247.28
74064,128.6
74065,719.29
74066,149.5
74067,253.74
74068,969.73
74069,423.19
74070,283.26
74071,151.1
74072,306.93
74073,393.57
74074,150.77
74075,634.15
74076,1185.83
74077,385.67
74078,279.49
74079,435.4
74080,1247.1
74081,136.96
74082,48.97
74083,874.86
74085,718.48
74086,231.14
74087,576.44
74088,515.04
74089,928.11
74090,171.97
74091,233.44
74094,340.88
74095,347.4
74096,1753.72
74097,341.72
74098,342.17
74099,548.32
74100,1010.49
74101,265.9
74102,350.26
74103,699.83
74104,264.19
74105,489.4
74106,224.83
74107,286.63
74108,33
74109,0
74111,227.26
74112,200.47
74114,262.79
74116,521.57
74117,187.41
74118,47.41
74121,280.48
74122,341.14
74123,978.63
74124,358.19
74126,305.28
74127,517.45
74128,63.65
74129,84.01
74131,1285.28
74133,44.44
74134,778.44
74135,194.41
74136,2690.82
74137,1006.95
74138,740.8
74139,354.87
74140,196.54
74141,304.42
74142,824.24
74143,399.39
74144,599.6
74145,162.04
74146,722.99
74147,82.57
74148,348.5
74150,208.22
74151,152.04
74152,22.22
74153,224.73
74154,286.67
74155,411.29
74156,417.52
74157,254.69
74158,311.76
74159,345.34
74160,1581.03
74161,1153.68
74162,423.16
74163,299.95
74164,267.49
74165,635.85
74166,453.37
74167,154.97
74168,296.11
74169,17.23
74170,1077.69
74171,673.33
74172,0
74173,1288.53
74174,347.54
74176,215.11
74177,702.36
74178,678.45
74179,198.77
74180,433.09
74183,1587.81
74184,684.82
74185,99.63
74186,498.3
74188,61.97
74189,310.43
74190,210.7
74191,774.03
74192,801.29
74193,809.64
74194,553.08
74195,49.37
74196,267.2
74197,163.73
74198,76.29
74200,1.35
74201,378.27
74202,305.79
74203,94.89
74205,421.53
74206,223.22
74208,740.24
74209,176.75
74210,197.24
74211,1228.61
74212,1714.22
74213,381.53
74215,446.47
74216,633.83
74218,101.62
74219,118.92
74220,1369.73
74221,269.39
74222,163.01
74223,231.35
74224,1179.06
74225,509.72
74226,431.61
74228,261.09
74229,265.72
74231,577.69
74232,445.71
74233,313.1
74234,246.64
74235,218.97
74236,1047.59
74238,417.8
74239,371.67
74240,589.17
74241,320.69
74242,438.45
74243,336.85
74244,332.87
74249,836.7
74250,661.08
74252,27.42
74253,193.39
74254,164.36
74255,933.55
74256,1933.07
74257,116.79
74258,2100.61
74259,157.75
74260,785.63
74261,29.54
74262,565.11
74263,314.65
74265,890.8
74266,141.06
74267,2.47
74269,435.78
74271,164.48
74272,811.24
74273,791.74
74275,192.97
74276,666.18
74278,169.25
74279,265.04
74280,645.1
74281,139.01
74282,4191.19
74283,366.05
74284,428.71
74285,438.8
74286,479.72
74287,273.35
74288,175.46
74289,635.78
74290,93.26
74291,75.2
74292,991.62
74293,335.55
74294,275.74
74295,78.71
74296,359.08
74297,294.71
74298,9.3
74301,394.58
74302,145.84
74303,573
74304,83.04
74305,13.67
74306,157.77
74307,45.04
74308,725.6
74309,1259.36
74310,324.78
74311,400.72
74312,91.27
74313,493.9
74314,516.46
74315,3.5
75056,1.01
76001,1134.14
76002,613.84
76004,617.8
76006,265.37
76007,521.28
76008,356.27
76009,216.45
76010,639.5
76011,189.14
76012,192.02
76013,805.53
76014,672.88
76015,902.87
76016,317.14
76017,274.13
76018,742.05
76019,906.34
76020,720.68
76021,353.39
76022,701.55
76023,410.07
76024,27.91
76025,188.32
76026,189.33
76028,116.52
76029,360.67
76030,515.43
76032,237.21
76033,83.58
76034,955.31
76035,450.53
76036,674.64
76038,105.77
76039,177.1
76040,244.84
76041,886.51
76042,345.11
76043,605.92
76045,298.68
76046,531.96
76047,60.67
76048,700.15
76049,1618.85
76050,957.52
76051,1004.57
76052,887.13
76053,795.33
76054,962.67
76055,655.15
76056,300.51
76057,467.21
76058,685.08
76059,217.23
76060,528.2
76062,539.13
76063,1835.29
76064,12.39
76065,1595.8
76066,547.24
76067,1628.83
76068,641.35
76069,34.51
76070,866.66
76071,1103.1
76072,865.71
76074,220.27
76075,272.18
76076,464.92
76077,64.38
76079,374.24
76082,545.9
76083,153.5
76084,106.79
76085,279.14
76086,444.05
76087,641.91
76088,167.77
76090,618.73
76091,287.78
76092,411.61
76093,1043.35
76094,502.83
76096,493.52
76097,5.1
76099,960.26
76100,975.4
76101,857.89
76104,705.97
76105,653.82
76106,513.57
76107,442.15
76108,237.13
76109,385.19
76110,688.71
76111,231.19
76112,190.3
76113,989.13
76114,1039.61
76115,1000.52
76116,482.78
76117,513.31
76118,448.48
76119,543.09
76120,1225.53
76121,844.24
76122,1037.81
76123,567.52
76124,524.69
76125,1131.45
76126,764.28
76128,693.79
76129,932.97
76130,400.83
76132,473.02
76133,1983.37
76134,832.72
76135,1029.22
76136,444.24
76138,767.21
76139,408.56
76140,163.28
76141,2041.38
76142,950.19
76143,1119.39
76144,787.98
76146,1908.33
76147,976.04
76148,513.45
76149,624.11
76151,253.79
76152,236.29
76153,332.07
76154,735.64
76155,575.99
76156,327.35
76157,12.36
76158,246.83
76159,1241.22
76160,99.51
76161,545.13
76162,89.16
76163,527.21
76164,1127.47
76166,1530.14
76167,961.73
76168,206.14
76169,987.5
76170,217.32
76171,677.51
76172,118.45
76173,287.89
76174,453.94
76175,1437.06
76176,230.47
76177,1046.5
76178,81.78
76179,117.41
76180,92.9
76181,359.18
76182,789.81
76183,120.23
76184,467.52
76185,277.72
76186,1025.71
76187,426.4
76188,727.08
76189,509.79
76190,264.69
76192,1403.16
76193,866.78
76194,254.43
76195,1057.89
76196,1176.97
76197,824.3
76198,458.52
76199,1840.89
76200,705.73
76202,468.4
76203,764.86
76204,432.96
76205,123.47
76206,291.04
76207,1054.83
76208,454.92
76209,1431.07
76210,191.17
76211,613.58
76213,661.58
76214,143.12
76217,203.21
76218,670.22
76219,515.27
76220,1088.18
76221,642.41
76222,566.9
76223,775.97
76224,908.6
76225,569.53
76227,280.9
76228,551.55
76229,1259.26
76230,62.35
76232,390.48
76233,339.07
76234,222.93
76235,991.5
76236,509.08
76237,462.15
76238,209.95
76239,204.09
76240,379.9
76241,428.29
76242,747.43
76243,760.79
76244,446.13
76245,214.81
76247,793.39
76249,754.78
76250,817.57
76251,510.2
76252,690.8
76253,702.23
76254,3
76255,812.27
76257,1021.27
76258,4153.02
76259,214.86
76260,979.24
76261,817.94
76262,1070.87
76263,2119.31
76264,182.92
76265,919.47
76266,431.26
76268,693.96
76269,281.81
76270,183.46
76271,371.55
76272,242.04
76274,308.78
76275,477.2
76276,296.24
76278,67.66
76279,489.8
76280,458.26
76281,576.86
76282,115.35
76283,1047.38
76284,898.22
76285,797.08
76286,1434.6
76287,550.84
76288,361.64
76289,1088.23
76290,655.04
76291,346.11
76292,104.14
76293,201.59
76294,707.66
76295,1672.97
76296,315.12
76297,1314.11
76298,59.37
76299,341.54
76300,259.96
76302,788.28
76303,510.25
76304,322.38
76305,157.51
76306,81.44
76307,318.2
76308,582.58
76309,572.46
76311,238.8
76312,423.84
76313,81.1
76314,609.59
76315,435.39
76316,53.77
76317,635.04
76318,146.35
76319,18.6
76320,1764.86
76321,1619.99
76323,161.95
76324,429.38
76325,700.74
76327,273.67
76328,596.94
76329,190.83
76330,164.89
76331,355.18
76332,644.6
76333,517.49
76334,607.37
76335,456.44
76336,653.78
76338,291.49
76339,99.05
76340,469.36
76341,71.14
76342,444.19
76343,1260.36
76344,1643.23
76345,680.93
76346,580.02
76347,1035.52
76348,508.54
76349,566.9
76351,152.47
76352,267.98
76353,544.7
76354,482.2
76355,701.62
76356,660.33
76357,722.31
76359,106.47
76360,720.03
76361,331.65
76362,205.85
76363,222.87
76364,525.32
76365,456.42
76367,10.86
76368,347.11
76369,178.73
76370,693.15
76371,216.71
76372,2033.57
76373,8.39
76374,285.36
76375,935.11
76377,312.07
76378,581.54
76379,232.87
76380,804.58
76381,406.41
76382,396.62
76383,116.78
76384,596.65
76385,1199.79
76386,618.93
76387,1106.02
76388,610.07
76389,350.07
76390,1225.07
76391,274.71
76392,1112.43
76393,200.11
76395,700.31
76396,556.62
76397,325.25
76398,410.01
76399,1312.82
76400,932.74
76401,1214.78
76402,209.09
76403,215.74
76404,581.25
76405,576.42
76406,126.57
76407,632.52
76408,616.33
76409,309.85
76411,625.35
76412,1557.39
76413,347.48
76414,846.58
76415,1121.87
76416,478.16
76417,468.37
76418,500.01
76419,124.8
76420,708.87
76421,613.23
76422,422.74
76423,826.48
76424,217.22
76425,344.41
76426,117.23
76427,725.08
76428,128.58
76429,106.25
76430,430.98
76431,403.28
76432,717.99
76433,652.94
76434,645
76435,21.05
76436,30.76
76437,0.5
76438,457.33
76439,325.32
76440,115.43
76441,180.15
76442,1094.21
76443,369.67
76445,570.33
76446,112.41
76447,715.45
76448,229.53
76449,478.58
76450,352.11
76451,17.79
76452,87.02
76453,457.71
76454,412.52
76455,294.5
76456,592.23
76458,84.77
76459,1822.97
76460,702.44
76461,405.61
76462,441.72
76463,820.69
76464,1698.57
76465,1508.34
76467,685.17
76468,365.44
76469,858.64
76470,1192.6
76471,794.37
76472,943.67
76473,290.72
76475,394.86
76476,1128.96
76477,286.76
76478,540.84
76479,111.21
76480,839.63
76481,1154.06
76482,1460.96
76483,186.38
76484,110.39
76485,425.33
76487,1113.92
76488,889.18
76489,121.24
76490,781
76491,442.35
76492,852.03
76493,523.22
76494,166.77
76495,658.69
76499,1026.06
76500,484.53
76501,99.75
76502,117.95
76503,1223.04
76504,200.85
76505,381.04
76506,391.16
76507,193.61
76508,335.1
76509,1612.09
76510,234.54
76511,479.31
76512,453.03
76513,400.18
76514,309.56
76515,168.9
76516,209.21
76517,1419.48
76518,1190.25
76519,107.16
76520,502.5
76521,321.09
76522,567.29
76523,420.4
76524,334.5
76526,100.61
76527,709.66
76528,187.62
76529,917.46
76530,4.57
76531,428.12
76532,731.12
76533,162.23
76534,666.78
76535,366.96
76536,65.9
76537,412.01
76538,134
76540,2.45
76541,852.57
76542,219.9
76543,959.58
76544,1011.73
76545,158.31
76546,360.66
76547,649.4
76548,8.09
76549,316.22
76550,331.81
76551,831.21
76553,992.89
76554,613.94
76555,884.09
76556,287.02
76557,790.24
76558,693.22
76559,425.29
76560,269.68
76562,792.48
76563,447.23
76564,270.21
76565,458.66
76566,388
76567,1346.98
76568,203.78
76569,700.26
76570,235.23
76571,1020.34
76573,337
76574,560.53
76575,0.39
76576,268.69
76577,603.42
76578,695.28
76580,909.2
76581,660.29
76582,289.17
76583,79.16
76584,551.84
76585,102.61
76586,260.32
76587,872.79
76588,498.61
76589,394.22
76590,830.91
76591,926.84
76592,1215.78
76593,563.98
76594,402.22
76595,1449.04
76596,519.93
76597,523.59
76598,674.69
76599,0.1
76600,794.59
76601,140.95
76602,983.62
76603,510.87
76604,648.68
76605,127.97
76606,465.16
76608,677.28
76609,473.56
76610,219.52
76611,267.3
76612,559.81
76613,725
76614,309.08
76615,126.1
76616,550.76
76617,283.92
76618,7259.61
76619,1285.16
76620,500.26
76621,1678.11
76622,641.61
76623,701.46
76624,514.28
76626,59.91
76627,227.62
76628,429.25
76629,315.61
76630,50.84
76631,1265.49
76632,436.03
76634,711.44
76635,686.8
76636,576.1
76637,76.02
76638,54.46
76640,64.62
76641,834.65
76642,307.22
76644,756.15
76645,246.5
76646,335.12
76647,852.26
76648,899.68
76649,1229
76650,873.33
76651,266.16
76652,519.48
76653,1118.94
76654,651.15
76655,164.2
76656,829.24
76657,425.63
76658,592.13
76660,179.86
76662,446.79
76663,240.92
76664,566.33
76665,303.48
76666,1529
76667,288.05
76668,724.01
76669,260.1
76670,275.87
76671,241.24
76672,337.38
76673,765.47
76675,1114.19
76676,2636.15
76677,1450.69
76678,1225.09
76679,828.63
76680,577.55
76682,381.23
76683,712.76
76684,359.61
76685,153.58
76686,363.58
76688,682.98
76689,318.88
76690,166.28
76691,981.28
76692,439.04
76693,271.83
76694,149.26
76695,589.11
76697,228.17
76698,214.45
76699,208.86
76700,779.53
76702,861.16
76703,496.39
76705,9.72
76706,542.23
76707,73.91
76708,315.12
76710,424.65
76711,574.35
76712,189.09
76714,1062.92
76715,1136.24
76716,734.94
76718,787.51
76719,64.95
76720,56.91
76721,851.67
76723,386.79
76724,116.64
76725,660.07
76726,166.1
76727,563.47
76728,273.29
76730,247.2
76731,268.22
76732,503.66
76733,159.11
76734,222.33
76735,103.53
76736,546.72
76737,299.72
76738,548.09
76739,1355.81
76740,771.87
76741,365.33
76743,209.41
76744,143.42
76745,685.82
76746,277.39
76747,555.51
76748,167.65
76749,2138.96
76750,45.5
76751,459.46
76752,950.99
76753,100.31
76754,39.23
76755,865.05
76756,1125.89
76757,506.62
76758,243.72
76759,391.41
77001,794.63
77002,1537.29
77003,862.12
77004,778.87
77005,49.44
77006,230.59
77008,317.1
77009,1213.53
77010,2056.07
77011,1755.06
77012,1250.59
77013,1057.8
77015,274.59
77016,194.85
77018,123.57
77019,498.97
77020,1681.6
77021,220.63
77022,229.16
77023,783.39
77024,2327.62
77025,1558.48
77026,3453.63
77027,1880.77
77029,305.54
77030,544.15
77031,765.02
77032,1108.27
77033,611.13
77034,527.59
77035,1704.57
77036,139.56
77040,60.94
77041,1544.14
77042,442.1
77044,1017.37
77045,1732.44
77046,230.61
77047,472.21
77048,369.47
77049,969.77
77050,1000.62
77051,261.67
77053,1230.56
77054,839.08
77056,49.16
77057,593.52
77058,61.8
77059,109.22
77060,1039.14
77061,79.53
77062,105.36
77063,732.45
77065,170
77066,1299.94
77067,254.26
77068,146.89
77069,991.38
77070,1242.91
77071,2855.69
77072,1457.6
77073,277.43
77076,359.58
77077,937.5
77078,569.8
77080,830.39
77081,424.04
77082,615.34
77084,274.43
77086,704.62
77087,497.09
77088,1364.03
77089,121.97
77090,643.67
77091,338.08
77093,1210.4
77094,733.05
77095,1388.87
77097,1349.77
77098,212.71
77099,1709.7
77100,2038.95
77101,539.01
77102,146.44
77103,323.27
77104,565.36
77106,495.13
77107,1012.8
77108,84.06
77109,3089.5
77110,1351.42
77111,210.33
77112,726.44
77113,1365
77114,883.6
77115,646.03
77116,2579.82
77117,92.53
77118,161.48
77119,310.13
77120,550.14
77122,609.32
77123,362.54
77124,14.69
77126,676.17
77127,483.34
77128,99.85
77129,2078.82
77130,503
77131,241.12
77132,137.47
77133,841.07
77134,1021.33
77135,853.03
77136,775.8
77137,885.95
77138,193.66
77139,67.23
77140,381.11
77141,480.21
77142,1209.42
77143,240.19
77144,270.87
77145,1209.97
77147,2230.91
77148,214.21
77150,313.93
77151,439.88
77153,237.74
77154,450.36
77155,118.32
77156,450.62
77157,580.17
77158,1278.59
77159,115.79
77161,770.1
77162,1472.37
77163,432.03
77164,830.81
77165,567.24
77167,1353.46
77168,1663.61
77171,48.6
77172,982.6
77173,1149.89
77174,232.27
77175,1209.1
77176,767
77177,869.1
77178,677.18
77179,590.11
77180,760.21
77182,1614.88
77183,243.01
77184,120.68
77185,717.25
77187,919.31
77190,1333.77
77191,160.06
77192,1349.71
77193,478.26
77194,949.79
77195,879.56
77196,1044.38
77197,496.08
77198,1381.25
77199,39.34
77200,1095.92
77201,1262.64
77202,613.85
77203,147.49
77204,382.76
77205,612.37
77206,489.3
77207,785.42
77208,912.66
77209,4.3
77210,1721.18
77211,1814.64
77212,431.58
77214,151.12
77215,13.6
77217,962.7
77218,545.13
77219,1083.18
77220,1116.58
77221,71.04
77222,617.85
77223,282.96
77224,208.45
77225,1111.94
77226,638.37
77227,1178.01
77228,162.76
77229,718.65
77230,601.92
77231,100.5
77232,360.76
77233,904.58
77234,405.08
77235,802.98
77236,807.39
77237,932.41
77238,2844.95
77239,3024.36
77240,1301.5
77241,637.86
77242,122.04
77243,69.89
77244,1026.07
77245,387.01
77246,2096.6
77247,590.06
77248,88.38
77249,166.3
77250,997.09
77251,184.7
77252,759.91
77253,900.87
77254,361.12
77255,195.32
77256,418.1
77257,740.96
77259,461.59
77260,62.38
77261,2324.36
77262,2806.96
77263,541.32
77264,2348.92
77265,79.55
77266,484.66
77267,149.9
77269,329.38
77270,1342.9
77271,422.1
77272,1831.42
77273,329.85
77274,316.64
77275,382.56
77276,85.07
77277,837.72
77278,772.35
77279,534.74
77280,89.37
77281,149.41
77282,489.09
77283,987.32
77284,301.51
77286,197.05
77287,214.79
77288,124.45
77289,619.71
77291,396.66
77292,739.63
77293,250.82
77294,1131.3
77295,1101.02
77296,501.23
77297,2733.97
77298,658.29
77301,791.85
77303,874.64
77304,229.97
77306,591.75
77308,128.14
77309,810.49
77310,786.86
77311,1104.3
77312,46.53
77313,528.36
77314,660.54
77315,127.2
77316,1386.71
77317,1177.4
77318,305.17
77319,1277.81
77320,444.28
77321,601.49
77322,586.66
77323,177.97
77325,403.89
77327,3045.42
77328,55.08
77329,310.48
77331,7.22
77332,326.35
77335,1009.67
77336,241.35
77338,737.43
77339,694.37
77340,293.81
77341,586.84
77342,778.7
77343,891.75
77344,1334.44
77345,114.35
77347,616.75
77348,222.23
77349,589.69
77350,24.39
77352,538.71
77353,517.4
77354,415.91
77355,54.53
77356,288.98
77357,2400.44
77358,205.43
77359,749.39
77360,391.53
77361,671.78
77363,116.79
77364,304.69
77365,215.79
77367,824.63
77368,305.81
77369,44.41
77370,860.23
77371,449.13
77372,40
77373,193.65
77377,762.62
77378,230.28
77379,1143.83
77380,1171.16
77381,1236.41
77382,484.06
77383,1327.07
77384,1186.02
77385,889.57
77386,200.08
77387,1346.06
77388,78.69
77390,210.32
77391,162.57
77392,428.01
77393,553.1
77394,274.28
77395,498.51
77396,422.67
77397,318.1
77398,715.15
77400,198.92
77401,285.65
77402,2254.64
77403,896.35
77404,345.97
77405,1638.64
77406,756.27
77407,888.16
77408,99.07
77409,337.72
77410,594.42
77411,1195.52
77412,130.74
77413,16.86
77414,1762.3
77415,806.91
77416,980.18
77417,946.44
77418,824.74
77420,584.95
77421,1139.12
77423,757.4
77424,1326.14
77425,744.54
77426,496.47
77427,767.98
77428,70.43
77429,106.76
77430,6.62
77431,479.36
77432,848.02
77433,3187.67
77435,221.52
77436,595.3
77437,1117.6
77438,122.52
77439,729.86
77440,674.52
77441,45.15
77442,47.18
77443,283.02
77444,1643.1
77445,1
77446,518.46
77450,105.99
77451,624.31
77452,666.81
77453,1344.83
77454,399.08
77455,244.37
77456,753.42
77457,752.74
77458,1358.99
77459,1208.57
77460,1276.58
77461,754.23
77462,659.15
77464,76.41
77465,551.64
77467,360.04
77469,542.4
77470,697.22
77471,1668.29
77472,664.65
77473,560.07
77474,617.84
77475,463.41
77476,581.88
77477,921.09
77478,1031.32
77480,1000.94
77481,361.01
77482,540.56
77483,617.95
77484,318.72
77485,179.01
77486,2401.99
77487,221.39
77489,135.06
77490,971.07
77492,2661.86
77493,549.97
77494,511.05
77495,667.87
77496,283.62
77500,1270.35
77501,297.07
77504,937.15
77505,642.7
77506,1749.23
77507,2168.68
77508,293.54
77509,178.37
77510,132.2
77511,677.44
77512,297.73
77513,412.83
77514,167.1
77515,810.47
77516,725.83
77517,91.03
77518,781.28
77519,3394.8
77520,441.66
77522,614.36
77523,693.15
77524,879.43
77525,738.7
77526,782.23
77527,1876.78
77528,321.89
77529,790.6
77530,2077.85
77531,600.44
77532,1187.49
77533,127.18
77534,322.7
78003,1841.57
78006,24.38
78007,3.63
78009,1544.77
78010,621.73
78013,849.23
78020,987.32
78029,86.08
78030,436.49
78033,447.94
78034,154.62
78036,102.71
78043,273.01
78048,381.41
78049,207.9
78050,709.77
78053,452.39
78057,580.58
78062,606.88
78068,761.57
78070,703.67
78071,841.91
78076,543.35
78077,476.5
78082,693.65
78084,459.52
78087,713.03
78089,288.16
78090,447.54
78096,338.03
78104,240.07
78107,217.05
78108,795.31
78113,341.03
78118,185.42
78120,329.73
78124,29.35
78125,668.97
78128,465.66
78133,24.97
78140,229.69
78147,136.65
78152,248.45
78158,556.35
78160,520.29
78162,418.63
78163,487.99
78165,122.1
78168,36.53
78171,312.1
78172,250.85
78188,155.42
78189,1025.44
78190,0
78192,232.66
78193,467.45
78194,331.19
78196,277.13
78202,427.48
78206,983.57
78209,423.69
78217,277.28
78220,994.38
78227,100.27
78230,163.47
78231,239.59
78233,290.66
78234,284.5
78236,875.6
78238,87.58
78239,140.62
78242,182.11
78245,195.11
78246,763.6
78255,349.85
78261,609.14
78262,55.47
78263,1542.48
78264,9.86
78265,691.7
78267,182.55
78269,1396.1
78276,286.8
78278,463.28
78281,100
78283,473
78285,178.78
78289,282.4
78290,140.31
78291,1072.03
78296,430.07
78300,124.08
78302,122.22
78305,6.73
78307,758.78
78310,1030.18
78311,0.8
78317,151.21
78320,573.33
78321,807.21
78322,0.38
78324,460.69
78325,697.12
78327,243.83
78329,226.14
78334,298.38
78335,80.27
78337,43.71
78344,601.02
78346,1617.75
78349,336.36
78350,115.96
78354,102.39
78356,749.75
78358,16.5
78364,385.35
78366,433.29
78368,216.97
78372,148.69
78380,859.16
78381,396.27
78382,310.55
78383,125
78384,5.75
78385,453.66
78389,566.44
78396,116.55
78397,459.92
78398,6.29
78402,376.78
78403,211.42
78407,491.68
78413,430.51
78415,449.97
78416,200.98
78417,802.92
78418,143.23
78420,197.89
78431,189.29
78437,155.28
78439,223.37
78440,47.96
78443,910.37
78444,1211.37
78451,56.74
78460,190.56
78464,833.87
78465,608.33
78466,556.58
78470,727.64
78472,1119.56
78474,232.45
78475,195.88
78478,923.7
78484,682.75
78486,225.26
78490,634.23
78497,105.88
78498,620.27
78499,273.59
78505,483.28
78506,2516.14
78513,196.46
78516,590.9
78517,491.21
78518,222.31
78520,828.77
78528,83.92
78530,308.44
78531,101.79
78536,285.99
78537,301.75
78545,145.23
78548,6.75
78550,119.44
78551,47.94
78557,330.22
78558,548.01
78559,303.01
78561,299.03
78562,0.02
78564,1085.68
78565,434.3
78569,500.72
78571,506.48
78575,81.01
78576,319.82
78588,504.26
78590,21.5
78591,34.61
78597,399.41
78601,2571.08
78605,144.04
78606,193.65
78608,453.17
78609,74.23
78615,504.51
78616,405.23
78618,541.63
78620,422.14
78621,0
78623,224.46
78624,9
78643,152.05
78646,78.96
78647,204.57
78653,661.48
78655,291.39
78668,949.97
78672,50.44
78674,512.03
78677,421.94
78681,0
78683,258.45
78688,10.49
79001,988.59
79002,1412.1
79003,1801.55
79005,5099.04
79007,2048.47
79008,2302.69
79009,1211.54
79010,485.7
79012,2106.25
79013,8158.69
79014,3524.16
79015,1412.07
79016,6025.47
79018,1282.55
79019,209.37
79020,1552.17
79022,523.53
79023,1935.64
79024,2216.5
79025,1346.68
79029,1821.41
79030,1906.93
79031,1004.84
79032,1002.98
79034,619.02
79038,1916.4
79040,1127.88
79042,935.44
79046,1327.42
79047,808
79048,2009.72
79049,13911.06
79050,860.83
79055,726.86
79056,417.65
79057,1367.58
79058,1718.09
79059,2062.07
79061,2239.7
79062,1325.17
79063,6171.92
79064,1547.26
79066,782.46
79069,1560.42
79070,1147.46
79071,1948.39
79074,499.8
79076,2983.68
79077,2722.9
79078,3597.11
79079,9281.07
79080,732.73
79081,831.91
79083,3963.36
79084,981.22
79085,916.48
79086,1712.03
79087,1194.3
79088,3743.3
79089,379.02
79090,487.01
79091,1226.65
79092,820.67
79094,2301.41
79095,2058.98
79096,1407.81
79100,2956.5
79101,1490.76
79102,1925.58
79103,1801.8
79104,1579.68
79105,2378.31
79106,2401.16
79108,798.34
79109,1562.27
79111,833.87
79112,918.89
79114,1245.22
79115,3157.13
79116,1599.67
79117,1722.41
79118,1126.21
79119,2414.69
79120,2012.24
79121,2078.31
79122,1243.15
79123,5143.89
79124,287.1
79125,1333.36
79126,763.89
79127,1667.17
79128,394.9
79129,361.39
79130,2250.91
79131,1308.32
79132,1992.97
79133,1661.86
79134,1680.87
79135,4503.9
79136,2912.58
79137,1216.39
79139,291.74
79140,3299.62
79141,1256.93
79142,214.91
79144,455.29
79145,1246.45
79147,2224.23
79148,3143.82
79149,1495.91
79150,1394.64
79152,1107.83
79153,1113.9
79154,1394.28
79156,1513.34
79157,2317.22
79158,355.16
79159,786.07
79160,1183.33
79161,793.69
79162,902.31
79163,1035.61
79164,487.12
79165,1104.48
79166,2515.75
79167,738
79170,2415.95
79172,1000.14
79174,4398.67
79175,1448.42
79176,1374.01
79177,705.76
79179,7015.27
79183,673.42
79184,571.27
79185,6259.69
79189,1568.46
79190,1342.81
79191,2593.46
79195,9045.72
79196,8280.27
79197,294.44
79198,1703.04
79200,1284.11
79201,3083.6
79202,89.28
79203,697.09
79204,1730.79
79207,1699.23
79208,4273.93
79209,1314.51
79210,851.44
79213,900.66
79215,1339.92
79216,1867.33
79217,1695.24
79218,661.03
79220,1245.93
79225,447.23
79226,883.42
79229,619.66
79230,4237
79231,677.21
79235,2867.13
79236,1153.97
79238,795.78
79239,3341.62
79241,1175.93
79242,2487.86
79243,1090.09
79244,993.83
79246,601.01
79249,1354.06
79250,491.68
79251,1799.32
79252,1279.41
79253,2094.48
79254,1234.16
79255,1118.35
79256,666.2
79257,2124.18
79258,391.92
79259,527.05
79263,245.89
79265,1543.94
79267,662.39
79268,707.99
79269,956.71
79271,686.21
79273,1267.56
79274,1131.37
79276,964.48
79277,1702.94
79278,1056.53
79280,4474.34
79281,778.6
79283,44.8
79284,1027.41
79285,2835.63
79286,1751.52
79289,2222.37
79290,2032.69
79293,1101.37
79294,1153.68
79295,924.86
79297,1575.96
79298,2995.23
79299,2515.53
79300,530.76
79301,1541.04
79302,1508.07
79303,1058.71
79304,365.27
79306,943.47
79307,4794.51
79308,152.98
79309,842.09
79310,1654.92
79311,2916.28
79312,1019.84
79313,1320.43
79316,1671.94
79319,1768.01
79320,1116.22
79322,1245.36
79326,3516.31
79329,4783.64
79331,517.97
79332,869.07
79334,2012.48
79335,807.96
79336,1186.57
79337,325.47
79338,1452.14
79339,6396.51
79340,1297.22
79341,928.84
79342,2474.82
79343,913.1
79345,2346.67
79346,336.75
79347,1074.04
79348,839.57
79349,2070.99
79350,129.24
79351,2649.09
79352,1377.79
79354,1054.51
79355,2449.87
79357,444.02
80001,1342.22
80002,285.35
80003,765.87
80004,953.56
80005,191.45
80006,636.72
80008,538.8
80009,1996.76
80010,1288.3
80011,595.64
80013,1431.27
80014,102.63
80015,341.7
80016,982.51
80017,417.69
80018,63.68
80019,1082.34
80020,663.64
80021,1257.26
80022,881.59
80023,414.34
80024,569.92
80025,342.23
80026,61.11
80027,377.83
80028,445.86
80029,1072.75
80030,1458.2
80031,1079.11
80032,478.16
80033,590.82
80034,870.51
80035,76.68
80036,1428.59
80037,438.38
80038,920.37
80039,204.13
80040,398.27
80041,450.68
80042,571.2
80043,776.59
80044,389.29
80045,95.59
80046,210.26
80047,274.34
80048,170.69
80049,283.86
80050,282.83
80051,1382.61
80052,603.3
80053,227.62
80054,986.41
80055,1008.32
80056,98.58
80057,6.36
80058,1149.96
80059,874.8
80060,361.8
80061,149.88
80062,664.15
80063,280.95
80064,328.58
80065,358.07
80066,369.7
80067,583.34
80068,252.99
80069,954.5
80070,1868.53
80071,2128.47
80073,201.67
80074,572.27
80076,704.69
80077,733.38
80078,77.85
80079,812.06
80080,527.3
80081,785.2
80082,1155.51
80083,361.59
80084,340.24
80085,284.07
80086,1040.78
80087,702.31
80088,430.4
80089,942.33
80090,311.12
80092,681.76
80093,622.75
80094,451.5
80095,308.31
80096,384.37
80097,478.34
80098,12.15
80099,683.85
80100,647.65
80101,1255.41
80102,531.08
80103,232.41
80104,126.54
80105,427.42
80106,495.57
80107,1020.4
80108,201.58
80109,719.38
80110,658.56
80112,1194.92
80113,512.43
80114,791.8
80115,376.73
80116,1037.96
80117,835.72
80118,187.6
80119,850.8
80120,1106.01
80121,153.91
80122,457.16
80123,6.43
80124,732.98
80125,240.59
80126,550.26
80127,574.16
80128,280.07
80129,866.55
80130,414.38
80131,748.44
80132,517.24
80133,385.07
80134,331.92
80135,93.17
80136,1930.36
80137,150.25
80138,129.86
80139,308.45
80140,3.34
80141,292.79
80142,574.56
80143,95.42
80144,751.51
80145,583.99
80146,510.38
80147,1221.45
80148,1354.52
80149,834.96
80150,568.97
80151,803.86
80152,228.6
80153,491.11
80154,418.32
80155,1137.2
80156,375.55
80157,385.41
80159,376.94
80160,387.17
80161,349.98
80162,1101.72
80163,540.31
80164,783.03
80165,1009.69
80166,965.27
80167,386.05
80168,1582.77
80169,406.61
80170,463.21
80171,496.14
80172,574.24
80173,367.04
80174,508.55
80177,993.58
80179,853.77
80180,956.34
80181,1213.43
80182,1727.27
80183,553.59
80184,738.59
80185,895.09
80186,478.1
80187,713.12
80188,1297.42
80189,40.37
80190,643.45
80191,327.29
80192,184.89
80193,738.52
80194,499.8
80195,463.6
80196,468.49
80197,113.97
80198,1340.08
80199,706.56
80200,547.76
80201,653.95
80202,373.84
80203,638.85
80204,1722.7
80205,556.8
80206,444.18
80207,285.64
80208,1222.75
80210,654.01
80211,1001.48
80212,626.75
80213,568.33
80214,773.26
80215,494.74
80216,485.56
80217,285.55
80218,750.09
80219,193.62
80220,224.3
80221,669.61
80222,928.88
80223,307.37
80224,566.36
80226,1039.5
80227,633.05
80228,1304.44
80229,624.55
80230,972.6
80231,701.35
80232,493.14
80233,514.6
80234,364.33
80235,468.31
80236,780.7
80237,369.23
80238,813.97
80239,124.3
80240,847.22
80241,803.55
80242,418.93
80243,148.85
80244,553.82
80245,958.49
80246,538.55
80247,1181.28
80248,1368.53
80249,597.76
80250,801.07
80251,436.1
80252,1234.54
80253,2494.86
80258,432.13
80259,344.23
80260,124.63
80261,1068.43
80262,267.69
80263,330.84
80265,324.77
80266,61.86
80267,427.93
80268,209.51
80269,458.52
80270,276.44
80271,973.1
80273,1112.38
80274,44.13
80275,360.38
80276,1212.38
80278,208.14
80279,1207.26
80280,446.09
80281,290.57
80282,177.33
80283,232.71
80284,1899.67
80285,117.26
80287,796.34
80288,800.1
80290,1525.09
80291,666.17
80292,471.56
80293,425.17
80294,116.29
80295,1232.96
80296,192.81
80297,221.43
80298,339.7
80299,884.96
80300,543.04
80301,652.34
80302,653.4
80303,518.41
80304,715.44
80305,1.56
80306,446.5
80307,804.21
80308,448.47
80310,587.59
80311,413.09
80312,648.84
80313,501.63
80314,301.87
80315,539.27
80316,1355.95
80317,858.54
80318,379.07
80319,208.14
80320,365.82
80322,671.89
80324,598.91
80325,336.54
80326,465.54
80327,741.3
80328,311.85
80329,751.59
80330,275.44
80331,80.13
80332,1138.52
80335,876.4
80336,385.7
80337,112.93
80338,284.56
80339,411.34
80340,326.59
80341,647.6
80342,938.58
80343,532.62
80344,170.38
80345,1128.41
80347,216.98
80348,639.46
80349,721.86
80350,507.16
80351,329.09
80352,152.65
80353,412.86
80354,127.15
80355,324.87
80356,195.65
80357,439.16
80358,209.21
80359,1251.87
80360,402.35
80361,523.86
80362,496.44
80364,397.21
80365,264.47
80366,803.7
80367,343.08
80368,710.38
80369,271.48
80371,728.23
80372,583.77
80373,97.67
80374,1438.29
80375,285.68
80376,538.83
80377,565.19
80378,103.02
80379,60.8
80380,687.05
80381,591.37
80383,209.1
80384,809.62
80385,446.56
80386,119.33
80387,139.83
80388,527.32
80390,1298.2
80391,576.64
80392,334.92
80393,584.47
80395,832.95
80396,1326.27
80397,227.59
80399,274.79
80400,226.3
80401,529.1
80402,238.93
80403,14.77
80404,571.13
80405,90.74
80406,1897.83
80407,441.31
80408,558.26
80409,266.56
80410,998.81
80411,601.37
80412,304.64
80413,468.37
80414,518.95
80415,1823.58
80416,384.4
80417,1405.06
80418,377.17
80420,627.58
80421,445.84
80422,365.11
80423,576.11
80424,654.57
80425,259.86
80426,387.64
80427,226.38
80428,172
80429,297.47
80430,655.02
80431,552.45
80432,684.42
80433,127.48
80434,599.3
80435,325.4
80436,1957.56
80437,532.68
80438,1452.11
80439,1239.16
80440,487.14
80442,1435.17
80443,5116.29
80444,1064.07
80445,580.22
80446,486.75
80449,267.89
80450,189.81
80451,508.26
80452,1131.73
80453,308.07
80456,2010.45
80458,468.7
80459,590.4
80460,900.82
80461,415.09
80462,1057.88
80463,571.39
80464,756.03
80465,100.08
80467,724.6
80468,575.57
80469,600.39
80470,609.27
80472,1230.38
80473,267.17
80474,494.36
80475,930.71
80476,319.38
80477,428.36
80478,257.17
80479,820.13
80480,502.71
80481,547.49
80482,244.24
80485,1908.37
80486,779.75
80487,340.15
80488,483.86
80490,101.17
80491,143.51
80493,1034.1
80494,511.86
80495,919.96
80496,378.68
80497,227.92
80498,598.15
80499,1026.7
80500,1228.56
80501,625.68
80502,611.24
80503,812.37
80504,159.46
80505,956.59
80507,971.44
80508,259.16
80509,1049.82
80511,101.05
80512,180.93
80513,335.69
80514,270.1
80515,215.55
80516,345.98
80517,430.7
80518,468.36
80519,994.13
80520,509.18
80521,1462.43
80522,50.3
80523,537.27
80524,631.38
80525,710.93
80526,804.16
80527,667.64
80528,145.97
80529,460.76
80530,137.2
80531,229.19
80533,215.31
80535,637.85
80536,587.13
80537,490.7
80538,12.06
80540,980.51
80541,350.26
80542,984.34
80543,310.16
80544,141.71
80545,893.26
80546,547.06
80547,244.87
80548,516.03
80549,1150.76
80550,196.08
80552,1508.34
80553,515.06
80554,867.38
80555,752.38
80556,1067.64
80557,1291.51
80558,529.42
80559,1105.15
80560,255.31
80561,920.33
80562,342.29
80563,160.15
80565,112.04
80566,1226
80568,425.76
80569,359.27
80570,1360.69
80571,386.43
80572,749.29
80573,1554.47
80574,276.85
80575,327.29
80576,359.4
80577,994.85
80578,1134.16
80579,277.05
80580,974.56
80582,1872.87
80583,264.97
80584,877.1
80585,359.6
80586,209.21
80588,390.17
80589,353.4
80590,677.41
80591,427.27
80592,775.16
80593,351.11
80595,296.63
80596,479.28
80597,707.39
80598,1078.49
80599,1083.81
80600,1472.81
80601,406.26
80602,343.74
80603,224.14
80604,571.55
80605,815.23
80606,499.83
80607,159.76
80609,619.25
80611,1212.94
80613,100.01
80614,974.34
80615,959.1
80616,359.06
80617,1300.61
80618,733.31
80619,408.3
80620,808.46
80621,1506.49
80622,632.56
80623,849.4
80624,238.73
80625,472.45
80626,544.84
80627,1024.45
80628,1010.54
80629,40.77
80630,101.84
80631,540.76
80632,227.86
80633,811.28
80634,427.4
80635,499.35
80637,617.7
80639,618.84
80640,256.45
80642,775.09
80643,646.47
80644,974.62
80645,735.06
80646,247.14
80647,297.03
80648,542.63
80649,2026.23
80650,666.44
80651,271.94
80652,733.3
80654,607.71
80655,1084.84
80656,260.73
80657,1080.15
80658,543.87
80659,801.35
80661,691.71
80662,346.66
80663,1076.11
80664,169.08
80665,410.32
80667,96.24
80668,160.64
80669,635.83
80670,887.65
80671,178.62
80672,347.31
80673,328.88
80674,174.08
80675,202.65
80676,368.15
80677,1452.06
80678,1253.43
80679,311.44
80680,534.78
80681,1232.33
80682,774.04
80683,171.23
80684,391.51
80685,1346.24
80686,1929.17
80687,424.96
80688,994.43
80690,405.92
80691,412.24
80692,1531.54
80693,480.28
80694,642.64
80695,847.15
80696,1072.3
80697,465.88
80698,550.55
80699,249.05
80700,944.8
80701,47.9
80702,526.9
80703,115.5
80704,768.94
80705,206.18
80706,404
80708,347.97
80709,549.48
80710,120.12
80713,623.87
80714,446.07
80716,1755.89
80717,935.34
80718,151.31
80719,334.58
80721,387.2
80722,569.78
80723,1159.57
80724,403.61
80725,240.81
80726,472.21
80728,1.95
80729,414
80730,470.74
80732,231.77
80733,976.69
80734,424.42
80735,410.11
80736,70.49
80737,284.91
80738,426.23
80740,896.64
80741,739.1
80742,188.37
80743,602.13
80744,148.67
80746,1857.09
80747,857.62
80748,651.87
80749,802.77
80750,216.41
80751,405.46
80752,588.1
80753,709.03
80754,1553.4
80755,67.15
80756,275.57
80757,552.63
80758,918.44
80759,790.25
80760,248.6
80762,1226.26
80763,408.92
80764,563.83
80765,1141.39
80766,1078.19
80767,582.54
80770,131.26
80771,199.87
80773,76.91
80774,296.52
80775,244.38
80776,330.83
80777,406.21
80778,75.62
80779,399.14
80780,657.5
80781,752.99
80782,1055.36
80783,337.65
80784,251.34
80785,585.98
80786,291.92
80787,82.52
80788,703.37
80789,345.01
80790,924.82
80791,648.41
80792,770.73
80793,2280.44
80794,64.57
80795,621.82
80796,470.75
80797,634.3
80798,788.93
80799,1991.62
80800,741.26
80801,263.96
80802,950.43
80803,93.35
80805,633.83
80806,851.5
80807,160.37
80808,1785.37
80809,1064.17
80810,297.88
80811,411.02
80812,531.39
80813,61.9
80814,1632.17
80815,1682
80819,98.17
80820,672.97
80821,448.68
80822,119
80823,210.97
80824,424.67
80825,420.19
80826,926.46
80827,801.07
80828,127.9
80829,395.56
80832,780.4
80833,577.04
80834,54.56
80835,101.4
80836,500.82
81001,926.86
81002,948.17
81003,867.59
81004,394.72
81005,460.36
81006,1155.16
81007,73.82
81008,671.3
81009,332.69
81010,1198.15
81011,1206.04
81012,183.1
81013,1656.62
81014,2116.58
81015,370.38
81016,389.79
81017,946.42
81018,242.27
81019,848.58
81020,399.92
81021,132.08
81022,567.11
81023,1442.82
81024,685.79
81025,889.48
81026,1356.63
81027,702.97
81028,464.63
81029,518.11
81031,837.15
81032,1093.7
81033,1.8
81034,450.7
81035,485.98
81036,99.11
81037,481.16
81038,1364.91
81039,949.01
81040,915.04
81041,205.1
81042,240.27
81043,431.74
81044,290.85
81045,439.27
81046,3856.47
81047,814.56
81048,836.39
81049,555.04
81050,1749.5
81051,2489.07
81052,420.49
81053,399.48
81054,585.71
81055,205.34
81056,500.33
81058,552.72
81059,818.91
81060,418.49
81061,882.46
81062,3788.02
81063,1307.4
81064,3457.77
81065,4276.5
81066,336.55
81067,909.31
81068,247.63
81069,504.94
81070,1689.99
81071,238.01
81072,1178.75
81073,377.36
81074,348.11
81075,1221.19
81076,1728.96
81077,2133.75
81078,1445.53
81079,962.16
81080,132.72
81081,719.17
81082,802.04
81084,773.8
81085,158
81086,318.4
81087,348.18
81088,1348.37
81089,1029.8
81090,559.14
81092,1745.57
81093,1016.7
81094,231.1
81095,430.28
81096,1724.87
81097,1311.73
81098,665.49
81099,2030.35
81100,629.16
81101,884.51
81102,1144.19
81103,421.58
81104,1880.93
81105,2671.71
81106,2352.64
81108,147.29
81109,1277.48
81110,245.4
81111,280.76
81112,772.71
81114,1075.09
81115,0
81116,204.47
81117,1987.85
81118,332.99
81119,285.01
81120,1619.8
81121,349.71
81122,347.67
81123,354.34
81124,3204.26
81125,865.84
81126,552.78
81127,551.87
81128,172.45
81129,651.76
81130,304.01
81131,310.21
81132,785.37
81133,1172.99
81134,97.86
81135,697.71
81136,386.3
81137,233.92
81138,784.77
81139,3806.87
81140,3396.2
81141,1009.26
81142,979.21
81143,490.96
81144,326.95
81145,4612.64
81146,836.16
81147,3297.13
81148,168.66
81149,280.75
81150,724.68
81151,486.38
81152,1041.56
81154,205.64
81156,133.59
81157,794.7
81158,3354.72
81159,237.56
81160,160.53
81161,688.97
81162,277.95
81163,762.71
81164,238.52
81165,360.2
81166,431.22
81167,417.76
81168,1756.75
81169,260.64
81170,1268.54
81171,2093.81
81172,434.43
81173,340.08
81174,778.66
81175,1293.95
81176,46.71
81177,632.34
81178,1710.96
81179,1311.86
81180,1341.86
81181,471.3
81182,6161.55
81183,826.9
81185,710.8
81186,1640.07
81187,399.9
81188,1450.75
81189,503.97
81190,887.65
81191,597.02
81192,5030.02
81193,1165.59
81195,526.69
81196,638.62
81197,743.08
81198,580.98
81199,718.27
81200,639.78
81201,1357.57
81202,1881.35
81203,3986.33
81204,407.44
81205,712.72
81206,1430.57
81207,183.02
81208,909.49
81209,1132.45
81210,207.19
81211,829.9
81212,664.73
81213,304.59
81214,98.74
81215,859.96
81216,827.57
81217,887.1
81218,1420.39
81219,4991.51
81220,5172.09
81221,1838.18
81222,749.98
81223,194.33
81224,354.88
81225,634.85
81227,776.94
81228,966.97
81229,558.95
81230,839.61
81231,1628.53
81232,1159.63
81233,4439.54
81234,357.16
81235,797.6
81236,1113.65
81237,302.53
81238,360.38
81239,829.07
81240,308.57
81242,115.16
81243,270.41
81244,207.99
81245,610.07
81246,381.76
81247,1027.76
81248,2015.38
81249,1867.78
81250,659.23
81251,2127.9
81252,243.44
81253,488.63
81254,841.05
81255,334.07
81256,376
81257,96.86
81258,1747.95
81259,515.01
81261,543.51
81262,843.12
81263,1298.78
81264,521.18
81265,116.03
81266,1328.03
81267,1941.81
81268,593.08
81269,470.25
81270,86.47
81271,1529.53
81272,222.21
81273,405.09
81274,114.55
81275,369.27
81276,1403
81277,1716.62
81278,464.79
81279,605.61
81280,1434.29
81281,553.1
81282,70.8
81283,1808.34
81284,308.12
81285,999.04
81286,356.21
81287,409.09
81288,1867.93
81289,566.43
81290,665.29
81291,195.63
81292,1361.14
81293,793.43
81294,646.75
81295,1890.64
81297,164.2
81298,773.98
81299,1531.18
81300,585.07
81302,366.22
81303,396.32
81304,993.69
81305,623.23
81306,1766.8
81307,131.39
81308,1594.23
81309,429.46
81310,414.43
81311,2447.53
81312,953.77
81313,473.45
81314,1643.51
81315,637.1
81316,1084.44
81317,1197.59
81318,621.07
81319,1308.47
81320,507.04
81322,994.22
81323,456.43
81324,733.95
81325,1096.47
81326,537.37
82001,545.82
82002,952.97
82003,501.37
82004,1125.08
82005,1499.34
82006,415.53
82007,453.38
82008,1076.29
82009,411.43
82010,740.37
82011,378.77
82012,607.97
82013,3896.44
82014,353.31
82015,50.29
82016,893.49
82017,541.57
82018,1677.23
82019,624.24
82020,1891.81
82021,690.2
82022,826.29
82023,1522.71
82024,1010.93
82025,1016.61
82026,533.69
82027,557.84
82028,347.42
82029,1096.64
82030,316.4
82031,1096.9
82032,1974.99
82033,4700.39
82034,1473.16
82035,1075.8
82036,720.27
82037,2934.51
82038,4541.54
82039,278.08
82040,343.75
82041,614.94
82042,3930.91
82043,1020.63
82044,751.42
82045,826.63
82046,466.53
82047,478.15
82048,153.49
82049,517.9
82050,1762.25
82051,1402.05
82052,667.9
82053,1590.23
82054,278.44
82055,892.7
82056,825.45
82057,230.31
82058,368.04
82059,1741.35
82060,824.08
82061,587.77
82062,1036.65
82063,1098.08
82064,1006.86
82065,654.53
82066,855.62
82067,863.53
82068,537.84
82069,1182.12
82070,413.22
82071,270.78
82072,228.06
82073,342.37
82074,1254.01
82075,612.95
82076,872.11
82077,1514.91
82078,565.13
82079,1451.31
82080,418.72
82081,700.76
82082,693.85
82083,649.12
82084,729.69
82085,592.31
82086,171.13
82087,2465.91
82088,619.33
82089,409.17
82090,395.19
82091,413.57
82092,1040.88
82093,1358.99
82094,2949.66
82095,686.04
82096,1825.49
82097,2114.12
82098,357.58
82099,580.57
82100,254.7
82101,254.6
82102,1456.32
82103,427.56
82104,660.92
82105,1172.01
82106,798.07
82107,134.55
82108,675.85
82109,543.89
82110,1791.18
82111,841.5
82112,4022.47
82113,2264.16
82114,544.38
82115,1712.28
82116,409.77
82117,4085.96
82118,71.17
82119,1720.99
82120,201.2
82121,4633.8
82122,643.74
82123,278.33
82124,625
82125,2254.4
82126,702.8
82127,1601.5
82128,1020.15
82129,402.19
82130,678.73
82131,1770.44
82132,1240.89
82133,60.12
82134,2570.47
82135,825.77
82136,529.58
82137,2233.39
82138,449.68
82139,539.29
82140,356.06
82141,90.76
82142,400.65
82143,188.14
82144,1487.17
82145,1246.58
82146,561.6
82147,1419.36
82148,1125.55
82149,1383.56
82150,411.33
82151,972.67
82152,146.59
82153,395.77
82154,749.88
82155,3784.96
82156,500.26
82157,843.37
82158,393
82159,1140.29
82160,436.97
82161,992.95
82162,456.49
82163,312.73
82164,743.69
82165,928.31
82166,790.12
82167,1666.86
82168,1388.3
82169,1545.7
82170,1820.81
82171,647.62
82172,1015.03
82173,1628.13
82174,1641.75
82175,1305.85
82176,871.59
82177,999.55
82178,2289.8
82179,1219.33
82180,2515.31
82181,737.19
82182,1787.64
82183,1079.82
82184,2361.26
82185,1164.28
82186,634.86
82187,725.73
82188,991.14
82189,2201.24
82190,2553.35
82191,1055.78
82192,1250.94
82193,542.78
82194,694.58
82195,386.4
83001,0
83002,360.11
83003,873.57
83004,698.63
83005,182.47
83006,712.91
83007,956.73
83008,120
83009,2.89
83010,977.82
83011,2.17
83012,444.37
83013,17.08
83014,252.77
83015,686.29
83016,489.29
83017,37.22
83018,530.43
83019,763.91
83020,91.19
83021,585.23
83022,1001.81
83023,1314.59
83025,584.02
83026,752.2
83027,746.38
83028,159.97
83029,687.11
83030,188.13
83031,1480.53
83032,790.79
83033,236.98
83034,65.06
83035,916.76
83037,271.1
83038,309.43
83039,206.19
83040,363.67
83041,26.59
83042,472.67
83043,706.23
83044,657.21
83045,491.84
83046,785.37
83047,705.83
83048,152.01
83049,908.35
83050,284.33
83051,431.49
83052,541.83
83053,47.82
83054,74.57
83055,241.33
83056,353.48
83057,919.74
83058,425.56
83059,102.06
83060,828.33
83061,238.17
83062,69.98
83063,468.35
83064,952.78
83065,652.65
83066,983.62
83067,840.83
83068,615.79
83069,1432.72
83070,329.41
83071,1315.78
83072,771.77
83073,954.17
83074,35.46
83075,120.24
83076,347.54
83077,234.26
83078,350.25
83079,276.5
83080,875.73
83081,314.36
83082,547.24
83083,495.78
83084,1212.69
83085,712.74
83086,380.83
83087,604.3
83088,263.93
83089,397.58
83090,95.67
83091,2172.41
83092,497.47
83093,680.49
83094,307.48
83095,1067.46
83096,492.29
83097,1570.59
83098,94.64
83099,385.23
83100,776.77
83101,545.51
83102,1248.27
83103,0
83104,1828.89
83105,23.6
83106,886.44
83107,764.03
83108,810.53
83109,2220.81
83110,83.3
83111,73.89
83112,356.23
83113,1296.65
83114,278.04
83115,214.3
83116,1102.06
83117,38.59
83118,209.97
83119,96.43
83120,26.3
83121,147.93
83122,1.9
83123,23.92
83124,399.77
83125,170.59
83126,10.72
83127,749.13
83128,252.45
83129,27.04
83130,332.36
83131,229.56
83132,208.61
83133,217.07
83134,401.23
83135,439.15
83136,461.67
83137,132.4
83138,1049.53
83139,213.87
83140,1077.09
83141,61.24
83142,652.22
83143,437.85
83144,110.2
83145,321.24
83146,2037.93
83148,955.87
83149,314.55
83150,1057.61
83153,2
83154,232.31
84001,199.38
84002,911.74
84003,955.73
84004,700.22
84005,850.71
84006,224.59
84007,1204.25
84008,200.49
84009,650.61
84010,100.59
84011,74.74
84012,1356.34
84013,20.1
84014,1127.14
84015,335.85
84016,1948.55
84017,943.15
84018,225.73
84019,1384.25
84020,1213.34
84021,130.39
84022,433.69
84023,423.47
84024,336.66
84025,146.47
84026,1134.62
84027,1164.82
84028,1281.99
84029,1181.43
84030,646.59
84031,1033.56
84032,962.37
84033,161.38
84034,297.29
84035,2190.25
84036,234.56
84037,3141.86
84038,1058.29
84039,2202.32
84040,150.42
84041,110.64
84042,987.31
84043,279.91
84044,298.18
84045,205.98
84046,375.78
84047,701.14
84048,28.14
84049,1897.73
84050,658.07
84051,958.93
84052,653.88
84053,488.23
84054,1536.15
84055,259.55
84056,2065.85
84057,267.02
84058,84.25
84059,121.41
84060,720.54
84061,237.15
84062,481.78
84063,1004.78
84064,934.86
84065,503.2
84066,338.86
84067,296.73
84068,322.21
84069,595.3
84070,674.09
84071,63.44
84072,1444.98
84073,326.3
84074,189.01
84075,312.97
84076,759.33
84077,143.44
84078,1682.6
84079,2067.63
84080,1531.94
84081,250.3
84082,583.26
84083,453.01
84084,263.22
84085,273.21
84086,393.47
84087,2745.7
84088,1539.91
84089,2084.35
84090,396.31
84091,1418.76
84092,153.87
84093,116.77
84094,773.82
84095,236.43
84096,1068.27
84097,664.77
84098,454.53
84099,202.25
84100,52.16
84101,120.26
84102,1245.51
84103,436.41
84104,734.05
84105,500.74
84106,1883.83
84107,1924.39
84108,83.66
84109,276.74
84110,1.2
84111,115.8
84112,776.89
84113,253.03
84114,36.13
84115,295.52
84116,206.65
84117,576.82
84118,985.21
84119,341.65
84120,765.85
84121,345.61
84122,2071.63
84123,3896.57
84124,230.78
84125,112.29
84126,771.96
84127,401.7
84129,393.76
84130,227.48
84131,191.95
84132,1413.06
84133,2253.24
84134,887.86
84135,722.66
84136,740.21
84137,1222.67
84138,3242.26
84139,124.56
84140,130.51
84141,243.18
84142,561.3
84143,269.59
84144,1465.26
84145,530.03
84146,613.86
84147,572.81
84148,317.47
84149,1085.9
84150,2361.41
84151,252.56
85001,1054.94
85002,2268.63
85003,5623.72
85004,1615.58
85005,1521.02
85006,2048.5
85008,3283.5
85009,1645.74
85010,1590.29
85011,231.43
85012,666.4
85013,853.04
85014,2809.77
85015,2349.62
85016,1564.24
85017,1776.07
85018,2528.31
85019,1996.93
85020,4350.83
85022,2669.37
85023,908.19
85024,2123.34
85025,2167.64
85026,1362.7
85028,613.12
85029,2571.04
85031,3914.18
85033,738.25
85034,5060.7
85035,554.72
85036,1032.36
85038,3285.1
85039,3303.25
85040,561.92
85042,3094.37
85045,42.21
85046,3500.18
85047,3596.07
85049,3769
85050,1090.13
85051,5454.52
85054,660.63
85055,975.48
85056,1304.75
85058,123.84
85059,610.36
85061,2555.61
85062,1275.05
85064,3019.95
85065,3481.37
85066,1038.67
85067,1511.23
85070,3176.99
85071,2855.18
85072,702.02
85073,2365.53
85074,263.83
85076,1585.92
85077,1140.81
85078,435.43
85080,2648.37
85081,1975.63
85082,1917.88
85083,59.74
85086,1853.37
85087,147.55
85088,1264.28
85089,3417.72
85090,7444.01
85092,1409.64
85093,1469.5
85094,3416.98
85095,2093.69
85096,3825.01
85097,2484.45
85098,821.51
85099,1305.65
85100,605.4
85101,701.89
85102,554.75
85103,2863.09
85104,3599.05
85105,866.45
85106,33.55
85108,1103.84
85109,6748.93
85110,338.45
85111,1151.42
85112,774.07
85113,129.6
85114,692.65
85115,1133
85116,1469.68
85117,992.01
85118,960.88
85119,2571.67
85120,783.91
85121,2187.15
85123,250.83
85125,812.52
85126,1611.67
85127,3607.87
85128,1567.65
85129,4928.44
85130,1539.8
85131,1153.64
85132,863.72
85133,1649.86
85135,1726.36
85136,242.15
85137,1100.68
85138,2235.89
85139,737.75
85140,1727.58
85141,2329.26
85142,1200.99
85143,508.18
85144,871.47
85145,1143.04
85146,7613.65
85147,2472.76
85148,767.69
85149,566.42
85151,1326.52
85152,3435.82
85153,3771.72
85154,2180.64
85155,1519.22
85156,875.7
85157,1172.12
85158,1682.99
85159,2664.11
85160,1517.82
85161,1871.32
85162,4396.17
85163,395.5
85164,423.78
85167,288.8
85169,185.2
85171,816.81
85172,2276.01
85174,1055.73
85175,1328.4
85176,188.89
85177,1564.25
85178,5820.39
85179,1769.64
85181,1400.97
85182,2405.94
85184,424.5
85185,735.18
85186,619.62
85187,1685.36
85188,800.15
85189,972.95
85190,2047.76
85191,3847.72
85192,918.72
85193,722.84
85194,1955.45
85196,1282.11
85197,3782.6
85198,872.54
85199,642.61
85200,966.6
85201,1009.18
85202,2912.96
85204,2225.79
85205,1454.27
85206,436.78
85207,763.36
85208,3677.54
85209,2219.61
85210,2316.65
85211,2478.92
85213,3834.51
85214,659.87
85215,2833.81
85216,4061.12
85218,907.46
85220,2454.97
85221,1512.39
85223,3741.15
85226,1780.59
85227,2942.2
85229,1560.16
85231,620.89
85232,2080.88
85234,2943.97
85235,1270.18
85236,1294.23
85237,1376.35
85238,857.33
85239,1061.6
85240,1534.49
85242,607.9
85243,773.24
85244,1223.96
85245,542.79
85246,2701.48
85247,1322.2
85248,1023.51
85250,2111.66
85251,2771.36
85252,834.46
85254,2093.23
85255,5300.52
85256,1235.52
85259,911.34
85260,1092.18
85261,1754.14
85262,3774.3
85264,2192.32
85265,2215.89
85266,645.42
85267,2935.15
85268,1784.54
85269,462.95
85273,1439.43
85274,1578.19
85276,0
85277,5023.64
85278,840.1
85280,2973.18
85281,1499.69
85282,1272.74
85284,2040.32
85285,626.48
85286,1272.44
85287,1614.32
85288,5106.33
85289,3990.78
85290,1167.27
85291,2462.33
85292,3052.59
85293,670.17
85294,131.01
85295,1608.37
85296,1854.89
85297,4482.75
85298,1770.47
85300,2989.45
85301,886.12
85302,4603.53
85303,2858.67
85304,917
85305,737.35
85306,1348.88
86001,5628.59
86002,949.07
86003,957.34
86004,1087.32
86005,873.78
86006,3195.45
86007,1393.1
86008,939.15
86009,4739.8
86010,2063.13
86011,2270.31
86012,1292.63
86013,951.45
86014,522.36
86015,4468.34
86016,478.81
86017,2778.24
86018,1618.23
86019,1455.72
86020,630.25
86022,1417.8
86023,296.22
86024,1354.12
86025,3545.42
86026,756.53
86027,242.19
86028,301.45
86029,2368.83
86031,2223.64
86032,1078.63
86034,3024.87
86035,1716.1
86036,1651.19
86037,4546.31
86038,1057.25
86039,2355.3
86040,1981.07
86041,129.94
86042,558.75
86044,2592.57
86045,3454.83
86046,691.66
86047,232.89
86048,948.75
86049,761.07
86050,1828.72
86051,1304.42
86052,2465.45
86053,4233.76
86054,1824.44
86055,2753.66
86058,652.58
86059,946.45
86061,3615.41
86062,1604.93
86063,1118.89
86064,2819.48
86065,849.59
86066,2372.72
86068,3269.77
86069,228.36
86070,7061.54
86072,2090.04
86073,2891.63
86074,1076.84
86075,2726.02
86076,1372.36
86077,949.15
86078,293.37
86079,2222.24
86080,1019.99
86081,745.5
86082,6737.94
86083,1744.07
86084,1782.26
86085,693.4
86086,1728.6
86087,1800.29
86089,1688.71
86090,817.63
86091,1115.36
86092,2695.85
86093,754.64
86094,1552.45
86095,816.76
86096,1583.82
86097,2253.15
86098,945.81
86099,1195.51
86100,524.81
86102,807.63
86103,12.08
86104,1763.78
86105,964.73
86106,437.15
86107,1413.5
86108,1941.61
86109,161.01
86110,1810.44
86111,1279.64
86112,251.35
86113,833.17
86114,619.68
86115,3050.21
86116,1826.06
86117,2048.76
86118,4411.02
86119,1012.72
86120,8199.08
86121,2363.11
86122,1147.46
86123,9640.09
86124,1106.63
86125,1878.2
86126,2617.64
86127,528.43
86128,1275.88
86129,1036.91
86130,507.46
86131,1714.55
86132,2956.88
86133,580.58
86134,1125.88
86135,763.64
86136,654
86137,3125.86
86138,2520.27
86139,2484
86140,1165.82
86141,2029.53
86142,1166.19
86143,606.61
86144,855.11
86145,1617.59
86147,933.27
86148,2955.47
86149,1558.11
86150,1017.88
86151,1407.7
86152,3694.34
86153,967.36
86154,1197.14
86156,856.52
86157,775.09
86158,2145.28
86159,3281.97
86160,1314.96
86161,3356.42
86162,691.79
86163,1987.38
86164,465.87
86165,3032
86167,546.6
86169,664.67
86170,1664.16
86171,2122.46
86172,657.54
86173,3300.61
86174,794.74
86175,988.6
86176,575.23
86177,1683.96
86178,1071.72
86180,1084.87
86181,1397.46
86182,785.3
86183,1866.94
86184,417.39
86186,954.16
86187,2622
86189,3225.08
86190,4115.19
86191,1981.78
86192,1194.74
86193,1098.57
86194,712.19
86195,122.91
86196,457.81
86197,2892.44
86198,931.92
86200,4119.74
86201,1019.71
86202,1488.3
86203,3135.06
86204,675.61
86205,803.19
86206,306.11
86207,1054.86
86209,1760.51
86210,949.7
86211,3206.95
86213,4125.81
86214,49.63
86217,1711.45
86218,918.5
86220,1135.57
86221,2243.86
86222,1032.14
86223,1905.51
86224,2488.15
86225,4632.48
86226,1932.82
86227,574.42
86228,1132.61
86229,935.35
86230,1443.08
86233,2955.27
86234,2477.1
86235,2645.92
86236,4231.91
86237,2334.61
86239,330.41
86241,1012.55
86242,1978.63
86244,4163.01
86245,3370.77
86246,1831.42
86247,879.42
86248,3395.96
86249,1332.99
86250,990.63
86252,1514.25
86253,2616.46
86254,3063.88
86255,2659.37
86256,1243.88
86257,769.54
86258,300.75
86260,1628.9
86261,704.21
86262,4332.08
86263,858.89
86264,1609.48
86265,1413.04
86266,1210.15
86268,2268.93
86269,427.63
86270,1706.34
86271,2253.04
86272,1823.06
86273,4091.35
86274,3296.71
86275,714
86276,6936.92
86279,282.05
86280,1184.88
86281,6885.1
86284,2472.85
86285,1460.84
86286,1485.49
86287,1517.28
86288,2682.95
86289,3842.97
86290,150.69
86291,76.58
86292,703.67
86293,2369.32
86294,1706.07
86295,1130.94
86296,398.89
86297,830.56
86298,1722.33
86299,1400.23
86300,328.8
87001,741.55
87002,864.83
87003,3483.72
87004,634.59
87005,207.34
87006,3869.32
87007,419.01
87008,1123.11
87009,194.73
87011,1156.55
87012,1710.56
87013,1661.26
87014,2084.69
87015,1344
87016,517.73
87017,1686.4
87018,3112.42
87019,727.02
87020,212.5
87021,550.28
87022,389.92
87023,280.88
87024,1828.52
87025,759.47
87027,1483.67
87028,7409.57
87029,776.97
87030,664.08
87031,691.06
87032,1695.8
87033,1044.28
87034,837.16
87035,1818.42
87036,1268.67
87037,211.4
87038,579.93
87039,2621.46
87040,858.83
87041,5118.12
87042,1018.97
87043,360.9
87044,1050.54
87045,1560.48
87046,1244.47
87047,332.23
87048,485.96
87049,3180.78
87050,606.57
87051,2394.41
87052,1168.73
87053,1405.38
87054,910.71
87056,1683.11
87057,2183.29
87058,800.42
87059,2025.27
87060,1729.47
87061,1595.36
87062,874.88
87063,1735.71
87064,2403.88
87065,1142.72
87066,1662.63
87067,1659.2
87068,1550.93
87069,903.37
87070,1018.65
87071,2468.26
87072,1457.04
87073,1133.18
87074,926.17
87075,896.54
87076,86.09
87077,1738.23
87078,1576.34
87079,601.54
87080,1392.42
87081,969.25
87082,2381.87
87083,717.26
87084,670.03
87085,1718.58
87086,2676.48
87087,1980.82
87088,554.08
87089,5984.5
87090,723.44
87091,1422.49
87092,628.49
87093,536.1
87094,1079.84
87095,1881.31
87096,1726.67
87097,4127.04
87099,1916.38
87100,1737.61
87101,99.86
87103,1599.25
87104,1943.69
87105,2245.24
87106,2577.85
87107,619.05
87108,2409.64
87109,2539.31
87110,2269.32
87111,2224.35
87112,1069.56
87113,65.06
87114,345.47
87115,1314.01
87116,2044.26
87117,1317.02
87118,1769
87119,175.45
87120,1742.57
87121,2256.86
87122,442.7
87123,1309.63
87124,745.52
87125,496.77
87126,2117.45
87127,1847.97
87128,2989.57
87129,1228.48
87130,544.02
87131,122.52
87132,593.29
87133,2108.19
87134,493.89
87135,1874.04
87137,406.34
87138,1577.54
87139,2074.17
87140,1225.84
87141,657.06
87142,1007.48
87143,708.15
87144,1144.02
87145,962.55
87146,2304.44
87147,262.9
87148,2155.31
87149,2343.68
87150,1465.8
87151,2496.1
87152,994.64
87153,808.43
87154,2612.66
87155,1228.16
87156,1461.67
87157,1449.2
87158,2876.57
87159,845.35
87160,4475.21
87161,2839.18
87162,202.95
87163,2078.54
87164,781.8
87165,521.38
87166,922.13
87167,1476.89
87168,2081.87
87169,1125.84
87170,1285.62
87172,2059.09
87174,2880.45
87176,1888.22
87177,777.53
87178,969.73
87179,1835.84
87180,2067.1
87181,326.43
87182,2384.73
87183,431.06
87185,1056.51
87186,1533.33
87187,5639.02
87188,371.82
87189,864.23
87190,1380.23
87191,2483.29
87192,1105.26
87193,363.8
87194,1453.21
87195,2333.94
87197,260.95
87198,462.91
87199,2351.18
87200,1182.75
87201,964.13
87202,1683.99
87203,2738.44
87204,392.82
87205,1801.76
87206,525.2
88001,538.01
88002,409.81
88003,92.44
88004,243.74
88005,0
88006,623.98
88007,511.27
88008,680.1
88009,349.48
88010,449.69
88011,101.44
88012,82.29
88013,528.56
88014,580.18
88015,1043.44
88016,369.03
88017,348.2
88019,378.38
88021,170.49
88022,990.71
88023,416.21
88024,249.54
88025,720.92
88026,739.63
88027,78.82
88028,231.07
88029,1249.38
88030,146.28
88031,291.98
88032,639.67
88033,449.66
88037,613.84
88039,255.21
88040,887.32
88041,304.4
88042,58.42
88043,179.42
88044,1004.97
88045,187.95
88046,303.73
88047,618.46
88048,1622.99
88049,328.8
88050,2.56
88051,329.46
88052,392.66
88053,35.7
88054,82.7
88055,435.3
88056,187.26
88057,87.76
88058,341.84
88059,320.9
88060,13.55
88061,538.71
88062,511.1
88063,99.45
88065,277
88066,335.82
88068,201.86
88069,130.52
88070,90.41
88071,193.09
88073,72
88074,629.54
88075,636.84
88077,267.49
88078,454.92
88079,112.44
88080,430.42
88081,411.25
88082,3.1
88083,487.13
88084,783.84
88085,315.24
88088,2258.36
88089,609.65
88091,412.23
88092,2623.77
88093,13.67
88094,364.17
88095,226.85
88096,415.54
88098,412.29
88100,135.48
88101,360.79
88102,848.7
88103,455.63
88104,303.46
88105,362.91
88106,160.08
88107,210.19
88108,1175.89
88109,155.86
88110,1091.43
88111,47.46
88113,101.42
88114,366.95
88115,1104.59
88116,520.38
88117,318.93
88118,466.33
88119,148.84
88120,183.14
88121,1391.11
88122,1669.23
88123,1415.17
88124,334.23
88125,126.6
88126,712.55
88127,543.34
88128,260.79
88129,577.98
88130,435.17
88131,353.56
88132,34.87
88133,408.48
88135,138.83
88136,719.63
88137,220.39
88138,105.82
88140,1616.04
88141,509.8
88142,147.93
88143,546.19
88144,483.55
88145,106.1
88146,1400.76
88147,1327.36
88148,906.86
88150,688.14
88151,984.14
88152,709.8
88153,926.62
88154,69.94
88155,48.2
88156,275.88
88157,503.3
88158,14.91
88159,529.23
88160,408.01
88161,1410.82
88162,424.44
88163,77.16
88164,128.09
88165,292.89
88166,4
88167,12.52
88168,681.33
88170,195.71
88171,366.6
88172,8.38
88173,667.22
88174,433.67
88175,7.42
88176,967.07
88177,63.61
88178,2.48
88180,1038.13
88181,390.89
88182,248.62
88183,890.46
88184,161.08
88185,396.25
88186,155.47
88187,657.89
88188,340.19
88189,587.61
88190,834.53
88192,289.6
88193,0
88194,444.97
88195,260.53
88196,78.44
88197,496.43
88198,476.16
88199,565.3
88200,431.7
88201,769.56
88202,448.49
88203,309.63
88205,360.83
88206,529.11
88208,635.3
88209,0.4
88210,599.25
88212,999.58
88213,16.53
88214,311.67
88215,45.31
88216,656.49
88218,248.31
88219,315.64
88220,26.99
88221,490.82
88222,228.34
88223,445.67
88224,248.09
88225,2440.95
88226,154.7
88227,608.94
88228,1189.71
88230,566.84
88231,1217
88232,1877.45
88233,1728.04
88236,461.51
88237,241.48
88238,703.91
88239,433.09
88240,29.2
88241,432.92
88242,237.79
88243,460.67
88244,711.12
88245,274.88
88246,88.53
88247,338.28
88248,1242.79
88251,457.05
88252,741.63
88253,165.45
88254,363.36
88255,809.55
88256,428.93
88257,367.84
88258,1756.44
88259,791.47
88260,148.43
88261,288.48
88262,12.38
88263,326.95
88264,352.22
88265,76.49
88266,206.53
88267,1026.45
88268,1.17
88269,322.89
88270,962.93
88271,1223.85
88272,441.39
88273,247.21
88274,50.74
88275,35
88276,291.07
88278,206.83
88279,607.76
88280,11.22
88281,285.43
88283,255.85
88284,327.8
88285,348.21
88286,971.86
88287,293.51
88288,615.27
88289,976.55
88290,168.66
88291,1659.94
88292,54.84
88293,1.29
88294,419.86
88295,294.31
88296,107.03
88297,71.22
88298,102.58
88299,937.11
88300,262.48
88301,613.39
88302,384.95
88303,183.12
88304,944.05
88305,576.26
88307,341.33
88309,750.17
88310,817.11
88312,801.52
88313,601.65
88314,165.06
88316,310.6
88317,2.39
88318,497.66
88319,344.07
88320,0
88321,672.44
88322,651.76
88324,279.19
88325,217.91
88326,91.82
88327,227.63
88328,495.71
88330,744.31
88331,289.76
88332,561.35
88333,188.82
88334,1435.23
88335,319.52
88336,521.52
88338,424.76
88340,708.88
88342,304.72
88343,394.73
88344,201.29
88346,6.57
88347,222.16
88348,206.88
88349,208.92
88350,133.87
88351,1311.24
88352,931.16
88353,382.13
88354,185.87
88355,177.79
88356,2.51
88357,627.43
88358,426.18
88359,297.47
88360,732.33
88361,203.28
88362,141.32
88363,1401.76
88364,1217.34
88365,405.78
88366,656.54
88367,595.26
88369,410.46
88370,384.07
88371,554.22
88372,113.87
88374,462.68
88375,51.57
88376,1068
88377,696.98
88378,25.03
88379,675.87
88380,191.58
88381,415.48
88382,408.62
88383,199.05
88385,700.96
88386,5.16
88387,422.53
88388,325.6
88389,261.51
88390,832.17
88391,131.52
88394,492.26
88395,483.83
88399,388.2
88400,352.95
88401,888.58
88402,690.41
88403,350.88
88404,350.82
88406,324.49
88407,1283.12
88408,1373.83
88409,12.15
88410,329.98
88411,247.39
88412,607.44
88413,379.58
88415,720.05
88416,328.39
88417,330.04
88418,321.86
88419,119.14
88421,612.93
88423,194.49
88424,227.51
88425,421.64
88426,484.71
88427,41.68
88428,354.37
88429,286.23
88430,477.91
88431,125.96
88432,479.38
88433,351.99
88434,258.7
88435,320.47
88436,47.95
88437,218.92
88440,657.1
88441,1161.41
88442,340.94
88443,395.16
88444,91.82
88445,79.67
88446,14.72
88447,476.94
88448,1241.5
88449,529.18
88450,1318.32
88451,183.93
88452,489.63
88453,738.09
88454,327.47
88455,639.03
88456,472.75
88457,115.26
88458,421.9
88459,748.42
88460,962.14
88461,809.58
88462,184.2
88463,99.99
88464,306.79
88465,1016.46
88466,513.02
88467,160.37
88468,430.26
88469,192.99
88470,327.57
88471,646.24
88472,272.99
88473,377.99
88474,1
88475,803.87
88477,1262.89
88478,356.81
88479,278.66
88480,379.62
88481,473.15
88482,295.78
88483,44.57
88484,1351.99
88485,727.83
88486,437.68
88487,2665.72
88488,1271.82
88489,189.68
88490,654.19
88491,929.16
88492,28.7
88493,616.62
88494,418.49
88495,589.48
88496,86.98
88497,595.88
88498,66.72
88499,259.29
88500,322.23
88501,76
88502,141.53
88504,449.49
88505,172.25
88506,209.4
88507,333.24
88508,1014.59
88509,462.78
88510,3.64
88511,104.63
88512,352.6
88513,218.05
88514,757.91
88515,185.54
88516,1072.9
88517,858.9
88518,253.45
88519,0
88520,994.83
88521,184.34
88523,319.19
88524,1054.23
88526,106.52
88527,333.21
88528,118.15
88529,11.23
88530,1766.09
88531,33.31
88532,633.32
89002,568.95
89003,2003.7
89004,524.4
89005,727.09
89006,754.21
89007,1747.26
89008,864.44
89009,153.27
89010,875.24
89011,631.09
89012,573.6
89013,624.63
89014,1468.21
89015,662.19
89016,292.01
89017,1805.84
89018,368.26
89019,1249.26
89020,234.99
89021,801.29
89022,695.34
89023,263.3
89024,1709.13
89025,666.21
89027,1159.35
89028,199.97
89030,1196.35
89031,138.09
89032,273.92
89033,1079.51
89034,1498.25
89035,409.62
89036,653.29
89037,673.91
89038,1656.68
89039,257.83
89040,14.69
89041,623.84
89042,1586.26
89043,725.23
89044,333.04
89045,345.47
89046,1529.04
89048,1868.37
89049,119.82
89051,478.16
89053,609.19
89054,743.91
89055,1892.11
89056,1267.05
89057,909.46
89058,282.48
89059,1281.25
89060,1601.55
89061,566.56
89062,592.9
89063,1119.36
89064,421.66
89065,725.29
89066,1710.34
89067,1059.34
89068,2788.48
89069,678.44
89071,78.87
89072,2012.9
89073,3574.13
89074,1280.78
89075,1578.87
89076,2515.03
89077,209.08
89079,320.56
89080,826.84
89081,145.62
89083,1109.73
89084,789.6
89085,266.93
89086,16327.45
89087,466.52
89088,1290.66
89089,191.26
89091,898.02
89092,916.58
89093,696.1
89094,1322.12
89095,798.88
89096,486.2
89098,131.84
89099,732.77
89100,254.07
89101,597.91
89102,955.55
89104,1020.68
89105,745.53
89108,888.94
89111,1453.07
89112,819.69
89113,1677.06
89115,750.14
89117,809.7
89118,550.78
89119,624.11
89120,1115.82
89122,2167.92
89123,430.17
89124,742.5
89125,1741.17
89126,319.9
89128,280.59
89129,692.09
89130,847.89
89131,1923.18
89132,825.06
89133,1828.1
89134,978.03
89136,664.5
89137,302.72
89139,2212.42
89141,739.64
89142,2322.01
89143,1602.61
89144,1126.64
89145,1565.17
89146,786.39
89147,1236.61
89148,1871.09
89149,664
89150,136.22
89151,1059.66
89152,450.76
89153,166.87
89154,916.36
89155,406.37
89156,670.49
89158,3617.42
89159,1220.08
89160,289.05
89161,1406.37
89162,250.04
89163,1647.79
89165,627.86
89167,411.34
89168,382.34
89169,564.31
89170,0
89171,1532.21
89172,433.06
89173,1627.37
89175,1118.85
89176,430.11
89177,279.25
89179,669.48
89180,516.48
89181,457.28
89182,1187
89183,465.16
89184,403.14
89186,837.45
89187,892.36
89188,5.46
89189,493.79
89190,234.68
89191,523.21
89194,1515.72
89195,339.03
89196,3888.74
89197,3786.8
89198,428.4
89199,979.3
89200,538.05
89201,746.21
89202,162.46
89203,579.43
89204,376.24
89205,1093.68
89206,510.05
89207,345.49
89208,3715.64
89209,1845.14
89210,2554.67
89212,496.53
89214,1087.08
89215,886.11
89216,2629.43
89217,1057.93
89218,480.61
89219,896.91
89220,866.25
89221,1095.82
89222,1039.91
89223,1136.21
89224,775.13
89225,971.41
89226,773.36
89227,2068.47
89228,1110.74
89229,1546.32
89230,561.81
89232,167.65
89233,198.73
89234,311.77
89235,1889.23
89236,484.28
89237,940.71
89238,849.72
89239,633.55
89240,483.67
89242,1043.02
89244,416.17
89245,755.02
89246,1804.27
89247,1624.26
89248,308.05
89249,315.85
89250,284.72
89251,760.16
89252,372.66
89253,841.67
89254,2229.25
89255,1265.39
89256,992.58
89257,932.64
89259,718.87
89261,765.2
89262,1323.86
89263,703.9
89264,2596.26
89265,1143.07
89266,584.21
89267,87.38
89268,2303.68
89270,689.7
89271,878.9
89272,600.03
89273,948.47
89274,707.47
89276,1308.41
89277,2056.94
89279,3875.72
89280,287.17
89281,960.19
89282,942.28
89283,3204.66
89284,1531.76
89285,1375.33
89286,797.57
89287,478.9
89288,105.05
89289,464.18
89290,349.03
89291,303.24
89292,916.65
89295,308.79
89296,178.73
89297,360.97
89298,2712.91
89299,629.52
89300,537.05
89302,790.51
89303,1350.87
89304,927.2
89307,509.02
89308,530.8
89309,614.36
89310,332.26
89311,882.73
89312,1125.75
89313,1578.06
89314,153.1
89315,764.93
89316,575.74
89318,1486.52
89319,615.97
89320,591.84
89321,1222.84
89323,517.1
89324,1167.39
89325,184.79
89326,0
89327,645.31
89328,243.34
89329,914.48
89331,2249.19
89332,240.11
89333,1206.63
89334,1354.06
89335,444.95
89336,1097.83
89337,1344.2
89338,1101.93
89339,410.56
89341,3442.01
89342,171.96
89344,3706.17
89345,1646.45
89346,301.18
89347,3119
89348,1056.5
89349,1328.5
89350,1206.73
89351,1406.26
89352,823.44
89353,799.06
89354,266.03
89355,600.66
89359,1442.81
89360,266.76
89361,222.73
89362,205.47
89363,352.49
89364,898.21
89365,2312.19
89367,2026.55
89368,980.64
89369,373.07
89370,2264.79
89371,735.08
89373,1117.56
89374,576.76
89375,1355.34
89376,1784.79
89377,307.24
89378,449.34
89379,856.05
89380,374.78
89382,161.52
89383,747.29
89384,1851.46
89385,128.51
89386,777.84
89387,471.43
89388,1343.65
89390,1057.07
89391,1870.41
89392,308.37
89393,219.2
89395,1524.88
89397,239.94
89398,2030
89399,740.95
89400,1100.87
89402,647.08
89403,429.93
89404,729.56
89405,3392.23
89406,533.23
89407,1531.26
89408,1137.29
89409,267.39
89411,2081.45
89413,556.21
89414,1792.5
89415,492.41
89416,2313.19
89417,579.64
89418,2957.97
89419,1399.81
89420,4367.81
89422,274.68
89423,487.13
89424,464.45
89425,1284.52
89426,488
89427,1964.12
89428,1055.88
89430,968.32
89431,393.28
89432,941.23
89433,1451.04
89434,287.9
89436,1555.37
89437,623.96
89438,2288.06
89439,1047.18
89440,244.45
89441,2197.1
89442,550.28
89443,1073.61
89445,451.27
89446,99.49
89449,383.68
89450,552.09
89451,234.57
89452,143.3
89453,492.71
89456,384.47
89458,260.01
89459,623.36
89460,762.83
89461,641.99
89462,1712.99
89463,77.17
89464,1934.85
89465,460.9
89466,645.74
89467,1672.75
89469,5655.4
89470,1253.23
89471,1270.81
89472,437.21
89474,742.74
89475,168.49
89477,79.5
89478,1530.38
89479,198.88
89480,1749.15
89481,96.08
89482,687.15
89483,2342.79
89486,1690.67
90001,477.66
90002,263.71
90003,35.65
90004,140.28
90005,75.22
90006,56.72
90007,154.4
90010,0
90011,42.87
90012,207.04
90013,33.83
90014,289.82
90015,210.84
90017,171.67
90018,347.36
90020,142.6
90021,225.6
90022,26
90023,0
90024,70.89
90025,86.18
90026,215.18
90027,19.76
90028,139.83
90030,368.13
90032,8.45
90034,693.51
90035,232.04
90039,189.44
90041,145.71
90042,671.65
90043,19.69
90044,267.35
90045,256.06
90046,1321.6
90047,114.48
90049,103.9
90050,211.77
90051,362.99
90052,146.58
90053,345.14
90054,45.13
90055,371.68
90056,207.49
90057,607.94
90058,589.14
90059,100.72
90061,12.96
90062,56.14
90063,22.07
90064,470.59
90065,34.38
90066,450.2
90067,161.97
90068,166.72
90069,0.45
90070,10.4
90071,434.29
90072,117.42
90074,586.1
90075,2.28
90077,57
90078,48.09
90079,148.8
90080,240.48
90081,775.63
90082,211.91
90084,801
90085,37.93
90087,139.43
90088,269.39
90089,162.46
90090,663.42
90091,94.11
90093,146.91
90094,241.75
90095,455.36
90096,126.2
90097,7.22
90098,194.12
90099,0.94
90100,553.79
90101,123.53
90102,39.94
90103,183.83
90104,18.33
90105,609.24
91001,1217.98
91016,1350.52
91017,245.98
91022,363.77
91035,722.88
91037,496.52
91038,30.97
91041,341.51
91044,21.65
91045,732.67
91047,461.75
91064,139.42
91067,983.14
91069,551.76
91075,414.67
91079,545.4
91080,40
91081,1334.4
91085,327.7
91093,137.61
91095,297.26
91098,652.77
91099,698.4
91100,817.41
91103,552.68
91105,145.42
91106,133.45
91109,579.37
91111,572.38
91112,763.38
91115,65.14
91121,649.63
91129,979.27
91130,1244.52
91131,790.29
91132,139.16
91135,619.34
91137,676.75
91145,754.88
91148,764.68
91156,591.2
91159,468.88
91175,1102.51
91179,69.6
91180,230.08
91184,336.12
91186,103.8
91195,68.47
91198,155.65
91200,676.51
91201,60.47
91204,491.14
91207,186.18
91216,231.52
91223,3361.1
91226,510.97
91232,696.97
91240,184.52
91243,280.68
91244,244.39
91247,722.55
91248,312.15
91249,675.13
91272,33.55
91273,1140.5
91274,1157.61
91275,303.42
91284,671.45
91293,484.81
91294,648.22
91312,1.6
91315,345.33
91318,282.79
91319,714.3
91330,306.47
91332,507.54
91338,1277.83
91340,259.77
91345,0.5
91347,14.3
91359,1128.16
91363,802.44
91374,496.98
91376,241.96
91378,32.62
91386,40.36
91390,3009.36
91393,1517.51
91399,940.93
91405,1144.5
91408,176.41
91411,135.92
91412,536.44
91414,1308.69
91425,6.3
91432,125.93
91433,2361.99
91441,303.79
91457,15.93
91458,269.37
91461,181.18
91463,247.3
91469,806.4
91473,340.44
91482,329.43
91494,471.16
91495,888.49
91507,607.78
91508,834.06
91511,860.1
91514,35
91519,757.65
91525,609.12
91526,970.01
91533,757.53
91534,1499.45
91540,216.53
91544,768.06
91546,439.09
91547,797.44
91553,233.79
91556,163
91573,614.8
91578,360.99
91579,381.46
91581,0.2
91587,94.48
91593,1147.9
91599,570.97
91602,257.71
91613,1330.19
91617,264.81
91619,598.97
91629,941
91630,372.82
91631,161.67
91634,607.86
91635,53.41
91639,271.85
91645,2.22
91648,1125.61
91649,192.85
91654,1243.26
91657,115.28
91661,69
91662,980.82
91666,215.5
91671,589.76
91679,337.18
91685,6
91689,493.4
92048,2.77
92063,1.8
92078,0.03
93001,0.25
93005,1
93015,51.16
93027,50.16
93039,0.54
93046,0.14
93048,0.25
93066,0.5
93070,0.15
93071,1.4
93073,421.26
93074,0
94019,4.54
94033,0.12
94038,0.69
94044,0.14
94047,80.26
94053,233.19
94056,172.53
94059,21.72
94060,216.53
94068,0.1
94070,297.85
94075,0.15
94076,4
94079,0
94081,5.81
95002,211.92
95008,329.96
95011,279.91
95012,191.4
95014,2.45
95018,63.01
95019,190.51
95023,891.95
95024,706.18
95026,269.97
95028,415.23
95039,340.66
95040,1026.72
95042,225.27
95046,744.51
95051,4.75
95054,449.23
95055,435.19
95056,944.96
95058,594.07
95059,719.03
95061,374.59
95063,0
95078,350.48
95088,88.64
95091,72.58
95094,283.58
95101,152.08
95102,474.61
95110,90.88
95119,306.11
95120,57.2
95127,213.13
95134,661.98
95139,102.05
95141,302.95
95142,1135.46
95144,515.01
95149,19
95150,1272.51
95151,249.31
95154,214.38
95157,597.2
95166,464.7
95169,1472.48
95170,791.6
95176,12.74
95177,980.83
95181,325.73
95183,9.02
95205,218.76
95211,693.87
95212,21.17
95213,541.79
95214,213.33
95229,203.96
95241,593.48
95250,465.86
95254,703.96
95256,5.47
95258,396.42
95268,1.5
95270,525.8
95271,1087.15
95277,416.75
95287,536.11
95288,57.22
95295,154.72
95298,391.62
95301,60.73
95303,169.94
95304,116.06
95306,147.89
95308,586.9
95309,177.62
95313,190.23
95316,349.74
95323,61.03
95328,295.81
95331,107.86
95341,450.1
95348,513.81
95351,956.04
95352,293.54
95353,256.46
95355,764.62
95365,438.06
95370,369.33
95371,758.91
95379,206.19
95392,87.92
95394,502.59
95395,579.6
95409,210.65
95422,136.94
95427,2.3
95429,295.45
95430,134.9
95438,215.3
95445,191.12
95446,262.41
95447,27.42
95450,81.29
95452,7.45
95456,20.25
95459,879.35
95462,539.67
95476,147.77
95480,209.74
95483,452.48
95487,478.45
95488,831.25
95489,167.68
95491,45.99
95492,333.1
95493,16.57
95504,137.83
95509,313.02
95510,312.85
95523,3.21
95527,597.8
95529,7.52
95535,859.44
95539,39.5
95541,75.06
95543,133.3
95554,1236.98
95566,361.22
95572,88.64
95574,9.58
95582,0.25
95584,113.77
95592,514.84
95604,245.56
95607,0
95610,614.79
95611,786.18
95612,317
95625,650.41
95627,711.16
95628,429.42
95641,617.09
95651,16.97
95652,46.3
95656,152.73
95658,750.62
95660,231.95
95675,495.46
95676,663.24
95678,278.71
95680,70.92
95682,732.71
95690,877.62
97101,964.37
97102,1959.51
97103,705.68
97104,486.45
97105,151.99
97106,62.5
97107,2302.93
97108,1466.83
97109,186.28
97110,118.14
97111,54.13
97112,1716.33
97113,230.34
97114,543.56
97115,1457.68
97116,1457.75
97117,3439.38
97118,991.72
97119,2854.45
97120,5.99
97121,88.57
97122,2432.28
97124,310.17
97125,1806.75
97126,1176.77
97128,1928.17
97129,2283.61
97130,21.92
97131,10.86
97132,446.4
97134,174.34
97201,391.61
97202,91.58
97203,1045.16
97204,290.96
97205,142.83
97206,134.54
97207,695.33
97208,64.17
97209,226.09
97210,1435.35
97211,80.3
97212,949.14
97213,2485.47
97214,1067.96
97215,636.09
97216,442.51
97217,513.08
97218,595.74
97219,328.29
97220,493.4
97221,1302.05
97222,620.09
97223,484.21
97224,1046.76
97225,805.74
97226,705.68
97227,642.28
97228,1297.14
97229,26.09
97230,1418.57
97231,257.54
97232,951.65
97233,160.5
97234,65.88
97301,1676.89
97302,35.25
97303,971.18
97304,3279.12
97305,6674.36
97306,6999.74
97307,1650.11
97308,880.73
97309,93.27
97310,1754.17
97311,2498.54
97312,2887.96
97313,2708.99
97314,27.34
97352,42.7
97353,1025.43
97356,152.51
97357,911.1
97358,1.81
97360,1479.99
97361,20.46
97362,473.15
97401,212.95
97402,945.17
97403,78.45
97404,388.36
97405,1281.41
97406,413.48
97407,51.14
97408,104.67
97409,2605.48
97410,3542.6
97411,372.86
97412,2543.45
97413,3215.69
97414,1499.34
97415,3609.36
97416,3378.55
97417,1147.84
97418,1662.65
97419,1869.16
97420,1733.87
97421,423.6
97422,6821.39
97423,804.53
97424,67.9
97601,180.5
97602,401.03
97603,298.04
97604,275.58
97605,149.56
97606,401.31
97607,545.22
97608,140.25
97609,431.04
97610,322.95
97611,521.44
97612,561.55
97613,352.73
97614,459.85
97615,46.76
97616,206.49
97617,665.15
