code_commune,code_epci,code_departement,code_region
01001,200069193,01,84
01002,240100883,01,84
01004,240100883,01,84
01005,200042497,01,84
01006,200040350,01,84
01007,240100883,01,84
01008,240100883,01,84
01009,200040350,01,84
01010,200070852,01,84
01011,200042935,01,84
01012,200042935,01,84
01013,240100883,01,84
01014,200042935,01,84
01015,200040350,01,84
01016,200071371,01,84
01017,240100883,01,84
01019,200040350,01,84
01021,200042497,01,84
01022,200040350,01,84
01023,200071371,01,84
01024,200071751,01,84
01025,200071371,01,84
01026,200071371,01,84
01027,240100610,01,84
01028,200069193,01,84
01029,200071751,01,84
01030,200042497,01,84
01031,200042935,01,84
01032,240100610,01,84
01033,240100891,01,84
01034,200040350,01,84
01035,200042935,01,84
01036,200040350,01,84
01037,240100883,01,84
01038,200071751,01,84
01040,200071751,01,84
01041,240100883,01,84
01042,200070555,01,84
01043,240100800,01,84
01044,240100891,01,84
01045,200069193,01,84
01046,200070555,01,84
01047,240100883,01,84
01049,240100610,01,84
01050,200071371,01,84
01051,200042935,01,84
01052,200069193,01,84
01053,200071751,01,84
01054,240100883,01,84
01056,200029999,01,84
01057,200071371,01,84
01058,200040350,01,84
01060,200042935,01,84
01061,200040350,01,84
01062,240100610,01,84
01063,200042935,01,84
01064,240100883,01,84
01065,200071751,01,84
01066,200040350,01,84
01067,200042935,01,84
01068,200029999,01,84
01069,200071751,01,84
01071,240100750,01,84
01072,200071751,01,84
01073,200040350,01,84
01074,200069193,01,84
01075,200070118,01,84
01076,240100883,01,84
01077,200029999,01,84
01078,240100750,01,84
01079,200040350,01,84
01080,200042935,01,84
01081,240100891,01,84
01082,240100891,01,84
01083,200069193,01,84
01084,200070555,01,84
01085,200069193,01,84
01087,200042935,01,84
01088,240100883,01,84
01089,240100883,01,84
01090,200069193,01,84
01092,200069193,01,84
01093,200069193,01,84
01094,200071371,01,84
01095,200071751,01,84
01096,200070555,01,84
01098,200040350,01,84
01099,240100883,01,84
01100,200040350,01,84
01101,200042935,01,84
01102,200071371,01,84
01103,240100750,01,84
01104,240100750,01,84
01105,200042497,01,84
01106,200071751,01,84
01107,240100883,01,84
01108,200071751,01,84
01109,240100750,01,84
01110,200040350,01,84
01111,240100883,01,84
01112,200042935,01,84
01113,200069193,01,84
01114,240100891,01,84
01115,200071751,01,84
01116,200040350,01,84
01117,200040350,01,84
01118,200070852,01,84
01121,200042935,01,84
01123,200070555,01,84
01124,200071751,01,84
01125,200071751,01,84
01127,200071751,01,84
01128,200071751,01,84
01129,200069193,01,84
01130,200071751,01,84
01133,200040350,01,84
01134,200070555,01,84
01135,240100750,01,84
01136,200070555,01,84
01138,200040350,01,84
01139,200071751,01,84
01140,200071751,01,84
01141,200040350,01,84
01142,240100610,01,84
01143,240100750,01,84
01145,200071751,01,84
01146,200069193,01,84
01147,200071751,01,84
01148,200042935,01,84
01149,240100883,01,84
01150,200071751,01,84
01151,200071751,01,84
01152,200042935,01,84
01153,240100750,01,84
01155,200042935,01,84
01156,240100883,01,84
01157,200042497,01,84
01158,240100750,01,84
01159,200071371,01,84
01160,240100750,01,84
01162,200040350,01,84
01163,200071751,01,84
01165,200070118,01,84
01166,200042497,01,84
01167,200070118,01,84
01169,200070118,01,84
01170,200042935,01,84
01171,200042935,01,84
01173,240100750,01,84
01174,240100891,01,84
01175,200071371,01,84
01177,200071751,01,84
01179,200070555,01,84
01180,240100750,01,84
01181,200042935,01,84
01183,200070118,01,84
01184,200071751,01,84
01185,200042935,01,84
01187,200040350,01,84
01188,200070118,01,84
01189,240100891,01,84
01190,240100883,01,84
01191,200042935,01,84
01192,200042935,01,84
01193,200040350,01,84
01194,200040590,01,84
01195,200071751,01,84
01196,200071751,01,84
01197,200071751,01,84
01198,240100883,01,84
01199,200029999,01,84
01200,200029999,01,84
01202,240100883,01,84
01203,200070555,01,84
01204,200042935,01,84
01206,200042935,01,84
01207,200069193,01,84
01208,200040350,01,84
01209,240100750,01,84
01210,240100750,01,84
01211,200071751,01,84
01212,200071751,01,84
01213,240100883,01,84
01214,200042935,01,84
01215,240100891,01,84
01216,240100883,01,84
01219,240100883,01,84
01224,240100883,01,84
01225,200070118,01,84
01227,200040350,01,84
01228,200042935,01,84
01229,200071751,01,84
01230,200071751,01,84
01231,200071371,01,84
01232,200071751,01,84
01233,240100883,01,84
01234,200040350,01,84
01235,200069193,01,84
01236,200071751,01,84
01237,200042935,01,84
01238,200042497,01,84
01239,200040350,01,84
01240,200042935,01,84
01241,200071751,01,84
01242,200029999,01,84
01243,200070118,01,84
01244,240100883,01,84
01245,200071751,01,84
01246,200070555,01,84
01247,240100750,01,84
01248,200069193,01,84
01249,240100800,01,84
01250,200042497,01,84
01252,200070118,01,84
01254,200071751,01,84
01255,240100883,01,84
01257,240100891,01,84
01258,200070118,01,84
01259,200071751,01,84
01260,240100883,01,84
01261,200069193,01,84
01262,240100610,01,84
01263,200070118,01,84
01264,200071751,01,84
01265,200042935,01,84
01266,200071751,01,84
01267,200042935,01,84
01268,200040350,01,84
01269,200042935,01,84
01272,200069193,01,84
01273,200029999,01,84
01274,200042935,01,84
01275,240100800,01,84
01276,240100610,01,84
01277,240100883,01,84
01279,240100883,01,84
01280,240100883,01,84
01281,240100750,01,84
01282,200042935,01,84
01283,200042935,01,84
01284,200071371,01,84
01285,200042497,01,84
01286,200040350,01,84
01288,240100750,01,84
01289,200071751,01,84
01290,240100883,01,84
01291,200070555,01,84
01293,200042935,01,84
01294,200040350,01,84
01295,200070118,01,84
01296,200071751,01,84
01297,240100610,01,84
01298,240100891,01,84
01299,200069193,01,84
01301,200071751,01,84
01302,200040350,01,84
01303,200029999,01,84
01304,200029999,01,84
01305,200071371,01,84
01306,200070555,01,84
01307,200042935,01,84
01308,240100750,01,84
01309,200071751,01,84
01310,200040350,01,84
01311,200042935,01,84
01313,240100750,01,84
01314,200029999,01,84
01317,200071751,01,84
01318,200042497,01,84
01319,200069193,01,84
01320,200071371,01,84
01321,200071751,01,84
01322,200042497,01,84
01323,200071371,01,84
01325,240100883,01,84
01328,200069193,01,84
01329,200040350,01,84
01331,200029999,01,84
01332,200071371,01,84
01333,200069193,01,84
01334,200070555,01,84
01335,200069193,01,84
01336,200071751,01,84
01337,200071371,01,84
01338,200040350,01,84
01339,200042497,01,84
01342,240100610,01,84
01343,200070555,01,84
01344,200071751,01,84
01345,240100883,01,84
01346,200071751,01,84
01347,200042497,01,84
01348,200070118,01,84
01349,240100883,01,84
01350,200071751,01,84
01351,200070118,01,84
01352,200071371,01,84
01353,200042497,01,84
01354,240100750,01,84
01355,200070555,01,84
01356,200069193,01,84
01357,240100891,01,84
01358,200040350,01,84
01359,200069193,01,84
01360,240100750,01,84
01361,240100883,01,84
01362,200042497,01,84
01363,200029999,01,84
01364,200071751,01,84
01365,200070555,01,84
01366,240100883,01,84
01367,200071751,01,84
01368,200070555,01,84
01369,200071751,01,84
01370,200070308,01,84
01371,200069193,01,84
01372,200040350,01,84
01373,200042935,01,84
01374,200071751,01,84
01375,200071751,01,84
01376,240100800,01,84
01378,240100883,01,84
01379,240100883,01,84
01380,200071751,01,84
01381,200069193,01,84
01382,200069193,01,84
01383,200069193,01,84
01384,240100883,01,84
01385,200071751,01,84
01386,240100883,01,84
01387,200071751,01,84
01388,200071751,01,84
01389,200069193,01,84
01390,240100883,01,84
01391,200071751,01,84
01392,200042935,01,84
01393,200069193,01,84
01396,240100883,01,84
01397,240100750,01,84
01398,200042497,01,84
01399,240100750,01,84
01400,240100883,01,84
01401,240100750,01,84
01402,200071371,01,84
01403,240100883,01,84
01404,200029999,01,84
01405,200071751,01,84
01406,200071751,01,84
01407,200070852,01,84
01408,200071751,01,84
01410,200042935,01,84
01411,240100883,01,84
01412,200069193,01,84
01415,200040350,01,84
01416,240100883,01,84
01418,240100800,01,84
01419,240100750,01,84
01420,200070118,01,84
01421,240100883,01,84
01422,200071751,01,84
01423,200042497,01,84
01424,240100800,01,84
01425,200071751,01,84
01426,200071751,01,84
01427,200042497,01,84
01428,200069193,01,84
01429,200071751,01,84
01430,200029999,01,84
01431,240100883,01,84
01432,200071751,01,84
01433,200071751,01,84
01434,200069193,01,84
01435,240100750,01,84
01436,240100750,01,84
01437,200071751,01,84
01439,200071371,01,84
01441,200042935,01,84
01443,200069193,01,84
01444,240100883,01,84
01445,200071751,01,84
01446,200042497,01,84
01447,200071751,01,84
01448,240100891,01,84
01449,200069193,01,84
01450,240100883,01,84
01451,200071751,01,84
01452,200040350,01,84
01453,200040350,01,84
01454,200040350,01,84
01456,200040350,01,84
01457,200070555,01,84
02001,200071785,02,32
02002,200071785,02,32
02003,240200477,02,32
02004,240200469,02,32
02005,240200576,02,32
02006,200071983,02,32
02007,240200592,02,32
02008,240200501,02,32
02009,200040426,02,32
02010,240200501,02,32
02011,200071991,02,32
02012,240200519,02,32
02013,240200576,02,32
02014,200071785,02,32
02015,200071991,02,32
02016,200071785,02,32
02017,200071785,02,32
02018,200071769,02,32
02019,200071892,02,32
02020,240200600,02,32
02021,240200634,02,32
02022,240200519,02,32
02023,200072031,02,32
02024,200043495,02,32
02025,200071892,02,32
02027,240200469,02,32
02028,200043495,02,32
02029,240200493,02,32
02030,240200493,02,32
02031,240200600,02,32
02032,200071892,02,32
02033,240200592,02,32
02034,200071991,02,32
02035,200071983,02,32
02036,240200501,02,32
02037,200043495,02,32
02038,240200634,02,32
02039,240200469,02,32
02040,240200444,02,32
02041,200071785,02,32
02042,200072031,02,32
02043,240200477,02,32
02044,240200444,02,32
02046,240200469,02,32
02047,240200469,02,32
02048,240200469,02,32
02049,200071769,02,32
02050,240200444,02,32
02051,200072031,02,32
02052,200071769,02,32
02053,200072031,02,32
02054,240200501,02,32
02055,240200600,02,32
02056,200071785,02,32
02057,240200493,02,32
02058,240200592,02,32
02059,200071785,02,32
02060,240200493,02,32
02061,240200493,02,32
02062,200072031,02,32
02063,240200493,02,32
02064,240200477,02,32
02065,240200493,02,32
02066,200040426,02,32
02067,240200444,02,32
02068,240200444,02,32
02069,240200634,02,32
02070,200071983,02,32
02071,200071991,02,32
02072,240200592,02,32
02073,240200576,02,32
02074,200071785,02,32
02075,200040426,02,32
02076,240200576,02,32
02078,200071769,02,32
02079,240200600,02,32
02080,200043495,02,32
02081,200071785,02,32
02082,240200519,02,32
02083,200072031,02,32
02084,240200584,02,32
02085,200072031,02,32
02086,200071785,02,32
02087,200071991,02,32
02088,200043495,02,32
02089,240200477,02,32
02090,240200519,02,32
02091,240200501,02,32
02093,200071769,02,32
02094,200072031,02,32
02095,240200493,02,32
02096,240200469,02,32
02097,240200576,02,32
02098,200072031,02,32
02099,200072031,02,32
02100,240200493,02,32
02101,240200469,02,32
02102,240200592,02,32
02103,240200444,02,32
02104,240200576,02,32
02105,200072031,02,32
02106,240200592,02,32
02107,200071769,02,32
02108,200071769,02,32
02109,240200444,02,32
02110,240200501,02,32
02111,200071769,02,32
02112,240200493,02,32
02114,200072031,02,32
02115,240200592,02,32
02116,240200444,02,32
02117,200071892,02,32
02118,240200501,02,32
02119,200072031,02,32
02120,240200501,02,32
02121,240200519,02,32
02122,200071785,02,32
02123,200040426,02,32
02124,200040426,02,32
02125,200072031,02,32
02126,240200634,02,32
02127,200072031,02,32
02128,200043495,02,32
02129,240200501,02,32
02130,240200600,02,32
02131,240200501,02,32
02132,200043495,02,32
02133,240200576,02,32
02134,240200600,02,32
02135,240200444,02,32
02136,240200444,02,32
02137,200072031,02,32
02138,240200519,02,32
02139,200071785,02,32
02140,200071769,02,32
02141,240200444,02,32
02142,200071892,02,32
02143,240200493,02,32
02144,240200493,02,32
02145,200071785,02,32
02146,200072031,02,32
02148,240200501,02,32
02149,200040426,02,32
02150,200043495,02,32
02151,200043495,02,32
02152,240200501,02,32
02153,200043495,02,32
02154,240200519,02,32
02155,200071769,02,32
02156,240200469,02,32
02157,200043495,02,32
02158,200043495,02,32
02159,200071769,02,32
02160,240200634,02,32
02162,240200584,02,32
02163,240200584,02,32
02164,200072031,02,32
02165,200071785,02,32
02166,200072031,02,32
02167,240200501,02,32
02168,200072031,02,32
02169,240200469,02,32
02170,200040426,02,32
02171,240200576,02,32
02172,240200519,02,32
02173,200071785,02,32
02174,240200501,02,32
02175,240200477,02,32
02176,240200501,02,32
02177,200043495,02,32
02178,240200592,02,32
02179,240200501,02,32
02180,240200469,02,32
02181,240200634,02,32
02182,240200444,02,32
02183,240200592,02,32
02184,200040426,02,32
02185,200072031,02,32
02186,240200584,02,32
02187,200072031,02,32
02188,200071983,02,32
02189,240200576,02,32
02190,240200501,02,32
02191,200043495,02,32
02192,200071991,02,32
02193,200072031,02,32
02194,240200469,02,32
02195,240200501,02,32
02196,200043495,02,32
02197,240200444,02,32
02198,240200501,02,32
02199,200071892,02,32
02200,240200634,02,32
02201,200071991,02,32
02203,200072031,02,32
02204,240200600,02,32
02205,200043495,02,32
02206,240200444,02,32
02207,200071785,02,32
02208,240200576,02,32
02209,200072031,02,32
02210,240200501,02,32
02211,240200576,02,32
02212,200071785,02,32
02213,200072031,02,32
02214,200071892,02,32
02215,240200592,02,32
02216,200071991,02,32
02217,200071769,02,32
02218,240200576,02,32
02219,200071769,02,32
02220,200072031,02,32
02221,240200584,02,32
02222,200071785,02,32
02223,200072031,02,32
02224,240200501,02,32
02225,200072031,02,32
02226,240200477,02,32
02227,200072031,02,32
02228,200072031,02,32
02229,240200576,02,32
02230,240200501,02,32
02231,240200469,02,32
02232,200071991,02,32
02233,240200519,02,32
02234,240200592,02,32
02235,240200592,02,32
02236,200071769,02,32
02237,240200469,02,32
02238,200043495,02,32
02239,200072031,02,32
02240,240200493,02,32
02241,200072031,02,32
02242,240200584,02,32
02243,240200477,02,32
02244,200071983,02,32
02245,240200477,02,32
02246,200071892,02,32
02248,240200469,02,32
02249,240200519,02,32
02250,240200592,02,32
02251,240200634,02,32
02252,240200592,02,32
02253,240200477,02,32
02254,200071991,02,32
02255,240200501,02,32
02256,240200634,02,32
02257,200071892,02,32
02258,200071991,02,32
02259,200071991,02,32
02260,200071785,02,32
02261,240200469,02,32
02262,200071785,02,32
02263,240200501,02,32
02264,240200634,02,32
02265,240200634,02,32
02266,240200634,02,32
02267,200071991,02,32
02268,240200584,02,32
02269,240200444,02,32
02270,240200493,02,32
02271,200072031,02,32
02272,240200519,02,32
02273,200071892,02,32
02274,240200576,02,32
02275,240200600,02,32
02276,240200444,02,32
02277,200071991,02,32
02278,240200600,02,32
02279,200072031,02,32
02280,200072031,02,32
02281,240200584,02,32
02282,200043495,02,32
02283,240200469,02,32
02284,240200444,02,32
02286,240200444,02,32
02287,200040426,02,32
02288,200071892,02,32
02289,240200584,02,32
02290,200072031,02,32
02291,240200493,02,32
02292,200072031,02,32
02293,240200493,02,32
02294,200043495,02,32
02295,240200444,02,32
02296,240200493,02,32
02297,200072031,02,32
02298,200071983,02,32
02299,240200576,02,32
02302,200071991,02,32
02303,200071892,02,32
02304,200071785,02,32
02305,200072031,02,32
02306,200040426,02,32
02307,200071991,02,32
02308,240200444,02,32
02309,200043495,02,32
02310,200071892,02,32
02312,240200444,02,32
02313,200071983,02,32
02315,200071892,02,32
02316,200071991,02,32
02317,240200493,02,32
02318,200071769,02,32
02319,200071892,02,32
02320,200071892,02,32
02321,240200444,02,32
02322,200071892,02,32
02323,240200493,02,32
02324,240200444,02,32
02326,200071991,02,32
02327,240200493,02,32
02328,200072031,02,32
02329,200071785,02,32
02330,240200493,02,32
02331,240200444,02,32
02332,200072031,02,32
02333,200071769,02,32
02334,240200493,02,32
02335,200071785,02,32
02336,200071785,02,32
02337,240200444,02,32
02338,240200469,02,32
02339,200072031,02,32
02340,200071892,02,32
02341,240200444,02,32
02342,240200444,02,32
02343,240200493,02,32
02345,200040426,02,32
02346,240200576,02,32
02347,200072031,02,32
02349,240200592,02,32
02350,240200576,02,32
02351,200072031,02,32
02352,240200493,02,32
02353,240200469,02,32
02354,240200634,02,32
02355,240200493,02,32
02356,200072031,02,32
02357,240200444,02,32
02358,200071983,02,32
02359,200071892,02,32
02360,240200576,02,32
02361,200071983,02,32
02362,200071785,02,32
02363,200071769,02,32
02364,240200576,02,32
02366,200071983,02,32
02367,200071892,02,32
02368,200071991,02,32
02369,240200444,02,32
02370,240200493,02,32
02371,200071892,02,32
02372,240200519,02,32
02373,240200444,02,32
02374,240200493,02,32
02375,200072031,02,32
02376,200071983,02,32
02377,240200444,02,32
02378,240200600,02,32
02379,240200444,02,32
02380,200040426,02,32
02381,240200600,02,32
02382,240200493,02,32
02383,200071892,02,32
02384,240200444,02,32
02385,240200444,02,32
02386,200071983,02,32
02387,200040426,02,32
02388,240200600,02,32
02389,200072031,02,32
02390,240200493,02,32
02391,240200600,02,32
02392,240200493,02,32
02393,240200501,02,32
02395,200071769,02,32
02396,240200592,02,32
02397,200071892,02,32
02398,240200477,02,32
02399,240200576,02,32
02400,240200501,02,32
02401,240200444,02,32
02402,240200493,02,32
02403,240200444,02,32
02404,240200444,02,32
02405,240200600,02,32
02406,200071769,02,32
02407,200043495,02,32
02408,200043495,02,32
02409,240200576,02,32
02410,200071991,02,32
02411,200072031,02,32
02412,240200519,02,32
02413,200043495,02,32
02414,200071983,02,32
02415,200071991,02,32
02416,240200444,02,32
02417,240200493,02,32
02418,240200444,02,32
02419,240200444,02,32
02420,200071892,02,32
02421,240200501,02,32
02422,200071983,02,32
02423,200071769,02,32
02424,240200477,02,32
02425,240200600,02,32
02426,240200493,02,32
02427,240200501,02,32
02428,200072031,02,32
02429,200043495,02,32
02430,240200576,02,32
02431,200071785,02,32
02432,240200501,02,32
02433,240200634,02,32
02435,240200600,02,32
02438,200071991,02,32
02439,240200501,02,32
02440,240200576,02,32
02441,200071991,02,32
02442,200072031,02,32
02443,240200584,02,32
02444,240200444,02,32
02445,240200444,02,32
02446,200040426,02,32
02447,240200519,02,32
02448,240200576,02,32
02449,200071991,02,32
02450,200071983,02,32
02451,240200493,02,32
02452,240200493,02,32
02453,240200576,02,32
02454,240200576,02,32
02455,200071983,02,32
02456,200071785,02,32
02457,240200576,02,32
02458,200072031,02,32
02459,200071892,02,32
02460,240200469,02,32
02461,200071785,02,32
02462,200072031,02,32
02463,240200444,02,32
02464,240200501,02,32
02465,240200584,02,32
02466,200071991,02,32
02467,200071991,02,32
02468,240200469,02,32
02469,200071983,02,32
02470,240200600,02,32
02471,200043495,02,32
02472,240200576,02,32
02473,200071785,02,32
02474,200071785,02,32
02476,200071983,02,32
02477,240200477,02,32
02478,200071769,02,32
02480,240200469,02,32
02481,200071892,02,32
02482,240200576,02,32
02483,200040426,02,32
02484,200072031,02,32
02485,240200477,02,32
02486,240200576,02,32
02487,240200501,02,32
02488,200071983,02,32
02489,200043495,02,32
02490,240200501,02,32
02491,240200444,02,32
02492,200071785,02,32
02493,240200469,02,32
02494,200071983,02,32
02495,240200600,02,32
02496,200071991,02,32
02497,200043495,02,32
02498,240200576,02,32
02499,200071769,02,32
02500,240200493,02,32
02501,200043495,02,32
02502,240200634,02,32
02503,200040426,02,32
02504,200071892,02,32
02505,240200584,02,32
02506,200071991,02,32
02507,240200519,02,32
02508,200043495,02,32
02509,200072031,02,32
02510,200072031,02,32
02511,240200493,02,32
02512,200072031,02,32
02513,240200469,02,32
02514,200071991,02,32
02515,200072031,02,32
02516,240200469,02,32
02517,240200469,02,32
02518,200072031,02,32
02519,240200634,02,32
02520,240200501,02,32
02521,240200584,02,32
02522,240200600,02,32
02523,240200501,02,32
02524,200072031,02,32
02525,200071892,02,32
02526,240200634,02,32
02527,200071991,02,32
02528,200071991,02,32
02529,240200469,02,32
02530,240200592,02,32
02531,240200592,02,32
02532,200040426,02,32
02533,240200519,02,32
02534,240200576,02,32
02535,240200444,02,32
02536,240200519,02,32
02537,240200501,02,32
02538,200072031,02,32
02539,240200493,02,32
02540,200072031,02,32
02541,240200576,02,32
02542,200071785,02,32
02543,200072031,02,32
02544,240200600,02,32
02545,240200469,02,32
02546,200071785,02,32
02547,240200444,02,32
02548,240200444,02,32
02549,200071892,02,32
02550,240200592,02,32
02551,240200501,02,32
02552,200040426,02,32
02553,240200576,02,32
02554,200072031,02,32
02555,240200584,02,32
02556,240200634,02,32
02557,200071991,02,32
02558,240200444,02,32
02559,240200469,02,32
02560,240200469,02,32
02561,200043495,02,32
02562,200071991,02,32
02563,200071983,02,32
02564,240200477,02,32
02565,240200592,02,32
02566,200071785,02,32
02567,240200600,02,32
02568,200071991,02,32
02569,200071983,02,32
02570,200071892,02,32
02571,200071892,02,32
02572,240200576,02,32
02573,200043495,02,32
02574,240200600,02,32
02575,200040426,02,32
02576,240200477,02,32
02577,240200501,02,32
02578,240200592,02,32
02579,240200519,02,32
02580,240200519,02,32
02581,240200501,02,32
02582,240200592,02,32
02583,240200592,02,32
02584,240200444,02,32
02585,240200519,02,32
02586,240200634,02,32
02587,200043495,02,32
02588,240200592,02,32
02589,240200501,02,32
02590,200072031,02,32
02591,240200469,02,32
02592,200040426,02,32
02593,240200477,02,32
02594,200071991,02,32
02595,200072031,02,32
02596,240200584,02,32
02598,200071991,02,32
02599,200071785,02,32
02600,240200469,02,32
02601,240200576,02,32
02602,200071769,02,32
02604,200070985,02,32
02605,200040426,02,32
02606,240200519,02,32
02607,240200477,02,32
02608,240200444,02,32
02609,240200592,02,32
02610,240200477,02,32
02612,240200501,02,32
02613,240200576,02,32
02614,240200493,02,32
02615,240200493,02,32
02616,200071769,02,32
02617,240200469,02,32
02618,240200493,02,32
02619,200071769,02,32
02620,240200501,02,32
02621,200043495,02,32
02622,200072031,02,32
02623,240200444,02,32
02624,200071983,02,32
02625,200071983,02,32
02626,240200576,02,32
02627,240200576,02,32
02628,200071991,02,32
02629,240200444,02,32
02631,200071785,02,32
02632,200071769,02,32
02633,240200501,02,32
02634,240200634,02,32
02635,240200493,02,32
02636,200040426,02,32
02637,200071892,02,32
02638,240200469,02,32
02639,200040426,02,32
02640,200040426,02,32
02641,240200634,02,32
02642,240200634,02,32
02643,200071991,02,32
02644,200071991,02,32
02645,200072031,02,32
02647,200071983,02,32
02648,200040426,02,32
02649,200072031,02,32
02650,240200444,02,32
02651,200071785,02,32
02652,240200444,02,32
02653,240200584,02,32
02654,200071983,02,32
02655,200072031,02,32
02656,240200576,02,32
02657,240200444,02,32
02658,240200493,02,32
02659,200071892,02,32
02660,240200634,02,32
02661,200071769,02,32
02662,200072031,02,32
02663,240200519,02,32
02664,200072031,02,32
02665,240200519,02,32
02666,240200634,02,32
02667,200071991,02,32
02668,240200444,02,32
02670,240200444,02,32
02671,200071769,02,32
02672,200071991,02,32
02673,200071991,02,32
02674,240200600,02,32
02675,240200592,02,32
02676,240200576,02,32
02677,200072031,02,32
02678,240200634,02,32
02679,200072031,02,32
02680,200071785,02,32
02681,240200444,02,32
02682,240200501,02,32
02683,200071983,02,32
02684,240200600,02,32
02685,200071785,02,32
02686,200071769,02,32
02687,200071991,02,32
02688,240200444,02,32
02689,240200469,02,32
02690,240200576,02,32
02691,200071892,02,32
02693,240200519,02,32
02694,200071892,02,32
02696,240200592,02,32
02697,200043495,02,32
02698,240200501,02,32
02699,200072031,02,32
02701,240200584,02,32
02702,240200493,02,32
02703,240200493,02,32
02704,200071769,02,32
02705,240200576,02,32
02706,240200477,02,32
02707,200071769,02,32
02708,240200493,02,32
02709,240200493,02,32
02710,200071892,02,32
02711,240200477,02,32
02712,200072031,02,32
02713,200072031,02,32
02714,240200477,02,32
02715,240200501,02,32
02716,200071785,02,32
02717,200040426,02,32
02718,200071991,02,32
02719,200071785,02,32
02720,240200576,02,32
02721,200040426,02,32
02722,240200477,02,32
02723,240200634,02,32
02724,200072031,02,32
02725,240200444,02,32
02726,200071892,02,32
02727,240200469,02,32
02728,240200444,02,32
02729,200071991,02,32
02730,240200501,02,32
02731,240200444,02,32
02732,200040426,02,32
02734,200071991,02,32
02735,240200501,02,32
02736,200071991,02,32
02737,240200469,02,32
02738,200071785,02,32
02739,240200501,02,32
02740,240200444,02,32
02741,200040426,02,32
02742,240200469,02,32
02743,240200634,02,32
02744,200072031,02,32
02745,240200469,02,32
02746,200071785,02,32
02747,240200493,02,32
02748,200072031,02,32
02749,200071991,02,32
02750,200071769,02,32
02751,240200592,02,32
02752,200071892,02,32
02753,200071983,02,32
02754,200071785,02,32
02755,200071769,02,32
02756,200040426,02,32
02757,200071983,02,32
02758,240200501,02,32
02759,240200444,02,32
02760,200071983,02,32
02761,240200576,02,32
02762,200071991,02,32
02763,240200501,02,32
02764,240200592,02,32
02765,200043495,02,32
02766,240200501,02,32
02767,240200477,02,32
02768,200071769,02,32
02769,200071983,02,32
02770,240200477,02,32
02772,240200493,02,32
02773,240200501,02,32
02774,240200493,02,32
02775,200040426,02,32
02776,240200493,02,32
02777,240200584,02,32
02778,240200592,02,32
02779,200071983,02,32
02780,240200477,02,32
02781,200072031,02,32
02782,240200493,02,32
02783,200071983,02,32
02784,200071983,02,32
02785,240200493,02,32
02786,200071769,02,32
02787,240200469,02,32
02788,200071785,02,32
02789,240200444,02,32
02790,240200469,02,32
02791,200043495,02,32
02792,240200584,02,32
02793,200071991,02,32
02794,200072031,02,32
02795,200071991,02,32
02796,200072031,02,32
02797,240200501,02,32
02798,240200584,02,32
02799,240200519,02,32
02800,200072031,02,32
02801,240200634,02,32
02802,240200634,02,32
02803,240200576,02,32
02804,240200519,02,32
02805,240200477,02,32
02806,200072031,02,32
02807,200071785,02,32
02808,240200493,02,32
02809,200072031,02,32
02810,200071991,02,32
02812,200071991,02,32
02813,200040426,02,32
02814,200071983,02,32
02815,200071892,02,32
02816,200072031,02,32
02817,240200501,02,32
02818,240200584,02,32
02819,240200634,02,32
02820,200071785,02,32
02821,200043495,02,32
02822,200071991,02,32
02823,240200444,02,32
02824,200043495,02,32
02826,240200444,02,32
02827,240200469,02,32
02828,240200477,02,32
02829,240200501,02,32
02830,200071983,02,32
02831,240200600,02,32
02832,240200444,02,32
02833,240200600,02,32
02834,200071769,02,32
03001,200071363,03,84
03002,200071496,03,84
03003,240300558,03,84
03004,240300491,03,84
03005,240300657,03,84
03006,200071363,03,84
03007,200071082,03,84
03008,200071363,03,84
03009,200071140,03,84
03010,240300566,03,84
03011,200071140,03,84
03012,200071496,03,84
03013,200071140,03,84
03014,200071470,03,84
03015,200071140,03,84
03016,200071389,03,84
03017,240300491,03,84
03018,200071389,03,84
03019,200071470,03,84
03020,200071512,03,84
03021,200071389,03,84
03022,200071389,03,84
03023,200071363,03,84
03024,240300491,03,84
03025,200071140,03,84
03026,200071140,03,84
03027,200071512,03,84
03028,240300491,03,84
03029,200071363,03,84
03030,200071389,03,84
03031,200071512,03,84
03032,200071512,03,84
03033,200071363,03,84
03034,200071470,03,84
03035,200071470,03,84
03036,200071496,03,84
03037,240300558,03,84
03038,200071389,03,84
03039,200071140,03,84
03040,200071140,03,84
03041,240300558,03,84
03042,240300491,03,84
03043,200071389,03,84
03044,200071363,03,84
03045,200071363,03,84
03046,200071496,03,84
03047,200071512,03,84
03048,240300558,03,84
03049,200071389,03,84
03050,200071363,03,84
03051,240300657,03,84
03052,200071512,03,84
03053,200071389,03,84
03054,200071140,03,84
03055,240300657,03,84
03056,200071363,03,84
03057,200071140,03,84
03058,200071512,03,84
03059,200071389,03,84
03060,200071363,03,84
03061,200071389,03,84
03062,200071389,03,84
03063,200071884,03,84
03064,200071140,03,84
03065,200071496,03,84
03066,200071363,03,84
03067,200071470,03,84
03068,200071363,03,84
03069,200071496,03,84
03070,200071512,03,84
03071,200071470,03,84
03072,240300657,03,84
03073,200071140,03,84
03074,200071140,03,84
03075,200071389,03,84
03076,200071140,03,84
03077,200071389,03,84
03078,200071389,03,84
03079,200071470,03,84
03080,200071363,03,84
03081,200071512,03,84
03082,200071512,03,84
03083,200071389,03,84
03084,200071512,03,84
03085,200071140,03,84
03086,200071884,03,84
03087,240300558,03,84
03088,240300657,03,84
03089,200071389,03,84
03090,200071140,03,84
03091,200071470,03,84
03092,200071496,03,84
03093,200071363,03,84
03094,200071363,03,84
03095,200071363,03,84
03096,200071389,03,84
03097,200071512,03,84
03098,200071082,03,84
03099,200071496,03,84
03100,200071470,03,84
03101,200071082,03,84
03102,200071470,03,84
03103,200071470,03,84
03104,200071512,03,84
03105,240300491,03,84
03106,200071512,03,84
03107,200071389,03,84
03108,200071389,03,84
03109,200071389,03,84
03110,200071363,03,84
03111,240300566,03,84
03112,200071389,03,84
03113,200071363,03,84
03114,200071389,03,84
03115,200071389,03,84
03116,200071389,03,84
03117,200071496,03,84
03118,200071389,03,84
03119,200071140,03,84
03120,200071140,03,84
03121,200071140,03,84
03122,200071496,03,84
03124,200071140,03,84
03125,200071363,03,84
03126,200071363,03,84
03127,240300558,03,84
03128,240300657,03,84
03129,200071512,03,84
03130,240300558,03,84
03131,240300491,03,84
03132,200071470,03,84
03133,200071389,03,84
03134,200071389,03,84
03135,200071389,03,84
03136,200071082,03,84
03137,200071470,03,84
03138,240300491,03,84
03139,200071363,03,84
03140,200071082,03,84
03141,200071363,03,84
03142,200071470,03,84
03143,240300558,03,84
03144,200071470,03,84
03145,200071082,03,84
03146,200071140,03,84
03147,200071470,03,84
03148,200071389,03,84
03149,200071389,03,84
03150,200071496,03,84
03151,200071512,03,84
03152,200071389,03,84
03154,200071470,03,84
03155,200071140,03,84
03156,200071140,03,84
03157,200071363,03,84
03158,240300566,03,84
03159,200071512,03,84
03160,200071389,03,84
03161,200071082,03,84
03162,200071140,03,84
03163,200071363,03,84
03164,200071389,03,84
03165,200071363,03,84
03166,200071389,03,84
03167,200071082,03,84
03168,240300558,03,84
03169,200071496,03,84
03170,200071496,03,84
03171,200071470,03,84
03172,240300657,03,84
03173,200071884,03,84
03174,200071363,03,84
03175,200071389,03,84
03176,200071389,03,84
03177,200071470,03,84
03178,200071470,03,84
03179,200071470,03,84
03180,200071140,03,84
03181,200071470,03,84
03182,200071389,03,84
03183,200071496,03,84
03184,200071140,03,84
03185,200071082,03,84
03186,200071512,03,84
03187,200071470,03,84
03188,200071389,03,84
03189,200071512,03,84
03190,200071140,03,84
03191,200071512,03,84
03192,200071389,03,84
03193,240300566,03,84
03194,200071389,03,84
03195,200071512,03,84
03196,200071470,03,84
03197,200071140,03,84
03198,200071140,03,84
03200,200071140,03,84
03201,200071363,03,84
03202,200071496,03,84
03203,200071140,03,84
03204,200071389,03,84
03205,240300491,03,84
03206,200071082,03,84
03207,200071470,03,84
03208,200071470,03,84
03209,200071389,03,84
03210,200071140,03,84
03211,200071082,03,84
03212,200071082,03,84
03213,240300566,03,84
03214,200071496,03,84
03215,200071470,03,84
03216,200071082,03,84
03217,200071512,03,84
03218,200071496,03,84
03219,200071512,03,84
03220,200071389,03,84
03221,240300558,03,84
03222,240300558,03,84
03223,240300491,03,84
03224,200071363,03,84
03225,240300657,03,84
03226,200071470,03,84
03227,200071389,03,84
03228,240300657,03,84
03229,200071140,03,84
03230,240300491,03,84
03231,200071082,03,84
03232,200071470,03,84
03233,200071082,03,84
03234,200071470,03,84
03235,200071470,03,84
03236,200071363,03,84
03237,200071389,03,84
03238,200071496,03,84
03239,200071470,03,84
03240,200071470,03,84
03241,200071140,03,84
03242,200071389,03,84
03243,200071512,03,84
03244,200071082,03,84
03245,200071140,03,84
03246,240300657,03,84
03247,200071496,03,84
03248,200071363,03,84
03249,240300657,03,84
03250,240300491,03,84
03251,200071496,03,84
03252,200071363,03,84
03253,200071470,03,84
03254,200071389,03,84
03255,200071389,03,84
03256,200071512,03,84
03257,240300491,03,84
03258,200071363,03,84
03259,240300657,03,84
03260,200071496,03,84
03261,200071082,03,84
03262,200071082,03,84
03263,200071470,03,84
03264,200071363,03,84
03265,200071470,03,84
03266,200071470,03,84
03267,200071389,03,84
03268,200071389,03,84
03269,200071512,03,84
03270,200071512,03,84
03271,200071363,03,84
03272,240300491,03,84
03273,200071363,03,84
03274,200071470,03,84
03275,200071140,03,84
03276,200071389,03,84
03277,200071389,03,84
03278,200071389,03,84
03279,200071082,03,84
03280,200071082,03,84
03281,200071389,03,84
03282,240300558,03,84
03283,200071140,03,84
03284,200071470,03,84
03285,200071512,03,84
03286,200071140,03,84
03287,200071496,03,84
03288,240300657,03,84
03289,200071470,03,84
03290,200071140,03,84
03291,200071470,03,84
03292,200071496,03,84
03293,240300558,03,84
03294,200071389,03,84
03295,200071389,03,84
03296,240300558,03,84
03297,240300566,03,84
03298,200071470,03,84
03299,200071470,03,84
03300,200071470,03,84
03301,240300566,03,84
03302,200071389,03,84
03303,200071512,03,84
03304,200071363,03,84
03305,200071512,03,84
03306,200071363,03,84
03307,200071389,03,84
03308,200071512,03,84
03309,200071140,03,84
03310,200071363,03,84
03311,200071389,03,84
03312,200071496,03,84
03313,240300558,03,84
03314,200071082,03,84
03315,200071512,03,84
03316,200071140,03,84
03317,240300657,03,84
03319,200071512,03,84
03320,200071496,03,84
03321,200071140,03,84
04001,200067437,04,93
04004,200034700,04,93
04005,200068625,04,93
04006,200068625,04,93
04007,200068625,04,93
04008,200068625,04,93
04009,200067437,04,93
04012,200071025,04,93
04013,200071033,04,93
04016,200068765,04,93
04017,200067437,04,93
04018,200071025,04,93
04019,200072304,04,93
04020,200067437,04,93
04021,200067437,04,93
04022,200068625,04,93
04023,200068765,04,93
04024,200067437,04,93
04025,200068625,04,93
04026,200068765,04,93
04027,200071033,04,93
04028,200067437,04,93
04030,200068625,04,93
04031,200067437,04,93
04032,200068625,04,93
04033,200072304,04,93
04034,200034700,04,93
04035,200034700,04,93
04036,200067437,04,93
04037,200068765,04,93
04039,200068625,04,93
04040,200067437,04,93
04041,200034700,04,93
04042,200068625,04,93
04043,200068625,04,93
04045,200040624,04,93
04046,200067437,04,93
04047,200067437,04,93
04049,200067437,04,93
04050,200068765,04,93
04051,200071033,04,93
04053,200071033,04,93
04054,200067437,04,93
04055,200068625,04,93
04057,200068765,04,93
04058,200067825,04,93
04059,200068625,04,93
04061,200068625,04,93
04062,200072304,04,93
04063,200034700,04,93
04065,240400440,04,93
04066,200067825,04,93
04067,200071033,04,93
04068,200071025,04,93
04069,200068625,04,93
04070,200067437,04,93
04072,200067437,04,93
04073,200072304,04,93
04074,200067437,04,93
04075,200068765,04,93
04076,200068625,04,93
04077,200034700,04,93
04079,200067437,04,93
04081,200034700,04,93
04084,200067437,04,93
04085,200068765,04,93
04086,200072304,04,93
04087,240400440,04,93
04088,240400440,04,93
04090,200068625,04,93
04091,200067437,04,93
04092,200068625,04,93
04093,200068765,04,93
04094,200034700,04,93
04095,200071025,04,93
04096,200072304,04,93
04097,200067437,04,93
04099,200068625,04,93
04101,240400440,04,93
04102,200072304,04,93
04104,240400440,04,93
04106,240400440,04,93
04107,200067437,04,93
04108,200067437,04,93
04109,200067437,04,93
04110,200067437,04,93
04111,200071025,04,93
04112,200034700,04,93
04113,200067437,04,93
04115,200068625,04,93
04116,200067437,04,93
04118,200068765,04,93
04120,200072304,04,93
04121,200067437,04,93
04122,200067437,04,93
04123,200068765,04,93
04124,200034700,04,93
04126,200067437,04,93
04127,200071033,04,93
04128,200034700,04,93
04129,200071025,04,93
04130,240400440,04,93
04132,200071025,04,93
04133,200068625,04,93
04134,200068765,04,93
04135,200067437,04,93
04136,200068625,04,93
04137,200068765,04,93
04138,240400440,04,93
04139,200071033,04,93
04140,200071033,04,93
04141,240400440,04,93
04142,200071025,04,93
04143,200034700,04,93
04144,200068625,04,93
04145,200071033,04,93
04148,200068625,04,93
04149,200067437,04,93
04150,200067320,04,93
04151,240400440,04,93
04152,200034700,04,93
04154,200067742,04,93
04155,200067437,04,93
04156,200034700,04,93
04157,200034700,04,93
04158,200034700,04,93
04159,200071025,04,93
04160,200071025,04,93
04161,200072304,04,93
04162,200071025,04,93
04163,200071025,04,93
04164,240400440,04,93
04166,200034700,04,93
04167,200067437,04,93
04169,200071025,04,93
04170,200068625,04,93
04171,200068625,04,93
04172,200034700,04,93
04173,200068625,04,93
04174,200068625,04,93
04175,200071025,04,93
04176,200067437,04,93
04177,200067437,04,93
04178,240400440,04,93
04179,200068765,04,93
04180,200068625,04,93
04181,200067437,04,93
04182,200067437,04,93
04183,200068625,04,93
04184,200067437,04,93
04186,200034700,04,93
04187,200068625,04,93
04188,200071025,04,93
04189,200034700,04,93
04190,200071025,04,93
04191,200067437,04,93
04192,200071025,04,93
04193,200072304,04,93
04194,200068625,04,93
04195,200072304,04,93
04197,200034700,04,93
04199,200071033,04,93
04200,200071033,04,93
04201,200071025,04,93
04202,200068625,04,93
04203,200067437,04,93
04204,200068625,04,93
04205,200067437,04,93
04206,240400440,04,93
04207,200068765,04,93
04208,200071025,04,93
04209,200068765,04,93
04210,200068625,04,93
04211,200071033,04,93
04214,200068625,04,93
04216,200068765,04,93
04217,200067437,04,93
04218,200068625,04,93
04219,200068625,04,93
04220,200072304,04,93
04222,200068765,04,93
04224,200068625,04,93
04226,200072304,04,93
04227,200071025,04,93
04228,200068765,04,93
04229,200071033,04,93
04230,200034700,04,93
04231,200068765,04,93
04233,200068765,04,93
04234,200067320,04,93
04235,200067437,04,93
04236,200068625,04,93
04237,200067437,04,93
04240,200068625,04,93
04241,200071025,04,93
04242,200034700,04,93
04244,200067437,04,93
04245,200034700,04,93
05001,200067452,05,93
05003,200067452,05,93
05004,200068096,05,93
05006,240500462,05,93
05007,200067452,05,93
05008,200067445,05,93
05009,200068096,05,93
05010,200067445,05,93
05011,200067320,05,93
05012,200067742,05,93
05013,200067825,05,93
05014,200068765,05,93
05016,200068765,05,93
05017,200067320,05,93
05018,200067320,05,93
05019,200067445,05,93
05021,200068765,05,93
05022,200067320,05,93
05023,240500439,05,93
05024,200068765,05,93
05025,200068096,05,93
05026,200067452,05,93
05027,240500439,05,93
05028,200067445,05,93
05029,200068096,05,93
05031,240500462,05,93
05032,200068096,05,93
05033,200068765,05,93
05035,200067445,05,93
05036,200067742,05,93
05037,200067825,05,93
05038,200067452,05,93
05039,200068096,05,93
05040,200067742,05,93
05044,200067742,05,93
05045,200067742,05,93
05046,200067742,05,93
05047,200068765,05,93
05048,200068765,05,93
05049,200067825,05,93
05050,200067320,05,93
05051,200068765,05,93
05052,200067452,05,93
05053,200068765,05,93
05054,200068096,05,93
05055,200067445,05,93
05056,200068096,05,93
05057,200067825,05,93
05058,240500462,05,93
05059,200067825,05,93
05060,200067445,05,93
05061,200067825,05,93
05062,200068096,05,93
05063,240500439,05,93
05064,200068096,05,93
05065,200067452,05,93
05066,200067445,05,93
05068,200067825,05,93
05070,200068765,05,93
05071,200067825,05,93
05072,200068096,05,93
05073,200068765,05,93
05074,200067825,05,93
05075,200067445,05,93
05076,200068765,05,93
05077,200067452,05,93
05078,200068765,05,93
05079,240500439,05,93
05080,200067445,05,93
05081,200068765,05,93
05082,200067452,05,93
05084,200067320,05,93
05085,240500439,05,93
05086,200068765,05,93
05087,200067445,05,93
05089,200068765,05,93
05090,200068096,05,93
05091,200068765,05,93
05092,200067825,05,93
05093,240500439,05,93
05094,200068765,05,93
05095,200068096,05,93
05096,200068096,05,93
05097,200068765,05,93
05098,200067742,05,93
05099,200067445,05,93
05100,200067825,05,93
05101,240500462,05,93
05102,200068765,05,93
05103,200068765,05,93
05104,200068096,05,93
05106,200067742,05,93
05107,240500439,05,93
05108,200067742,05,93
05109,240500439,05,93
05110,240500462,05,93
05111,200067742,05,93
05112,200067445,05,93
05113,200067320,05,93
05114,200067742,05,93
05115,200067320,05,93
05116,200067452,05,93
05117,200068765,05,93
05118,200068765,05,93
05119,200067452,05,93
05121,200067320,05,93
05122,240500462,05,93
05123,200067445,05,93
05124,200067320,05,93
05126,200068765,05,93
05127,200067320,05,93
05128,200067742,05,93
05129,200068765,05,93
05130,200067742,05,93
05131,200067445,05,93
05132,200068096,05,93
05133,240500439,05,93
05134,200067452,05,93
05135,200068765,05,93
05136,200067452,05,93
05139,200067445,05,93
05140,200067320,05,93
05142,200068096,05,93
05144,200068096,05,93
05145,200068096,05,93
05146,200067445,05,93
05147,200068096,05,93
05148,200068096,05,93
05149,200068096,05,93
05151,240500462,05,93
05152,200068096,05,93
05153,200068096,05,93
05154,200067445,05,93
05155,200068765,05,93
05156,200067742,05,93
05157,200067452,05,93
05158,200067445,05,93
05159,200068765,05,93
05160,200068765,05,93
05161,240500439,05,93
05162,200067825,05,93
05163,200067742,05,93
05164,200067742,05,93
05165,200068765,05,93
05166,200068765,05,93
05167,200068765,05,93
05168,200067825,05,93
05169,200068765,05,93
05170,200067825,05,93
05171,200067320,05,93
05172,200068765,05,93
05173,200068765,05,93
05174,240500439,05,93
05176,200067320,05,93
05177,200067452,05,93
05178,200068765,05,93
05179,200067445,05,93
05180,240500462,05,93
05181,240500439,05,93
05182,200068096,05,93
05183,240500439,05,93
05184,200067825,05,93
06001,200039931,06,93
06002,200039857,06,93
06003,200039857,06,93
06004,240600585,06,93
06005,200039931,06,93
06006,200030195,06,93
06007,200039857,06,93
06008,200039931,06,93
06009,200030195,06,93
06010,240600585,06,93
06011,200030195,06,93
06012,240600551,06,93
06013,200030195,06,93
06014,240600593,06,93
06015,240600593,06,93
06016,200039931,06,93
06017,240600585,06,93
06018,240600585,06,93
06019,240600593,06,93
06020,200030195,06,93
06021,200030195,06,93
06022,240600585,06,93
06023,240600551,06,93
06024,200039857,06,93
06025,200030195,06,93
06026,200039857,06,93
06027,200030195,06,93
06028,200039857,06,93
06029,200039915,06,93
06030,200039915,06,93
06031,240600593,06,93
06032,200030195,06,93
06033,200030195,06,93
06034,200030195,06,93
06035,240600551,06,93
06036,240600551,06,93
06037,240600585,06,93
06038,240600585,06,93
06039,200030195,06,93
06040,200039931,06,93
06041,240600585,06,93
06042,200030195,06,93
06043,240600593,06,93
06044,240600585,06,93
06045,200039857,06,93
06046,200030195,06,93
06047,240600585,06,93
06048,240600593,06,93
06049,240600585,06,93
06050,240600585,06,93
06051,200039931,06,93
06052,200039931,06,93
06053,200039931,06,93
06054,200030195,06,93
06055,200030195,06,93
06056,200039931,06,93
06057,240600593,06,93
06058,200039857,06,93
06059,200030195,06,93
06060,200030195,06,93
06061,240600585,06,93
06062,240600551,06,93
06063,200039857,06,93
06064,200030195,06,93
06065,200030195,06,93
06066,200030195,06,93
06067,240600551,06,93
06068,240600585,06,93
06069,200039857,06,93
06070,240600585,06,93
06071,200039931,06,93
06072,200030195,06,93
06073,200030195,06,93
06074,200030195,06,93
06075,200030195,06,93
06076,200039931,06,93
06077,240600593,06,93
06078,200039931,06,93
06079,200039915,06,93
06080,200030195,06,93
06081,200039857,06,93
06082,200039931,06,93
06083,240600551,06,93
06084,200039857,06,93
06085,200039915,06,93
06086,240600551,06,93
06087,200039857,06,93
06088,200030195,06,93
06089,240600585,06,93
06090,200039857,06,93
06091,240600593,06,93
06092,240600593,06,93
06093,200039931,06,93
06094,200039931,06,93
06095,200039857,06,93
06096,200039931,06,93
06097,200039931,06,93
06098,200039931,06,93
06099,200039931,06,93
06100,200039931,06,93
06101,200039931,06,93
06102,200030195,06,93
06103,200030195,06,93
06104,240600551,06,93
06105,240600585,06,93
06106,200039931,06,93
06107,240600585,06,93
06108,200039857,06,93
06109,200030195,06,93
06110,200030195,06,93
06111,200030195,06,93
06112,240600585,06,93
06113,240600551,06,93
06114,200030195,06,93
06115,200039931,06,93
06116,200039857,06,93
06117,200030195,06,93
06118,200039857,06,93
06119,200030195,06,93
06120,200030195,06,93
06121,200030195,06,93
06122,200030195,06,93
06123,200030195,06,93
06124,200039931,06,93
06125,200039931,06,93
06126,200030195,06,93
06127,200030195,06,93
06128,240600585,06,93
06129,200030195,06,93
06130,200039857,06,93
06131,200039931,06,93
06132,240600551,06,93
06133,200039931,06,93
06134,200039857,06,93
06135,200039931,06,93
06136,240600551,06,93
06137,200039857,06,93
06138,200039915,06,93
06139,200039931,06,93
06140,200039857,06,93
06141,200039931,06,93
06142,240600593,06,93
06143,200039931,06,93
06144,200030195,06,93
06145,200039931,06,93
06146,200030195,06,93
06147,200030195,06,93
06148,240600585,06,93
06149,200030195,06,93
06150,240600551,06,93
06151,200030195,06,93
06152,240600585,06,93
06153,200030195,06,93
06154,200039857,06,93
06155,240600585,06,93
06156,200030195,06,93
06157,200030195,06,93
06158,200039931,06,93
06159,200030195,06,93
06160,200039931,06,93
06161,240600585,06,93
06162,240600551,06,93
06163,240600551,06,93
07001,200041465,07,84
07002,200073245,07,84
07003,200073245,07,84
07004,200071413,07,84
07005,200071405,07,84
07006,200041465,07,84
07007,200041366,07,84
07008,200071413,07,84
07009,200040491,07,84
07010,200072015,07,84
07011,200073245,07,84
07012,200041465,07,84
07013,200072015,07,84
07014,200073096,07,84
07015,200040491,07,84
07017,200039832,07,84
07018,200072007,07,84
07019,200073245,07,84
07020,200071405,07,84
07022,200071405,07,84
07023,200039808,07,84
07024,200039832,07,84
07025,200039824,07,84
07026,200072007,07,84
07027,200071413,07,84
07028,200039832,07,84
07029,240700302,07,84
07030,200071413,07,84
07031,200039832,07,84
07032,240700815,07,84
07033,200039808,07,84
07034,240700864,07,84
07035,200041366,07,84
07036,200072015,07,84
07037,200072007,07,84
07038,200072007,07,84
07039,200073096,07,84
07040,200073096,07,84
07041,200072015,07,84
07042,240700864,07,84
07044,200072015,07,84
07045,200039824,07,84
07047,200072007,07,84
07048,200071413,07,84
07049,200041465,07,84
07050,200039832,07,84
07051,200040491,07,84
07052,200041366,07,84
07053,240700302,07,84
07054,200041465,07,84
07055,200041366,07,84
07056,200072015,07,84
07058,240700617,07,84
07059,200041366,07,84
07060,200071413,07,84
07061,200039808,07,84
07062,240700617,07,84
07063,200073096,07,84
07064,200041465,07,84
07065,200039824,07,84
07066,200071413,07,84
07067,200072015,07,84
07068,200073096,07,84
07069,200073096,07,84
07070,200041366,07,84
07071,200072007,07,84
07072,200071413,07,84
07073,200016905,07,84
07074,200071413,07,84
07075,200072007,07,84
07076,200071405,07,84
07077,240700815,07,84
07078,200072015,07,84
07079,200016905,07,84
07080,200041465,07,84
07081,240700302,07,84
07082,200041465,07,84
07083,200071413,07,84
07084,200040491,07,84
07085,200016905,07,84
07086,200073096,07,84
07087,200039824,07,84
07088,240700302,07,84
07089,200072015,07,84
07090,200071413,07,84
07091,200073245,07,84
07092,200071413,07,84
07093,200073245,07,84
07094,200071413,07,84
07095,200016905,07,84
07096,200071413,07,84
07097,200073096,07,84
07098,200071413,07,84
07099,240700864,07,84
07100,200039832,07,84
07101,200039808,07,84
07102,200041366,07,84
07103,200041465,07,84
07104,200041465,07,84
07105,200072007,07,84
07106,200072007,07,84
07107,200039824,07,84
07108,200041465,07,84
07109,240700617,07,84
07110,240700302,07,84
07111,200073245,07,84
07112,200073245,07,84
07113,200039808,07,84
07114,200016905,07,84
07115,200039808,07,84
07116,200073245,07,84
07117,240700302,07,84
07118,240700302,07,84
07119,200072007,07,84
07120,200072007,07,84
07121,200072007,07,84
07122,200073245,07,84
07123,200041465,07,84
07124,200016905,07,84
07126,200039808,07,84
07127,200039824,07,84
07128,240700716,07,84
07129,200016905,07,84
07130,200072007,07,84
07131,200039808,07,84
07132,240700617,07,84
07133,240700864,07,84
07134,240700617,07,84
07136,200072007,07,84
07137,200072007,07,84
07138,200073245,07,84
07139,200073245,07,84
07140,200073096,07,84
07141,200073245,07,84
07142,200072007,07,84
07143,200072015,07,84
07144,240700302,07,84
07145,240700815,07,84
07146,200071413,07,84
07147,200039832,07,84
07148,200039832,07,84
07149,200071413,07,84
07150,200041465,07,84
07151,200041465,07,84
07152,200073096,07,84
07153,200039824,07,84
07154,200072007,07,84
07155,200073245,07,84
07156,200039824,07,84
07157,200071405,07,84
07158,200073245,07,84
07159,240700815,07,84
07160,200072015,07,84
07161,200039824,07,84
07162,240700617,07,84
07163,200039832,07,84
07165,200041465,07,84
07166,200016905,07,84
07167,200071413,07,84
07168,200039808,07,84
07169,200040491,07,84
07170,200073096,07,84
07171,240700302,07,84
07172,200072015,07,84
07173,200039824,07,84
07174,200040491,07,84
07175,200072007,07,84
07176,240700302,07,84
07177,200073096,07,84
07178,200039824,07,84
07179,200071413,07,84
07181,200071413,07,84
07182,200039824,07,84
07183,200039808,07,84
07184,200071413,07,84
07185,240700716,07,84
07186,200071413,07,84
07187,240700617,07,84
07188,200072015,07,84
07189,240700302,07,84
07190,200039808,07,84
07191,200071405,07,84
07192,200041465,07,84
07193,240700617,07,84
07194,200071413,07,84
07195,200072007,07,84
07196,240700302,07,84
07197,200072015,07,84
07198,200071413,07,84
07199,240700302,07,84
07200,200072007,07,84
07201,200039808,07,84
07202,240700302,07,84
07203,200072007,07,84
07204,200041465,07,84
07205,240700716,07,84
07206,200072007,07,84
07207,200039808,07,84
07208,240700815,07,84
07209,200041465,07,84
07210,200073245,07,84
07211,200039832,07,84
07212,200041465,07,84
07213,240700302,07,84
07214,200071413,07,84
07215,200041465,07,84
07216,200016905,07,84
07217,200073096,07,84
07218,200016905,07,84
07219,200071405,07,84
07220,200041465,07,84
07221,200071413,07,84
07222,200041465,07,84
07223,200039824,07,84
07224,200072007,07,84
07225,200072015,07,84
07226,200041465,07,84
07227,200072015,07,84
07228,200072015,07,84
07229,200073245,07,84
07230,200073245,07,84
07231,200073245,07,84
07232,200072007,07,84
07233,200071413,07,84
07234,200040491,07,84
07235,200072007,07,84
07236,200073096,07,84
07237,200071413,07,84
07238,240700302,07,84
07239,200041465,07,84
07240,200041366,07,84
07241,240700815,07,84
07242,240700815,07,84
07243,200072015,07,84
07244,200071413,07,84
07245,200073096,07,84
07247,240700815,07,84
07248,200041465,07,84
07249,200041465,07,84
07250,240700716,07,84
07251,200073245,07,84
07253,200071413,07,84
07254,200073245,07,84
07255,200071413,07,84
07257,200071413,07,84
07258,200072015,07,84
07259,240700864,07,84
07260,200071405,07,84
07261,200071413,07,84
07262,200072007,07,84
07263,240700815,07,84
07264,240700864,07,84
07265,200072015,07,84
07266,200039832,07,84
07267,200072007,07,84
07268,240700864,07,84
07269,200041465,07,84
07270,200071405,07,84
07272,200039808,07,84
07273,240700815,07,84
07274,200071413,07,84
07275,240700302,07,84
07276,200041465,07,84
07277,200073245,07,84
07278,200071413,07,84
07279,240700864,07,84
07280,200039832,07,84
07281,200041366,07,84
07282,200039824,07,84
07283,200071405,07,84
07284,200039832,07,84
07285,240700716,07,84
07286,200041465,07,84
07287,240700815,07,84
07288,200071413,07,84
07289,200073245,07,84
07290,200016905,07,84
07291,200039808,07,84
07292,240700716,07,84
07293,200041366,07,84
07294,200035129,07,84
07295,200071413,07,84
07296,200073245,07,84
07297,200041366,07,84
07298,200071405,07,84
07299,240700716,07,84
07300,200071405,07,84
07301,200073096,07,84
07302,200071405,07,84
07303,200071413,07,84
07304,200039808,07,84
07305,200039832,07,84
07306,200039808,07,84
07307,240700617,07,84
07308,200040491,07,84
07309,240700716,07,84
07310,200072015,07,84
07311,240700815,07,84
07312,200073096,07,84
07313,200072015,07,84
07314,200071413,07,84
07315,200039824,07,84
07316,200041366,07,84
07317,200072015,07,84
07318,240700617,07,84
07319,200071405,07,84
07321,200072015,07,84
07322,200039824,07,84
07323,200041366,07,84
07324,200073096,07,84
07325,200073245,07,84
07326,200072007,07,84
07327,240700617,07,84
07328,200039808,07,84
07329,240700302,07,84
07330,200039808,07,84
07331,200073245,07,84
07332,200071405,07,84
07333,200072015,07,84
07334,200039832,07,84
07335,200073096,07,84
07336,240700302,07,84
07337,200072015,07,84
07338,200071413,07,84
07339,200073245,07,84
07340,200071413,07,84
07341,240700815,07,84
07342,200072015,07,84
07343,200073245,07,84
07344,200072015,07,84
07345,200073096,07,84
07346,240700864,07,84
07347,200072015,07,84
07348,200039808,07,84
07349,200071413,07,84
08001,200043156,08,44
08003,200041630,08,44
08004,200043156,08,44
08005,200043156,08,44
08006,240800862,08,44
08008,200043156,08,44
08010,200043156,08,44
08011,240800821,08,44
08013,240800847,08,44
08014,200043156,08,44
08015,200041622,08,44
08016,200041622,08,44
08017,240800920,08,44
08018,240800920,08,44
08019,240800920,08,44
08020,240800920,08,44
08021,200043156,08,44
08022,200041630,08,44
08023,240800847,08,44
08024,200043156,08,44
08025,240800862,08,44
08026,200041622,08,44
08027,240800862,08,44
08028,240800821,08,44
08029,240800847,08,44
08030,200041622,08,44
08031,240800920,08,44
08032,200043156,08,44
08033,240800920,08,44
08034,240800847,08,44
08035,240800920,08,44
08036,240800920,08,44
08037,200041622,08,44
08038,200043156,08,44
08039,200043156,08,44
08040,200041630,08,44
08041,240800862,08,44
08043,200041630,08,44
08044,200043156,08,44
08045,240800920,08,44
08046,200043156,08,44
08047,240800862,08,44
08048,200043156,08,44
08049,240800920,08,44
08052,240800920,08,44
08053,200041630,08,44
08055,240800847,08,44
08056,240800920,08,44
08057,240800920,08,44
08058,200041630,08,44
08059,240800920,08,44
08060,200043156,08,44
08061,240800920,08,44
08062,200043156,08,44
08063,240800847,08,44
08064,200043156,08,44
08065,240800847,08,44
08066,200043156,08,44
08067,240800847,08,44
08069,200041622,08,44
08070,200043156,08,44
08071,200067759,08,44
08073,200041622,08,44
08074,240800920,08,44
08075,240800920,08,44
08076,240800862,08,44
08077,240800920,08,44
08078,200067759,08,44
08080,240800862,08,44
08081,200067759,08,44
08082,240800920,08,44
08083,240800847,08,44
08084,200043156,08,44
08085,240800920,08,44
08086,240800920,08,44
08087,200041622,08,44
08088,240800847,08,44
08089,240800920,08,44
08090,240800847,08,44
08092,240800920,08,44
08094,200041622,08,44
08095,240800862,08,44
08096,200041630,08,44
08097,240800920,08,44
08098,240800920,08,44
08099,240800862,08,44
08100,200041622,08,44
08101,200041630,08,44
08102,240800862,08,44
08103,240800862,08,44
08104,240800920,08,44
08105,200041630,08,44
08106,240800821,08,44
08107,200043156,08,44
08109,240800920,08,44
08110,200067759,08,44
08111,200043156,08,44
08113,240800862,08,44
08115,240800847,08,44
08116,240800920,08,44
08117,240800862,08,44
08119,200041630,08,44
08120,240800920,08,44
08121,200041622,08,44
08122,240800821,08,44
08123,240800862,08,44
08124,240800862,08,44
08125,200041630,08,44
08126,200043156,08,44
08128,240800920,08,44
08130,240800920,08,44
08131,240800920,08,44
08132,200043156,08,44
08133,200043156,08,44
08134,240800862,08,44
08135,240800920,08,44
08136,200041630,08,44
08137,200041630,08,44
08138,240800847,08,44
08139,200067759,08,44
08140,200041630,08,44
08141,240800862,08,44
08142,200041630,08,44
08143,240800862,08,44
08144,200043156,08,44
08145,240800847,08,44
08146,240800862,08,44
08147,240800920,08,44
08148,200043156,08,44
08149,200041622,08,44
08150,200043156,08,44
08151,240800862,08,44
08153,240800847,08,44
08154,200041622,08,44
08155,200041622,08,44
08156,200041622,08,44
08158,200041630,08,44
08159,240800847,08,44
08160,240800862,08,44
08161,240800920,08,44
08162,200041630,08,44
08163,240800862,08,44
08164,240800920,08,44
08165,240800862,08,44
08166,240800821,08,44
08167,200041622,08,44
08168,240800847,08,44
08169,200041622,08,44
08170,200041630,08,44
08171,240800920,08,44
08172,200041622,08,44
08173,200041630,08,44
08174,200041630,08,44
08175,240800821,08,44
08176,240800920,08,44
08178,240800862,08,44
08179,200041630,08,44
08180,200041630,08,44
08182,200041622,08,44
08183,240800821,08,44
08184,240800847,08,44
08185,240800821,08,44
08186,240800920,08,44
08187,200041630,08,44
08188,200041630,08,44
08189,200041622,08,44
08190,240800821,08,44
08191,200041630,08,44
08192,240800862,08,44
08193,240800862,08,44
08194,200041630,08,44
08195,200043156,08,44
08196,240800862,08,44
08197,240800920,08,44
08198,240800920,08,44
08199,200041630,08,44
08200,240800920,08,44
08201,240800862,08,44
08202,200067759,08,44
08203,240800862,08,44
08204,240800862,08,44
08205,240800862,08,44
08206,200067759,08,44
08207,240800821,08,44
08208,200041622,08,44
08209,200041630,08,44
08210,200043156,08,44
08211,240800847,08,44
08212,200067759,08,44
08214,240800821,08,44
08215,240800920,08,44
08216,200041630,08,44
08217,200067759,08,44
08218,200067759,08,44
08219,200043156,08,44
08220,240800920,08,44
08222,240800821,08,44
08223,240800847,08,44
08225,200043156,08,44
08226,240800821,08,44
08228,240800862,08,44
08229,200043156,08,44
08230,200041630,08,44
08232,200041630,08,44
08233,240800920,08,44
08234,200043156,08,44
08235,200041630,08,44
08236,240800862,08,44
08237,200067759,08,44
08238,240800862,08,44
08239,200043156,08,44
08240,240800862,08,44
08242,200067759,08,44
08243,240800862,08,44
08244,240800862,08,44
08245,240800920,08,44
08246,240800920,08,44
08247,240800821,08,44
08248,240800862,08,44
08249,200067759,08,44
08250,240800920,08,44
08251,200041622,08,44
08252,240800847,08,44
08254,200041622,08,44
08255,240800847,08,44
08256,240800920,08,44
08257,200041622,08,44
08259,240800920,08,44
08260,200067759,08,44
08262,240800862,08,44
08263,200041630,08,44
08264,240800920,08,44
08268,240800847,08,44
08269,240800847,08,44
08271,240800920,08,44
08272,240800862,08,44
08273,200041622,08,44
08274,240800920,08,44
08275,240800847,08,44
08276,240800847,08,44
08277,200041622,08,44
08278,240800862,08,44
08279,240800920,08,44
08280,240800920,08,44
08281,240800847,08,44
08282,200041622,08,44
08283,240800862,08,44
08284,200067759,08,44
08286,200043156,08,44
08287,200043156,08,44
08288,240800862,08,44
08289,240800847,08,44
08291,240800847,08,44
08293,240800847,08,44
08295,240800862,08,44
08296,240800920,08,44
08297,200067759,08,44
08298,200041630,08,44
08301,240800920,08,44
08302,200067759,08,44
08303,240800920,08,44
08304,240800821,08,44
08305,240800862,08,44
08306,200043156,08,44
08307,240800862,08,44
08308,240800920,08,44
08309,240800920,08,44
08310,240800920,08,44
08311,240800847,08,44
08312,200067759,08,44
08313,200043156,08,44
08314,200043156,08,44
08315,240800862,08,44
08316,200041630,08,44
08317,240800847,08,44
08318,200041622,08,44
08319,200041622,08,44
08320,200043156,08,44
08321,240800862,08,44
08322,200067759,08,44
08323,240800862,08,44
08324,240800862,08,44
08325,240800920,08,44
08326,240800920,08,44
08327,200041630,08,44
08328,200041630,08,44
08329,240800862,08,44
08330,200043156,08,44
08331,200041630,08,44
08332,240800920,08,44
08333,240800920,08,44
08334,240800862,08,44
08335,240800862,08,44
08336,240800847,08,44
08338,240800920,08,44
08339,200043156,08,44
08340,200043156,08,44
08341,240800862,08,44
08342,200041630,08,44
08343,200041630,08,44
08344,200041622,08,44
08346,200041630,08,44
08347,240800847,08,44
08348,240800862,08,44
08349,240800847,08,44
08350,240800920,08,44
08351,240800920,08,44
08352,240800862,08,44
08353,240800821,08,44
08354,240800847,08,44
08355,200041622,08,44
08356,240800862,08,44
08357,240800847,08,44
08358,200041622,08,44
08360,240800862,08,44
08361,200067759,08,44
08362,200043156,08,44
08363,240800821,08,44
08364,240800862,08,44
08365,200067759,08,44
08366,240800862,08,44
08367,200067759,08,44
08368,200043156,08,44
08369,240800862,08,44
08370,200041622,08,44
08372,240800862,08,44
08373,200041622,08,44
08374,240800862,08,44
08375,240800847,08,44
08376,240800847,08,44
08377,200041630,08,44
08378,240800920,08,44
08379,240800920,08,44
08380,200043156,08,44
08381,200043156,08,44
08382,240800862,08,44
08383,240800920,08,44
08384,240800862,08,44
08385,200041630,08,44
08386,200043156,08,44
08387,240800862,08,44
08388,240800862,08,44
08389,200067759,08,44
08390,240800920,08,44
08391,200041630,08,44
08392,240800920,08,44
08393,240800920,08,44
08394,240800920,08,44
08395,240800862,08,44
08396,200043156,08,44
08397,200043156,08,44
08398,240800862,08,44
08399,240800847,08,44
08400,200041630,08,44
08401,240800862,08,44
08402,240800862,08,44
08403,200043156,08,44
08404,200043156,08,44
08405,240800920,08,44
08406,240800920,08,44
08407,240800920,08,44
08408,200041630,08,44
08409,200041630,08,44
08410,240800920,08,44
08411,240800862,08,44
08412,240800920,08,44
08413,200043156,08,44
08415,240800862,08,44
08416,200043156,08,44
08417,200067759,08,44
08418,200043156,08,44
08419,240800862,08,44
08420,200041622,08,44
08421,240800847,08,44
08422,240800862,08,44
08424,240800920,08,44
08425,240800920,08,44
08426,200043156,08,44
08427,200043156,08,44
08428,240800862,08,44
08429,200067759,08,44
08430,240800847,08,44
08431,240800920,08,44
08432,200067759,08,44
08433,240800862,08,44
08434,240800920,08,44
08435,200043156,08,44
08436,200067759,08,44
08437,240800920,08,44
08438,200043156,08,44
08439,240800920,08,44
08440,200041622,08,44
08444,240800847,08,44
08445,200041630,08,44
08446,240800920,08,44
08448,200067759,08,44
08449,240800862,08,44
08450,200067759,08,44
08451,200043156,08,44
08452,200043156,08,44
08453,240800920,08,44
08454,240800862,08,44
08455,240800920,08,44
08456,200067759,08,44
08457,200041630,08,44
08458,240800862,08,44
08459,240800847,08,44
08460,200067759,08,44
08461,240800920,08,44
08462,240800862,08,44
08463,240800920,08,44
08464,240800920,08,44
08465,240800862,08,44
08466,240800847,08,44
08467,240800862,08,44
08468,200041622,08,44
08469,240800862,08,44
08470,240800920,08,44
08471,240800920,08,44
08472,240800862,08,44
08473,200043156,08,44
08476,200043156,08,44
08477,240800847,08,44
08478,240800862,08,44
08479,240800862,08,44
08480,200041630,08,44
08481,200041630,08,44
08482,240800862,08,44
08483,200041630,08,44
08484,200043156,08,44
08485,240800847,08,44
08486,240800821,08,44
08487,240800821,08,44
08488,200041630,08,44
08489,240800862,08,44
08490,240800920,08,44
08491,200041630,08,44
08492,200041630,08,44
08494,200041630,08,44
08496,240800862,08,44
08497,200041630,08,44
08498,240800862,08,44
08499,240800862,08,44
08500,240800862,08,44
08501,240800847,08,44
08502,240800847,08,44
08503,240800862,08,44
09001,200067940,09,76
09002,200044469,09,76
09003,240900464,09,76
09004,200066363,09,76
09005,200067940,09,76
09006,240900431,09,76
09007,200067940,09,76
09008,200067940,09,76
09009,200067940,09,76
09011,200067940,09,76
09012,200066363,09,76
09013,200067791,09,76
09014,200067940,09,76
09015,240900431,09,76
09016,240900431,09,76
09017,200067940,09,76
09018,200067940,09,76
09019,200066223,09,76
09020,200066363,09,76
09021,200067791,09,76
09022,200066231,09,76
09023,200066363,09,76
09024,200066363,09,76
09025,200067940,09,76
09026,200067940,09,76
09027,200067940,09,76
09029,200067940,09,76
09030,200066363,09,76
09031,200066363,09,76
09032,200066363,09,76
09033,200067940,09,76
09034,200067940,09,76
09035,200067940,09,76
09037,200067940,09,76
09038,200066223,09,76
09039,200044469,09,76
09040,200066231,09,76
09041,200067940,09,76
09042,200067940,09,76
09043,200044469,09,76
09044,200067791,09,76
09045,240900431,09,76
09046,200067940,09,76
09047,240900464,09,76
09048,200044469,09,76
09049,200067791,09,76
09050,200066231,09,76
09051,240900464,09,76
09052,200044469,09,76
09053,200066363,09,76
09054,200067940,09,76
09055,200067940,09,76
09056,200066231,09,76
09057,200067940,09,76
09058,240900431,09,76
09059,200067940,09,76
09060,200066231,09,76
09061,200066223,09,76
09062,200067940,09,76
09063,200067791,09,76
09064,200066363,09,76
09065,200067940,09,76
09066,200067791,09,76
09067,200066231,09,76
09068,200067791,09,76
09069,200067940,09,76
09070,200066363,09,76
09071,200067940,09,76
09072,200067791,09,76
09073,200066223,09,76
09074,200044469,09,76
09075,200066223,09,76
09076,200066231,09,76
09077,240900431,09,76
09078,200066363,09,76
09079,200066223,09,76
09080,240900464,09,76
09081,200066231,09,76
09082,200067940,09,76
09083,200066223,09,76
09084,200066223,09,76
09085,200067940,09,76
09086,200067940,09,76
09087,200066363,09,76
09088,200066363,09,76
09089,200044469,09,76
09090,200067791,09,76
09091,200067940,09,76
09092,240900431,09,76
09093,200067791,09,76
09094,200067940,09,76
09095,200067940,09,76
09096,200066363,09,76
09097,200067940,09,76
09098,200067940,09,76
09099,200067791,09,76
09100,200067940,09,76
09101,200067791,09,76
09102,200044469,09,76
09103,200067791,09,76
09104,200067791,09,76
09105,200066223,09,76
09106,240900464,09,76
09107,200044469,09,76
09108,200067940,09,76
09109,200066223,09,76
09110,200067940,09,76
09111,200067940,09,76
09113,200067940,09,76
09114,200067940,09,76
09115,200044469,09,76
09116,200066231,09,76
09117,200066231,09,76
09118,200067940,09,76
09119,200067940,09,76
09120,200067940,09,76
09121,200067791,09,76
09122,200067791,09,76
09123,200066223,09,76
09124,200066223,09,76
09125,240900464,09,76
09126,240900464,09,76
09127,200066223,09,76
09128,200067940,09,76
09129,200067940,09,76
09130,200067791,09,76
09131,200066363,09,76
09132,200066231,09,76
09133,240900431,09,76
09134,200066363,09,76
09136,240900431,09,76
09137,200067791,09,76
09138,200067791,09,76
09139,200066363,09,76
09140,200066363,09,76
09141,200067940,09,76
09142,240900464,09,76
09143,200066363,09,76
09145,200066231,09,76
09146,200066231,09,76
09147,200066231,09,76
09148,200067940,09,76
09149,200067940,09,76
09150,200044469,09,76
09151,200066223,09,76
09152,240900431,09,76
09153,200044469,09,76
09154,200067940,09,76
09155,200066363,09,76
09156,200066363,09,76
09157,240900464,09,76
09158,200067940,09,76
09159,200066363,09,76
09160,240900464,09,76
09161,200044469,09,76
09162,200066363,09,76
09163,200066231,09,76
09164,200067940,09,76
09165,240900464,09,76
09166,240900464,09,76
09167,200066223,09,76
09168,240900464,09,76
09169,200044469,09,76
09170,200066231,09,76
09171,200066363,09,76
09172,200066223,09,76
09173,200067791,09,76
09174,200067791,09,76
09175,200066231,09,76
09176,200066363,09,76
09177,200066231,09,76
09178,200044469,09,76
09179,200067791,09,76
09180,200044469,09,76
09181,200066223,09,76
09182,200067940,09,76
09183,200067940,09,76
09184,200067940,09,76
09185,200066231,09,76
09186,200066223,09,76
09187,200067940,09,76
09188,240900431,09,76
09189,200066363,09,76
09190,200067940,09,76
09192,240900431,09,76
09193,200066363,09,76
09194,200044469,09,76
09195,200066223,09,76
09196,200067940,09,76
09197,200066363,09,76
09198,200067940,09,76
09199,200066231,09,76
09200,200044469,09,76
09201,200067940,09,76
09202,200067791,09,76
09203,200067940,09,76
09204,200067940,09,76
09205,200066223,09,76
09206,240900464,09,76
09207,200067791,09,76
09208,200067940,09,76
09209,200067940,09,76
09210,200067791,09,76
09211,240900464,09,76
09212,200067940,09,76
09213,200044469,09,76
09214,200067940,09,76
09215,240900464,09,76
09216,200067940,09,76
09217,240900431,09,76
09218,200066363,09,76
09219,200067940,09,76
09220,200066363,09,76
09221,240900431,09,76
09222,200066363,09,76
09223,200067940,09,76
09224,200066223,09,76
09225,200066231,09,76
09226,200066363,09,76
09227,240900464,09,76
09228,200066363,09,76
09229,200044469,09,76
09230,200066363,09,76
09231,200067940,09,76
09232,200066363,09,76
09233,200044469,09,76
09234,200067791,09,76
09235,200067940,09,76
09236,200067791,09,76
09237,200066363,09,76
09238,200066231,09,76
09239,200066363,09,76
09240,240900431,09,76
09241,240900431,09,76
09242,240900464,09,76
09243,200044469,09,76
09244,200044469,09,76
09245,200067791,09,76
09246,200067940,09,76
09247,200067940,09,76
09249,240900464,09,76
09250,240900464,09,76
09251,200044469,09,76
09252,200066363,09,76
09253,200066223,09,76
09254,200066231,09,76
09256,200067791,09,76
09257,200067940,09,76
09258,200067791,09,76
09259,200044469,09,76
09260,200044469,09,76
09261,200067940,09,76
09262,240900464,09,76
09263,200067940,09,76
09264,200067791,09,76
09265,200066231,09,76
09266,200044469,09,76
09267,200067940,09,76
09268,200067940,09,76
09269,200067791,09,76
09270,200066231,09,76
09271,200066231,09,76
09272,200067791,09,76
09273,200067791,09,76
09274,200044469,09,76
09275,200066231,09,76
09276,200066231,09,76
09277,200066223,09,76
09279,200067940,09,76
09280,240900431,09,76
09281,240900464,09,76
09282,200066231,09,76
09283,200066363,09,76
09284,200067791,09,76
09285,200067940,09,76
09289,200067940,09,76
09290,200067940,09,76
09291,200067940,09,76
09292,200067940,09,76
09293,200067791,09,76
09294,200066223,09,76
09295,200066363,09,76
09296,200066363,09,76
09297,200067940,09,76
09298,200066363,09,76
09299,200067940,09,76
09300,200067791,09,76
09301,200067940,09,76
09303,240900431,09,76
09304,200067940,09,76
09305,240900464,09,76
09306,240900431,09,76
09307,200067940,09,76
09308,200067940,09,76
09309,200044469,09,76
09310,200066223,09,76
09311,200066363,09,76
09312,200066231,09,76
09313,200067940,09,76
09314,200044469,09,76
09315,200066231,09,76
09316,200044469,09,76
09318,200066363,09,76
09319,200066231,09,76
09320,200066363,09,76
09321,240900431,09,76
09322,200067940,09,76
09323,200044469,09,76
09324,200067791,09,76
09325,200066363,09,76
09326,200066363,09,76
09327,200067791,09,76
09328,200066363,09,76
09329,200067791,09,76
09330,200066363,09,76
09331,200066231,09,76
09332,200067791,09,76
09334,200066363,09,76
09335,200067940,09,76
09336,240900464,09,76
09338,200066223,09,76
09339,200066231,09,76
09340,200067791,09,76
09341,200044469,09,76
09342,200066223,09,76
10002,241000405,10,44
10003,241000447,10,44
10004,200071777,10,44
10005,200066892,10,44
10006,200071777,10,44
10007,241000405,10,44
10008,200066892,10,44
10009,200069003,10,44
10010,200040137,10,44
10011,241000405,10,44
10012,241000405,10,44
10013,200069250,10,44
10014,241000223,10,44
10015,200069250,10,44
10017,200040137,10,44
10018,200071041,10,44
10019,241000223,10,44
10020,241000488,10,44
10021,241000223,10,44
10022,200069003,10,44
10023,241000488,10,44
10024,200071041,10,44
10025,200069003,10,44
10026,200040137,10,44
10027,200040137,10,44
10028,200071041,10,44
10029,200069003,10,44
10030,200069250,10,44
10031,200006716,10,44
10032,241000405,10,44
10033,241000405,10,44
10034,200069003,10,44
10035,241000405,10,44
10037,241000447,10,44
10038,241000488,10,44
10039,241000405,10,44
10040,200071041,10,44
10041,200069003,10,44
10042,241000447,10,44
10043,200070126,10,44
10044,200040137,10,44
10045,200066892,10,44
10046,200040137,10,44
10047,200040137,10,44
10048,241000405,10,44
10049,200069250,10,44
10050,200066892,10,44
10051,200069250,10,44
10052,200070126,10,44
10053,200069250,10,44
10054,241000488,10,44
10055,200069003,10,44
10056,241000223,10,44
10057,200006716,10,44
10058,200069003,10,44
10059,200040137,10,44
10060,200069250,10,44
10061,241000223,10,44
10062,200069003,10,44
10063,200040137,10,44
10064,200040137,10,44
10065,200071777,10,44
10066,200069250,10,44
10067,200069250,10,44
10068,200069003,10,44
10069,200069003,10,44
10070,200069003,10,44
10071,200069003,10,44
10072,200066892,10,44
10073,200040137,10,44
10074,200071041,10,44
10075,200070126,10,44
10076,241000405,10,44
10077,200071777,10,44
10078,200066892,10,44
10079,200069003,10,44
10080,200071041,10,44
10081,200069250,10,44
10082,200070126,10,44
10083,200069003,10,44
10084,241000223,10,44
10085,241000488,10,44
10086,200070126,10,44
10087,200071041,10,44
10089,200070126,10,44
10090,200070126,10,44
10091,200071777,10,44
10092,200069003,10,44
10093,200066892,10,44
10094,200040137,10,44
10095,200071777,10,44
10096,241000447,10,44
10097,200069003,10,44
10098,200071041,10,44
10099,200071041,10,44
10100,200069250,10,44
10101,200071777,10,44
10102,200066892,10,44
10103,241000405,10,44
10104,200069250,10,44
10105,200040137,10,44
10106,200006716,10,44
10107,200071041,10,44
10108,200071041,10,44
10109,200069003,10,44
10110,200069250,10,44
10111,200069003,10,44
10112,200071041,10,44
10113,241000405,10,44
10114,200000545,10,44
10115,200069250,10,44
10116,200069250,10,44
10117,200066892,10,44
10118,200071041,10,44
10119,200069003,10,44
10120,200071041,10,44
10121,200071777,10,44
10122,200071041,10,44
10123,200040137,10,44
10124,241000488,10,44
10125,200069250,10,44
10126,200066892,10,44
10127,200071777,10,44
10128,200040137,10,44
10129,241000223,10,44
10130,200071777,10,44
10131,200070126,10,44
10132,200070126,10,44
10133,200071041,10,44
10134,241000488,10,44
10135,200066892,10,44
10136,200069003,10,44
10137,241000405,10,44
10138,200040137,10,44
10139,200066892,10,44
10140,200071041,10,44
10141,200069003,10,44
10142,200069250,10,44
10143,200071041,10,44
10144,200070126,10,44
10145,241000488,10,44
10146,241000488,10,44
10147,200069250,10,44
10148,200006716,10,44
10149,200069250,10,44
10150,241000405,10,44
10151,200070126,10,44
10153,200006716,10,44
10154,200006716,10,44
10155,200069003,10,44
10156,200069250,10,44
10157,241000488,10,44
10158,200069003,10,44
10159,200069003,10,44
10160,241000405,10,44
10161,200066892,10,44
10162,200069250,10,44
10163,200066892,10,44
10164,200000545,10,44
10165,241000223,10,44
10166,200070126,10,44
10167,200071777,10,44
10168,200071041,10,44
10169,200006716,10,44
10170,200069003,10,44
10171,200040137,10,44
10172,200071777,10,44
10173,200069250,10,44
10174,200071777,10,44
10175,200040137,10,44
10176,241000405,10,44
10177,200069250,10,44
10178,200066892,10,44
10179,200069250,10,44
10180,200040137,10,44
10181,200069003,10,44
10182,241000405,10,44
10183,200040137,10,44
10184,200066892,10,44
10185,200071041,10,44
10186,200069250,10,44
10187,200069003,10,44
10188,200071041,10,44
10189,200040137,10,44
10190,200069250,10,44
10191,200069250,10,44
10192,200040137,10,44
10193,200040137,10,44
10194,200066892,10,44
10195,200071777,10,44
10196,200071041,10,44
10197,241000405,10,44
10198,200069250,10,44
10199,200069003,10,44
10200,200066892,10,44
10201,200071041,10,44
10202,200071041,10,44
10203,241000405,10,44
10204,200069250,10,44
10205,200066892,10,44
10206,241000223,10,44
10207,200070126,10,44
10208,200006716,10,44
10209,200069250,10,44
10210,241000223,10,44
10211,200069250,10,44
10212,200069250,10,44
10213,200069003,10,44
10214,200040137,10,44
10215,200066892,10,44
10216,200071777,10,44
10217,200066892,10,44
10218,200071041,10,44
10219,200066892,10,44
10220,200000545,10,44
10221,200040137,10,44
10222,241000447,10,44
10223,241000488,10,44
10224,241000488,10,44
10225,200006716,10,44
10226,200069003,10,44
10227,200071041,10,44
10228,200040137,10,44
10229,200069250,10,44
10230,200069250,10,44
10231,200006716,10,44
10232,200069003,10,44
10233,200070126,10,44
10234,200070126,10,44
10235,200071777,10,44
10236,200071777,10,44
10237,241000488,10,44
10238,200069250,10,44
10239,241000223,10,44
10240,200069250,10,44
10241,200071041,10,44
10242,241000405,10,44
10243,200040137,10,44
10245,200069250,10,44
10246,200069250,10,44
10247,200071041,10,44
10248,200069250,10,44
10249,200069250,10,44
10250,241000405,10,44
10251,200071041,10,44
10252,200066892,10,44
10253,200040137,10,44
10254,200006716,10,44
10255,200069250,10,44
10256,200069250,10,44
10257,200071777,10,44
10258,200066892,10,44
10259,200006716,10,44
10260,200069250,10,44
10261,200069003,10,44
10262,200069003,10,44
10263,241000447,10,44
10264,200069003,10,44
10265,200069250,10,44
10266,241000447,10,44
10267,200071777,10,44
10268,200006716,10,44
10269,200071777,10,44
10270,241000223,10,44
10271,241000488,10,44
10272,200071777,10,44
10273,200071777,10,44
10274,241000488,10,44
10275,241000488,10,44
10276,241000447,10,44
10278,200071041,10,44
10279,200040137,10,44
10280,200000545,10,44
10281,200069250,10,44
10282,200069250,10,44
10283,200040137,10,44
10284,200006716,10,44
10285,200040137,10,44
10286,200066892,10,44
10287,241000223,10,44
10288,200069003,10,44
10289,200070126,10,44
10290,241000447,10,44
10291,200006716,10,44
10293,200071777,10,44
10294,200069003,10,44
10295,200069003,10,44
10296,200069003,10,44
10297,200069250,10,44
10298,200006716,10,44
10299,200071777,10,44
10300,241000223,10,44
10301,241000488,10,44
10302,200071041,10,44
10303,200040137,10,44
10304,200040137,10,44
10305,200070126,10,44
10306,241000405,10,44
10307,200069250,10,44
10308,241000488,10,44
10309,200071041,10,44
10310,200066892,10,44
10312,200071041,10,44
10313,200040137,10,44
10314,200071777,10,44
10315,200040137,10,44
10316,200070126,10,44
10317,200069003,10,44
10318,241000488,10,44
10319,241000447,10,44
10320,200070126,10,44
10321,200069250,10,44
10323,200000545,10,44
10324,200069250,10,44
10325,200069250,10,44
10326,200040137,10,44
10327,200066892,10,44
10328,241000223,10,44
10329,200069250,10,44
10330,241000405,10,44
10331,200069003,10,44
10332,200069250,10,44
10333,200069250,10,44
10334,200006716,10,44
10335,241000447,10,44
10336,200069250,10,44
10337,200040137,10,44
10338,200071777,10,44
10339,241000488,10,44
10340,200069250,10,44
10341,200000545,10,44
10342,200069250,10,44
10343,200069250,10,44
10344,200069250,10,44
10345,200040137,10,44
10346,200040137,10,44
10347,241000488,10,44
10348,241000488,10,44
10349,200069250,10,44
10350,241000447,10,44
10351,241000488,10,44
10352,200069250,10,44
10353,200070126,10,44
10354,200071777,10,44
10355,200006716,10,44
10356,200070126,10,44
10357,200069250,10,44
10358,200069003,10,44
10359,200071041,10,44
10360,200069250,10,44
10361,200071777,10,44
10362,200069250,10,44
10363,200069250,10,44
10364,200069003,10,44
10365,200070126,10,44
10366,200066892,10,44
10367,200006716,10,44
10368,200070126,10,44
10369,200071777,10,44
10370,200006716,10,44
10371,200069250,10,44
10372,200066892,10,44
10373,200069250,10,44
10374,241000405,10,44
10375,200069250,10,44
10376,200069003,10,44
10377,200066892,10,44
10378,200066892,10,44
10379,200071777,10,44
10380,200071777,10,44
10381,200069250,10,44
10382,200006716,10,44
10383,241000488,10,44
10384,200066892,10,44
10386,200071777,10,44
10387,200069250,10,44
10388,200071041,10,44
10389,200040137,10,44
10390,241000405,10,44
10391,200069250,10,44
10392,200070126,10,44
10393,200040137,10,44
10394,200071041,10,44
10395,200071041,10,44
10396,200069250,10,44
10397,200066892,10,44
10398,200071777,10,44
10399,200069003,10,44
10400,200071777,10,44
10401,200066892,10,44
10402,200069250,10,44
10403,200066892,10,44
10404,200069003,10,44
10405,200071777,10,44
10406,200069250,10,44
10408,200070126,10,44
10409,200069250,10,44
10410,241000488,10,44
10411,200066892,10,44
10412,200069250,10,44
10414,200069250,10,44
10416,200069250,10,44
10417,241000447,10,44
10418,200069003,10,44
10419,200069003,10,44
10420,200006716,10,44
10421,200006716,10,44
10422,200071041,10,44
10423,200066892,10,44
10424,200040137,10,44
10425,200069250,10,44
10426,241000405,10,44
10427,200069003,10,44
10428,200066892,10,44
10429,200071777,10,44
10430,200071777,10,44
10431,200071041,10,44
10432,200071041,10,44
10433,200069003,10,44
10434,200069250,10,44
10435,200069250,10,44
10436,200071777,10,44
10437,200069003,10,44
10438,200069003,10,44
10439,200069003,10,44
10440,241000405,10,44
10441,200071041,10,44
10442,200071777,10,44
10443,200071041,10,44
10444,241000447,10,44
10445,200040137,10,44
11001,200035715,11,76
11002,200035855,11,76
11003,200071926,11,76
11004,200071926,11,76
11005,200035715,11,76
11006,200035863,11,76
11007,200035863,11,76
11008,200071926,11,76
11009,200035715,11,76
11010,200071926,11,76
11011,200035715,11,76
11012,241100593,11,76
11013,200035863,11,76
11014,241100593,11,76
11015,200071926,11,76
11016,200035715,11,76
11017,200043776,11,76
11018,200035715,11,76
11019,200043776,11,76
11020,200035863,11,76
11021,200043776,11,76
11022,200035715,11,76
11023,200035715,11,76
11024,241100593,11,76
11025,200035715,11,76
11026,200035855,11,76
11027,200035715,11,76
11028,200043776,11,76
11029,200071926,11,76
11030,200035855,11,76
11031,200043776,11,76
11032,200071926,11,76
11033,200035707,11,76
11034,200071926,11,76
11035,200043776,11,76
11036,200043776,11,76
11037,200035715,11,76
11038,200043776,11,76
11039,200071926,11,76
11040,241100593,11,76
11041,241100593,11,76
11042,200035715,11,76
11043,200035715,11,76
11044,200035863,11,76
11045,200071926,11,76
11046,200071926,11,76
11047,200043776,11,76
11048,200035863,11,76
11049,200035707,11,76
11051,200035707,11,76
11052,200042463,11,76
11053,200071926,11,76
11054,243100567,11,76
11055,200071926,11,76
11056,200035715,11,76
11057,200035707,11,76
11058,200071926,11,76
11059,200071926,11,76
11060,200043776,11,76
11061,200071926,11,76
11062,200043776,11,76
11063,200043776,11,76
11064,200035863,11,76
11065,200071926,11,76
11066,200043776,11,76
11067,200035863,11,76
11068,200035715,11,76
11069,200035715,11,76
11070,200035707,11,76
11071,200035863,11,76
11072,200035707,11,76
11073,200071926,11,76
11074,200035855,11,76
11075,200035715,11,76
11076,200035855,11,76
11077,200035863,11,76
11078,200071926,11,76
11079,200042463,11,76
11080,200043776,11,76
11081,200035715,11,76
11082,200071926,11,76
11083,200035715,11,76
11084,200035715,11,76
11085,200035715,11,76
11086,241100593,11,76
11087,200035707,11,76
11088,200035715,11,76
11089,200035707,11,76
11090,200071926,11,76
11091,200043776,11,76
11092,200035715,11,76
11093,200043776,11,76
11094,200071926,11,76
11095,200035715,11,76
11096,200043776,11,76
11098,200035863,11,76
11099,200035715,11,76
11100,200043776,11,76
11101,200043776,11,76
11102,200035715,11,76
11103,200071926,11,76
11104,200043776,11,76
11105,200071926,11,76
11106,241100593,11,76
11107,200043776,11,76
11108,200071926,11,76
11109,200071926,11,76
11110,200035863,11,76
11111,200035863,11,76
11112,200071926,11,76
11113,200070365,11,76
11114,200035855,11,76
11115,200042463,11,76
11116,241100593,11,76
11117,200035863,11,76
11118,200035863,11,76
11119,200071926,11,76
11120,200071926,11,76
11121,200071926,11,76
11122,200035715,11,76
11123,200070365,11,76
11124,200070365,11,76
11125,200070365,11,76
11126,200035863,11,76
11127,200043776,11,76
11128,200071926,11,76
11129,200043776,11,76
11130,200043776,11,76
11131,200043776,11,76
11132,200035863,11,76
11133,200035715,11,76
11134,200035855,11,76
11135,200043776,11,76
11136,200035707,11,76
11137,200035863,11,76
11138,200035855,11,76
11139,200035707,11,76
11140,200035863,11,76
11141,200035707,11,76
11142,200071926,11,76
11143,200070365,11,76
11144,200070365,11,76
11145,241100593,11,76
11146,200035715,11,76
11147,200043776,11,76
11148,200035863,11,76
11149,200035707,11,76
11150,200042463,11,76
11151,200035715,11,76
11152,200070365,11,76
11153,200035707,11,76
11154,200042463,11,76
11155,200071926,11,76
11156,200042463,11,76
11157,200070365,11,76
11158,200071926,11,76
11159,200035707,11,76
11160,200043776,11,76
11161,200071926,11,76
11162,200035707,11,76
11163,200043776,11,76
11164,241100593,11,76
11165,200043776,11,76
11166,200035855,11,76
11167,200071926,11,76
11168,200043776,11,76
11169,200071926,11,76
11170,241100593,11,76
11172,200035863,11,76
11173,200035707,11,76
11174,200042463,11,76
11175,200035855,11,76
11176,200035863,11,76
11177,200043776,11,76
11178,200035855,11,76
11179,200035715,11,76
11180,200042463,11,76
11181,200035855,11,76
11182,200042463,11,76
11183,200071926,11,76
11184,200035707,11,76
11185,200035863,11,76
11186,200035863,11,76
11187,200035863,11,76
11188,241100593,11,76
11189,200042463,11,76
11190,200035715,11,76
11191,200035863,11,76
11192,200035855,11,76
11193,200035707,11,76
11194,200042463,11,76
11195,200035855,11,76
11196,200035707,11,76
11197,200071926,11,76
11198,200035715,11,76
11199,200035715,11,76
11200,200035715,11,76
11201,200035715,11,76
11202,241100593,11,76
11203,200035863,11,76
11204,200071926,11,76
11205,200035715,11,76
11206,200071926,11,76
11207,200071926,11,76
11208,200035855,11,76
11209,200071926,11,76
11210,200035863,11,76
11211,200071926,11,76
11212,241100593,11,76
11213,200070365,11,76
11214,200071926,11,76
11215,200035715,11,76
11216,200071926,11,76
11217,241100593,11,76
11218,200035855,11,76
11219,200043776,11,76
11220,200035715,11,76
11221,200042463,11,76
11222,200042463,11,76
11223,200035715,11,76
11224,200035863,11,76
11225,200035855,11,76
11226,200035855,11,76
11227,200035715,11,76
11228,200071926,11,76
11229,200043776,11,76
11230,200043776,11,76
11231,200035855,11,76
11232,200042463,11,76
11233,241100593,11,76
11234,200035855,11,76
11235,200071926,11,76
11236,200035707,11,76
11238,200035855,11,76
11239,200035855,11,76
11240,200071926,11,76
11241,200035863,11,76
11242,200035715,11,76
11243,200035855,11,76
11244,200043776,11,76
11245,200070365,11,76
11246,200071926,11,76
11247,200071926,11,76
11248,200035715,11,76
11249,200043776,11,76
11250,200035863,11,76
11251,200035715,11,76
11252,200035855,11,76
11253,200035715,11,76
11254,200035707,11,76
11255,241100593,11,76
11256,200035863,11,76
11257,200035715,11,76
11258,241100593,11,76
11259,200035715,11,76
11260,200035863,11,76
11261,200035863,11,76
11262,241100593,11,76
11263,200043776,11,76
11264,241100593,11,76
11265,200043776,11,76
11266,241100593,11,76
11267,200035863,11,76
11268,200035707,11,76
11269,241100593,11,76
11270,200070365,11,76
11271,200035863,11,76
11272,200035715,11,76
11273,200035863,11,76
11274,200071926,11,76
11275,200035855,11,76
11276,200070365,11,76
11277,200035707,11,76
11278,200035707,11,76
11279,200035715,11,76
11280,200035715,11,76
11281,200035707,11,76
11282,200043776,11,76
11283,200035855,11,76
11284,200035855,11,76
11285,241100593,11,76
11286,200035715,11,76
11287,200071926,11,76
11288,200035715,11,76
11289,200071926,11,76
11290,200035707,11,76
11291,200035707,11,76
11292,200035855,11,76
11293,200035715,11,76
11294,200071926,11,76
11295,241100593,11,76
11296,241100593,11,76
11297,200042463,11,76
11299,200035715,11,76
11300,200035855,11,76
11301,200035715,11,76
11302,200043776,11,76
11303,200043776,11,76
11304,200043776,11,76
11305,200035863,11,76
11306,200043776,11,76
11307,241100593,11,76
11308,200035715,11,76
11309,200071926,11,76
11310,200071926,11,76
11311,200035863,11,76
11312,200035707,11,76
11313,200035855,11,76
11314,200035715,11,76
11315,200035715,11,76
11316,200043776,11,76
11317,200043776,11,76
11318,200035863,11,76
11319,200042463,11,76
11320,200043776,11,76
11321,200043776,11,76
11322,241100593,11,76
11323,200071926,11,76
11324,200035863,11,76
11325,200035715,11,76
11326,200070365,11,76
11327,200035715,11,76
11328,200071926,11,76
11330,200035715,11,76
11331,200035707,11,76
11332,200035863,11,76
11333,200043776,11,76
11334,200035855,11,76
11335,200043776,11,76
11336,200043776,11,76
11337,200035863,11,76
11338,200071926,11,76
11339,200042463,11,76
11340,200035715,11,76
11341,200043776,11,76
11342,200035715,11,76
11343,200035707,11,76
11344,200071926,11,76
11345,200070365,11,76
11346,200043776,11,76
11347,200043776,11,76
11348,200035707,11,76
11350,200043776,11,76
11351,200035863,11,76
11352,200043776,11,76
11353,241100593,11,76
11354,200035863,11,76
11355,200071926,11,76
11356,200035855,11,76
11357,200035715,11,76
11358,200043776,11,76
11359,200035855,11,76
11360,241100593,11,76
11361,200035855,11,76
11362,200035855,11,76
11363,200035863,11,76
11364,200071926,11,76
11365,200035707,11,76
11366,241100593,11,76
11367,200042463,11,76
11368,200035715,11,76
11369,241100593,11,76
11370,241100593,11,76
11371,200035855,11,76
11372,200042463,11,76
11373,200043776,11,76
11374,200035863,11,76
11375,200071926,11,76
11376,200071926,11,76
11377,200071926,11,76
11378,200035715,11,76
11379,241100593,11,76
11380,200043776,11,76
11381,200071926,11,76
11382,200035855,11,76
11383,200035855,11,76
11384,200070365,11,76
11385,200035855,11,76
11386,200035863,11,76
11387,200035715,11,76
11388,200035863,11,76
11389,200071926,11,76
11390,200035863,11,76
11391,200042463,11,76
11392,200035863,11,76
11393,200035863,11,76
11394,200071926,11,76
11395,200035715,11,76
11396,200035715,11,76
11397,200035715,11,76
11398,241100593,11,76
11399,200035855,11,76
11400,200043776,11,76
11401,200070365,11,76
11402,200071926,11,76
11404,200035715,11,76
11405,241100593,11,76
11406,200071926,11,76
11407,200035855,11,76
11408,200035715,11,76
11409,200035863,11,76
11410,200035715,11,76
11411,200042463,11,76
11412,200071926,11,76
11413,200042463,11,76
11414,200035715,11,76
11415,200071926,11,76
11416,200035715,11,76
11417,200071926,11,76
11418,200035707,11,76
11419,200035707,11,76
11420,200071926,11,76
11421,241100593,11,76
11422,200035715,11,76
11423,200035715,11,76
11424,200043776,11,76
11425,200035715,11,76
11426,200035715,11,76
11427,200071926,11,76
11428,200035855,11,76
11429,200035715,11,76
11430,200035855,11,76
11431,200070365,11,76
11432,200035707,11,76
11433,200035715,11,76
11434,200035707,11,76
11435,200035863,11,76
11436,200070365,11,76
11437,200035715,11,76
11438,200035707,11,76
11439,200035707,11,76
11440,200035715,11,76
11441,241100593,11,76
12001,241200658,12,76
12002,241200567,12,76
12003,241200674,12,76
12004,200067064,12,76
12006,241200765,12,76
12007,200069383,12,76
12008,241200625,12,76
12009,200067163,12,76
12010,241200658,12,76
12011,241200765,12,76
12012,200067361,12,76
12013,200067064,12,76
12015,241200542,12,76
12016,241200625,12,76
12017,241200914,12,76
12018,200067361,12,76
12019,200067163,12,76
12021,241200807,12,76
12022,241200906,12,76
12023,241200542,12,76
12024,241200625,12,76
12025,200067163,12,76
12026,200068484,12,76
12027,200067478,12,76
12028,200067064,12,76
12029,200069383,12,76
12030,200067064,12,76
12031,241200625,12,76
12032,200068831,12,76
12033,200067478,12,76
12034,241200674,12,76
12035,241200542,12,76
12036,200067171,12,76
12037,241200914,12,76
12038,241200914,12,76
12039,200067163,12,76
12041,200068831,12,76
12042,200067155,12,76
12043,200068831,12,76
12044,200067163,12,76
12045,200068831,12,76
12046,200068831,12,76
12047,200068484,12,76
12048,200067171,12,76
12049,200067478,12,76
12050,241200765,12,76
12051,200067171,12,76
12052,200067361,12,76
12053,200069383,12,76
12054,241200807,12,76
12055,200068484,12,76
12056,200068831,12,76
12057,200068831,12,76
12058,200067171,12,76
12059,200068831,12,76
12060,200068831,12,76
12061,200068484,12,76
12062,241200914,12,76
12063,241200906,12,76
12064,200067478,12,76
12065,200068831,12,76
12066,241200641,12,76
12067,241200906,12,76
12068,200068831,12,76
12069,200067163,12,76
12070,241200567,12,76
12071,241200674,12,76
12072,241200567,12,76
12073,241200658,12,76
12074,200067171,12,76
12075,241200542,12,76
12077,241200906,12,76
12078,241200914,12,76
12079,200067478,12,76
12080,200067155,12,76
12082,241200906,12,76
12083,200067064,12,76
12084,241200567,12,76
12085,200068831,12,76
12086,241200567,12,76
12088,200067171,12,76
12089,200067064,12,76
12090,241200187,12,76
12091,241200674,12,76
12092,241200542,12,76
12093,200067478,12,76
12094,200067478,12,76
12095,241200625,12,76
12096,200067478,12,76
12097,200067478,12,76
12098,200067478,12,76
12099,200067163,12,76
12100,200067064,12,76
12101,200067064,12,76
12102,241200658,12,76
12103,200067171,12,76
12104,200069383,12,76
12105,200069383,12,76
12106,200067478,12,76
12107,200068484,12,76
12108,241200674,12,76
12109,200067163,12,76
12110,200067478,12,76
12111,241200625,12,76
12113,200068831,12,76
12115,241200906,12,76
12116,200067171,12,76
12118,200067171,12,76
12119,200067171,12,76
12120,200068484,12,76
12121,241200674,12,76
12122,241200906,12,76
12124,200067478,12,76
12125,200067163,12,76
12127,241200542,12,76
12128,241200807,12,76
12129,241200914,12,76
12130,200067064,12,76
12131,200067478,12,76
12133,241200187,12,76
12134,241200674,12,76
12135,200069383,12,76
12136,200069383,12,76
12137,200068831,12,76
12138,241200641,12,76
12139,241200906,12,76
12140,200069383,12,76
12141,200067155,12,76
12142,241200625,12,76
12143,200067163,12,76
12144,200068831,12,76
12145,241200567,12,76
12146,241200187,12,76
12147,200067163,12,76
12148,241200674,12,76
12149,241200542,12,76
12150,200069383,12,76
12151,200067171,12,76
12152,200067163,12,76
12153,241200914,12,76
12154,200067163,12,76
12155,241200906,12,76
12156,200067171,12,76
12157,200067478,12,76
12158,200069383,12,76
12159,200069383,12,76
12160,241200567,12,76
12161,241200641,12,76
12162,200068831,12,76
12163,200067163,12,76
12164,200067171,12,76
12165,241200641,12,76
12166,200067171,12,76
12167,200069383,12,76
12168,241200906,12,76
12169,200068831,12,76
12170,200069383,12,76
12171,241200641,12,76
12172,200067478,12,76
12174,241200187,12,76
12175,200069383,12,76
12176,241200187,12,76
12177,200068484,12,76
12178,241200567,12,76
12179,200067163,12,76
12180,241200567,12,76
12181,241200674,12,76
12182,200068484,12,76
12183,200067155,12,76
12184,200068484,12,76
12185,241200658,12,76
12186,200067163,12,76
12187,200068484,12,76
12188,241200658,12,76
12189,200068831,12,76
12190,241200807,12,76
12191,241200674,12,76
12192,200067163,12,76
12193,241200641,12,76
12194,200068831,12,76
12195,200067163,12,76
12197,241200542,12,76
12198,241200807,12,76
12199,241200625,12,76
12200,241200567,12,76
12201,200067478,12,76
12202,241200187,12,76
12203,200067155,12,76
12204,241200567,12,76
12205,200069383,12,76
12206,241200674,12,76
12207,241200542,12,76
12208,200067155,12,76
12209,200067171,12,76
12210,200069383,12,76
12211,241200567,12,76
12212,241200906,12,76
12213,241200914,12,76
12214,200067171,12,76
12215,241200641,12,76
12216,200067478,12,76
12217,200069383,12,76
12218,241200641,12,76
12219,200068484,12,76
12220,241200906,12,76
12221,241200641,12,76
12222,200067155,12,76
12223,200067171,12,76
12224,200068484,12,76
12225,241200567,12,76
12226,200067478,12,76
12227,200069383,12,76
12228,200067155,12,76
12229,200067155,12,76
12230,241200542,12,76
12231,241200906,12,76
12232,241200906,12,76
12233,200067155,12,76
12234,200068831,12,76
12235,200068831,12,76
12236,241200765,12,76
12237,200068484,12,76
12238,241200765,12,76
12239,200068484,12,76
12240,200067064,12,76
12241,241200187,12,76
12242,200069383,12,76
12243,200067155,12,76
12244,241200914,12,76
12246,200067064,12,76
12247,200068484,12,76
12248,200067163,12,76
12249,200067163,12,76
12250,200067171,12,76
12251,241200914,12,76
12252,200069383,12,76
12253,241200765,12,76
12254,241200641,12,76
12255,241200658,12,76
12256,200067361,12,76
12257,200067361,12,76
12258,241200807,12,76
12259,200069383,12,76
12260,241200906,12,76
12261,200069383,12,76
12262,200068831,12,76
12263,200069383,12,76
12264,241200187,12,76
12265,200067478,12,76
12266,241200765,12,76
12267,241200542,12,76
12268,241200641,12,76
12269,200067163,12,76
12270,200068484,12,76
12272,200067361,12,76
12273,200067171,12,76
12274,200067163,12,76
12275,200067163,12,76
12276,200068831,12,76
12277,200067171,12,76
12278,241200807,12,76
12280,200067171,12,76
12281,200069383,12,76
12282,200067155,12,76
12283,241200658,12,76
12284,241200914,12,76
12286,200067155,12,76
12287,200069383,12,76
12288,241200641,12,76
12289,241200674,12,76
12290,241200674,12,76
12291,241200914,12,76
12292,200067155,12,76
12293,241200567,12,76
12294,241200765,12,76
12295,241200906,12,76
12296,241200914,12,76
12297,241200658,12,76
12298,200067478,12,76
12299,241200765,12,76
12300,200069383,12,76
12301,200069383,12,76
12303,200068484,12,76
12305,200067064,12,76
12307,241200765,12,76
13001,200054807,13,93
13002,200054807,13,93
13003,200054807,13,93
13004,241300417,13,93
13005,200054807,13,93
13006,241300375,13,93
13007,200054807,13,93
13008,200054807,13,93
13009,200054807,13,93
13010,200035087,13,93
13011,241300375,13,93
13012,200054807,13,93
13013,200054807,13,93
13014,200054807,13,93
13015,200054807,13,93
13016,200054807,13,93
13017,241300417,13,93
13018,200035087,13,93
13019,200054807,13,93
13020,200054807,13,93
13021,200054807,13,93
13022,200054807,13,93
13023,200054807,13,93
13024,200054807,13,93
13025,200054807,13,93
13026,200054807,13,93
13027,200035087,13,93
13028,200054807,13,93
13029,200054807,13,93
13030,200054807,13,93
13031,200054807,13,93
13032,200054807,13,93
13033,200054807,13,93
13034,241300375,13,93
13035,200054807,13,93
13036,200035087,13,93
13037,200054807,13,93
13038,241300375,13,93
13039,200054807,13,93
13040,200054807,13,93
13041,200054807,13,93
13042,200054807,13,93
13043,200054807,13,93
13044,200054807,13,93
13045,200035087,13,93
13046,200054807,13,93
13047,200054807,13,93
13048,200054807,13,93
13049,200054807,13,93
13050,200054807,13,93
13051,200054807,13,93
13052,200035087,13,93
13053,200054807,13,93
13054,200054807,13,93
13055,200054807,13,93
13056,200054807,13,93
13057,241300375,13,93
13058,241300375,13,93
13059,200054807,13,93
13060,200054807,13,93
13061,241300417,13,93
13062,200054807,13,93
13063,200054807,13,93
13064,200035087,13,93
13065,241300375,13,93
13066,200035087,13,93
13067,200035087,13,93
13068,241300375,13,93
13069,200054807,13,93
13070,200054807,13,93
13071,200054807,13,93
13072,200054807,13,93
13073,200054807,13,93
13074,200054807,13,93
13075,200054807,13,93
13076,200035087,13,93
13077,200054807,13,93
13078,200054807,13,93
13079,200054807,13,93
13080,200054807,13,93
13081,200054807,13,93
13082,200054807,13,93
13083,200035087,13,93
13084,200054807,13,93
13085,200054807,13,93
13086,200054807,13,93
13087,200054807,13,93
13088,200054807,13,93
13089,200035087,13,93
13090,200054807,13,93
13091,200054807,13,93
13092,200054807,13,93
13093,200054807,13,93
13094,241300375,13,93
13095,200054807,13,93
13096,241300417,13,93
13097,241300417,13,93
13098,200054807,13,93
13099,200054807,13,93
13100,241300375,13,93
13101,200054807,13,93
13102,200054807,13,93
13103,200054807,13,93
13104,200054807,13,93
13105,200054807,13,93
13106,200054807,13,93
13107,200054807,13,93
13108,241300417,13,93
13109,200054807,13,93
13110,200054807,13,93
13111,200054807,13,93
13112,200054807,13,93
13113,200054807,13,93
13114,200054807,13,93
13115,200054807,13,93
13116,200035087,13,93
13117,200054807,13,93
13118,200054807,13,93
13119,200054807,13,93
14001,200066827,14,28
14003,241400555,14,28
14005,200065589,14,28
14006,200066728,14,28
14007,200069524,14,28
14009,200065563,14,28
14012,200065563,14,28
14014,241400860,14,28
14015,241400860,14,28
14016,241400878,14,28
14019,241400555,14,28
14020,200065589,14,28
14021,241400555,14,28
14022,200069516,14,28
14023,200066801,14,28
14024,200065563,14,28
14025,241400514,14,28
14026,200069516,14,28
14027,200069524,14,28
14030,200065597,14,28
14032,241400878,14,28
14033,241400878,14,28
14034,200066728,14,28
14035,200066801,14,28
14036,200065589,14,28
14037,200069524,14,28
14038,200069516,14,28
14039,200066710,14,28
14040,241400555,14,28
14041,200066827,14,28
14042,200066728,14,28
14043,241400514,14,28
14044,241400860,14,28
14045,200065563,14,28
14046,200065563,14,28
14047,241400555,14,28
14049,200069516,14,28
14050,200066801,14,28
14053,241400514,14,28
14054,200068799,14,28
14055,241400878,14,28
14057,200065589,14,28
14059,241400415,14,28
14060,200065597,14,28
14061,200068799,14,28
14062,200069516,14,28
14063,200066801,14,28
14064,241400514,14,28
14066,241400860,14,28
14068,200065597,14,28
14069,200069532,14,28
14070,200065563,14,28
14076,200065597,14,28
14077,241400878,14,28
14078,200066801,14,28
14079,241400415,14,28
14080,200066710,14,28
14082,200069532,14,28
14083,241400878,14,28
14084,200069524,14,28
14085,241400878,14,28
14086,241400878,14,28
14087,241400514,14,28
14088,241400514,14,28
14089,200066728,14,28
14090,200066710,14,28
14091,241400878,14,28
14092,200065597,14,28
14093,241400878,14,28
14096,200069524,14,28
14097,200066710,14,28
14098,200065597,14,28
14100,200066710,14,28
14101,200065597,14,28
14102,241400878,14,28
14103,200066801,14,28
14104,241400878,14,28
14106,200065563,14,28
14107,200066801,14,28
14110,200065563,14,28
14111,200069516,14,28
14116,200066710,14,28
14117,200065563,14,28
14118,200065597,14,28
14119,200065589,14,28
14120,200069524,14,28
14121,200066801,14,28
14122,200066728,14,28
14123,200065597,14,28
14124,200066801,14,28
14125,200065597,14,28
14126,200069532,14,28
14127,200068799,14,28
14130,241400555,14,28
14131,241400878,14,28
14132,200066801,14,28
14134,200065589,14,28
14135,200069516,14,28
14136,200066801,14,28
14137,200065597,14,28
14138,200066801,14,28
14140,200066801,14,28
14141,200069532,14,28
14143,200069524,14,28
14145,200066710,14,28
14146,200066710,14,28
14147,200069532,14,28
14149,200065589,14,28
14150,200066710,14,28
14159,241400555,14,28
14160,200066710,14,28
14161,241400878,14,28
14162,200066710,14,28
14163,200065589,14,28
14165,200066801,14,28
14166,200065597,14,28
14167,200065597,14,28
14168,200066801,14,28
14169,200069516,14,28
14171,200066710,14,28
14172,241400555,14,28
14173,200065589,14,28
14174,200068799,14,28
14175,241400555,14,28
14177,200069532,14,28
14179,200069532,14,28
14180,241400514,14,28
14181,200065597,14,28
14182,200066801,14,28
14183,200066710,14,28
14184,241400555,14,28
14190,241400514,14,28
14191,241400860,14,28
14193,200069532,14,28
14194,200069532,14,28
14195,200069524,14,28
14196,200069516,14,28
14197,241400860,14,28
14198,200065563,14,28
14200,200069516,14,28
14202,200066827,14,28
14203,200065563,14,28
14204,200066801,14,28
14205,200069516,14,28
14206,241400514,14,28
14207,200066710,14,28
14209,200066801,14,28
14211,200066710,14,28
14214,241400555,14,28
14215,200065597,14,28
14216,241400514,14,28
14218,241400878,14,28
14220,241400415,14,28
14221,200065597,14,28
14223,241400514,14,28
14224,200066801,14,28
14225,200065563,14,28
14226,200066710,14,28
14227,200065563,14,28
14228,241400860,14,28
14229,200065563,14,28
14230,241400878,14,28
14231,200065563,14,28
14232,200069516,14,28
14236,241400555,14,28
14237,200065589,14,28
14238,241400878,14,28
14239,200066801,14,28
14240,241400514,14,28
14241,200069524,14,28
14242,200065597,14,28
14243,200066827,14,28
14244,241400514,14,28
14245,241400514,14,28
14246,200065563,14,28
14248,200066710,14,28
14249,200066728,14,28
14250,241400555,14,28
14251,200066710,14,28
14252,200066710,14,28
14254,200065597,14,28
14256,200066801,14,28
14257,200066728,14,28
14258,241400514,14,28
14260,200069532,14,28
14261,241400878,14,28
14266,200066728,14,28
14269,241400878,14,28
14270,200069532,14,28
14271,200065597,14,28
14272,200066801,14,28
14273,200069532,14,28
14274,200066728,14,28
14275,200069516,14,28
14276,241400514,14,28
14277,200066728,14,28
14278,200069516,14,28
14280,241400878,14,28
14281,200066801,14,28
14282,200066801,14,28
14283,241400514,14,28
14284,241400514,14,28
14285,241400878,14,28
14286,200066827,14,28
14287,200065589,14,28
14288,200065597,14,28
14289,241400514,14,28
14290,200066710,14,28
14291,200066710,14,28
14293,200069532,14,28
14297,200066728,14,28
14298,200066801,14,28
14299,200066827,14,28
14301,200065597,14,28
14302,241400878,14,28
14303,200069532,14,28
14304,200066827,14,28
14305,200065563,14,28
14306,200065563,14,28
14308,200065563,14,28
14309,200066710,14,28
14310,200066710,14,28
14311,200066728,14,28
14312,200066801,14,28
14316,200065563,14,28
14318,200069516,14,28
14319,200065597,14,28
14320,200066710,14,28
14322,241400555,14,28
14325,200065597,14,28
14326,200069532,14,28
14327,200065597,14,28
14328,200065563,14,28
14329,200065563,14,28
14332,241400514,14,28
14333,200066827,14,28
14334,200069532,14,28
14335,200065563,14,28
14336,200069516,14,28
14337,200069532,14,28
14338,200065563,14,28
14341,200065597,14,28
14342,200066801,14,28
14343,241400514,14,28
14344,200065589,14,28
14345,241400514,14,28
14346,241400555,14,28
14347,200069524,14,28
14348,200069516,14,28
14349,200066728,14,28
14352,200068799,14,28
14353,200069524,14,28
14354,241400860,14,28
14355,200069516,14,28
14357,200068799,14,28
14358,241400878,14,28
14360,241400514,14,28
14362,200069532,14,28
14364,200069516,14,28
14365,200065597,14,28
14366,200069532,14,28
14367,200066801,14,28
14368,200069532,14,28
14369,200066801,14,28
14370,200066801,14,28
14371,200069532,14,28
14374,200069524,14,28
14375,241400514,14,28
14377,241400555,14,28
14378,200066801,14,28
14379,200069524,14,28
14380,200069516,14,28
14381,241400514,14,28
14383,200065597,14,28
14384,241400860,14,28
14385,241400555,14,28
14389,200069524,14,28
14390,200069524,14,28
14391,200066801,14,28
14393,200066728,14,28
14394,241400514,14,28
14396,200066728,14,28
14397,200066801,14,28
14398,241400878,14,28
14399,241400878,14,28
14400,241400555,14,28
14401,241400555,14,28
14402,241400514,14,28
14403,200069532,14,28
14404,200066710,14,28
14405,241400514,14,28
14406,200069516,14,28
14407,200065597,14,28
14408,200066728,14,28
14409,200065563,14,28
14410,200069532,14,28
14411,200066710,14,28
14412,200069524,14,28
14419,200069532,14,28
14421,200069532,14,28
14424,200068799,14,28
14425,200069532,14,28
14426,241400878,14,28
14427,241400514,14,28
14430,200069516,14,28
14431,200069532,14,28
14435,200069532,14,28
14436,241400555,14,28
14437,200065597,14,28
14438,200066728,14,28
14439,200066801,14,28
14445,200066801,14,28
14446,200066728,14,28
14448,200069532,14,28
14449,200069524,14,28
14452,241400514,14,28
14453,200066801,14,28
14454,200065597,14,28
14455,200066710,14,28
14456,200065589,14,28
14457,241400514,14,28
14458,200066710,14,28
14460,200069532,14,28
14461,200066710,14,28
14465,241400555,14,28
14466,241400878,14,28
14467,241400514,14,28
14468,200066801,14,28
14469,241400514,14,28
14473,200069532,14,28
14474,200069532,14,28
14475,200069524,14,28
14476,241400514,14,28
14478,200069532,14,28
14480,200066801,14,28
14482,200065589,14,28
14483,200066710,14,28
14484,200069532,14,28
14486,241400514,14,28
14487,200069532,14,28
14488,200065597,14,28
14491,200069524,14,28
14492,200066827,14,28
14494,200065563,14,28
14495,200065597,14,28
14496,200068799,14,28
14497,241400514,14,28
14498,241400514,14,28
14499,200065563,14,28
14500,241400878,14,28
14501,241400514,14,28
14502,241400514,14,28
14504,200069532,14,28
14506,200066801,14,28
14509,241400860,14,28
14510,200066710,14,28
14511,200068799,14,28
14512,200068799,14,28
14514,241400878,14,28
14515,241400555,14,28
14516,241400514,14,28
14519,200066728,14,28
14520,200069532,14,28
14522,200069532,14,28
14524,200065563,14,28
14527,200069532,14,28
14528,200066827,14,28
14529,241400555,14,28
14530,200065563,14,28
14531,241400514,14,28
14533,241400878,14,28
14534,241400878,14,28
14535,241400860,14,28
14536,200066827,14,28
14538,200065597,14,28
14540,200069532,14,28
14541,241400878,14,28
14542,200065597,14,28
14543,200065597,14,28
14546,241400514,14,28
14547,200066801,14,28
14550,200065563,14,28
14552,241400555,14,28
14554,200065597,14,28
14555,241400878,14,28
14556,200065597,14,28
14557,241400415,14,28
14558,200065597,14,28
14559,200068799,14,28
14562,241400860,14,28
14563,241400878,14,28
14565,241400555,14,28
14566,200065597,14,28
14569,200069516,14,28
14570,200069532,14,28
14571,200069532,14,28
14572,200068799,14,28
14574,200069532,14,28
14575,241400878,14,28
14576,200069532,14,28
14578,241400415,14,28
14579,200069524,14,28
14581,200069524,14,28
14582,200069532,14,28
14586,200066801,14,28
14587,200065597,14,28
14588,241400514,14,28
14589,200066710,14,28
14590,200066801,14,28
14591,200066801,14,28
14592,200066728,14,28
14593,241400878,14,28
14595,200069532,14,28
14598,200065563,14,28
14601,241400878,14,28
14602,200066710,14,28
14603,200066710,14,28
14605,200066801,14,28
14606,200065563,14,28
14607,200069524,14,28
14609,241400555,14,28
14610,200065597,14,28
14613,200066801,14,28
14614,200066801,14,28
14619,200068799,14,28
14620,241400878,14,28
14621,200069532,14,28
14622,200066801,14,28
14625,200069532,14,28
14626,200069532,14,28
14627,241400514,14,28
14630,241400555,14,28
14635,200066710,14,28
14637,200065589,14,28
14639,200069532,14,28
14640,200065589,14,28
14643,200066801,14,28
14644,241400878,14,28
14645,241400415,14,28
14646,241400514,14,28
14648,200069532,14,28
14649,241400514,14,28
14650,200069524,14,28
14651,200065589,14,28
14652,200066801,14,28
14654,200069532,14,28
14656,200066710,14,28
14657,200065563,14,28
14658,200068799,14,28
14659,200065589,14,28
14660,200065563,14,28
14661,200069516,14,28
14663,241400555,14,28
14664,200066801,14,28
14665,200065563,14,28
14666,200065597,14,28
14667,200066801,14,28
14668,200066801,14,28
14669,241400514,14,28
14672,200069524,14,28
14674,200066710,14,28
14675,200065597,14,28
14676,241400555,14,28
14677,241400514,14,28
14678,241400514,14,28
14679,241400555,14,28
14680,241400555,14,28
14681,200066801,14,28
14682,241400878,14,28
14684,200069516,14,28
14685,200065597,14,28
14687,200066827,14,28
14689,200066710,14,28
14692,200069516,14,28
14694,241400878,14,28
14698,200065563,14,28
14699,241400415,14,28
14700,200066801,14,28
14701,241400415,14,28
14705,200066801,14,28
14706,241400878,14,28
14707,200065597,14,28
14708,200069524,14,28
14709,241400555,14,28
14710,241400514,14,28
14711,200066801,14,28
14712,200065597,14,28
14713,200066710,14,28
14714,200066801,14,28
14715,241400415,14,28
14716,200066801,14,28
14719,200066710,14,28
14720,241400514,14,28
14721,200066728,14,28
14723,241400878,14,28
14724,200065563,14,28
14726,200068799,14,28
14728,241400555,14,28
14731,241400415,14,28
14732,241400555,14,28
14733,241400555,14,28
14734,200069516,14,28
14735,241400514,14,28
14737,241400514,14,28
14738,200065597,14,28
14739,200069516,14,28
14740,200069532,14,28
14741,200066710,14,28
14742,241400514,14,28
14743,200065563,14,28
14744,241400555,14,28
14745,200066801,14,28
14747,200066728,14,28
14748,241400878,14,28
14751,241400514,14,28
14752,200069524,14,28
14753,241400514,14,28
14754,241400415,14,28
14755,241400415,14,28
14756,200068799,14,28
14758,200065597,14,28
14759,241400514,14,28
14760,200069524,14,28
14761,200065589,14,28
14762,200068799,14,28
14764,241400514,14,28
15001,200066637,15,84
15002,200066660,15,84
15003,241501139,15,84
15004,200066660,15,84
15005,200066660,15,84
15006,241501139,15,84
15007,200066660,15,84
15008,241501055,15,84
15009,241500255,15,84
15010,241500271,15,84
15011,200066678,15,84
15012,241500230,15,84
15013,200066637,15,84
15014,241500230,15,84
15015,241500271,15,84
15016,241500230,15,84
15017,241501089,15,84
15018,241501139,15,84
15019,241501055,15,84
15020,241501055,15,84
15021,200066678,15,84
15022,200066637,15,84
15024,241501139,15,84
15025,200066637,15,84
15026,200066660,15,84
15027,200066678,15,84
15028,241500230,15,84
15029,200066678,15,84
15030,200066678,15,84
15031,200066637,15,84
15032,200066637,15,84
15033,200066660,15,84
15034,200066660,15,84
15035,200066637,15,84
15036,241500271,15,84
15037,241501055,15,84
15038,241501055,15,84
15040,241500255,15,84
15041,200066637,15,84
15042,200066637,15,84
15043,200066637,15,84
15045,200066660,15,84
15046,241501139,15,84
15047,200066637,15,84
15048,200066637,15,84
15049,241500255,15,84
15050,241500255,15,84
15051,200066660,15,84
15052,241500255,15,84
15053,200066660,15,84
15054,241500255,15,84
15055,200066660,15,84
15056,241500230,15,84
15057,200066678,15,84
15058,241501089,15,84
15059,200066660,15,84
15060,200066660,15,84
15061,200066637,15,84
15063,241500271,15,84
15064,241501139,15,84
15065,200066660,15,84
15066,241501139,15,84
15067,241501139,15,84
15069,200066637,15,84
15070,241501139,15,84
15072,241501139,15,84
15073,200066660,15,84
15074,241500230,15,84
15075,241501139,15,84
15076,200066678,15,84
15077,200066660,15,84
15078,200066660,15,84
15079,241500271,15,84
15080,200066637,15,84
15081,241501089,15,84
15082,200066678,15,84
15083,241500230,15,84
15084,200066678,15,84
15085,241500230,15,84
15086,200066660,15,84
15087,200066678,15,84
15088,241500230,15,84
15089,200066678,15,84
15090,200066678,15,84
15091,200066637,15,84
15092,241501055,15,84
15093,200066678,15,84
15094,200066678,15,84
15095,241500230,15,84
15096,241500230,15,84
15097,200066660,15,84
15098,200066637,15,84
15100,200066637,15,84
15101,200066637,15,84
15102,200066637,15,84
15103,200066678,15,84
15104,200066678,15,84
15105,200066637,15,84
15106,200066660,15,84
15107,200066660,15,84
15108,200066660,15,84
15110,241500255,15,84
15111,241501055,15,84
15112,200066660,15,84
15113,241500230,15,84
15114,200066637,15,84
15116,241500255,15,84
15117,200066678,15,84
15118,241500230,15,84
15119,200066637,15,84
15120,241500271,15,84
15121,200066660,15,84
15122,200066678,15,84
15123,241500271,15,84
15124,241500255,15,84
15125,200066660,15,84
15126,200066637,15,84
15127,200066637,15,84
15128,241501055,15,84
15129,241500255,15,84
15130,200066660,15,84
15131,241501055,15,84
15132,246300966,15,84
15133,200066678,15,84
15134,200066678,15,84
15135,200066678,15,84
15137,241500271,15,84
15138,200066637,15,84
15139,200066660,15,84
15140,241500230,15,84
15141,200066637,15,84
15142,200066660,15,84
15143,200066678,15,84
15144,200066678,15,84
15146,241501089,15,84
15147,200066678,15,84
15148,200066660,15,84
15149,200066660,15,84
15151,200066637,15,84
15152,200066660,15,84
15153,241501139,15,84
15154,241501089,15,84
15155,200066637,15,84
15156,200066678,15,84
15157,200066678,15,84
15158,200066637,15,84
15159,241501089,15,84
15160,241500230,15,84
15161,200066660,15,84
15162,241500255,15,84
15163,200066678,15,84
15164,200066660,15,84
15165,200066678,15,84
15166,200066678,15,84
15167,200066678,15,84
15168,200066660,15,84
15169,241501055,15,84
15170,241500255,15,84
15171,200066637,15,84
15172,200066678,15,84
15173,241500255,15,84
15174,241501139,15,84
15175,241501139,15,84
15176,241501139,15,84
15178,241500230,15,84
15179,241501139,15,84
15180,241501089,15,84
15181,200066678,15,84
15182,200066678,15,84
15183,241501089,15,84
15184,200066678,15,84
15185,241500255,15,84
15186,241501139,15,84
15187,200066660,15,84
15188,200066660,15,84
15189,200066678,15,84
15190,241500255,15,84
15191,241501139,15,84
15192,241501089,15,84
15194,200066678,15,84
15196,200066678,15,84
15198,200066660,15,84
15199,200066660,15,84
15200,241501139,15,84
15201,200066660,15,84
15202,241501139,15,84
15203,200066637,15,84
15204,241500230,15,84
15205,241501139,15,84
15206,241501055,15,84
15207,200066637,15,84
15208,241501139,15,84
15209,200066660,15,84
15211,200066678,15,84
15212,200066678,15,84
15213,200066637,15,84
15214,200066678,15,84
15215,241500230,15,84
15216,200066660,15,84
15217,200066678,15,84
15218,241501139,15,84
15219,241501139,15,84
15220,241500271,15,84
15221,241500230,15,84
15222,200066678,15,84
15223,241501055,15,84
15224,200066678,15,84
15225,200066637,15,84
15226,200066678,15,84
15228,200066678,15,84
15229,200066660,15,84
15230,241500271,15,84
15231,200066660,15,84
15232,200066660,15,84
15233,241500230,15,84
15234,200066678,15,84
15235,200066660,15,84
15236,241501089,15,84
15237,200066660,15,84
15238,241501139,15,84
15240,241501055,15,84
15241,200066660,15,84
15242,200066678,15,84
15243,241500255,15,84
15244,200066660,15,84
15245,200066660,15,84
15246,241500255,15,84
15247,200066637,15,84
15248,200066660,15,84
15249,241501139,15,84
15250,241501055,15,84
15251,200066660,15,84
15252,241500230,15,84
15253,200066637,15,84
15254,241501055,15,84
15255,241500230,15,84
15256,200066637,15,84
15257,241500230,15,84
15258,241501089,15,84
15259,200066660,15,84
15260,200066678,15,84
15261,241500271,15,84
15262,200066660,15,84
15263,200066637,15,84
15264,200066678,15,84
15265,241501055,15,84
15266,241500230,15,84
15267,241500230,15,84
15268,200066678,15,84
15269,241501139,15,84
16001,200072049,16,75
16002,200043016,16,75
16003,200068914,16,75
16005,200072023,16,75
16007,200072049,16,75
16008,200072023,16,75
16009,200072049,16,75
16011,200072023,16,75
16012,200070514,16,75
16013,200070514,16,75
16014,200029734,16,75
16015,200071827,16,75
16016,200072049,16,75
16018,200070514,16,75
16019,200071827,16,75
16020,200070282,16,75
16023,200072023,16,75
16024,200072023,16,75
16025,200029734,16,75
16026,200071827,16,75
16027,200072023,16,75
16028,200029734,16,75
16029,200070282,16,75
16030,200029734,16,75
16031,200043016,16,75
16032,200070514,16,75
16034,200070282,16,75
16035,200072049,16,75
16036,200029734,16,75
16037,200070282,16,75
16038,200072049,16,75
16039,200043016,16,75
16040,200029734,16,75
16041,200070282,16,75
16042,200072023,16,75
16044,200043016,16,75
16045,200070514,16,75
16046,200029734,16,75
16047,200070282,16,75
16048,200029734,16,75
16049,200070282,16,75
16050,200070514,16,75
16052,200070282,16,75
16053,200029734,16,75
16054,200072049,16,75
16055,200071827,16,75
16056,200070514,16,75
16057,200070514,16,75
16058,200070514,16,75
16059,200043016,16,75
16060,200070514,16,75
16061,200071827,16,75
16062,200029734,16,75
16063,200070282,16,75
16064,200072049,16,75
16065,200072049,16,75
16066,200029734,16,75
16067,200068914,16,75
16068,200072023,16,75
16069,200072023,16,75
16070,200072049,16,75
16071,200072049,16,75
16072,200070282,16,75
16073,200070282,16,75
16074,200029734,16,75
16075,200029734,16,75
16076,200072049,16,75
16077,200070514,16,75
16078,200071827,16,75
16079,200029734,16,75
16081,200072023,16,75
16082,200070282,16,75
16083,200072023,16,75
16084,200068914,16,75
16085,200072049,16,75
16086,200072049,16,75
16087,200072049,16,75
16088,200070514,16,75
16089,200070514,16,75
16090,200070514,16,75
16091,200070282,16,75
16093,200068914,16,75
16095,200072023,16,75
16096,200072049,16,75
16097,200070514,16,75
16098,200043016,16,75
16099,200029734,16,75
16100,200072049,16,75
16101,200071827,16,75
16102,200070514,16,75
16103,200070282,16,75
16104,200043016,16,75
16105,200029734,16,75
16106,200072049,16,75
16107,200068914,16,75
16108,200072023,16,75
16109,241600303,16,75
16110,200043016,16,75
16111,200070282,16,75
16112,200070282,16,75
16113,200071827,16,75
16114,200043016,16,75
16116,200070514,16,75
16117,200070282,16,75
16118,200070282,16,75
16119,200071827,16,75
16120,200071827,16,75
16121,241600303,16,75
16122,200072023,16,75
16123,241600303,16,75
16124,200068914,16,75
16125,200070282,16,75
16127,200043016,16,75
16128,200072049,16,75
16130,200070282,16,75
16131,200072049,16,75
16132,200072049,16,75
16133,200029734,16,75
16134,200072049,16,75
16135,200068914,16,75
16136,200043016,16,75
16137,200068914,16,75
16138,200071827,16,75
16139,200070514,16,75
16141,200072023,16,75
16142,200043016,16,75
16143,200070282,16,75
16144,200072023,16,75
16145,200070514,16,75
16146,200071827,16,75
16148,241600303,16,75
16150,200070514,16,75
16151,200070514,16,75
16152,200070514,16,75
16153,200070514,16,75
16154,200071827,16,75
16155,200072023,16,75
16157,200072049,16,75
16158,200068914,16,75
16160,200029734,16,75
16161,200029734,16,75
16162,200070282,16,75
16163,200070514,16,75
16164,200072049,16,75
16165,200070514,16,75
16166,200071827,16,75
16167,200070514,16,75
16168,200071827,16,75
16169,200070514,16,75
16170,200070282,16,75
16171,200070514,16,75
16173,200072023,16,75
16174,200070514,16,75
16175,200029734,16,75
16176,200029734,16,75
16177,200029734,16,75
16178,200029734,16,75
16180,200070282,16,75
16181,200072049,16,75
16182,200072049,16,75
16183,200072049,16,75
16184,200072023,16,75
16185,200072023,16,75
16186,200070514,16,75
16187,200071827,16,75
16188,200072049,16,75
16189,200043016,16,75
16190,200043016,16,75
16191,200072023,16,75
16192,200072049,16,75
16193,200070514,16,75
16194,200072023,16,75
16195,200072049,16,75
16196,200072023,16,75
16197,200043016,16,75
16198,200070282,16,75
16199,200071827,16,75
16200,200072023,16,75
16203,200068914,16,75
16204,200070514,16,75
16205,200072049,16,75
16206,200072023,16,75
16207,241600303,16,75
16208,241600303,16,75
16209,200068914,16,75
16210,200071827,16,75
16211,200068914,16,75
16212,200072049,16,75
16213,200072049,16,75
16215,200070282,16,75
16216,200070514,16,75
16217,200070514,16,75
16218,200070514,16,75
16220,200070514,16,75
16221,241600303,16,75
16222,200070282,16,75
16223,200068914,16,75
16224,200029734,16,75
16225,200072049,16,75
16227,200070282,16,75
16229,200043016,16,75
16230,200070282,16,75
16231,200072049,16,75
16232,200071827,16,75
16233,200070514,16,75
16234,200070514,16,75
16236,200071827,16,75
16237,200072023,16,75
16239,200072049,16,75
16240,200070282,16,75
16241,200072023,16,75
16242,200043016,16,75
16243,200070514,16,75
16244,200071827,16,75
16245,200072049,16,75
16246,200070282,16,75
16248,200072023,16,75
16249,200072049,16,75
16250,200068914,16,75
16251,200029734,16,75
16252,200070282,16,75
16253,200043016,16,75
16254,200070282,16,75
16255,200072049,16,75
16256,200029734,16,75
16258,200029734,16,75
16260,200070282,16,75
16261,200072049,16,75
16263,200071827,16,75
16264,200072049,16,75
16267,200070282,16,75
16268,200043016,16,75
16269,200068914,16,75
16270,200072049,16,75
16271,200071827,16,75
16272,200072023,16,75
16273,200043016,16,75
16275,200072023,16,75
16276,200029734,16,75
16277,200070514,16,75
16279,200070282,16,75
16280,200068914,16,75
16281,200068914,16,75
16282,200068914,16,75
16283,200070282,16,75
16284,200070282,16,75
16285,200070282,16,75
16286,241600303,16,75
16287,200071827,16,75
16289,200072049,16,75
16290,200068914,16,75
16291,200071827,16,75
16292,200043016,16,75
16293,200068914,16,75
16295,200072023,16,75
16297,200070514,16,75
16298,241600303,16,75
16300,200072023,16,75
16301,200029734,16,75
16302,200070282,16,75
16303,200029734,16,75
16304,200070514,16,75
16306,200072049,16,75
16307,200072023,16,75
16308,200072049,16,75
16310,200072049,16,75
16312,241600303,16,75
16315,200029734,16,75
16316,200070514,16,75
16317,200072023,16,75
16318,200072023,16,75
16320,241600303,16,75
16321,200043016,16,75
16323,200068914,16,75
16325,200043016,16,75
16326,200072023,16,75
16329,200072049,16,75
16330,200070514,16,75
16331,200070282,16,75
16334,200070282,16,75
16335,200043016,16,75
16336,200072049,16,75
16337,200072049,16,75
16338,200029734,16,75
16339,241600303,16,75
16340,200070514,16,75
16341,200071827,16,75
16342,200029734,16,75
16343,200070514,16,75
16345,200072049,16,75
16346,200070282,16,75
16347,200070282,16,75
16348,200071827,16,75
16349,200070514,16,75
16350,200070282,16,75
16352,200070514,16,75
16353,200068914,16,75
16354,200029734,16,75
16356,200043016,16,75
16357,200029734,16,75
16358,200071827,16,75
16359,200070514,16,75
16360,200029734,16,75
16361,200043016,16,75
16362,200070282,16,75
16363,200072049,16,75
16364,200072049,16,75
16365,200029734,16,75
16366,200070514,16,75
16368,200071827,16,75
16369,200070514,16,75
16370,200071827,16,75
16372,200068914,16,75
16373,200043016,16,75
16374,200071827,16,75
16375,200072049,16,75
16377,200072023,16,75
16378,200043016,16,75
16379,200068914,16,75
16380,200029734,16,75
16381,200043016,16,75
16382,200071827,16,75
16383,200072023,16,75
16384,200029734,16,75
16385,200071827,16,75
16387,200070514,16,75
16388,200071827,16,75
16389,200072049,16,75
16390,200072023,16,75
16392,200072023,16,75
16393,200072023,16,75
16394,200070282,16,75
16395,241600303,16,75
16396,200072023,16,75
16397,200072023,16,75
16398,200072049,16,75
16399,200070514,16,75
16400,200043016,16,75
16401,200072023,16,75
16402,200070514,16,75
16403,200072049,16,75
16404,200072049,16,75
16405,200029734,16,75
16406,200068914,16,75
16408,200070282,16,75
16409,200043016,16,75
16412,200072023,16,75
16413,200043016,16,75
16414,200072023,16,75
16415,200071827,16,75
16416,200072049,16,75
16418,200071827,16,75
16419,200072023,16,75
16420,200071827,16,75
16421,200068914,16,75
16422,200071827,16,75
16423,200072023,16,75
16424,200070282,16,75
16425,200068914,16,75
17002,200041523,17,75
17003,200041614,17,75
17004,200041762,17,75
17005,200041523,17,75
17006,200041523,17,75
17007,200041614,17,75
17008,200041499,17,75
17009,200041499,17,75
17010,241700434,17,75
17011,200041689,17,75
17012,200041689,17,75
17013,200041689,17,75
17015,241700640,17,75
17016,200041523,17,75
17017,200041689,17,75
17018,200041614,17,75
17019,241700459,17,75
17020,200041523,17,75
17021,241700640,17,75
17022,200041689,17,75
17023,200041689,17,75
17024,200041689,17,75
17025,200041689,17,75
17026,200041689,17,75
17027,200041523,17,75
17028,241700434,17,75
17029,200041689,17,75
17030,241700517,17,75
17031,200041689,17,75
17032,200041614,17,75
17033,200041523,17,75
17034,241700640,17,75
17035,200041689,17,75
17036,200041762,17,75
17037,200041689,17,75
17038,200041523,17,75
17039,200041523,17,75
17041,200041499,17,75
17042,200041689,17,75
17043,200041689,17,75
17044,241700632,17,75
17045,241700517,17,75
17046,200041689,17,75
17047,200041523,17,75
17048,200041689,17,75
17049,200041689,17,75
17050,200041523,17,75
17051,241700459,17,75
17052,200041523,17,75
17053,200041689,17,75
17054,200041523,17,75
17055,200041523,17,75
17056,200041523,17,75
17057,200041614,17,75
17058,241700699,17,75
17059,241700434,17,75
17060,241700640,17,75
17061,200041523,17,75
17062,200041689,17,75
17063,200041614,17,75
17064,241700640,17,75
17065,200041762,17,75
17066,200041523,17,75
17067,200041689,17,75
17068,241700640,17,75
17069,200041523,17,75
17070,200041689,17,75
17071,200041689,17,75
17072,200036473,17,75
17073,200036473,17,75
17074,200041523,17,75
17075,200041762,17,75
17076,200041523,17,75
17077,200041523,17,75
17078,200041523,17,75
17079,241700640,17,75
17080,200041614,17,75
17081,200041523,17,75
17082,200041523,17,75
17083,200041762,17,75
17084,200041523,17,75
17085,200041689,17,75
17086,200036473,17,75
17087,200041689,17,75
17089,200036473,17,75
17091,200041499,17,75
17092,200041523,17,75
17093,241700624,17,75
17094,241700434,17,75
17095,200041523,17,75
17096,200041523,17,75
17097,241700640,17,75
17098,241700640,17,75
17099,200041523,17,75
17100,200036473,17,75
17101,200041689,17,75
17102,200036473,17,75
17104,200041523,17,75
17105,200041689,17,75
17106,200041523,17,75
17107,200041614,17,75
17108,200041523,17,75
17109,241700434,17,75
17110,200041523,17,75
17111,200041523,17,75
17112,200036473,17,75
17113,200041523,17,75
17114,200041689,17,75
17115,200036473,17,75
17116,200041523,17,75
17117,200041689,17,75
17118,200041523,17,75
17119,241700640,17,75
17120,200036473,17,75
17121,241700459,17,75
17122,200041523,17,75
17124,200041689,17,75
17125,200041689,17,75
17126,200041689,17,75
17127,200041499,17,75
17128,200036473,17,75
17129,200041523,17,75
17130,200041523,17,75
17131,241700640,17,75
17132,200041499,17,75
17133,241700632,17,75
17134,241700517,17,75
17135,200041689,17,75
17136,241700434,17,75
17137,200041689,17,75
17138,200041689,17,75
17139,200041689,17,75
17140,241700624,17,75
17141,200036473,17,75
17142,241700434,17,75
17143,200036473,17,75
17145,200041523,17,75
17146,200041762,17,75
17147,200036473,17,75
17148,200036473,17,75
17149,200041689,17,75
17150,200041689,17,75
17151,241700640,17,75
17152,241700640,17,75
17153,241700434,17,75
17154,241700517,17,75
17155,241700640,17,75
17156,200041523,17,75
17157,200041689,17,75
17158,200041499,17,75
17159,200041523,17,75
17160,241700640,17,75
17161,241700459,17,75
17162,200041689,17,75
17163,200041523,17,75
17164,200036473,17,75
17165,200041689,17,75
17166,200041614,17,75
17167,200041523,17,75
17168,200041762,17,75
17171,241700517,17,75
17172,241700632,17,75
17173,200041523,17,75
17174,200041614,17,75
17175,200041523,17,75
17176,200041689,17,75
17177,200041689,17,75
17178,200041523,17,75
17179,200036473,17,75
17180,200041689,17,75
17181,200041689,17,75
17182,200041499,17,75
17183,241700640,17,75
17184,200041762,17,75
17185,241700699,17,75
17186,200041499,17,75
17187,200041523,17,75
17188,200041689,17,75
17190,241700434,17,75
17191,200036473,17,75
17192,200041523,17,75
17193,241700434,17,75
17194,241700434,17,75
17195,200041689,17,75
17196,241700632,17,75
17197,200041523,17,75
17198,200041689,17,75
17199,200041523,17,75
17200,241700434,17,75
17201,200041499,17,75
17202,200041689,17,75
17203,200041614,17,75
17204,200041523,17,75
17205,200041762,17,75
17206,200041689,17,75
17207,241700459,17,75
17208,200041499,17,75
17209,200041523,17,75
17210,200041523,17,75
17211,200041689,17,75
17212,200041689,17,75
17213,200041689,17,75
17214,200036473,17,75
17215,200041523,17,75
17216,200041762,17,75
17217,200041689,17,75
17218,200041499,17,75
17219,241700699,17,75
17220,200041523,17,75
17221,200041614,17,75
17222,241700434,17,75
17223,200041689,17,75
17224,200041689,17,75
17225,241700640,17,75
17226,200041689,17,75
17227,200041523,17,75
17228,241700640,17,75
17229,200041523,17,75
17230,241700640,17,75
17231,200041523,17,75
17232,241700632,17,75
17233,200041523,17,75
17234,200041689,17,75
17235,200036473,17,75
17236,200041523,17,75
17237,200041762,17,75
17239,200041689,17,75
17240,200041523,17,75
17241,200041523,17,75
17242,200036473,17,75
17243,200041523,17,75
17244,241700632,17,75
17245,241700434,17,75
17246,200041762,17,75
17247,241700640,17,75
17248,241700640,17,75
17249,200041523,17,75
17250,200041523,17,75
17252,200041689,17,75
17253,200041762,17,75
17254,200041689,17,75
17255,241700517,17,75
17256,200041689,17,75
17257,200041689,17,75
17258,200041523,17,75
17259,200041523,17,75
17260,200041523,17,75
17261,200041689,17,75
17262,241700517,17,75
17263,200041523,17,75
17264,241700434,17,75
17265,241700699,17,75
17266,200041689,17,75
17267,200041499,17,75
17268,200041689,17,75
17269,200041523,17,75
17270,200041523,17,75
17271,200041689,17,75
17273,200041523,17,75
17274,241700434,17,75
17275,200036473,17,75
17276,200041523,17,75
17277,200041689,17,75
17278,200036473,17,75
17279,200041523,17,75
17280,241700517,17,75
17281,200041523,17,75
17282,200041523,17,75
17283,200041523,17,75
17284,241700517,17,75
17285,241700517,17,75
17286,241700459,17,75
17287,200041523,17,75
17288,200041689,17,75
17289,200036473,17,75
17290,200041689,17,75
17291,241700434,17,75
17292,200041689,17,75
17293,200041614,17,75
17294,200041689,17,75
17295,200041523,17,75
17296,241700632,17,75
17297,241700459,17,75
17298,241700632,17,75
17299,200041762,17,75
17300,241700434,17,75
17301,200041689,17,75
17302,241700517,17,75
17303,200041499,17,75
17304,200036473,17,75
17305,200041523,17,75
17306,241700640,17,75
17307,241700640,17,75
17308,200041762,17,75
17309,200041523,17,75
17310,241700632,17,75
17311,241700640,17,75
17312,200041523,17,75
17313,200036473,17,75
17314,200036473,17,75
17315,241700434,17,75
17316,200041523,17,75
17317,200041523,17,75
17318,241700459,17,75
17319,200041523,17,75
17320,200041762,17,75
17321,200041614,17,75
17322,200041499,17,75
17323,241700624,17,75
17324,200041523,17,75
17325,200041523,17,75
17326,200041523,17,75
17327,200041689,17,75
17328,200041523,17,75
17329,200041762,17,75
17330,241700517,17,75
17331,200041523,17,75
17332,200041523,17,75
17333,241700640,17,75
17335,200041523,17,75
17336,200036473,17,75
17337,241700624,17,75
17338,200041614,17,75
17339,200041523,17,75
17340,200041614,17,75
17341,200041523,17,75
17342,200041523,17,75
17343,200041523,17,75
17344,200041689,17,75
17345,200041523,17,75
17346,200041762,17,75
17347,200041689,17,75
17348,200041762,17,75
17349,200041499,17,75
17350,200041689,17,75
17351,241700699,17,75
17353,200041762,17,75
17354,200041523,17,75
17355,200041523,17,75
17356,200041689,17,75
17357,200041523,17,75
17358,200041689,17,75
17359,200041614,17,75
17360,241700459,17,75
17361,200041689,17,75
17362,200041523,17,75
17363,200041523,17,75
17364,200041523,17,75
17365,200041523,17,75
17366,200041523,17,75
17367,200041689,17,75
17369,241700459,17,75
17372,200041523,17,75
17373,241700434,17,75
17374,200041689,17,75
17375,200041762,17,75
17376,200041499,17,75
17377,200041689,17,75
17378,200041523,17,75
17379,200041523,17,75
17380,241700640,17,75
17381,200041689,17,75
17382,200041614,17,75
17383,200041689,17,75
17384,200041689,17,75
17385,241700624,17,75
17386,200041523,17,75
17387,241700517,17,75
17388,200041523,17,75
17389,241700517,17,75
17390,200041523,17,75
17391,241700434,17,75
17393,241700640,17,75
17394,200041614,17,75
17395,200036473,17,75
17396,200041499,17,75
17397,200041689,17,75
17398,200041523,17,75
17400,200036473,17,75
17401,200041689,17,75
17402,200041523,17,75
17403,200041523,17,75
17404,241700632,17,75
17405,200041523,17,75
17406,241700699,17,75
17407,241700434,17,75
17408,241700517,17,75
17409,241700640,17,75
17410,200041523,17,75
17411,241700624,17,75
17412,200036473,17,75
17413,241700434,17,75
17414,241700434,17,75
17415,200036473,17,75
17416,200041689,17,75
17417,200041523,17,75
17418,200041523,17,75
17420,241700434,17,75
17421,241700640,17,75
17422,200041689,17,75
17423,200041523,17,75
17424,200041523,17,75
17425,241700640,17,75
17426,200036473,17,75
17427,200041689,17,75
17428,200041689,17,75
17429,200041762,17,75
17430,200041523,17,75
17431,241700517,17,75
17432,200041523,17,75
17433,200041523,17,75
17434,200041614,17,75
17435,200041689,17,75
17436,200041689,17,75
17437,241700640,17,75
17438,241700632,17,75
17439,200041499,17,75
17440,200041689,17,75
17441,241700632,17,75
17442,241700632,17,75
17443,241700434,17,75
17444,200036473,17,75
17445,241700632,17,75
17446,200041689,17,75
17447,200041614,17,75
17448,200041689,17,75
17449,200041762,17,75
17450,200041689,17,75
17451,200041689,17,75
17452,241700640,17,75
17453,241700517,17,75
17454,200041523,17,75
17455,241700517,17,75
17457,200041614,17,75
17458,200041523,17,75
17459,200041689,17,75
17460,200036473,17,75
17461,241700640,17,75
17462,200036473,17,75
17463,200041762,17,75
17464,200041689,17,75
17465,200041689,17,75
17466,241700434,17,75
17467,200041689,17,75
17468,200041523,17,75
17469,241700632,17,75
17470,200036473,17,75
17471,200041689,17,75
17472,200041499,17,75
17473,200041689,17,75
17474,200041689,17,75
17476,200041523,17,75
17477,200041689,17,75
17478,200041689,17,75
17479,241700632,17,75
17480,200041614,17,75
17481,200041689,17,75
17482,200041614,17,75
17483,241700434,17,75
17484,200041762,17,75
17485,241700624,17,75
17486,241700624,17,75
18001,200066330,18,24
18002,200049484,18,24
18003,200066330,18,24
18004,200066330,18,24
18005,200066330,18,24
18006,241800507,18,24
18007,200011781,18,24
18008,241800507,18,24
18009,200049484,18,24
18010,200049484,18,24
18011,200000933,18,24
18012,200032514,18,24
18013,200036135,18,24
18014,200069227,18,24
18015,200000933,18,24
18016,200066330,18,24
18017,241800432,18,24
18018,241800374,18,24
18019,200066330,18,24
18020,200069227,18,24
18021,241800424,18,24
18022,200069227,18,24
18023,241800374,18,24
18024,200049484,18,24
18025,200032514,18,24
18026,200069227,18,24
18027,200007177,18,24
18028,241800507,18,24
18029,200036135,18,24
18030,200000933,18,24
18031,200007177,18,24
18032,200069227,18,24
18033,241800507,18,24
18034,200036135,18,24
18035,200066330,18,24
18036,200070571,18,24
18037,200000933,18,24
18038,200036135,18,24
18039,200069227,18,24
18040,241800424,18,24
18041,200049484,18,24
18042,200036135,18,24
18043,200027076,18,24
18044,200070571,18,24
18045,241800424,18,24
18046,200027076,18,24
18047,200000933,18,24
18048,200011781,18,24
18049,200068088,18,24
18050,241800507,18,24
18051,200066330,18,24
18052,200036135,18,24
18053,200032514,18,24
18054,200007177,18,24
18055,243600236,18,24
18056,200007177,18,24
18057,200049484,18,24
18058,200027076,18,24
18059,200049484,18,24
18060,241800432,18,24
18061,241800374,18,24
18062,200011781,18,24
18063,200027076,18,24
18064,200070571,18,24
18065,243600236,18,24
18066,241800457,18,24
18067,200000933,18,24
18068,241800424,18,24
18069,200036135,18,24
18070,200069227,18,24
18071,241800424,18,24
18072,200007177,18,24
18073,200027076,18,24
18074,200069227,18,24
18075,200011781,18,24
18076,200036135,18,24
18077,200032514,18,24
18078,200027076,18,24
18079,200069227,18,24
18080,200007177,18,24
18081,241800374,18,24
18082,200011781,18,24
18083,200049484,18,24
18084,200069227,18,24
18085,200090561,18,24
18086,200036135,18,24
18087,241800424,18,24
18088,200000933,18,24
18089,200049484,18,24
18090,241800374,18,24
18091,200036135,18,24
18092,241800374,18,24
18093,200049484,18,24
18094,200069227,18,24
18095,200007177,18,24
18096,200090561,18,24
18097,200066330,18,24
18098,200069227,18,24
18099,200032514,18,24
18100,200090561,18,24
18101,200011781,18,24
18102,241800432,18,24
18103,200090561,18,24
18104,200032514,18,24
18105,241800374,18,24
18106,241800432,18,24
18107,200036135,18,24
18108,200011781,18,24
18109,200066330,18,24
18110,200032514,18,24
18111,200066330,18,24
18112,200049484,18,24
18113,200007177,18,24
18114,200049484,18,24
18115,200000933,18,24
18116,200069227,18,24
18117,200069227,18,24
18118,200011781,18,24
18119,241800374,18,24
18120,200032514,18,24
18121,241800424,18,24
18122,200027076,18,24
18124,200070571,18,24
18125,200069227,18,24
18126,200027076,18,24
18127,200027076,18,24
18128,200070571,18,24
18129,241800507,18,24
18130,200049484,18,24
18132,200032514,18,24
18133,241800457,18,24
18134,200070571,18,24
18135,200049484,18,24
18136,200036135,18,24
18137,241800457,18,24
18138,241800507,18,24
18139,200011781,18,24
18140,200090561,18,24
18141,241800507,18,24
18142,200036135,18,24
18143,200011781,18,24
18144,200069227,18,24
18145,200066330,18,24
18146,200069227,18,24
18147,200000933,18,24
18148,200070571,18,24
18149,200000933,18,24
18150,200090561,18,24
18151,200066330,18,24
18152,200027076,18,24
18153,200049484,18,24
18154,200007177,18,24
18155,241800432,18,24
18156,200066330,18,24
18157,241800507,18,24
18158,200066330,18,24
18159,200000933,18,24
18160,200007177,18,24
18161,241800432,18,24
18162,200066330,18,24
18163,200066330,18,24
18164,241800432,18,24
18165,200090561,18,24
18166,241800374,18,24
18167,200090561,18,24
18168,200069227,18,24
18169,200036135,18,24
18170,200000933,18,24
18171,200036135,18,24
18172,200036135,18,24
18173,241800424,18,24
18174,241800374,18,24
18175,200007177,18,24
18176,200066330,18,24
18177,241800424,18,24
18178,200049484,18,24
18179,200066330,18,24
18180,241800507,18,24
18181,241800457,18,24
18182,200070571,18,24
18183,241800424,18,24
18184,200032514,18,24
18185,200000933,18,24
18186,200070571,18,24
18187,200049484,18,24
18188,241800457,18,24
18189,200066330,18,24
18190,200070571,18,24
18191,241800424,18,24
18192,200049484,18,24
18193,200049484,18,24
18194,200066330,18,24
18195,241800432,18,24
18196,241800432,18,24
18197,200036135,18,24
18198,243600236,18,24
18199,200027076,18,24
18200,200069227,18,24
18201,241800457,18,24
18202,200066330,18,24
18203,200049484,18,24
18204,241800424,18,24
18205,241800507,18,24
18206,200066330,18,24
18207,241800457,18,24
18208,200069227,18,24
18209,200049484,18,24
18210,200090561,18,24
18211,200066330,18,24
18212,241800424,18,24
18213,241800507,18,24
18214,200090561,18,24
18215,200011781,18,24
18216,200049484,18,24
18217,200049484,18,24
18218,241800507,18,24
18219,200090561,18,24
18220,200032514,18,24
18221,200027076,18,24
18223,200066330,18,24
18224,200032514,18,24
18225,200049484,18,24
18226,241800507,18,24
18227,200000933,18,24
18228,200090561,18,24
18229,200066330,18,24
18230,200049484,18,24
18231,200036135,18,24
18232,200049484,18,24
18233,200069227,18,24
18234,200049484,18,24
18235,200066330,18,24
18236,200027076,18,24
18237,200070571,18,24
18238,200049484,18,24
18240,200032514,18,24
18241,200069227,18,24
18242,241800432,18,24
18243,200069227,18,24
18244,241800457,18,24
18245,200049484,18,24
18246,200069227,18,24
18247,241800374,18,24
18248,241800424,18,24
18249,200069227,18,24
18250,200027076,18,24
18251,200032514,18,24
18252,200049484,18,24
18253,200066330,18,24
18254,241800374,18,24
18255,241800507,18,24
18256,200069227,18,24
18257,200069227,18,24
18258,200069227,18,24
18259,200069227,18,24
18260,200007177,18,24
18261,241800424,18,24
18262,200069227,18,24
18263,200090561,18,24
18264,200069227,18,24
18265,200011781,18,24
18266,200049484,18,24
18267,241800507,18,24
18268,200027076,18,24
18269,200069227,18,24
18270,200027076,18,24
18271,200066330,18,24
18272,200069227,18,24
18273,200027076,18,24
18274,200069227,18,24
18275,241800432,18,24
18276,200036135,18,24
18277,241800424,18,24
18278,200049484,18,24
18279,200090561,18,24
18280,200066330,18,24
18281,200090561,18,24
18282,241800374,18,24
18283,200027076,18,24
18284,200069227,18,24
18285,241800457,18,24
18286,241800374,18,24
18287,200069227,18,24
18288,241800507,18,24
18289,241800374,18,24
18290,200090561,18,24
19001,200066645,19,75
19002,200066744,19,75
19003,200066769,19,75
19004,200066751,19,75
19005,200043172,19,75
19006,200066744,19,75
19007,200066769,19,75
19008,200066744,19,75
19009,241927201,19,75
19010,200066751,19,75
19011,200066603,19,75
19012,200066769,19,75
19013,200066769,19,75
19014,200066751,19,75
19015,200043172,19,75
19016,241927201,19,75
19017,200066751,19,75
19018,200066751,19,75
19019,200066769,19,75
19020,241927201,19,75
19021,200066744,19,75
19022,200066603,19,75
19023,200066769,19,75
19024,200066603,19,75
19025,200066603,19,75
19026,200066769,19,75
19027,200066645,19,75
19028,200066744,19,75
19029,200066769,19,75
19030,200043172,19,75
19031,200043172,19,75
19033,200066645,19,75
19034,200066751,19,75
19035,200043172,19,75
19036,200066645,19,75
19037,241927201,19,75
19038,241927201,19,75
19039,241900133,19,75
19040,241927201,19,75
19041,241927201,19,75
19042,241927201,19,75
19043,200043172,19,75
19044,200066769,19,75
19045,200066751,19,75
19046,241900133,19,75
19047,200043172,19,75
19048,241927201,19,75
19049,200043172,19,75
19050,200066769,19,75
19051,241900133,19,75
19052,200066744,19,75
19053,200066744,19,75
19054,200066769,19,75
19055,200066744,19,75
19056,241927201,19,75
19057,200066769,19,75
19058,200066744,19,75
19059,200066603,19,75
19060,241927243,19,75
19061,241927201,19,75
19062,241927201,19,75
19063,200043172,19,75
19064,200066744,19,75
19065,200066744,19,75
19066,200043172,19,75
19067,200066769,19,75
19068,200043172,19,75
19069,200066751,19,75
19070,241900133,19,75
19071,200066744,19,75
19072,200043172,19,75
19073,241900133,19,75
19074,200066645,19,75
19075,241927201,19,75
19076,241927243,19,75
19077,200043172,19,75
19078,200043172,19,75
19079,241927243,19,75
19080,200066744,19,75
19081,241927201,19,75
19082,241927201,19,75
19083,200066744,19,75
19084,200066751,19,75
19085,241927201,19,75
19086,200066751,19,75
19087,200066645,19,75
19088,200066645,19,75
19089,241927201,19,75
19090,241927201,19,75
19091,200066751,19,75
19093,200043172,19,75
19094,200043172,19,75
19095,200066645,19,75
19096,241927201,19,75
19097,241900133,19,75
19098,241927201,19,75
19099,200066769,19,75
19100,241927201,19,75
19101,241927201,19,75
19102,200066744,19,75
19103,200066744,19,75
19104,241927243,19,75
19105,200066769,19,75
19106,241900133,19,75
19107,200043172,19,75
19108,200066744,19,75
19109,200043172,19,75
19110,200066744,19,75
19111,241900133,19,75
19112,200066645,19,75
19113,200066744,19,75
19114,200066744,19,75
19115,200066769,19,75
19116,200066769,19,75
19117,200043172,19,75
19118,241927201,19,75
19119,200066769,19,75
19120,200043172,19,75
19121,200066603,19,75
19122,200066645,19,75
19123,200043172,19,75
19124,200043172,19,75
19125,241900133,19,75
19126,200066769,19,75
19128,200066744,19,75
19129,241927243,19,75
19130,200066744,19,75
19131,241927243,19,75
19132,200066769,19,75
19133,200066751,19,75
19134,200066744,19,75
19135,200066744,19,75
19136,200066744,19,75
19137,241900133,19,75
19138,200066769,19,75
19139,200066744,19,75
19140,200066751,19,75
19141,200066744,19,75
19142,200066744,19,75
19143,241900133,19,75
19144,200066603,19,75
19145,241900133,19,75
19146,241927201,19,75
19147,200043172,19,75
19148,200066744,19,75
19149,200066751,19,75
19150,200066769,19,75
19151,200043172,19,75
19152,200066769,19,75
19153,200043172,19,75
19154,241927243,19,75
19155,241927201,19,75
19156,200066769,19,75
19157,200066744,19,75
19158,241927201,19,75
19159,241900133,19,75
19160,200066744,19,75
19161,200043172,19,75
19162,241927243,19,75
19163,200066769,19,75
19164,200066744,19,75
19165,200066645,19,75
19166,241927201,19,75
19167,200066744,19,75
19168,200066645,19,75
19169,200066769,19,75
19170,200066769,19,75
19171,200066751,19,75
19172,200066645,19,75
19173,200066751,19,75
19174,241927201,19,75
19175,200066744,19,75
19176,241900133,19,75
19177,200043172,19,75
19178,200043172,19,75
19179,200066769,19,75
19180,200066744,19,75
19181,241927201,19,75
19182,200043172,19,75
19184,200066769,19,75
19186,200066751,19,75
19187,200043172,19,75
19188,200043172,19,75
19189,200066751,19,75
19190,200066744,19,75
19191,200043172,19,75
19192,200066751,19,75
19193,200066751,19,75
19194,241927201,19,75
19195,200043172,19,75
19196,200043172,19,75
19198,248700189,19,75
19199,200066744,19,75
19200,200066744,19,75
19201,200066744,19,75
19202,200043172,19,75
19203,241927201,19,75
19204,200066744,19,75
19205,200066751,19,75
19206,200066744,19,75
19207,241927201,19,75
19208,241900133,19,75
19209,200066645,19,75
19210,200066744,19,75
19211,241927201,19,75
19212,200066751,19,75
19213,241927201,19,75
19214,200066751,19,75
19215,200066751,19,75
19216,200066603,19,75
19217,200066769,19,75
19219,200066744,19,75
19220,241927201,19,75
19221,200066751,19,75
19222,200066751,19,75
19225,241900133,19,75
19226,200066744,19,75
19227,241927201,19,75
19228,200066744,19,75
19229,200043172,19,75
19231,241927201,19,75
19232,200066744,19,75
19233,200066744,19,75
19234,200043172,19,75
19235,241927201,19,75
19236,241927201,19,75
19237,200066751,19,75
19238,200066744,19,75
19239,200043172,19,75
19240,241927201,19,75
19241,200066744,19,75
19242,200043172,19,75
19243,200066603,19,75
19244,200066744,19,75
19245,200066751,19,75
19246,200043172,19,75
19247,200066744,19,75
19248,241927243,19,75
19249,241900133,19,75
19250,241927243,19,75
19251,241900133,19,75
19252,200066744,19,75
19253,200043172,19,75
19254,248700189,19,75
19255,241927201,19,75
19256,200066744,19,75
19257,200066769,19,75
19258,200066751,19,75
19259,200066751,19,75
19260,200066769,19,75
19261,200066744,19,75
19262,200066645,19,75
19263,241900133,19,75
19264,200066744,19,75
19265,200066645,19,75
19266,200066744,19,75
19268,200066645,19,75
19269,200066645,19,75
19270,200066603,19,75
19271,200066769,19,75
19272,241927201,19,75
19273,200043172,19,75
19274,200043172,19,75
19275,200066744,19,75
19276,241927243,19,75
19277,200066744,19,75
19278,200043172,19,75
19279,200043172,19,75
19280,200066769,19,75
19281,200066645,19,75
19283,200066744,19,75
19284,200066645,19,75
19285,241927243,19,75
19286,200043172,19,75
19287,241927201,19,75
19288,200043172,19,75
19289,200043172,19,75
21001,200070894,21,27
21002,200039055,21,27
21003,242100410,21,27
21004,242101434,21,27
21005,200000925,21,27
21006,242101434,21,27
21007,200071017,21,27
21008,242101459,21,27
21009,200071173,21,27
21010,200006682,21,27
21011,242101434,21,27
21012,242101434,21,27
21013,200039055,21,27
21014,200071207,21,27
21015,200071173,21,27
21016,200072825,21,27
21017,200070894,21,27
21018,200039055,21,27
21020,200071207,21,27
21021,200069540,21,27
21022,200070894,21,27
21023,200071173,21,27
21024,200071017,21,27
21025,242101491,21,27
21026,242101491,21,27
21027,200069540,21,27
21028,200070902,21,27
21029,242101491,21,27
21030,200071207,21,27
21031,242101509,21,27
21032,200006682,21,27
21033,200039055,21,27
21034,242101434,21,27
21035,242101509,21,27
21036,200071207,21,27
21037,200006682,21,27
21038,200070902,21,27
21039,242100154,21,27
21040,200071017,21,27
21041,200070910,21,27
21042,242101509,21,27
21043,242101434,21,27
21044,242101434,21,27
21045,200039055,21,27
21046,200071173,21,27
21047,200071017,21,27
21048,200070894,21,27
21049,200070910,21,27
21050,200006682,21,27
21051,200039055,21,27
21052,242101434,21,27
21053,200072825,21,27
21054,200006682,21,27
21055,242101434,21,27
21056,200072825,21,27
21057,200000925,21,27
21058,242101434,21,27
21059,200069540,21,27
21060,200072825,21,27
21061,242101434,21,27
21062,200071207,21,27
21063,242101434,21,27
21064,242101491,21,27
21065,200071207,21,27
21066,200071207,21,27
21067,200000925,21,27
21068,200071207,21,27
21069,200071017,21,27
21070,200070894,21,27
21071,200072825,21,27
21072,200072825,21,27
21074,200070902,21,27
21075,242101434,21,27
21076,200070902,21,27
21077,242101434,21,27
21078,242101434,21,27
21079,200072825,21,27
21080,200039055,21,27
21081,200039055,21,27
21082,200071207,21,27
21083,200071173,21,27
21084,242101459,21,27
21085,200039063,21,27
21086,200006682,21,27
21087,200071207,21,27
21088,200070894,21,27
21089,242101509,21,27
21090,242101434,21,27
21091,200071207,21,27
21092,200006682,21,27
21093,242101434,21,27
21094,200072825,21,27
21095,242101509,21,27
21096,200070910,21,27
21097,200071017,21,27
21098,242101459,21,27
21099,200006682,21,27
21100,200071017,21,27
21101,200071017,21,27
21102,200071173,21,27
21103,242101509,21,27
21104,242101434,21,27
21105,242100410,21,27
21106,242100410,21,27
21107,200069540,21,27
21108,200071017,21,27
21109,242101434,21,27
21110,200070894,21,27
21111,200069540,21,27
21112,242101509,21,27
21113,200070894,21,27
21114,242101491,21,27
21115,242101434,21,27
21116,242101434,21,27
21117,242101434,21,27
21118,200070910,21,27
21119,200070910,21,27
21120,200071207,21,27
21121,200039055,21,27
21122,242101459,21,27
21123,242101434,21,27
21124,200071173,21,27
21125,242101434,21,27
21126,200000925,21,27
21127,242100154,21,27
21128,200071207,21,27
21129,242101434,21,27
21130,200000925,21,27
21131,242101509,21,27
21132,200070894,21,27
21133,200070894,21,27
21134,242101434,21,27
21135,200072825,21,27
21136,200039063,21,27
21137,242101491,21,27
21138,200070902,21,27
21139,242101442,21,27
21140,200071173,21,27
21141,200071017,21,27
21142,200039063,21,27
21143,242101434,21,27
21144,242101459,21,27
21145,200071017,21,27
21146,200072825,21,27
21147,200071017,21,27
21148,242101509,21,27
21149,242101434,21,27
21150,200006682,21,27
21151,200071017,21,27
21152,200071207,21,27
21153,200071207,21,27
21154,242101434,21,27
21155,200071207,21,27
21156,200071207,21,27
21157,242101434,21,27
21158,200072825,21,27
21159,242101434,21,27
21160,242101434,21,27
21161,242101434,21,27
21162,200070894,21,27
21163,200070910,21,27
21164,200071207,21,27
21165,242101434,21,27
21166,242100410,21,27
21167,200072825,21,27
21168,200071017,21,27
21169,200070894,21,27
21170,200006682,21,27
21171,242100410,21,27
21172,242101509,21,27
21173,200006682,21,27
21175,200070902,21,27
21176,200071207,21,27
21177,200071017,21,27
21178,200070894,21,27
21179,200069540,21,27
21180,200070902,21,27
21181,200071173,21,27
21182,200070894,21,27
21183,200000925,21,27
21184,200071207,21,27
21185,200006682,21,27
21186,200070894,21,27
21187,200071207,21,27
21189,200006682,21,27
21190,200006682,21,27
21191,200070894,21,27
21192,242100410,21,27
21193,200006682,21,27
21194,200070894,21,27
21195,200006682,21,27
21196,200006682,21,27
21197,242101459,21,27
21198,200071017,21,27
21199,200071017,21,27
21200,200070894,21,27
21201,242101434,21,27
21202,242101434,21,27
21203,200071017,21,27
21204,242101491,21,27
21205,200071017,21,27
21207,200070910,21,27
21208,242100154,21,27
21209,200069540,21,27
21210,200071207,21,27
21211,242100154,21,27
21212,242101491,21,27
21214,200071207,21,27
21215,200072825,21,27
21216,200071173,21,27
21217,200070894,21,27
21218,200039063,21,27
21219,200070894,21,27
21220,200070910,21,27
21221,200071207,21,27
21222,200071173,21,27
21223,242100410,21,27
21224,200071017,21,27
21225,200072825,21,27
21226,242101459,21,27
21227,200039063,21,27
21228,200070894,21,27
21229,200071173,21,27
21230,242100154,21,27
21231,242100410,21,27
21232,200071017,21,27
21233,200070902,21,27
21234,200039055,21,27
21235,242101434,21,27
21236,200006682,21,27
21237,242101434,21,27
21238,200039055,21,27
21239,242101509,21,27
21240,242100154,21,27
21241,200006682,21,27
21242,200000925,21,27
21243,200071207,21,27
21244,200071207,21,27
21245,242100154,21,27
21246,200070894,21,27
21247,200071017,21,27
21248,242101491,21,27
21249,242101509,21,27
21250,242101434,21,27
21251,200071207,21,27
21252,242101491,21,27
21253,242101434,21,27
21254,200070894,21,27
21255,200039063,21,27
21256,200070902,21,27
21257,242101434,21,27
21258,242101434,21,27
21259,242101491,21,27
21260,242101491,21,27
21261,200000925,21,27
21262,242101434,21,27
21263,242100410,21,27
21264,200071173,21,27
21265,200070894,21,27
21266,200069540,21,27
21267,200070894,21,27
21268,200070902,21,27
21269,200070902,21,27
21270,242100410,21,27
21271,242101459,21,27
21272,200071017,21,27
21273,200039055,21,27
21274,200071173,21,27
21275,200070910,21,27
21276,242101434,21,27
21277,200072825,21,27
21278,242100410,21,27
21279,242101491,21,27
21280,200071017,21,27
21281,200072825,21,27
21282,200071017,21,27
21283,200070910,21,27
21284,200039063,21,27
21285,242101509,21,27
21286,200039063,21,27
21287,242101491,21,27
21288,242101459,21,27
21289,200070894,21,27
21290,242100154,21,27
21291,200071017,21,27
21292,200000925,21,27
21293,200039055,21,27
21294,200070894,21,27
21295,200070894,21,27
21296,242101434,21,27
21297,200070894,21,27
21298,200071017,21,27
21299,242101459,21,27
21300,200039055,21,27
21301,242101509,21,27
21302,242101434,21,27
21303,242101434,21,27
21304,200070910,21,27
21305,242101434,21,27
21306,200039055,21,27
21307,242101459,21,27
21308,242101459,21,27
21309,242101434,21,27
21310,200039055,21,27
21311,242101509,21,27
21312,242101434,21,27
21313,242101434,21,27
21314,242101459,21,27
21315,242100410,21,27
21316,200070902,21,27
21317,242100154,21,27
21319,200000925,21,27
21320,200000925,21,27
21321,242101459,21,27
21322,242101509,21,27
21323,200072825,21,27
21324,200071017,21,27
21325,200071173,21,27
21326,242101434,21,27
21327,200006682,21,27
21328,200071017,21,27
21329,200071017,21,27
21330,200000925,21,27
21331,200070902,21,27
21332,242101509,21,27
21333,242101509,21,27
21334,200071173,21,27
21335,200071017,21,27
21336,242101434,21,27
21337,200070902,21,27
21338,200039063,21,27
21339,200039055,21,27
21340,242101509,21,27
21341,200071017,21,27
21342,242101509,21,27
21343,242101434,21,27
21344,242101509,21,27
21345,200039063,21,27
21346,242101434,21,27
21347,200006682,21,27
21348,200072825,21,27
21349,200071173,21,27
21350,242101434,21,27
21351,200000925,21,27
21352,200000925,21,27
21353,200000925,21,27
21354,200071173,21,27
21355,242100410,21,27
21356,242101509,21,27
21357,242101434,21,27
21358,242101491,21,27
21359,242101434,21,27
21360,200071207,21,27
21361,242100154,21,27
21362,200071207,21,27
21363,200071173,21,27
21364,242101434,21,27
21365,200071017,21,27
21366,242101509,21,27
21367,200070902,21,27
21368,200070894,21,27
21369,200072825,21,27
21370,242100410,21,27
21371,200070902,21,27
21372,242101434,21,27
21373,200039055,21,27
21374,200071173,21,27
21375,200071173,21,27
21376,200070902,21,27
21377,200071017,21,27
21378,242101434,21,27
21379,200071173,21,27
21380,200071017,21,27
21381,200071017,21,27
21382,200071207,21,27
21383,242100154,21,27
21384,200070894,21,27
21385,242100154,21,27
21386,242101459,21,27
21387,200006682,21,27
21388,200000925,21,27
21389,242101491,21,27
21390,242100410,21,27
21391,242100154,21,27
21392,200071207,21,27
21393,242101434,21,27
21394,200071017,21,27
21395,200071017,21,27
21396,242101434,21,27
21397,200006682,21,27
21398,200070902,21,27
21399,200071207,21,27
21400,200070910,21,27
21401,200006682,21,27
21402,242101434,21,27
21403,200071173,21,27
21404,242101459,21,27
21405,200006682,21,27
21406,200039055,21,27
21407,200070894,21,27
21408,200039063,21,27
21409,200070894,21,27
21410,242101434,21,27
21411,200006682,21,27
21412,200006682,21,27
21413,200071017,21,27
21414,200071173,21,27
21415,242101434,21,27
21416,200072825,21,27
21417,200071017,21,27
21418,242101434,21,27
21419,242101434,21,27
21420,200006682,21,27
21421,242100154,21,27
21422,242101442,21,27
21423,200006682,21,27
21424,242101509,21,27
21425,242101491,21,27
21426,200071017,21,27
21427,200071207,21,27
21428,200006682,21,27
21429,242101491,21,27
21430,200071017,21,27
21431,200071017,21,27
21432,242101434,21,27
21433,200072825,21,27
21434,200071017,21,27
21435,242101434,21,27
21436,242101509,21,27
21437,200070902,21,27
21438,242101434,21,27
21439,200039055,21,27
21440,242101509,21,27
21441,200071207,21,27
21442,200070894,21,27
21444,242101434,21,27
21445,242101442,21,27
21446,242101491,21,27
21447,200071173,21,27
21448,242101459,21,27
21449,200071017,21,27
21450,200006682,21,27
21451,242101491,21,27
21452,242100410,21,27
21454,242101434,21,27
21455,242101434,21,27
21456,242101491,21,27
21457,200071017,21,27
21458,200070894,21,27
21459,200072825,21,27
21460,242101434,21,27
21461,200006682,21,27
21462,200069540,21,27
21463,200071017,21,27
21464,200070894,21,27
21465,242101434,21,27
21466,242101434,21,27
21467,200072825,21,27
21468,200072825,21,27
21469,200069540,21,27
21470,242101434,21,27
21471,242101434,21,27
21472,200070910,21,27
21473,242100410,21,27
21474,242101509,21,27
21475,242101509,21,27
21476,200071207,21,27
21477,200039063,21,27
21478,200039055,21,27
21479,200039063,21,27
21480,200006682,21,27
21481,242100410,21,27
21482,200070902,21,27
21483,242100154,21,27
21484,242101491,21,27
21485,242100410,21,27
21487,200000925,21,27
21488,242101434,21,27
21489,200039063,21,27
21490,242101434,21,27
21491,242100154,21,27
21492,200006682,21,27
21493,200070902,21,27
21494,200039063,21,27
21495,200070902,21,27
21496,200070902,21,27
21497,200071017,21,27
21498,200071017,21,27
21499,242101434,21,27
21500,242101459,21,27
21501,200071207,21,27
21502,242101509,21,27
21503,200072825,21,27
21504,200039055,21,27
21505,200071017,21,27
21506,200070894,21,27
21508,200039063,21,27
21510,242101434,21,27
21511,242101434,21,27
21512,200006682,21,27
21514,242101434,21,27
21515,242100410,21,27
21516,242101491,21,27
21517,200070894,21,27
21518,242101491,21,27
21519,242101434,21,27
21520,200039055,21,27
21521,200069540,21,27
21522,200072825,21,27
21523,200070894,21,27
21524,242101434,21,27
21525,242101442,21,27
21526,242101434,21,27
21527,200006682,21,27
21528,242101459,21,27
21529,200071017,21,27
21530,242101491,21,27
21531,242101442,21,27
21532,200000925,21,27
21533,200071207,21,27
21534,200006682,21,27
21535,200069540,21,27
21536,200070910,21,27
21537,200071017,21,27
21538,242101442,21,27
21539,200039055,21,27
21540,242100410,21,27
21541,200006682,21,27
21542,200070894,21,27
21543,242101434,21,27
21544,200071017,21,27
21545,242101434,21,27
21546,242101442,21,27
21547,200071017,21,27
21548,242101442,21,27
21549,242101434,21,27
21550,242101491,21,27
21552,200071017,21,27
21553,200039055,21,27
21554,242101509,21,27
21555,200069540,21,27
21556,200070902,21,27
21557,242101434,21,27
21558,200006682,21,27
21559,200039055,21,27
21560,200071173,21,27
21561,200039063,21,27
21562,200072825,21,27
21563,200071017,21,27
21564,200070894,21,27
21565,200070894,21,27
21566,200071173,21,27
21567,200071173,21,27
21568,242101491,21,27
21569,200006682,21,27
21570,200071207,21,27
21571,200070902,21,27
21572,242101509,21,27
21573,200039063,21,27
21574,200072825,21,27
21575,242101509,21,27
21576,200071017,21,27
21577,242101509,21,27
21578,200039055,21,27
21579,200070910,21,27
21580,242101459,21,27
21581,242101509,21,27
21582,200006682,21,27
21583,200006682,21,27
21584,242101442,21,27
21585,200070894,21,27
21586,200070894,21,27
21587,242100154,21,27
21588,200071207,21,27
21589,200039063,21,27
21590,200006682,21,27
21591,200039063,21,27
21592,200039055,21,27
21593,200071173,21,27
21594,242101434,21,27
21595,200072825,21,27
21596,200070894,21,27
21597,200070894,21,27
21598,242101491,21,27
21599,200070910,21,27
21600,200071207,21,27
21601,200070894,21,27
21602,242101434,21,27
21603,200071017,21,27
21604,242101491,21,27
21605,242100410,21,27
21606,200006682,21,27
21607,242101509,21,27
21608,242101442,21,27
21609,200070902,21,27
21610,200070902,21,27
21611,200039055,21,27
21612,200071017,21,27
21613,200071017,21,27
21614,242100154,21,27
21615,200071173,21,27
21616,200006682,21,27
21617,242100410,21,27
21618,200070902,21,27
21619,200072825,21,27
21620,242100154,21,27
21622,200000925,21,27
21623,200000925,21,27
21624,200070902,21,27
21625,200070894,21,27
21626,242101434,21,27
21627,242101459,21,27
21628,242101434,21,27
21629,242101442,21,27
21630,200071207,21,27
21631,200071207,21,27
21632,200000925,21,27
21633,200071017,21,27
21634,200071207,21,27
21635,200071017,21,27
21636,200006682,21,27
21637,242101509,21,27
21638,242100154,21,27
21639,200070902,21,27
21640,200071017,21,27
21641,242101491,21,27
21642,200071017,21,27
21643,200070902,21,27
21644,200072825,21,27
21645,242101509,21,27
21646,200039063,21,27
21647,242101509,21,27
21648,200039063,21,27
21649,200071017,21,27
21650,200070894,21,27
21651,200039063,21,27
21652,200071207,21,27
21653,242101434,21,27
21655,242101434,21,27
21656,200000925,21,27
21657,200069540,21,27
21659,200039063,21,27
21660,200071207,21,27
21661,200039055,21,27
21662,200071017,21,27
21663,242101459,21,27
21664,242101491,21,27
21665,200070910,21,27
21666,242100154,21,27
21667,200070910,21,27
21669,200039055,21,27
21670,242101459,21,27
21671,242101434,21,27
21672,200071017,21,27
21673,200071207,21,27
21674,242101434,21,27
21675,200071173,21,27
21676,200071017,21,27
21677,200071207,21,27
21678,200071017,21,27
21679,200039055,21,27
21680,200070902,21,27
21681,200071017,21,27
21682,200072825,21,27
21683,200071173,21,27
21684,200006682,21,27
21685,242101434,21,27
21686,242101491,21,27
21687,242101442,21,27
21688,200070894,21,27
21689,200071017,21,27
21690,200071017,21,27
21691,200070894,21,27
21692,242100154,21,27
21693,242101434,21,27
21694,200071017,21,27
21695,242101459,21,27
21696,200071017,21,27
21698,200070894,21,27
21699,200070902,21,27
21700,242101434,21,27
21701,200070902,21,27
21702,242100154,21,27
21703,200071173,21,27
21704,242101434,21,27
21705,200039063,21,27
21706,242101434,21,27
21707,200071017,21,27
21708,200070894,21,27
21709,242101491,21,27
21710,200071017,21,27
21711,242101434,21,27
21712,200006682,21,27
21713,200070902,21,27
21714,200070894,21,27
21715,200071173,21,27
21716,200070894,21,27
21717,242101434,21,27
22001,200067460,22,53
22002,200069391,22,53
22003,200068989,22,53
22004,200067981,22,53
22005,200067981,22,53
22006,200065928,22,53
22008,200068989,22,53
22009,200069409,22,53
22011,200069086,22,53
22012,200069391,22,53
22013,200067981,22,53
22014,200068989,22,53
22015,200069391,22,53
22016,,22,53
22018,200067981,22,53
22019,200069086,22,53
22020,200068989,22,53
22021,200068989,22,53
22023,200067981,22,53
22024,200067981,22,53
22025,200067981,22,53
22026,200068989,22,53
22028,200065928,22,53
22029,242200715,22,53
22030,200065928,22,53
22031,200067981,22,53
22032,200068989,22,53
22033,200067460,22,53
22034,200065928,22,53
22035,200068989,22,53
22036,200068989,22,53
22037,200067981,22,53
22039,200067460,22,53
22040,200067981,22,53
22041,200065928,22,53
22042,200065928,22,53
22044,200069391,22,53
22045,200069086,22,53
22046,200067460,22,53
22047,200067460,22,53
22048,200068989,22,53
22049,200068989,22,53
22050,200068989,22,53
22052,200067981,22,53
22053,200069391,22,53
22054,200069391,22,53
22055,200069409,22,53
22056,200068989,22,53
22057,200069086,22,53
22059,200069409,22,53
22060,200067460,22,53
22061,242200715,22,53
22062,200067460,22,53
22063,200069086,22,53
22064,242200715,22,53
22065,200069086,22,53
22067,200067981,22,53
22068,200067460,22,53
22069,200068989,22,53
22070,200067981,22,53
22071,200068989,22,53
22072,200067981,22,53
22073,200069409,22,53
22074,200067460,22,53
22075,200067460,22,53
22076,200069391,22,53
22077,200069391,22,53
22079,200069391,22,53
22081,200069409,22,53
22082,200068989,22,53
22083,200067460,22,53
22084,200069391,22,53
22085,200065928,22,53
22086,200067981,22,53
22087,242200715,22,53
22088,200067981,22,53
22090,200065928,22,53
22091,200067981,22,53
22092,200067981,22,53
22093,200069391,22,53
22094,243500725,22,53
22095,200067981,22,53
22096,200068989,22,53
22097,200068989,22,53
22098,200069391,22,53
22099,200069409,22,53
22101,200065928,22,53
22103,200068989,22,53
22104,200068989,22,53
22105,200068989,22,53
22106,200069409,22,53
22107,242200715,22,53
22108,200067981,22,53
22109,200067981,22,53
22110,200065928,22,53
22111,200065928,22,53
22112,200069086,22,53
22113,200065928,22,53
22114,200069391,22,53
22115,242200715,22,53
22116,200069086,22,53
22117,200069409,22,53
22118,200068989,22,53
22119,200065928,22,53
22121,200069086,22,53
22122,200067460,22,53
22124,242200715,22,53
22126,200069409,22,53
22127,200065928,22,53
22128,242200715,22,53
22129,200067981,22,53
22131,200065928,22,53
22132,200067981,22,53
22133,200067460,22,53
22134,200065928,22,53
22135,200067981,22,53
22136,200067460,22,53
22137,242200715,22,53
22138,200067981,22,53
22139,200067981,22,53
22140,200069391,22,53
22141,200065928,22,53
22143,200068989,22,53
22144,200069409,22,53
22145,200068989,22,53
22146,242200715,22,53
22147,200067460,22,53
22148,200067460,22,53
22149,200067460,22,53
22150,200069086,22,53
22152,200065928,22,53
22153,200069391,22,53
22155,200067460,22,53
22156,200067981,22,53
22157,242900744,22,53
22158,200067460,22,53
22160,200069391,22,53
22161,200067981,22,53
22162,200067981,22,53
22163,242200715,22,53
22164,200067981,22,53
22165,200069391,22,53
22166,200065928,22,53
22168,200065928,22,53
22169,242200715,22,53
22170,200069409,22,53
22171,200069409,22,53
22172,200068989,22,53
22174,200068989,22,53
22175,200069391,22,53
22176,200069409,22,53
22177,200069086,22,53
22178,200067981,22,53
22179,200068989,22,53
22180,200068989,22,53
22181,242200715,22,53
22182,200069086,22,53
22183,200067460,22,53
22184,200069391,22,53
22185,200069391,22,53
22186,200069391,22,53
22187,200069409,22,53
22188,200069086,22,53
22189,200067981,22,53
22190,200068989,22,53
22193,200069391,22,53
22194,200065928,22,53
22195,200065928,22,53
22196,200065928,22,53
22197,200068989,22,53
22198,200065928,22,53
22199,200065928,22,53
22201,200068989,22,53
22202,242900744,22,53
22203,200069409,22,53
22204,200067981,22,53
22205,200068989,22,53
22206,200069086,22,53
22207,200065928,22,53
22208,200068989,22,53
22209,200068989,22,53
22210,200067981,22,53
22211,200065928,22,53
22212,200067981,22,53
22213,200068989,22,53
22214,200067981,22,53
22215,200069409,22,53
22216,200067981,22,53
22217,200065928,22,53
22218,200065928,22,53
22219,200067460,22,53
22220,242200715,22,53
22221,200065928,22,53
22222,200069086,22,53
22223,200067981,22,53
22224,200065928,22,53
22225,200067981,22,53
22226,200065928,22,53
22227,200065928,22,53
22228,200065928,22,53
22229,242200715,22,53
22231,200067981,22,53
22232,200069409,22,53
22233,200067981,22,53
22234,200069086,22,53
22235,200065928,22,53
22236,200069086,22,53
22237,200068989,22,53
22238,200065928,22,53
22239,200068989,22,53
22240,200068989,22,53
22241,200067460,22,53
22242,200069391,22,53
22243,200067981,22,53
22244,200067460,22,53
22245,200065928,22,53
22246,200069391,22,53
22248,200069086,22,53
22249,200067981,22,53
22250,200067981,22,53
22251,200069409,22,53
22254,200065928,22,53
22255,200067460,22,53
22256,200067981,22,53
22257,200065928,22,53
22258,200069391,22,53
22259,200068989,22,53
22260,200067460,22,53
22261,200069391,22,53
22262,200069409,22,53
22263,200068989,22,53
22264,200065928,22,53
22265,200065928,22,53
22266,242200715,22,53
22267,200069391,22,53
22268,200068989,22,53
22269,200067981,22,53
22271,200067981,22,53
22272,200067981,22,53
22273,200069391,22,53
22274,200068989,22,53
22275,200067460,22,53
22276,200069409,22,53
22277,200069409,22,53
22278,200069409,22,53
22279,200067460,22,53
22280,200068989,22,53
22281,200069409,22,53
22282,200068989,22,53
22283,200067981,22,53
22284,242200715,22,53
22285,245614433,22,53
22286,200069391,22,53
22287,200069409,22,53
22288,200067460,22,53
22289,200069086,22,53
22291,200069409,22,53
22293,200069086,22,53
22294,242200715,22,53
22295,200067460,22,53
22296,200069391,22,53
22299,200068989,22,53
22300,200067460,22,53
22302,200068989,22,53
22304,200069086,22,53
22305,200068989,22,53
22306,200068989,22,53
22307,200069409,22,53
22308,200068989,22,53
22310,200067981,22,53
22311,200068989,22,53
22312,200068989,22,53
22313,200067460,22,53
22314,200067460,22,53
22315,200068989,22,53
22316,200067460,22,53
22317,200068989,22,53
22318,200068989,22,53
22319,200065928,22,53
22320,200067981,22,53
22321,242200715,22,53
22322,200069086,22,53
22323,200068989,22,53
22324,200065928,22,53
22325,200069409,22,53
22326,200069391,22,53
22327,200068989,22,53
22328,200067981,22,53
22330,200067460,22,53
22331,242200715,22,53
22332,200069391,22,53
22333,200067460,22,53
22334,242200715,22,53
22335,200067981,22,53
22337,200069391,22,53
22338,200067981,22,53
22339,200068989,22,53
22340,200065928,22,53
22341,200069391,22,53
22342,200068989,22,53
22343,200065928,22,53
22344,242200715,22,53
22345,200069391,22,53
22346,200069391,22,53
22347,200065928,22,53
22348,200069391,22,53
22349,200065928,22,53
22350,200065928,22,53
22351,242900744,22,53
22352,200068989,22,53
22353,200065928,22,53
22354,200067981,22,53
22356,200069086,22,53
22358,200067981,22,53
22359,200065928,22,53
22360,200069409,22,53
22361,200069086,22,53
22362,200065928,22,53
22363,200065928,22,53
22364,200068989,22,53
22365,242200715,22,53
22366,200065928,22,53
22368,243500725,22,53
22369,200069391,22,53
22370,200069086,22,53
22371,200067460,22,53
22372,200069409,22,53
22373,242900744,22,53
22375,200069086,22,53
22376,200067460,22,53
22377,200069409,22,53
22378,200069086,22,53
22379,200065928,22,53
22380,200068989,22,53
22381,200065928,22,53
22383,200065928,22,53
22384,200067460,22,53
22385,200068989,22,53
22386,200069409,22,53
22387,200065928,22,53
22388,200068989,22,53
22389,200069409,22,53
22390,200067981,22,53
22391,200068989,22,53
23001,200067189,23,75
23002,200034825,23,75
23003,200044014,23,75
23004,200034825,23,75
23005,200067593,23,75
23006,242320000,23,75
23007,200067189,23,75
23008,200044014,23,75
23009,200067544,23,75
23010,242320000,23,75
23011,242320000,23,75
23012,200067189,23,75
23013,200067593,23,75
23014,242320000,23,75
23015,242300135,23,75
23016,200067189,23,75
23017,200067593,23,75
23018,242300135,23,75
23019,200066744,23,75
23020,200067593,23,75
23021,242320000,23,75
23022,200067544,23,75
23024,200044014,23,75
23025,200041556,23,75
23026,200067544,23,75
23027,200067189,23,75
23028,200067593,23,75
23029,242320109,23,75
23030,200067189,23,75
23031,200067544,23,75
23032,200067544,23,75
23033,200034825,23,75
23034,200067593,23,75
23035,200067544,23,75
23036,200034825,23,75
23037,200067593,23,75
23038,200067544,23,75
23039,242320109,23,75
23040,200067544,23,75
23041,200041556,23,75
23042,242320000,23,75
23043,200067189,23,75
23044,242320109,23,75
23045,200067544,23,75
23046,200067544,23,75
23047,242320000,23,75
23048,200067593,23,75
23049,200041556,23,75
23050,242320109,23,75
23051,200067189,23,75
23052,200034825,23,75
23053,200067593,23,75
23054,200067593,23,75
23055,200067593,23,75
23056,242320000,23,75
23057,200041556,23,75
23058,200067593,23,75
23059,200067593,23,75
23060,200067189,23,75
23061,200067593,23,75
23062,242320109,23,75
23063,200066744,23,75
23064,200067544,23,75
23065,242320109,23,75
23066,200067593,23,75
23067,200066744,23,75
23068,200067544,23,75
23069,200067593,23,75
23070,242320109,23,75
23071,200044014,23,75
23072,200067544,23,75
23073,200067593,23,75
23074,200067189,23,75
23075,242320109,23,75
23076,200067544,23,75
23077,200044014,23,75
23078,200067189,23,75
23079,200044014,23,75
23080,200066744,23,75
23081,200067593,23,75
23082,242320000,23,75
23083,200067593,23,75
23084,200041556,23,75
23086,200067189,23,75
23087,242320109,23,75
23088,200034825,23,75
23089,200041556,23,75
23090,200044014,23,75
23091,200044014,23,75
23092,200034825,23,75
23093,200067544,23,75
23095,242320000,23,75
23096,200034825,23,75
23097,200067593,23,75
23098,200041556,23,75
23099,200067189,23,75
23100,200067544,23,75
23101,200034825,23,75
23102,200067544,23,75
23103,242320109,23,75
23104,200067544,23,75
23105,200067593,23,75
23106,200067544,23,75
23107,200067189,23,75
23108,200067544,23,75
23109,200041556,23,75
23110,200067593,23,75
23111,242320000,23,75
23112,200041556,23,75
23113,200067593,23,75
23114,200067544,23,75
23115,200066744,23,75
23116,200067593,23,75
23117,242320109,23,75
23118,200067189,23,75
23119,200066744,23,75
23120,200067544,23,75
23122,200067189,23,75
23123,200067593,23,75
23124,242320000,23,75
23125,200066744,23,75
23127,200067593,23,75
23128,200034825,23,75
23129,200067593,23,75
23130,200041556,23,75
23131,200067593,23,75
23132,200034825,23,75
23133,200067189,23,75
23134,200067189,23,75
23136,200041556,23,75
23137,242320000,23,75
23138,200067189,23,75
23139,200041556,23,75
23140,200044014,23,75
23141,242320109,23,75
23142,200044014,23,75
23143,242300135,23,75
23144,200044014,23,75
23145,200067544,23,75
23146,200067544,23,75
23147,242320109,23,75
23148,200041556,23,75
23149,200067544,23,75
23150,200034825,23,75
23151,200067593,23,75
23152,200067544,23,75
23154,200067544,23,75
23155,200067189,23,75
23156,200067593,23,75
23157,200067189,23,75
23158,200066744,23,75
23159,200067593,23,75
23160,200067593,23,75
23162,200041556,23,75
23164,200067593,23,75
23165,200067189,23,75
23166,242320109,23,75
23167,200067593,23,75
23168,200067189,23,75
23169,200034825,23,75
23170,200034825,23,75
23171,200067593,23,75
23172,200067593,23,75
23173,200067189,23,75
23174,200067544,23,75
23175,200067189,23,75
23176,242300135,23,75
23177,242300135,23,75
23178,200067593,23,75
23179,200044014,23,75
23180,200044014,23,75
23181,200067189,23,75
23182,200044014,23,75
23183,200067189,23,75
23184,200067593,23,75
23185,200067593,23,75
23186,200034825,23,75
23187,200067593,23,75
23188,200041556,23,75
23189,200067189,23,75
23190,200067593,23,75
23191,200034825,23,75
23192,242320000,23,75
23193,200034825,23,75
23194,200044014,23,75
23195,200034825,23,75
23196,200044014,23,75
23197,200067189,23,75
23198,200067593,23,75
23199,242300135,23,75
23200,242320000,23,75
23201,200067189,23,75
23202,200067189,23,75
23203,200067544,23,75
23204,200067544,23,75
23205,200067189,23,75
23206,200034825,23,75
23207,242300135,23,75
23208,200034825,23,75
23209,200067544,23,75
23210,200044014,23,75
23211,200044014,23,75
23212,200044014,23,75
23213,200067544,23,75
23214,200067189,23,75
23215,200066744,23,75
23216,200067189,23,75
23217,200067189,23,75
23218,200067593,23,75
23219,242300135,23,75
23220,200067593,23,75
23221,200066744,23,75
23222,200067189,23,75
23223,200067189,23,75
23224,200066744,23,75
23225,200067593,23,75
23226,200067593,23,75
23227,200067189,23,75
23228,200044014,23,75
23229,200067593,23,75
23230,200067189,23,75
23232,200067189,23,75
23233,200067544,23,75
23234,200067593,23,75
23235,242300135,23,75
23236,242320000,23,75
23237,200067189,23,75
23238,200044014,23,75
23239,242320109,23,75
23240,200067544,23,75
23241,200067593,23,75
23242,200034825,23,75
23243,200067544,23,75
23244,242320109,23,75
23245,200034825,23,75
23246,200044014,23,75
23247,200034825,23,75
23248,200034825,23,75
23249,200044014,23,75
23250,200034825,23,75
23251,200067544,23,75
23252,200041556,23,75
23253,200067189,23,75
23254,200067544,23,75
23255,200067544,23,75
23257,200044014,23,75
23258,242300135,23,75
23259,200067544,23,75
23260,200067189,23,75
23261,200067544,23,75
23262,200067544,23,75
23263,242320109,23,75
23264,200044014,23,75
23265,200067593,23,75
23266,200044014,23,75
24001,200071819,24,75
24002,200040392,24,75
24004,200041150,24,75
24005,200034833,24,75
24006,200041051,24,75
24007,200040400,24,75
24008,242401024,24,75
24009,242401024,24,75
24010,200040392,24,75
24011,200040392,24,75
24012,200040830,24,75
24014,200041168,24,75
24015,200041168,24,75
24016,200071819,24,75
24018,200041150,24,75
24019,200041150,24,75
24020,200041150,24,75
24021,200041150,24,75
24022,200034833,24,75
24023,200034833,24,75
24024,200040889,24,75
24025,200041150,24,75
24026,200040392,24,75
24027,200034833,24,75
24028,200034833,24,75
24029,200069094,24,75
24030,200041150,24,75
24031,200069094,24,75
24032,200040095,24,75
24034,200069094,24,75
24035,200041051,24,75
24036,200041051,24,75
24037,200070647,24,75
24038,200040400,24,75
24039,200041440,24,75
24040,200027217,24,75
24042,200041572,24,75
24043,200034833,24,75
24045,200040889,24,75
24046,200041150,24,75
24048,200034197,24,75
24050,200040830,24,75
24051,200070647,24,75
24052,200034833,24,75
24053,200040392,24,75
24054,200070647,24,75
24055,200041572,24,75
24056,200071819,24,75
24057,200040400,24,75
24058,200040400,24,75
24059,200069094,24,75
24060,200034833,24,75
24061,200040392,24,75
24062,200040400,24,75
24063,200041440,24,75
24064,200041572,24,75
24066,242401024,24,75
24067,200041168,24,75
24068,200034833,24,75
24069,200041572,24,75
24070,200071819,24,75
24071,200071819,24,75
24073,200034833,24,75
24074,200040830,24,75
24075,200041440,24,75
24076,200041168,24,75
24077,200069094,24,75
24080,200034833,24,75
24081,200040830,24,75
24082,200040830,24,75
24083,200034197,24,75
24084,200041051,24,75
24085,200041150,24,75
24086,200041440,24,75
24087,200041051,24,75
24088,200034833,24,75
24090,200040400,24,75
24091,200041440,24,75
24094,200040392,24,75
24095,242400752,24,75
24096,200041572,24,75
24097,200040400,24,75
24098,200040392,24,75
24100,200071819,24,75
24101,200071819,24,75
24102,200040392,24,75
24104,200040095,24,75
24105,200040400,24,75
24106,200041168,24,75
24107,200041572,24,75
24108,200040392,24,75
24109,200040400,24,75
24110,200040400,24,75
24111,200041572,24,75
24113,200041150,24,75
24114,200040400,24,75
24115,200040392,24,75
24116,200041150,24,75
24117,200041150,24,75
24119,200040400,24,75
24120,242401024,24,75
24121,200041150,24,75
24122,200041051,24,75
24123,200069094,24,75
24124,242401024,24,75
24126,200070647,24,75
24128,200040400,24,75
24129,200041572,24,75
24130,200041150,24,75
24131,200071819,24,75
24132,200040889,24,75
24133,242400752,24,75
24134,242400752,24,75
24135,200040392,24,75
24136,200041150,24,75
24137,242401024,24,75
24138,200040392,24,75
24139,200040392,24,75
24140,200070647,24,75
24141,200040400,24,75
24142,200041051,24,75
24143,200034833,24,75
24144,200040400,24,75
24145,200070647,24,75
24146,200040392,24,75
24147,242401024,24,75
24148,200070647,24,75
24150,200041440,24,75
24151,200041051,24,75
24152,200041440,24,75
24153,200041150,24,75
24154,200040400,24,75
24155,200069094,24,75
24156,200040392,24,75
24157,200040095,24,75
24158,242401024,24,75
24159,200040384,24,75
24160,200040392,24,75
24161,200069094,24,75
24162,200040392,24,75
24163,200071819,24,75
24164,242401024,24,75
24165,200040384,24,75
24167,200040889,24,75
24168,200040889,24,75
24171,242400752,24,75
24172,200041168,24,75
24174,200041168,24,75
24175,200041168,24,75
24176,200040889,24,75
24177,200040889,24,75
24179,200041150,24,75
24180,242400752,24,75
24182,200070647,24,75
24183,200041168,24,75
24184,200041440,24,75
24186,200040889,24,75
24188,200041150,24,75
24189,200034197,24,75
24190,200040392,24,75
24191,200070647,24,75
24192,200041150,24,75
24193,200070647,24,75
24194,200070647,24,75
24195,200034833,24,75
24196,242401024,24,75
24197,200070647,24,75
24199,200040400,24,75
24200,200040400,24,75
24202,200041150,24,75
24205,200040095,24,75
24206,200041051,24,75
24207,200041440,24,75
24208,200040392,24,75
24209,200071819,24,75
24210,200041150,24,75
24211,200069094,24,75
24212,200040889,24,75
24213,200040095,24,75
24214,200071819,24,75
24215,200040830,24,75
24216,200040400,24,75
24217,200041168,24,75
24218,242400752,24,75
24220,200040392,24,75
24221,200041572,24,75
24222,200070647,24,75
24223,200034833,24,75
24224,200070647,24,75
24225,200070647,24,75
24226,200034197,24,75
24227,242401024,24,75
24228,200034833,24,75
24229,200041150,24,75
24230,200041051,24,75
24231,200034833,24,75
24232,200041440,24,75
24234,200069094,24,75
24236,200040095,24,75
24237,200070647,24,75
24238,242400752,24,75
24240,200041168,24,75
24241,200041150,24,75
24242,200034833,24,75
24243,200040400,24,75
24244,200034833,24,75
24245,200041440,24,75
24246,200070647,24,75
24247,200040400,24,75
24248,200071819,24,75
24251,200040392,24,75
24252,200027217,24,75
24253,200041572,24,75
24254,200041051,24,75
24255,200027217,24,75
24256,200040392,24,75
24257,200034833,24,75
24259,200069094,24,75
24260,200034833,24,75
24261,200041168,24,75
24262,242401024,24,75
24263,200041440,24,75
24264,200040384,24,75
24266,200040392,24,75
24267,200070647,24,75
24268,200041051,24,75
24269,242400752,24,75
24271,200071819,24,75
24272,200034197,24,75
24273,200034833,24,75
24274,200070647,24,75
24276,200070647,24,75
24277,200070647,24,75
24278,200040889,24,75
24279,200040889,24,75
24280,200034833,24,75
24281,200034833,24,75
24282,200040889,24,75
24284,200041150,24,75
24285,200069094,24,75
24286,200040400,24,75
24287,200040889,24,75
24288,200034197,24,75
24289,200034197,24,75
24290,200034833,24,75
24291,200041168,24,75
24292,200034197,24,75
24293,200041051,24,75
24294,200040384,24,75
24295,200040095,24,75
24296,200070647,24,75
24297,200040384,24,75
24299,200069094,24,75
24300,200041440,24,75
24301,200040830,24,75
24302,200041150,24,75
24303,200040400,24,75
24304,242400752,24,75
24305,242400752,24,75
24306,200034197,24,75
24307,200034833,24,75
24308,242400752,24,75
24309,200040095,24,75
24311,200071819,24,75
24312,200040392,24,75
24313,200041440,24,75
24316,242400935,24,75
24317,200040830,24,75
24318,200040392,24,75
24319,200040400,24,75
24320,242401024,24,75
24321,200041150,24,75
24322,200040392,24,75
24323,200040400,24,75
24324,200041150,24,75
24325,200040830,24,75
24326,200041168,24,75
24327,200034833,24,75
24328,200071819,24,75
24329,200040384,24,75
24330,200041168,24,75
24331,200070647,24,75
24334,200034833,24,75
24335,243301371,24,75
24336,200040830,24,75
24337,200041440,24,75
24338,200034833,24,75
24339,242401024,24,75
24340,200070647,24,75
24341,200027217,24,75
24345,200070647,24,75
24346,200041572,24,75
24347,200034833,24,75
24348,200040889,24,75
24349,200070647,24,75
24350,200040392,24,75
24351,200070647,24,75
24352,200040400,24,75
24353,200041572,24,75
24354,242400935,24,75
24355,200027217,24,75
24356,200041168,24,75
24357,200070647,24,75
24359,200040889,24,75
24360,200041051,24,75
24361,200034833,24,75
24362,200040392,24,75
24364,200041168,24,75
24365,200040392,24,75
24366,200027217,24,75
24367,200040400,24,75
24370,200034197,24,75
24371,200040095,24,75
24372,200040095,24,75
24373,200040889,24,75
24374,200040889,24,75
24375,200041440,24,75
24376,242400935,24,75
24377,200041168,24,75
24378,200034833,24,75
24379,200034833,24,75
24380,200040384,24,75
24381,200071819,24,75
24382,200034833,24,75
24383,200040889,24,75
24384,200034833,24,75
24385,200040889,24,75
24386,200041440,24,75
24388,200041168,24,75
24390,200040392,24,75
24392,200040830,24,75
24393,200034833,24,75
24394,200041572,24,75
24395,200041440,24,75
24396,200041051,24,75
24397,242401024,24,75
24398,200071819,24,75
24399,200069094,24,75
24401,200041150,24,75
24403,200041572,24,75
24404,200041168,24,75
24405,200034833,24,75
24406,200041051,24,75
24407,200034833,24,75
24408,242400752,24,75
24409,200069094,24,75
24410,200071819,24,75
24411,200071819,24,75
24412,200040830,24,75
24413,200070647,24,75
24414,200069094,24,75
24415,200034197,24,75
24416,200041051,24,75
24417,242401024,24,75
24418,200040095,24,75
24419,200070647,24,75
24420,200070647,24,75
24421,200040392,24,75
24422,200069094,24,75
24423,200040889,24,75
24424,200040095,24,75
24425,242400752,24,75
24426,200069094,24,75
24428,242400752,24,75
24429,242401024,24,75
24432,200040830,24,75
24434,200040400,24,75
24436,200069094,24,75
24437,200070647,24,75
24438,200041440,24,75
24441,200040889,24,75
24442,200040095,24,75
24443,200041168,24,75
24444,200069094,24,75
24445,200034833,24,75
24446,200034833,24,75
24448,242401024,24,75
24449,200040384,24,75
24450,200041440,24,75
24451,200071819,24,75
24452,200040400,24,75
24453,242400752,24,75
24454,200034197,24,75
24455,200040400,24,75
24456,200069094,24,75
24457,200069094,24,75
24458,200071819,24,75
24459,200040392,24,75
24460,200040400,24,75
24461,200034197,24,75
24462,200069094,24,75
24463,242401024,24,75
24464,242401024,24,75
24465,200069094,24,75
24466,243301454,24,75
24468,200040392,24,75
24470,200040830,24,75
24471,200027217,24,75
24472,200070647,24,75
24473,200041150,24,75
24474,200041572,24,75
24476,242401024,24,75
24477,200040400,24,75
24478,200041051,24,75
24479,200071819,24,75
24480,200040392,24,75
24481,242400752,24,75
24482,200040400,24,75
24483,200040889,24,75
24484,200040392,24,75
24485,242400752,24,75
24486,242400752,24,75
24487,200070647,24,75
24488,200041440,24,75
24489,242400752,24,75
24490,242400935,24,75
24491,200041150,24,75
24492,200040889,24,75
24493,242401024,24,75
24494,200034197,24,75
24495,200034833,24,75
24496,242400752,24,75
24498,200071819,24,75
24499,200070647,24,75
24500,200040384,24,75
24501,200034197,24,75
24502,200040095,24,75
24504,200040400,24,75
24505,242401024,24,75
24507,200041150,24,75
24508,200040400,24,75
24509,200040400,24,75
24510,200027217,24,75
24511,242400935,24,75
24512,200027217,24,75
24513,242401024,24,75
24514,200034197,24,75
24515,242401024,24,75
24516,200040830,24,75
24517,200041051,24,75
24518,200040392,24,75
24519,242401024,24,75
24520,200027217,24,75
24521,200040392,24,75
24522,242401024,24,75
24523,200070647,24,75
24524,200041168,24,75
24525,200071819,24,75
24526,242401024,24,75
24527,200040392,24,75
24528,200071819,24,75
24529,200040400,24,75
24531,200041168,24,75
24532,200040889,24,75
24533,242400935,24,75
24534,200070647,24,75
24535,200040830,24,75
24536,200040889,24,75
24537,200040400,24,75
24538,200041051,24,75
24540,200040392,24,75
24541,200071819,24,75
24542,200034833,24,75
24543,200040095,24,75
24544,200027217,24,75
24545,200041150,24,75
24546,200041150,24,75
24547,200041150,24,75
24548,200071819,24,75
24549,200070647,24,75
24550,200041150,24,75
24551,242400752,24,75
24552,200041168,24,75
24553,200040400,24,75
24554,200040400,24,75
24555,200041150,24,75
24557,200040392,24,75
24558,200034833,24,75
24559,200041168,24,75
24560,200034833,24,75
24562,200040095,24,75
24563,200041168,24,75
24564,200040400,24,75
24565,200071819,24,75
24566,200034833,24,75
24567,242400752,24,75
24568,200034197,24,75
24569,200040400,24,75
24570,200034833,24,75
24571,200040392,24,75
24572,200034833,24,75
24573,200040400,24,75
24574,200040830,24,75
24575,200041440,24,75
24576,200040392,24,75
24577,200027217,24,75
24580,200041150,24,75
24581,200069094,24,75
24582,200041572,24,75
24584,200034197,24,75
24585,200041440,24,75
24586,200040400,24,75
24587,200027217,24,75
25001,200068070,25,27
25002,200068070,25,27
25003,200068294,25,27
25004,200065647,25,27
25005,200068294,25,27
25006,242504447,25,27
25007,242504181,25,27
25008,247000722,25,27
25009,242504447,25,27
25011,200065647,25,27
25012,242500320,25,27
25013,200065647,25,27
25014,242500361,25,27
25015,200068070,25,27
25016,200068070,25,27
25017,200068070,25,27
25018,200068294,25,27
25019,200068294,25,27
25020,200065647,25,27
25021,200068070,25,27
25022,200068294,25,27
25024,242500320,25,27
25025,242500320,25,27
25026,242504488,25,27
25029,242500320,25,27
25030,242500361,25,27
25031,200065647,25,27
25032,242504447,25,27
25033,200065647,25,27
25035,242500361,25,27
25036,242500361,25,27
25038,200068294,25,27
25039,242504181,25,27
25040,200065647,25,27
25041,242504496,25,27
25042,242504355,25,27
25043,200065647,25,27
25044,200068070,25,27
25045,242504447,25,27
25046,200023075,25,27
25047,242504447,25,27
25048,200065647,25,27
25049,200023075,25,27
25050,242504116,25,27
25051,242504371,25,27
25052,242504181,25,27
25053,242504371,25,27
25054,200065647,25,27
25055,200041887,25,27
25056,242500361,25,27
25057,200065647,25,27
25058,242500361,25,27
25059,200065647,25,27
25060,242504488,25,27
25061,200023075,25,27
25062,242504355,25,27
25063,200065647,25,27
25065,242504447,25,27
25066,200068294,25,27
25067,200068294,25,27
25070,200068070,25,27
25071,200065647,25,27
25072,247000714,25,27
25073,242500361,25,27
25074,242504355,25,27
25075,242504496,25,27
25077,242504355,25,27
25078,242504181,25,27
25079,242504496,25,27
25082,200065647,25,27
25083,200068294,25,27
25084,242500361,25,27
25085,242504496,25,27
25086,242500361,25,27
25087,200068294,25,27
25088,242504447,25,27
25089,242504181,25,27
25090,200068070,25,27
25091,200023075,25,27
25092,242504447,25,27
25093,200065647,25,27
25094,242504447,25,27
25095,242504371,25,27
25096,200069565,25,27
25097,200065647,25,27
25098,200068070,25,27
25099,242500320,25,27
25100,242504496,25,27
25101,200041887,25,27
25102,200023075,25,27
25103,242500361,25,27
25104,200068070,25,27
25105,242500361,25,27
25106,200068070,25,27
25107,242504447,25,27
25108,200023075,25,27
25109,200068070,25,27
25110,242500338,25,27
25111,242500361,25,27
25112,242500361,25,27
25113,242504371,25,27
25114,200023075,25,27
25115,242500361,25,27
25116,242504447,25,27
25117,242500361,25,27
25119,242500361,25,27
25120,200068070,25,27
25121,200069565,25,27
25122,242504488,25,27
25124,200023075,25,27
25125,242504371,25,27
25126,200068070,25,27
25127,200023075,25,27
25129,200068070,25,27
25130,200068070,25,27
25131,200069565,25,27
25132,242504447,25,27
25133,242500361,25,27
25136,242500361,25,27
25138,200023075,25,27
25139,242500320,25,27
25141,242504181,25,27
25142,200069565,25,27
25143,200068070,25,27
25145,242504371,25,27
25147,242500361,25,27
25148,242504355,25,27
25149,200068070,25,27
25150,200041887,25,27
25151,242504181,25,27
25152,242500361,25,27
25153,242500361,25,27
25154,200068070,25,27
25155,200068070,25,27
25156,200068294,25,27
25157,242500338,25,27
25159,200065647,25,27
25160,242504116,25,27
25161,242504181,25,27
25162,200041887,25,27
25163,242504447,25,27
25164,200041887,25,27
25166,242504447,25,27
25170,200065647,25,27
25171,200068070,25,27
25172,200041887,25,27
25173,200023075,25,27
25174,200023075,25,27
25175,242504181,25,27
25176,242504496,25,27
25177,242504371,25,27
25178,242504371,25,27
25179,200069565,25,27
25180,200068070,25,27
25181,200068294,25,27
25182,200068294,25,27
25183,242504447,25,27
25184,200068294,25,27
25185,200068070,25,27
25186,242500361,25,27
25187,200065647,25,27
25188,200065647,25,27
25189,242504447,25,27
25190,200065647,25,27
25191,200065647,25,27
25192,200065647,25,27
25193,200023075,25,27
25194,200065647,25,27
25195,242500361,25,27
25196,200065647,25,27
25197,242500361,25,27
25198,200068294,25,27
25199,200068070,25,27
25200,242500361,25,27
25201,242500338,25,27
25202,242504496,25,27
25203,242504181,25,27
25204,242500338,25,27
25207,200065647,25,27
25208,200068070,25,27
25209,200068070,25,27
25210,200065647,25,27
25211,200068070,25,27
25212,242500361,25,27
25213,200023075,25,27
25214,200065647,25,27
25215,242504447,25,27
25216,200065647,25,27
25217,200041887,25,27
25218,242504181,25,27
25219,242504181,25,27
25220,200068070,25,27
25221,242504447,25,27
25222,242504181,25,27
25223,200068070,25,27
25224,200065647,25,27
25225,200041887,25,27
25226,200068294,25,27
25227,242504181,25,27
25228,200065647,25,27
25229,242504488,25,27
25230,200065647,25,27
25231,242504181,25,27
25232,200068294,25,27
25233,242504181,25,27
25234,200023075,25,27
25235,200041887,25,27
25236,200068070,25,27
25237,200065647,25,27
25238,200023075,25,27
25239,200065647,25,27
25240,242504116,25,27
25241,200068070,25,27
25242,242504447,25,27
25243,242504181,25,27
25244,200023075,25,27
25245,242500361,25,27
25246,200068294,25,27
25247,200068294,25,27
25248,242504355,25,27
25249,242504447,25,27
25251,242504447,25,27
25252,200069565,25,27
25253,200068070,25,27
25254,200069565,25,27
25255,200023075,25,27
25256,200023075,25,27
25257,200041887,25,27
25258,242500361,25,27
25259,242504496,25,27
25261,242504371,25,27
25262,242504181,25,27
25263,200069565,25,27
25264,200068294,25,27
25265,242500361,25,27
25266,200068294,25,27
25267,242500361,25,27
25268,242504181,25,27
25269,242504447,25,27
25270,242504488,25,27
25271,242500320,25,27
25273,242504447,25,27
25274,200065647,25,27
25275,200023075,25,27
25276,200068294,25,27
25277,200068294,25,27
25278,242504181,25,27
25279,200068294,25,27
25280,200023075,25,27
25281,200065647,25,27
25283,200068070,25,27
25284,200065647,25,27
25285,242504116,25,27
25286,242504355,25,27
25287,242500361,25,27
25288,242504181,25,27
25289,242504181,25,27
25290,242504371,25,27
25293,242500338,25,27
25295,200069565,25,27
25296,242504116,25,27
25298,242504447,25,27
25299,242504447,25,27
25300,242504181,25,27
25301,242504181,25,27
25304,200065647,25,27
25305,200068070,25,27
25306,200068294,25,27
25307,200069565,25,27
25308,200069565,25,27
25309,242500338,25,27
25310,200068294,25,27
25311,200068294,25,27
25312,242504447,25,27
25313,242504447,25,27
25314,200023075,25,27
25315,200068294,25,27
25316,200065647,25,27
25317,200041887,25,27
25318,200069565,25,27
25320,200069565,25,27
25321,242504116,25,27
25322,247000722,25,27
25323,242504447,25,27
25324,242504371,25,27
25325,242504181,25,27
25326,200041887,25,27
25327,200068294,25,27
25328,242500361,25,27
25329,242504355,25,27
25330,200068070,25,27
25331,200068070,25,27
25332,200041887,25,27
25333,242504181,25,27
25334,242504488,25,27
25335,200023075,25,27
25336,200068070,25,27
25338,200068070,25,27
25339,200068070,25,27
25340,200068070,25,27
25341,242504447,25,27
25342,242504181,25,27
25343,242504181,25,27
25344,242504371,25,27
25345,200065647,25,27
25346,200068070,25,27
25348,200069565,25,27
25349,242504181,25,27
25350,200065647,25,27
25351,242504355,25,27
25354,242504447,25,27
25355,242504181,25,27
25356,200023075,25,27
25357,242500320,25,27
25359,200068070,25,27
25360,200068070,25,27
25361,200069565,25,27
25362,200069565,25,27
25364,242500361,25,27
25365,200068294,25,27
25366,200023075,25,27
25367,200065647,25,27
25368,242500361,25,27
25369,200068294,25,27
25370,200065647,25,27
25371,242500361,25,27
25372,200068294,25,27
25373,242504355,25,27
25374,200041887,25,27
25375,200068070,25,27
25376,242500361,25,27
25377,200068294,25,27
25378,200065647,25,27
25379,200068070,25,27
25380,200069565,25,27
25381,242500361,25,27
25382,242504447,25,27
25383,200041887,25,27
25384,200068294,25,27
25385,200068294,25,27
25386,200023075,25,27
25387,200023075,25,27
25388,200065647,25,27
25389,242504355,25,27
25390,242500320,25,27
25391,242504355,25,27
25392,200023075,25,27
25393,200023075,25,27
25394,200065647,25,27
25395,242500361,25,27
25397,242500361,25,27
25400,200068070,25,27
25401,242504447,25,27
25402,200023075,25,27
25403,242504116,25,27
25404,200068070,25,27
25405,200069565,25,27
25406,200068070,25,27
25408,200068294,25,27
25410,242500361,25,27
25411,242504116,25,27
25413,200069565,25,27
25414,200041887,25,27
25415,200068070,25,27
25416,200068070,25,27
25417,242504181,25,27
25418,242500361,25,27
25419,200068294,25,27
25420,200068070,25,27
25421,242504355,25,27
25422,200065647,25,27
25424,242504181,25,27
25425,242504355,25,27
25426,200065647,25,27
25427,242500361,25,27
25428,200065647,25,27
25429,242500361,25,27
25430,242504447,25,27
25431,200068294,25,27
25432,242504181,25,27
25433,200023075,25,27
25434,200068070,25,27
25435,242504181,25,27
25436,242504371,25,27
25437,242504447,25,27
25438,242500361,25,27
25439,242504447,25,27
25440,242500320,25,27
25441,242504181,25,27
25442,200069565,25,27
25443,200068070,25,27
25444,242500361,25,27
25445,200068070,25,27
25446,242504447,25,27
25447,242504181,25,27
25448,242500361,25,27
25449,242504371,25,27
25450,200068070,25,27
25451,200069565,25,27
25452,200065647,25,27
25453,242504181,25,27
25454,242500361,25,27
25455,200041887,25,27
25456,242504355,25,27
25457,242504181,25,27
25458,200023075,25,27
25459,200069565,25,27
25460,200068070,25,27
25461,200068294,25,27
25462,242500338,25,27
25463,200065647,25,27
25464,200069565,25,27
25465,242504447,25,27
25466,242500361,25,27
25467,242500361,25,27
25468,242504447,25,27
25469,200065647,25,27
25470,200068294,25,27
25471,242504371,25,27
25472,200068294,25,27
25473,242500361,25,27
25474,242504447,25,27
25475,200068070,25,27
25476,242504371,25,27
25477,242500361,25,27
25478,242504371,25,27
25479,200068294,25,27
25481,200065647,25,27
25482,200041887,25,27
25483,200069565,25,27
25485,200065647,25,27
25486,200069565,25,27
25487,242500320,25,27
25488,200068070,25,27
25489,200068070,25,27
25490,242504447,25,27
25491,242504447,25,27
25492,242504447,25,27
25493,242504496,25,27
25494,200069565,25,27
25495,242500361,25,27
25496,200068294,25,27
25497,200065647,25,27
25498,200068294,25,27
25499,200068294,25,27
25500,200068070,25,27
25501,200069565,25,27
25502,242500361,25,27
25503,242504371,25,27
25504,200023075,25,27
25505,200068294,25,27
25506,242504447,25,27
25507,200068070,25,27
25508,242504447,25,27
25510,200041887,25,27
25511,200068070,25,27
25512,242504355,25,27
25513,200068070,25,27
25514,200069565,25,27
25515,242500338,25,27
25516,200068294,25,27
25517,242500320,25,27
25518,242504447,25,27
25519,200023075,25,27
25520,242504447,25,27
25521,200065647,25,27
25522,242504355,25,27
25523,200065647,25,27
25524,200065647,25,27
25525,200069565,25,27
25526,200065647,25,27
25527,242500361,25,27
25528,200068070,25,27
25529,242504371,25,27
25532,242500361,25,27
25534,200069565,25,27
25535,200068070,25,27
25536,200041887,25,27
25537,200068070,25,27
25538,242504447,25,27
25539,200065647,25,27
25540,200065647,25,27
25541,242504488,25,27
25542,242500361,25,27
25544,242504371,25,27
25545,200068070,25,27
25546,242504447,25,27
25547,200065647,25,27
25548,200065647,25,27
25550,242504181,25,27
25551,200023075,25,27
25552,200068294,25,27
25553,200068294,25,27
25554,242504371,25,27
25555,200065647,25,27
25556,200068294,25,27
25557,242500361,25,27
25558,200068070,25,27
25559,200023075,25,27
25560,242500361,25,27
25561,242500361,25,27
25562,200065647,25,27
25563,242504447,25,27
25564,242500361,25,27
25565,200069565,25,27
25566,242504447,25,27
25567,200068294,25,27
25569,200068070,25,27
25570,247000714,25,27
25571,200023075,25,27
25572,200068294,25,27
25573,200023075,25,27
25574,200068294,25,27
25575,242500361,25,27
25578,242504181,25,27
25579,242504447,25,27
25580,200065647,25,27
25582,242504447,25,27
25583,242504371,25,27
25584,200023075,25,27
25586,200065647,25,27
25588,200023075,25,27
25589,200023075,25,27
25590,242504371,25,27
25591,200023075,25,27
25592,242504496,25,27
25594,242500361,25,27
25595,242504371,25,27
25596,242504181,25,27
25597,242504371,25,27
25598,242500361,25,27
25599,242504447,25,27
25600,242504181,25,27
25601,242504181,25,27
25602,242504447,25,27
25604,242504447,25,27
25605,242504181,25,27
25607,242504371,25,27
25608,247000722,25,27
25609,242500338,25,27
25611,242500361,25,27
25612,242500361,25,27
25613,200068294,25,27
25614,200065647,25,27
25615,200065647,25,27
25616,242500361,25,27
25617,200065647,25,27
25618,200065647,25,27
25619,200069565,25,27
25621,242504488,25,27
25622,200041887,25,27
25623,242504181,25,27
25624,242504447,25,27
25625,242504181,25,27
25626,242504447,25,27
25627,242504488,25,27
25629,242504447,25,27
25630,242504181,25,27
25631,242500361,25,27
25632,200065647,25,27
25633,200068070,25,27
25634,242500338,25,27
25635,242504371,25,27
26001,242600534,26,84
26002,200040491,26,84
26003,242600492,26,84
26004,200068781,26,84
26005,200040459,26,84
26006,242600252,26,84
26007,242600252,26,84
26008,200040459,26,84
26009,200040491,26,84
26010,200040491,26,84
26011,200040509,26,84
26012,242600534,26,84
26013,200068229,26,84
26014,200073096,26,84
26015,200040509,26,84
26016,200068229,26,84
26017,242600534,26,84
26018,200068229,26,84
26019,200040509,26,84
26020,242600252,26,84
26021,242600252,26,84
26022,200068229,26,84
26023,200068781,26,84
26024,200068781,26,84
26025,242600534,26,84
26026,200068229,26,84
26027,242600534,26,84
26028,200073096,26,84
26030,242600534,26,84
26031,200040459,26,84
26032,200068781,26,84
26033,200042901,26,84
26034,200068781,26,84
26035,242600252,26,84
26036,242600534,26,84
26037,200068781,26,84
26038,200073096,26,84
26039,200068781,26,84
26040,242600534,26,84
26041,200040491,26,84
26042,200068781,26,84
26043,200068229,26,84
26045,242600492,26,84
26046,200068229,26,84
26047,242600534,26,84
26048,200068229,26,84
26049,200068781,26,84
26050,200068229,26,84
26051,242600492,26,84
26052,200040459,26,84
26054,200042901,26,84
26055,242600534,26,84
26056,242600492,26,84
26057,200068781,26,84
26058,200068781,26,84
26059,200067767,26,84
26060,242600492,26,84
26061,200073096,26,84
26062,242600534,26,84
26063,200068229,26,84
26064,200068781,26,84
26065,242600252,26,84
26066,200067767,26,84
26067,242600534,26,84
26068,200068781,26,84
26069,242600534,26,84
26070,200040681,26,84
26071,200073096,26,84
26072,200073096,26,84
26073,200040681,26,84
26074,200067767,26,84
26075,200068229,26,84
26076,242600534,26,84
26077,200073096,26,84
26078,200040459,26,84
26079,200068781,26,84
26080,200040509,26,84
26081,200068781,26,84
26082,200068229,26,84
26083,200040491,26,84
26084,200068781,26,84
26085,200040459,26,84
26086,242600534,26,84
26087,200068781,26,84
26088,200068781,26,84
26089,200068229,26,84
26090,200040509,26,84
26091,200068229,26,84
26092,200073096,26,84
26093,200042901,26,84
26094,200040491,26,84
26095,200040459,26,84
26096,200068781,26,84
26097,242600252,26,84
26098,242600252,26,84
26099,200040681,26,84
26100,200068781,26,84
26101,242600492,26,84
26102,200040459,26,84
26103,200068229,26,84
26104,200068229,26,84
26105,200068229,26,84
26106,200040459,26,84
26107,200068781,26,84
26108,200040509,26,84
26110,200073096,26,84
26111,242600492,26,84
26112,200068229,26,84
26113,242600534,26,84
26114,242600492,26,84
26115,242600252,26,84
26116,200042901,26,84
26117,200067767,26,84
26118,200040491,26,84
26119,200073096,26,84
26121,200040459,26,84
26122,200040509,26,84
26123,242600534,26,84
26124,200068781,26,84
26125,242600252,26,84
26126,200068229,26,84
26127,200068229,26,84
26128,242600252,26,84
26129,200068781,26,84
26130,200068229,26,84
26131,242600492,26,84
26133,200040491,26,84
26134,242600252,26,84
26135,200035723,26,84
26136,242600534,26,84
26137,242600252,26,84
26138,200042901,26,84
26139,200068781,26,84
26140,200068781,26,84
26141,242600252,26,84
26142,242600534,26,84
26143,200040491,26,84
26144,242600252,26,84
26145,200042901,26,84
26146,200040681,26,84
26147,242600534,26,84
26148,200040491,26,84
26149,200068781,26,84
26150,200068229,26,84
26152,242600534,26,84
26153,200068765,26,84
26154,200068765,26,84
26155,200040491,26,84
26156,200073096,26,84
26157,200040459,26,84
26159,242600534,26,84
26160,200040491,26,84
26161,200068229,26,84
26162,200040491,26,84
26163,200067767,26,84
26164,242600534,26,84
26165,242600252,26,84
26166,242600252,26,84
26167,242600534,26,84
26168,242600534,26,84
26169,200042901,26,84
26170,200068781,26,84
26171,200040459,26,84
26172,200040491,26,84
26173,200068781,26,84
26174,200073096,26,84
26175,242600534,26,84
26176,200040459,26,84
26177,200073096,26,84
26178,242600534,26,84
26179,200073096,26,84
26180,200068229,26,84
26181,200068229,26,84
26182,200068229,26,84
26183,200040509,26,84
26185,242600252,26,84
26186,242600534,26,84
26188,248400335,26,84
26189,200068229,26,84
26190,200068229,26,84
26191,200040459,26,84
26192,200040681,26,84
26193,200068229,26,84
26194,200073096,26,84
26195,242600252,26,84
26196,200068781,26,84
26197,200068781,26,84
26198,200040459,26,84
26199,200068229,26,84
26200,200071033,26,84
26201,200068229,26,84
26202,242600492,26,84
26203,200040681,26,84
26204,242600534,26,84
26205,242600534,26,84
26206,200068781,26,84
26207,200068781,26,84
26208,242600252,26,84
26209,200068229,26,84
26210,200068781,26,84
26211,200040681,26,84
26212,200068781,26,84
26213,200040491,26,84
26214,242600252,26,84
26215,242600534,26,84
26216,200040491,26,84
26217,200067767,26,84
26218,200068781,26,84
26220,200068229,26,84
26221,242600252,26,84
26222,242600492,26,84
26223,200067767,26,84
26224,200068781,26,84
26225,200068781,26,84
26226,200040681,26,84
26227,200068229,26,84
26228,242600534,26,84
26229,200068229,26,84
26231,200068781,26,84
26232,200068781,26,84
26233,200068229,26,84
26234,200040509,26,84
26235,200042901,26,84
26236,200068229,26,84
26238,200068229,26,84
26239,200068229,26,84
26240,242600252,26,84
26241,242600252,26,84
26242,200068229,26,84
26243,242600492,26,84
26244,200068229,26,84
26245,200068229,26,84
26246,242600534,26,84
26247,200040491,26,84
26248,242600534,26,84
26249,242600492,26,84
26250,200073096,26,84
26251,200040459,26,84
26252,200068781,26,84
26253,242600534,26,84
26254,242600534,26,84
26255,242600534,26,84
26256,200068229,26,84
26257,200040459,26,84
26258,200040459,26,84
26259,200040491,26,84
26261,200040681,26,84
26262,242600534,26,84
26263,200068229,26,84
26264,200068229,26,84
26266,200040509,26,84
26267,200068229,26,84
26268,242600492,26,84
26269,200068229,26,84
26270,200067767,26,84
26271,200073096,26,84
26272,200040459,26,84
26273,200068781,26,84
26274,242600534,26,84
26275,200042901,26,84
26276,242600492,26,84
26277,242600252,26,84
26278,200068229,26,84
26279,200068229,26,84
26281,200068781,26,84
26282,242600534,26,84
26283,242600534,26,84
26284,200040681,26,84
26285,200040681,26,84
26286,200068229,26,84
26287,200040459,26,84
26288,200068229,26,84
26289,200040509,26,84
26290,200067767,26,84
26291,242600534,26,84
26292,200068229,26,84
26293,200040491,26,84
26294,200068781,26,84
26295,200040491,26,84
26296,200040509,26,84
26298,200068781,26,84
26299,242600534,26,84
26300,242600534,26,84
26301,200073096,26,84
26302,200067767,26,84
26303,200068229,26,84
26304,200068229,26,84
26305,200040459,26,84
26306,200068229,26,84
26307,200067767,26,84
26308,242600534,26,84
26309,200067767,26,84
26310,200068781,26,84
26311,200067767,26,84
26312,200040459,26,84
26313,200068781,26,84
26314,200040491,26,84
26315,200067767,26,84
26316,200067767,26,84
26317,200068229,26,84
26318,200068229,26,84
26319,200068781,26,84
26320,200067767,26,84
26321,242600534,26,84
26322,200040681,26,84
26323,200068781,26,84
26324,200042901,26,84
26325,200040491,26,84
26326,200042901,26,84
26327,242600534,26,84
26328,200040509,26,84
26329,200068229,26,84
26330,200040491,26,84
26331,200067767,26,84
26332,200040491,26,84
26333,200040491,26,84
26334,242600492,26,84
26335,200040681,26,84
26336,242600252,26,84
26337,200040459,26,84
26338,200040459,26,84
26339,200040459,26,84
26340,200068229,26,84
26341,200073096,26,84
26342,200042901,26,84
26343,242600492,26,84
26344,242600252,26,84
26345,200042901,26,84
26346,242600252,26,84
26347,200073096,26,84
26348,200040681,26,84
26349,200040491,26,84
26350,242600492,26,84
26351,242600492,26,84
26352,200040459,26,84
26353,200040459,26,84
26355,200068781,26,84
26356,242600492,26,84
26357,200042901,26,84
26358,200068781,26,84
26359,242600534,26,84
26360,200040681,26,84
26361,242600534,26,84
26362,200068781,26,84
26363,200068229,26,84
26364,200067767,26,84
26365,242600252,26,84
26367,200068229,26,84
26368,200040509,26,84
26369,200068229,26,84
26370,200068229,26,84
26372,200068229,26,84
26373,242600492,26,84
26374,200068765,26,84
26375,200068229,26,84
26376,200068229,26,84
26377,200068229,26,84
26378,242600534,26,84
26379,200068781,26,84
26380,200073096,26,84
26381,200068781,26,84
26382,200068781,26,84
27001,200066413,27,28
27002,200071454,27,28
27003,200089456,27,28
27004,200072312,27,28
27005,200089456,27,28
27006,200066405,27,28
27008,200089456,27,28
27009,200066462,27,28
27010,200071843,27,28
27011,200066405,27,28
27012,200070142,27,28
27013,200089456,27,28
27014,200089456,27,28
27015,200089456,27,28
27016,200072312,27,28
27017,200071454,27,28
27018,200065787,27,28
27019,200066462,27,28
27020,200071454,27,28
27021,200066017,27,28
27022,200089456,27,28
27023,242700276,27,28
27025,200089456,27,28
27026,200071843,27,28
27027,200071454,27,28
27028,200065787,27,28
27031,200071454,27,28
27032,200066462,27,28
27033,242700607,27,28
27034,200070142,27,28
27035,200066017,27,28
27036,200066462,27,28
27037,200066413,27,28
27038,200066462,27,28
27039,200066405,27,28
27040,200066413,27,28
27042,200066017,27,28
27043,200066462,27,28
27044,200071454,27,28
27045,200071843,27,28
27046,200066017,27,28
27047,242700276,27,28
27048,200070142,27,28
27049,200066413,27,28
27050,200066413,27,28
27051,200066413,27,28
27052,200066413,27,28
27053,200089456,27,28
27054,200066462,27,28
27055,242700607,27,28
27056,200066413,27,28
27057,242700607,27,28
27059,200071843,27,28
27061,200066413,27,28
27062,200066405,27,28
27063,200066413,27,28
27064,200066827,27,28
27065,200066827,27,28
27066,200071843,27,28
27067,200071843,27,28
27068,200066462,27,28
27069,200066462,27,28
27070,200072312,27,28
27071,200066017,27,28
27072,200072312,27,28
27073,200071454,27,28
27074,200066413,27,28
27075,200066462,27,28
27076,200072312,27,28
27077,200066405,27,28
27078,200072312,27,28
27079,200066017,27,28
27081,200071454,27,28
27082,242700276,27,28
27083,200065787,27,28
27085,200066405,27,28
27089,200066405,27,28
27090,200066405,27,28
27091,200066405,27,28
27094,200070142,27,28
27095,200066413,27,28
27096,200066462,27,28
27097,200072312,27,28
27098,200069730,27,28
27099,200071454,27,28
27100,200066827,27,28
27101,200065787,27,28
27102,200066405,27,28
27103,200066405,27,28
27104,200070142,27,28
27105,200066405,27,28
27106,200066017,27,28
27107,200066405,27,28
27108,200066462,27,28
27109,200066413,27,28
27110,200065787,27,28
27111,200071454,27,28
27112,200066462,27,28
27113,200066413,27,28
27114,200072312,27,28
27115,200066462,27,28
27116,200066413,27,28
27117,200066413,27,28
27118,242700607,27,28
27119,200072312,27,28
27120,242700276,27,28
27123,200072312,27,28
27124,200089456,27,28
27125,200066413,27,28
27126,200065787,27,28
27127,242700607,27,28
27129,200066413,27,28
27130,200066413,27,28
27132,200071454,27,28
27133,200066405,27,28
27134,200066405,27,28
27135,242700607,27,28
27136,200072312,27,28
27137,200066462,27,28
27138,200066413,27,28
27139,200066462,27,28
27140,200072312,27,28
27141,242700276,27,28
27142,200089456,27,28
27144,200071454,27,28
27146,200066017,27,28
27147,200071454,27,28
27148,200066413,27,28
27149,200066017,27,28
27151,200070142,27,28
27152,200071843,27,28
27153,200071843,27,28
27154,200071454,27,28
27155,200066462,27,28
27156,200066462,27,28
27157,200066462,27,28
27158,200071454,27,28
27161,242700276,27,28
27162,242700276,27,28
27163,200065787,27,28
27164,200066413,27,28
27165,242700276,27,28
27167,200065787,27,28
27168,200089456,27,28
27169,200066827,27,28
27170,200066017,27,28
27171,200072312,27,28
27173,200066413,27,28
27174,200065787,27,28
27176,200071843,27,28
27177,200071454,27,28
27179,200066413,27,28
27180,200089456,27,28
27181,200071454,27,28
27182,200066462,27,28
27183,200071454,27,28
27184,200089456,27,28
27185,242700607,27,28
27187,242700607,27,28
27188,200089456,27,28
27189,242700276,27,28
27190,200072312,27,28
27191,200089456,27,28
27192,242700607,27,28
27193,200071454,27,28
27194,200072312,27,28
27196,200089456,27,28
27198,200066462,27,28
27199,200071843,27,28
27200,200071454,27,28
27201,242700607,27,28
27202,200072312,27,28
27203,200072312,27,28
27204,200071843,27,28
27205,200070142,27,28
27206,200071454,27,28
27207,200066017,27,28
27208,200066017,27,28
27209,200065787,27,28
27210,200066413,27,28
27212,242700607,27,28
27213,200072312,27,28
27214,200072312,27,28
27215,242700607,27,28
27216,200071454,27,28
27217,242700607,27,28
27218,200066017,27,28
27219,242700607,27,28
27220,200071454,27,28
27222,200066017,27,28
27224,242700607,27,28
27226,200071843,27,28
27227,200066405,27,28
27228,200066405,27,28
27229,200071454,27,28
27230,200040277,27,28
27231,200072312,27,28
27232,200071843,27,28
27233,200066827,27,28
27234,200071454,27,28
27235,242700276,27,28
27237,200066017,27,28
27238,242700276,27,28
27239,200066413,27,28
27240,242700276,27,28
27241,242700607,27,28
27242,242700276,27,28
27243,200066827,27,28
27245,200070142,27,28
27246,200070142,27,28
27247,200070142,27,28
27248,200066017,27,28
27249,200089456,27,28
27251,200066413,27,28
27252,200066017,27,28
27254,200071454,27,28
27256,200071454,27,28
27258,200066017,27,28
27259,200071454,27,28
27260,200066827,27,28
27261,242700607,27,28
27263,200065787,27,28
27266,200066413,27,28
27267,200065787,27,28
27269,200066017,27,28
27271,200071454,27,28
27273,200072312,27,28
27275,200089456,27,28
27276,200071843,27,28
27277,200071454,27,28
27278,200071454,27,28
27279,200072312,27,28
27280,200071454,27,28
27281,242700276,27,28
27282,200071454,27,28
27284,200071843,27,28
27285,200072312,27,28
27286,200066017,27,28
27287,242700276,27,28
27288,200065787,27,28
27289,200066413,27,28
27290,200066413,27,28
27291,200066462,27,28
27294,200070142,27,28
27295,200066413,27,28
27298,242700607,27,28
27299,200071454,27,28
27300,200066413,27,28
27301,200071454,27,28
27302,242700607,27,28
27304,200071843,27,28
27306,200071454,27,28
27307,200072312,27,28
27309,200071454,27,28
27310,200071843,27,28
27311,200066413,27,28
27312,200072312,27,28
27313,200089456,27,28
27315,200072312,27,28
27316,200066405,27,28
27317,200066405,27,28
27318,200066413,27,28
27319,200066405,27,28
27320,242700607,27,28
27321,200089456,27,28
27322,200089456,27,28
27323,200066462,27,28
27324,200071843,27,28
27325,200066413,27,28
27326,200072312,27,28
27327,242700607,27,28
27329,200072312,27,28
27330,200089456,27,28
27331,200072312,27,28
27332,200089456,27,28
27333,200071843,27,28
27334,200066017,27,28
27335,200089456,27,28
27336,200072312,27,28
27337,200072312,27,28
27338,200070142,27,28
27339,242700607,27,28
27340,200066405,27,28
27341,200066462,27,28
27342,242700607,27,28
27343,200072312,27,28
27345,200066413,27,28
27346,200070142,27,28
27347,200071454,27,28
27348,200089456,27,28
27349,200065787,27,28
27350,200071454,27,28
27351,200089456,27,28
27353,200071454,27,28
27354,242700607,27,28
27355,200040277,27,28
27358,200071454,27,28
27359,200066462,27,28
27360,200071454,27,28
27361,200066017,27,28
27363,200066405,27,28
27364,200066413,27,28
27365,200089456,27,28
27366,200070142,27,28
27367,200066017,27,28
27368,200071454,27,28
27369,200070142,27,28
27370,200070142,27,28
27371,200066413,27,28
27372,200071843,27,28
27373,200070142,27,28
27374,242700276,27,28
27375,200089456,27,28
27376,200040277,27,28
27377,200070142,27,28
27378,200040277,27,28
27379,200071843,27,28
27380,200066413,27,28
27381,200066017,27,28
27382,200089456,27,28
27383,200066462,27,28
27384,200066827,27,28
27385,200065787,27,28
27386,200089456,27,28
27388,200065787,27,28
27389,242700607,27,28
27390,200071454,27,28
27391,200071454,27,28
27392,200071843,27,28
27393,200066017,27,28
27394,200089456,27,28
27395,200066413,27,28
27396,200070142,27,28
27397,200072312,27,28
27398,200066413,27,28
27399,200072312,27,28
27400,200072312,27,28
27401,200071454,27,28
27403,200089456,27,28
27404,200066413,27,28
27405,200071843,27,28
27406,200071454,27,28
27407,200072312,27,28
27408,200072312,27,28
27410,200071454,27,28
27411,200071454,27,28
27412,200089456,27,28
27413,200065787,27,28
27414,200066413,27,28
27415,200066017,27,28
27417,200071843,27,28
27418,200066413,27,28
27419,200071454,27,28
27420,200071843,27,28
27421,200071454,27,28
27422,200072312,27,28
27423,200071454,27,28
27424,242700276,27,28
27425,200066413,27,28
27426,200071843,27,28
27427,200066462,27,28
27428,242700607,27,28
27429,200072312,27,28
27430,200071843,27,28
27431,200066462,27,28
27432,200066413,27,28
27433,200066413,27,28
27434,200066017,27,28
27435,200066017,27,28
27436,242700276,27,28
27437,200071843,27,28
27438,200040277,27,28
27439,200071454,27,28
27440,200072312,27,28
27441,200066413,27,28
27442,200066413,27,28
27444,200066413,27,28
27445,200071843,27,28
27446,242700276,27,28
27447,242700276,27,28
27448,200072312,27,28
27451,200071454,27,28
27453,200070142,27,28
27454,200070142,27,28
27455,200066017,27,28
27456,200089456,27,28
27457,200066462,27,28
27458,200089456,27,28
27459,200066017,27,28
27460,200066413,27,28
27462,200066017,27,28
27463,200066413,27,28
27464,200071454,27,28
27465,200072312,27,28
27466,200066413,27,28
27467,200065787,27,28
27468,200065787,27,28
27469,200089456,27,28
27470,200070142,27,28
27471,200089456,27,28
27472,242700276,27,28
27473,200072312,27,28
27474,200089456,27,28
27475,200066017,27,28
27476,200065787,27,28
27477,200072312,27,28
27478,200071454,27,28
27480,200071843,27,28
27481,200066462,27,28
27482,242700607,27,28
27483,200089456,27,28
27485,200065787,27,28
27486,242700607,27,28
27487,200070142,27,28
27488,200070142,27,28
27489,200071454,27,28
27490,200071843,27,28
27492,200066413,27,28
27493,200070142,27,28
27495,200072312,27,28
27496,200070142,27,28
27497,200065787,27,28
27498,200066413,27,28
27500,200065787,27,28
27501,200072312,27,28
27502,200066462,27,28
27504,200071454,27,28
27505,200066413,27,28
27507,200071454,27,28
27508,200066462,27,28
27511,242700607,27,28
27512,200066017,27,28
27514,200066413,27,28
27516,200066413,27,28
27517,200089456,27,28
27518,200066405,27,28
27520,200066017,27,28
27521,200066462,27,28
27522,200066017,27,28
27524,242700607,27,28
27525,200072312,27,28
27527,200066413,27,28
27528,200089456,27,28
27529,200089456,27,28
27530,200066413,27,28
27531,200066405,27,28
27533,200071843,27,28
27534,200089456,27,28
27535,242700276,27,28
27536,200066413,27,28
27537,200089456,27,28
27538,200066017,27,28
27539,200089456,27,28
27540,200072312,27,28
27541,200066017,27,28
27542,200066017,27,28
27543,200040277,27,28
27544,200071454,27,28
27545,200089456,27,28
27546,200071454,27,28
27547,200066017,27,28
27548,200071454,27,28
27550,200066017,27,28
27552,200066413,27,28
27553,200089456,27,28
27554,200072312,27,28
27555,200071454,27,28
27556,200066413,27,28
27557,200066413,27,28
27558,200066405,27,28
27560,200071454,27,28
27561,200066827,27,28
27562,200072312,27,28
27563,200065787,27,28
27564,200066017,27,28
27565,200066462,27,28
27567,200071843,27,28
27568,242700276,27,28
27569,200066413,27,28
27570,200071454,27,28
27571,200066017,27,28
27572,242700607,27,28
27576,242700607,27,28
27577,200066405,27,28
27578,200066462,27,28
27579,200066405,27,28
27580,200066405,27,28
27582,200066405,27,28
27584,200066413,27,28
27586,200066405,27,28
27587,200065787,27,28
27589,200089456,27,28
27590,200066413,27,28
27591,200066017,27,28
27592,200066413,27,28
27593,200066405,27,28
27594,200066017,27,28
27595,200066405,27,28
27597,200066827,27,28
27598,200089456,27,28
27599,200089456,27,28
27601,200065787,27,28
27602,200071454,27,28
27603,200066017,27,28
27604,200066827,27,28
27605,200066017,27,28
27606,200065787,27,28
27608,200066413,27,28
27609,200066413,27,28
27610,200066462,27,28
27611,200071454,27,28
27612,200072312,27,28
27613,200066017,27,28
27614,200071843,27,28
27615,200071454,27,28
27616,200089456,27,28
27617,200071843,27,28
27618,242700276,27,28
27620,200065787,27,28
27621,200071454,27,28
27622,200066413,27,28
27623,200089456,27,28
27624,200089456,27,28
27625,200072312,27,28
27627,200066017,27,28
27629,200066017,27,28
27630,200066413,27,28
27631,200065787,27,28
27632,200071843,27,28
27633,200071843,27,28
27635,200072312,27,28
27638,200066405,27,28
27640,242700276,27,28
27641,242700607,27,28
27643,200066462,27,28
27644,200072312,27,28
27645,200066405,27,28
27646,200066017,27,28
27649,200070142,27,28
27650,242700607,27,28
27652,200071454,27,28
27654,242700607,27,28
27655,200065787,27,28
27656,200065787,27,28
27658,242700607,27,28
27659,200071454,27,28
27660,200066413,27,28
27661,200066405,27,28
27662,200065787,27,28
27663,242700607,27,28
27664,200070142,27,28
27665,200066405,27,28
27666,200089456,27,28
27667,200066413,27,28
27668,200071454,27,28
27669,200066405,27,28
27670,200070142,27,28
27671,200066017,27,28
27672,200070142,27,28
27673,200072312,27,28
27674,200072312,27,28
27676,200089456,27,28
27677,242700607,27,28
27678,200071454,27,28
27679,200066462,27,28
27680,200066413,27,28
27681,200072312,27,28
27682,200071843,27,28
27683,200072312,27,28
27684,200071454,27,28
27685,200066462,27,28
27686,200066405,27,28
27689,200072312,27,28
27690,200071843,27,28
27691,200089456,27,28
27692,242700607,27,28
27693,200066462,27,28
27694,200072312,27,28
27695,242700607,27,28
27696,200072312,27,28
27697,200089456,27,28
27698,242700607,27,28
27699,200066405,27,28
27700,200089456,27,28
27701,200089456,27,28
28001,200040277,28,24
28003,200040277,28,24
28004,200033181,28,24
28005,242852465,28,24
28006,200033181,28,24
28007,200040277,28,24
28008,200040277,28,24
28009,200070159,28,24
28010,200006971,28,24
28012,200069961,28,24
28013,200069953,28,24
28014,200040277,28,24
28015,200069953,28,24
28016,200006971,28,24
28018,200006971,28,24
28019,200070159,28,24
28021,200058360,28,24
28022,200033181,28,24
28023,200069953,28,24
28024,200033181,28,24
28026,200070159,28,24
28027,200069961,28,24
28028,200070159,28,24
28029,200070159,28,24
28030,200040277,28,24
28031,200006971,28,24
28032,200070159,28,24
28033,200070167,28,24
28034,200033181,28,24
28035,200033181,28,24
28036,200040277,28,24
28037,200040277,28,24
28038,200006971,28,24
28039,200069953,28,24
28040,200058360,28,24
28041,200058360,28,24
28045,200040277,28,24
28046,200069912,28,24
28047,200033181,28,24
28048,200033181,28,24
28049,200033181,28,24
28050,200040277,28,24
28051,242852465,28,24
28052,200033181,28,24
28053,200040277,28,24
28054,200040277,28,24
28055,200040277,28,24
28056,247800550,28,24
28057,242852465,28,24
28058,200069953,28,24
28059,200040277,28,24
28060,200033181,28,24
28061,200069961,28,24
28062,200040277,28,24
28064,200040277,28,24
28065,242852465,28,24
28067,200058360,28,24
28068,200033181,28,24
28070,200033181,28,24
28071,200070167,28,24
28072,200006971,28,24
28073,200033181,28,24
28074,200069953,28,24
28075,200069961,28,24
28076,200040277,28,24
28077,200069912,28,24
28078,200069961,28,24
28079,200006971,28,24
28080,200006971,28,24
28081,200058360,28,24
28082,200040277,28,24
28084,200033181,28,24
28085,200033181,28,24
28086,200070167,28,24
28087,200040277,28,24
28088,200069961,28,24
28089,200040277,28,24
28090,200040277,28,24
28091,200058360,28,24
28092,200069953,28,24
28094,200069953,28,24
28095,200033181,28,24
28096,200040277,28,24
28098,200040277,28,24
28099,200058360,28,24
28100,200033181,28,24
28102,200033181,28,24
28103,200069961,28,24
28104,200033181,28,24
28105,200070167,28,24
28106,200069961,28,24
28107,200033181,28,24
28108,200070159,28,24
28109,200070167,28,24
28110,200033181,28,24
28111,200006971,28,24
28113,200069953,28,24
28114,200070159,28,24
28116,200058360,28,24
28117,200040277,28,24
28118,200069953,28,24
28119,200070167,28,24
28120,200040277,28,24
28121,200070159,28,24
28122,200033181,28,24
28123,200069961,28,24
28124,200040277,28,24
28126,242852465,28,24
28127,242852465,28,24
28128,200033181,28,24
28129,200033181,28,24
28130,200069912,28,24
28132,200069961,28,24
28134,200040277,28,24
28135,200069953,28,24
28136,200040277,28,24
28137,200069953,28,24
28139,200058360,28,24
28140,200069953,28,24
28141,200033181,28,24
28142,200058360,28,24
28143,200040277,28,24
28144,200006971,28,24
28146,200069953,28,24
28147,200040277,28,24
28148,200058360,28,24
28149,200069912,28,24
28151,200040277,28,24
28153,242852465,28,24
28154,200058360,28,24
28155,200040277,28,24
28156,200070167,28,24
28157,200070159,28,24
28158,200033181,28,24
28159,200069912,28,24
28160,200033181,28,24
28161,200070167,28,24
28162,200033181,28,24
28163,200033181,28,24
28164,200070159,28,24
28166,200058360,28,24
28167,200058360,28,24
28168,200069953,28,24
28169,200070159,28,24
28170,200040277,28,24
28171,200040277,28,24
28172,200069953,28,24
28173,200033181,28,24
28175,200006971,28,24
28176,242852465,28,24
28177,200033181,28,24
28178,200040277,28,24
28180,200040277,28,24
28182,200069961,28,24
28183,200070159,28,24
28184,200070159,28,24
28185,247800550,28,24
28187,200040277,28,24
28188,200069953,28,24
28189,200070159,28,24
28190,200070159,28,24
28191,200069953,28,24
28192,200070167,28,24
28193,247800550,28,24
28194,200033181,28,24
28195,200033181,28,24
28196,200058360,28,24
28197,200070159,28,24
28198,200069961,28,24
28199,200070159,28,24
28200,200069912,28,24
28201,200033181,28,24
28202,200069912,28,24
28203,200058360,28,24
28206,200040277,28,24
28207,200069953,28,24
28208,200069953,28,24
28209,200033181,28,24
28210,200070159,28,24
28211,200069961,28,24
28212,200070159,28,24
28213,200069953,28,24
28214,200070167,28,24
28215,200070159,28,24
28216,200040277,28,24
28217,200069912,28,24
28218,200033181,28,24
28219,200006971,28,24
28220,200033181,28,24
28221,200070159,28,24
28222,200058360,28,24
28223,200040277,28,24
28225,200058360,28,24
28226,200040277,28,24
28227,200033181,28,24
28229,200033181,28,24
28230,200069953,28,24
28231,200040277,28,24
28232,200070167,28,24
28233,200069961,28,24
28234,200058360,28,24
28235,200040277,28,24
28236,200006971,28,24
28237,200070167,28,24
28239,200040277,28,24
28240,200070167,28,24
28242,200058360,28,24
28243,200070159,28,24
28245,200033181,28,24
28246,200033181,28,24
28247,200040277,28,24
28248,200069912,28,24
28249,200069953,28,24
28251,200040277,28,24
28252,200006971,28,24
28253,200033181,28,24
28254,200033181,28,24
28255,200033181,28,24
28256,200069961,28,24
28257,200069953,28,24
28259,242852465,28,24
28260,242852465,28,24
28261,200058360,28,24
28263,200066462,28,24
28264,200070167,28,24
28265,200070167,28,24
28267,200040277,28,24
28268,200069953,28,24
28269,200033181,28,24
28270,242852465,28,24
28271,200069912,28,24
28272,200058360,28,24
28273,200069961,28,24
28274,200070159,28,24
28275,200069953,28,24
28277,242852465,28,24
28278,200033181,28,24
28279,200069953,28,24
28280,200006971,28,24
28281,200033181,28,24
28282,200070167,28,24
28283,200070159,28,24
28284,200070159,28,24
28285,200033181,28,24
28286,200033181,28,24
28287,200070159,28,24
28289,200040277,28,24
28290,200058360,28,24
28291,200070159,28,24
28292,200040277,28,24
28293,200040277,28,24
28294,200070159,28,24
28296,200070159,28,24
28298,200069953,28,24
28299,200069953,28,24
28300,200070159,28,24
28301,200033181,28,24
28302,200058360,28,24
28303,200070159,28,24
28304,200070159,28,24
28305,242852465,28,24
28306,242852465,28,24
28308,200040277,28,24
28309,200033181,28,24
28310,200069912,28,24
28312,200040277,28,24
28313,200070159,28,24
28314,200069912,28,24
28315,200040277,28,24
28316,200069912,28,24
28317,200033181,28,24
28319,200070159,28,24
28321,200040277,28,24
28322,200040277,28,24
28323,200040277,28,24
28324,200058360,28,24
28325,200033181,28,24
28326,200058360,28,24
28327,200006971,28,24
28329,200069961,28,24
28330,200069961,28,24
28331,200070167,28,24
28332,200040277,28,24
28333,200058360,28,24
28334,200069961,28,24
28335,200070167,28,24
28336,200058360,28,24
28337,200033181,28,24
28339,200058360,28,24
28341,200040277,28,24
28342,200006971,28,24
28343,200069953,28,24
28344,200033181,28,24
28346,200040277,28,24
28347,247800550,28,24
28348,200040277,28,24
28349,200069953,28,24
28350,200058360,28,24
28351,200040277,28,24
28352,200069953,28,24
28353,242852465,28,24
28354,200070167,28,24
28355,200040277,28,24
28357,200069953,28,24
28358,200033181,28,24
28359,200040277,28,24
28360,200040277,28,24
28362,200070167,28,24
28363,200070159,28,24
28364,242852465,28,24
28365,200033181,28,24
28366,200033181,28,24
28367,200070159,28,24
28368,200069912,28,24
28369,200040277,28,24
28370,242852465,28,24
28371,200040277,28,24
28372,200069953,28,24
28373,200069912,28,24
28374,200040277,28,24
28375,200040277,28,24
28377,200040277,28,24
28378,200006971,28,24
28379,200069953,28,24
28380,200033181,28,24
28382,200070159,28,24
28383,200033181,28,24
28385,200058360,28,24
28386,200040277,28,24
28387,200070167,28,24
28388,200033181,28,24
28389,200069961,28,24
28390,200070159,28,24
28391,200070159,28,24
28392,200070159,28,24
28393,200040277,28,24
28394,200040277,28,24
28395,200006971,28,24
28396,242852465,28,24
28397,200033181,28,24
28398,200069961,28,24
28400,200070159,28,24
28401,200070167,28,24
28403,200033181,28,24
28404,200040277,28,24
28405,200040277,28,24
28406,200070159,28,24
28407,200006971,28,24
28408,200069953,28,24
28409,200058360,28,24
28410,200069961,28,24
28411,200070159,28,24
28414,200058360,28,24
28415,200040277,28,24
28417,200069953,28,24
28418,242852465,28,24
28419,200033181,28,24
28421,200033181,28,24
28422,200070159,28,24
28423,200069953,28,24
28424,200069961,28,24
28425,200069953,28,24
28426,200070159,28,24
29001,200066868,29,53
29002,242900694,29,53
29003,242900629,29,53
29004,242900694,29,53
29005,242900694,29,53
29006,242900660,29,53
29007,200067197,29,53
29008,242900629,29,53
29010,242900751,29,53
29011,242900314,29,53
29012,200067197,29,53
29013,200067197,29,53
29014,242900835,29,53
29015,242900553,29,53
29016,200067197,29,53
29017,242900074,29,53
29018,200067197,29,53
29019,242900314,29,53
29020,200068120,29,53
29021,242900793,29,53
29022,200066868,29,53
29023,242900835,29,53
29024,242900744,29,53
29025,200067247,29,53
29026,200067247,29,53
29027,242900561,29,53
29028,242900629,29,53
29029,242900744,29,53
29030,200067072,29,53
29031,242900694,29,53
29032,242900660,29,53
29033,200067247,29,53
29034,242900835,29,53
29035,242900553,29,53
29036,242900561,29,53
29037,242900702,29,53
29038,242900751,29,53
29039,242900769,29,53
29040,242900074,29,53
29041,242900561,29,53
29042,200066868,29,53
29043,242900801,29,53
29044,200067247,29,53
29045,242900801,29,53
29046,242900645,29,53
29047,242900553,29,53
29048,200068120,29,53
29049,242900769,29,53
29051,200068120,29,53
29053,200066868,29,53
29054,200067197,29,53
29055,242900793,29,53
29056,242900801,29,53
29057,242900660,29,53
29058,242900660,29,53
29059,242900835,29,53
29060,242900660,29,53
29061,242900314,29,53
29062,200067247,29,53
29063,242900629,29,53
29064,242900793,29,53
29065,242900710,29,53
29066,200068120,29,53
29067,242900835,29,53
29068,242900751,29,53
29069,242900314,29,53
29070,242900710,29,53
29071,242900694,29,53
29072,242900702,29,53
29073,242900835,29,53
29074,242900751,29,53
29075,242900314,29,53
29076,242900074,29,53
29077,242900793,29,53
29078,242900801,29,53
29079,242900835,29,53
29080,242900801,29,53
29081,200067197,29,53
29082,200067072,29,53
29083,,29,53
29084,242900074,29,53
29085,242900702,29,53
29086,242900801,29,53
29087,242900645,29,53
29089,242900744,29,53
29090,242900645,29,53
29091,242900793,29,53
29093,242900793,29,53
29094,242900793,29,53
29095,242900553,29,53
29097,242900751,29,53
29098,242900074,29,53
29099,242900074,29,53
29100,242900793,29,53
29101,242900553,29,53
29102,242900561,29,53
29103,242900801,29,53
29104,200066868,29,53
29105,242900751,29,53
29106,200068120,29,53
29107,200068120,29,53
29108,242900710,29,53
29109,242900074,29,53
29110,200068120,29,53
29111,200067072,29,53
29112,242900074,29,53
29113,242900835,29,53
29114,242900835,29,53
29115,200067247,29,53
29116,242900801,29,53
29117,242900553,29,53
29119,242900074,29,53
29120,200066868,29,53
29122,242900561,29,53
29123,200067247,29,53
29124,242900793,29,53
29125,242900561,29,53
29126,242900553,29,53
29128,242900751,29,53
29130,242900074,29,53
29131,242900751,29,53
29132,242900835,29,53
29133,242900835,29,53
29134,200068120,29,53
29135,242900702,29,53
29136,242900694,29,53
29137,242900801,29,53
29139,200067197,29,53
29140,242900801,29,53
29141,200067197,29,53
29142,200067247,29,53
29143,242900629,29,53
29144,242900801,29,53
29145,242900629,29,53
29146,242900769,29,53
29147,242900694,29,53
29148,200067072,29,53
29150,242900694,29,53
29151,242900835,29,53
29152,242900744,29,53
29153,242900769,29,53
29155,,29,53
29156,242900801,29,53
29158,242900702,29,53
29159,242900710,29,53
29160,242900553,29,53
29161,242900660,29,53
29162,200067247,29,53
29163,242900835,29,53
29165,242900702,29,53
29166,200067247,29,53
29167,242900710,29,53
29168,242900629,29,53
29169,200068120,29,53
29170,200068120,29,53
29171,242900702,29,53
29172,200067247,29,53
29173,200068120,29,53
29174,242900710,29,53
29175,242900561,29,53
29176,200067247,29,53
29177,242900074,29,53
29178,242900074,29,53
29179,242900793,29,53
29180,242900801,29,53
29181,242900801,29,53
29182,242900835,29,53
29183,242900835,29,53
29184,200067072,29,53
29185,200067072,29,53
29186,242900835,29,53
29187,242900751,29,53
29188,242900835,29,53
29189,242900314,29,53
29190,242900074,29,53
29191,242900835,29,53
29192,200067072,29,53
29193,242900751,29,53
29195,242900553,29,53
29196,242900553,29,53
29197,242900629,29,53
29198,242900793,29,53
29199,242900835,29,53
29201,242900074,29,53
29202,242900835,29,53
29204,242900751,29,53
29205,242900744,29,53
29206,200067072,29,53
29207,242900835,29,53
29208,242900074,29,53
29209,242900553,29,53
29210,242900751,29,53
29211,200067197,29,53
29212,242900314,29,53
29213,242900751,29,53
29214,242900710,29,53
29215,242900710,29,53
29216,200068120,29,53
29217,242900769,29,53
29218,242900629,29,53
29220,242900702,29,53
29221,242900074,29,53
29222,200067247,29,53
29224,242900645,29,53
29225,242900710,29,53
29226,242900645,29,53
29227,242900744,29,53
29228,242900629,29,53
29229,200068120,29,53
29230,242900694,29,53
29232,200068120,29,53
29233,242900694,29,53
29234,242900694,29,53
29235,242900314,29,53
29236,242900694,29,53
29237,242900801,29,53
29238,200066868,29,53
29239,200067072,29,53
29240,200066868,29,53
29241,242900769,29,53
29243,200067247,29,53
29244,242900751,29,53
29245,242900801,29,53
29246,242900801,29,53
29247,242900660,29,53
29248,242900793,29,53
29249,242900561,29,53
29250,242900744,29,53
29251,242900835,29,53
29252,242900702,29,53
29254,242900835,29,53
29255,242900793,29,53
29256,200067247,29,53
29257,242900553,29,53
29259,200067072,29,53
29260,242900074,29,53
29261,200067197,29,53
29262,242900751,29,53
29263,200067247,29,53
29264,242900751,29,53
29265,242900835,29,53
29266,242900835,29,53
29267,242900561,29,53
29268,242900801,29,53
29269,242900694,29,53
29270,242900801,29,53
29271,242900751,29,53
29272,242900769,29,53
29273,200067072,29,53
29274,242900694,29,53
29275,200067197,29,53
29276,200067072,29,53
29277,242900751,29,53
29278,242900561,29,53
29279,242900835,29,53
29280,200066868,29,53
29281,242900769,29,53
29282,242900074,29,53
29284,242900702,29,53
29285,200067072,29,53
29286,242900801,29,53
29287,200067072,29,53
29288,242900793,29,53
29289,200067247,29,53
29290,242900553,29,53
29291,242900561,29,53
29292,242900702,29,53
29293,242900769,29,53
29294,242900801,29,53
29295,242900801,29,53
29296,242900702,29,53
29297,242900694,29,53
29298,242900710,29,53
29299,242900074,29,53
29300,242900694,29,53
29301,242900751,29,53
29302,200066868,29,53
2A001,242010056,2A,94
2A004,242010056,2A,94
2A006,242010056,2A,94
2A008,200038958,2A,94
2A011,242000495,2A,94
2A014,200067049,2A,94
2A017,242010056,2A,94
2A018,242010130,2A,94
2A019,200067049,2A,94
2A021,242010130,2A,94
2A022,200067049,2A,94
2A024,242000495,2A,94
2A026,200038958,2A,94
2A027,200067049,2A,94
2A028,200067049,2A,94
2A031,242000503,2A,94
2A032,242000503,2A,94
2A035,242010130,2A,94
2A038,242010130,2A,94
2A040,242000503,2A,94
2A041,200040764,2A,94
2A048,200067049,2A,94
2A056,200038958,2A,94
2A060,200067049,2A,94
2A061,242000495,2A,94
2A062,242000503,2A,94
2A064,200038958,2A,94
2A065,200067049,2A,94
2A066,242000495,2A,94
2A070,200067049,2A,94
2A071,242010130,2A,94
2A085,200038958,2A,94
2A089,200038958,2A,94
2A090,200067049,2A,94
2A091,200038958,2A,94
2A092,242000495,2A,94
2A094,200038958,2A,94
2A098,200038958,2A,94
2A099,200038958,2A,94
2A100,200067049,2A,94
2A103,242010056,2A,94
2A104,242000503,2A,94
2A108,200067049,2A,94
2A114,200040764,2A,94
2A115,242010130,2A,94
2A117,200038958,2A,94
2A118,242010130,2A,94
2A119,200038958,2A,94
2A127,242010130,2A,94
2A128,242010130,2A,94
2A129,242010130,2A,94
2A130,200038958,2A,94
2A131,200067049,2A,94
2A132,200038958,2A,94
2A133,200038958,2A,94
2A139,200040764,2A,94
2A141,200067049,2A,94
2A142,242000495,2A,94
2A144,200067049,2A,94
2A146,242000495,2A,94
2A154,200067049,2A,94
2A158,242000495,2A,94
2A160,242010130,2A,94
2A163,200040764,2A,94
2A174,200067049,2A,94
2A181,242000503,2A,94
2A186,200038958,2A,94
2A189,242010130,2A,94
2A191,242000495,2A,94
2A196,200067049,2A,94
2A197,200067049,2A,94
2A198,200067049,2A,94
2A200,200038958,2A,94
2A203,200067049,2A,94
2A204,200067049,2A,94
2A209,242010056,2A,94
2A211,242010130,2A,94
2A212,200067049,2A,94
2A215,200040764,2A,94
2A228,200038958,2A,94
2A232,200038958,2A,94
2A240,200067049,2A,94
2A247,200040764,2A,94
2A249,242010130,2A,94
2A253,200038958,2A,94
2A254,242000495,2A,94
2A258,200067049,2A,94
2A259,200067049,2A,94
2A262,200067049,2A,94
2A266,200067049,2A,94
2A268,200038958,2A,94
2A269,242000495,2A,94
2A270,200067049,2A,94
2A271,242010056,2A,94
2A272,242010130,2A,94
2A276,200038958,2A,94
2A278,242000495,2A,94
2A279,200067049,2A,94
2A282,200067049,2A,94
2A284,242010130,2A,94
2A285,242000495,2A,94
2A288,200040764,2A,94
2A295,200067049,2A,94
2A300,242000495,2A,94
2A308,242000495,2A,94
2A310,242010130,2A,94
2A312,200038958,2A,94
2A322,200038958,2A,94
2A323,242010056,2A,94
2A324,242000503,2A,94
2A326,242000503,2A,94
2A330,242000503,2A,94
2A331,200038958,2A,94
2A336,242010056,2A,94
2A345,242000503,2A,94
2A348,200067049,2A,94
2A349,242010130,2A,94
2A351,242010056,2A,94
2A357,242000495,2A,94
2A358,200038958,2A,94
2A359,200038958,2A,94
2A360,200038958,2A,94
2A362,242000495,2A,94
2A363,242000495,2A,94
2B002,200015162,2B,94
2B003,200073138,2B,94
2B005,200073138,2B,94
2B007,200073138,2B,94
2B009,200015162,2B,94
2B010,242020105,2B,94
2B012,200015162,2B,94
2B013,200073138,2B,94
2B015,200015162,2B,94
2B016,200015162,2B,94
2B020,242020105,2B,94
2B023,200073138,2B,94
2B025,242020105,2B,94
2B029,200073120,2B,94
2B030,200042943,2B,94
2B033,242000354,2B,94
2B034,200073104,2B,94
2B036,200036499,2B,94
2B037,200036499,2B,94
2B039,200073138,2B,94
2B042,200036499,2B,94
2B043,200042943,2B,94
2B045,200073138,2B,94
2B046,200042943,2B,94
2B047,200073138,2B,94
2B049,242020105,2B,94
2B050,242020105,2B,94
2B051,200073138,2B,94
2B052,200073252,2B,94
2B053,200015162,2B,94
2B054,200073252,2B,94
2B055,200036499,2B,94
2B057,200015162,2B,94
2B058,200042943,2B,94
2B059,200073138,2B,94
2B063,200073252,2B,94
2B067,200073252,2B,94
2B068,200073138,2B,94
2B069,200073252,2B,94
2B072,200073252,2B,94
2B073,200073138,2B,94
2B074,242020071,2B,94
2B075,200015162,2B,94
2B077,200073252,2B,94
2B078,200073138,2B,94
2B079,200073138,2B,94
2B080,200073138,2B,94
2B081,200073138,2B,94
2B082,200073138,2B,94
2B083,200073138,2B,94
2B084,242020105,2B,94
2B086,200042943,2B,94
2B087,200034205,2B,94
2B088,200015162,2B,94
2B093,200073104,2B,94
2B095,200073138,2B,94
2B096,242020071,2B,94
2B097,200073104,2B,94
2B101,200073252,2B,94
2B102,200073252,2B,94
2B105,200073138,2B,94
2B106,200073138,2B,94
2B107,200042943,2B,94
2B109,200073120,2B,94
2B110,200073138,2B,94
2B111,200034205,2B,94
2B112,200073104,2B,94
2B113,200073252,2B,94
2B116,200073138,2B,94
2B120,242000354,2B,94
2B121,242020105,2B,94
2B122,200073138,2B,94
2B123,200033827,2B,94
2B124,200033827,2B,94
2B125,200073252,2B,94
2B126,200015162,2B,94
2B134,200073104,2B,94
2B135,200033827,2B,94
2B136,200073104,2B,94
2B137,200073138,2B,94
2B138,242020105,2B,94
2B140,200036499,2B,94
2B143,200015162,2B,94
2B145,200073252,2B,94
2B147,200073138,2B,94
2B148,200036499,2B,94
2B149,200033827,2B,94
2B150,242020105,2B,94
2B152,200042943,2B,94
2B153,242020105,2B,94
2B155,200015162,2B,94
2B156,200073104,2B,94
2B157,200073138,2B,94
2B159,200042943,2B,94
2B161,200015162,2B,94
2B162,200073138,2B,94
2B164,200073252,2B,94
2B165,242020105,2B,94
2B166,200036499,2B,94
2B167,242020105,2B,94
2B168,200073104,2B,94
2B169,200073138,2B,94
2B170,200042943,2B,94
2B171,242020071,2B,94
2B172,200073120,2B,94
2B173,200073104,2B,94
2B175,200073104,2B,94
2B176,200073252,2B,94
2B177,242020071,2B,94
2B178,200042943,2B,94
2B179,200034205,2B,94
2B180,200073104,2B,94
2B182,200073104,2B,94
2B183,200042943,2B,94
2B184,200042943,2B,94
2B185,200073120,2B,94
2B187,200042943,2B,94
2B188,200073120,2B,94
2B190,200073104,2B,94
2B192,200036499,2B,94
2B193,200073138,2B,94
2B194,200034205,2B,94
2B195,200073252,2B,94
2B199,200073104,2B,94
2B201,200015162,2B,94
2B202,200073252,2B,94
2B205,200073120,2B,94
2B206,200073252,2B,94
2B207,200073252,2B,94
2B208,200034205,2B,94
2B210,200034205,2B,94
2B213,200015162,2B,94
2B214,200073252,2B,94
2B216,200034205,2B,94
2B217,200073252,2B,94
2B218,200015162,2B,94
2B219,200073252,2B,94
2B220,200073138,2B,94
2B221,200073252,2B,94
2B222,200073252,2B,94
2B223,200073104,2B,94
2B224,200042943,2B,94
2B225,200015162,2B,94
2B226,200015162,2B,94
2B227,200034205,2B,94
2B229,200033827,2B,94
2B230,200073120,2B,94
2B231,200073104,2B,94
2B233,200042943,2B,94
2B234,200034205,2B,94
2B235,200073104,2B,94
2B236,200033827,2B,94
2B238,242020071,2B,94
2B239,200073120,2B,94
2B241,200073252,2B,94
2B242,200034205,2B,94
2B243,200073252,2B,94
2B244,200073138,2B,94
2B245,200073252,2B,94
2B246,200073252,2B,94
2B248,200073138,2B,94
2B250,200073252,2B,94
2B251,200033827,2B,94
2B252,200073252,2B,94
2B255,200073252,2B,94
2B256,200073252,2B,94
2B257,200073120,2B,94
2B260,242020071,2B,94
2B261,200042943,2B,94
2B263,242020071,2B,94
2B264,200073138,2B,94
2B265,200073120,2B,94
2B267,200073138,2B,94
2B273,200073252,2B,94
2B274,200036499,2B,94
2B275,200073138,2B,94
2B277,200033827,2B,94
2B280,200073252,2B,94
2B281,200042943,2B,94
2B283,200033827,2B,94
2B286,200073252,2B,94
2B287,200073120,2B,94
2B289,200073138,2B,94
2B290,200073104,2B,94
2B291,200073252,2B,94
2B292,200073138,2B,94
2B293,200034205,2B,94
2B296,242020105,2B,94
2B297,200073252,2B,94
2B298,200073120,2B,94
2B299,200073252,2B,94
2B301,200073120,2B,94
2B302,200034205,2B,94
2B303,200034205,2B,94
2B304,200073138,2B,94
2B305,242000354,2B,94
2B306,200073138,2B,94
2B307,200034205,2B,94
2B309,242000354,2B,94
2B311,200034205,2B,94
2B313,200034205,2B,94
2B314,200073120,2B,94
2B315,242020071,2B,94
2B316,200073104,2B,94
2B317,200034205,2B,94
2B318,200034205,2B,94
2B319,200034205,2B,94
2B320,200015162,2B,94
2B321,200034205,2B,94
2B327,200042943,2B,94
2B328,200015162,2B,94
2B329,200073138,2B,94
2B332,200073104,2B,94
2B333,200073120,2B,94
2B334,200034205,2B,94
2B335,200034205,2B,94
2B337,200073138,2B,94
2B338,200073252,2B,94
2B339,200073104,2B,94
2B340,200034205,2B,94
2B341,242020071,2B,94
2B342,200033827,2B,94
2B343,200073252,2B,94
2B344,200073252,2B,94
2B346,200073252,2B,94
2B347,200033827,2B,94
2B350,200036499,2B,94
2B352,200073104,2B,94
2B353,242000354,2B,94
2B354,242020071,2B,94
2B355,200073252,2B,94
2B356,200015162,2B,94
2B361,242020105,2B,94
2B364,200015162,2B,94
2B365,200033827,2B,94
2B366,200033827,2B,94
30001,200034379,30,76
30002,200034411,30,76
30003,243000650,30,76
30004,243000569,30,76
30005,200034692,30,76
30006,243000593,30,76
30007,200066918,30,76
30008,200035129,30,76
30009,243000270,30,76
30010,200066918,30,76
30011,248400251,30,76
30012,243000684,30,76
30013,200034379,30,76
30014,200034379,30,76
30015,243000270,30,76
30016,243000270,30,76
30017,243000270,30,76
30018,243000296,30,76
30019,243000569,30,76
30020,243000593,30,76
30021,200034379,30,76
30022,200066918,30,76
30023,243000296,30,76
30024,243000270,30,76
30025,243000270,30,76
30026,243000270,30,76
30027,200066918,30,76
30028,200034692,30,76
30029,200035129,30,76
30030,200034379,30,76
30031,200034379,30,76
30032,243000585,30,76
30033,243000593,30,76
30034,243000585,30,76
30035,200034379,30,76
30036,243000643,30,76
30037,200035129,30,76
30038,243000270,30,76
30039,243000643,30,76
30040,243000270,30,76
30041,200034379,30,76
30042,200066918,30,76
30043,243000569,30,76
30044,200066918,30,76
30045,200035129,30,76
30046,200066918,30,76
30047,243000643,30,76
30048,200034379,30,76
30049,200034379,30,76
30050,200034411,30,76
30051,200066918,30,76
30052,243000270,30,76
30053,200066918,30,76
30054,200034411,30,76
30055,200066918,30,76
30056,200034379,30,76
30057,243000643,30,76
30058,200034411,30,76
30059,243000593,30,76
30060,243000643,30,76
30061,243000643,30,76
30062,243000296,30,76
30064,243000270,30,76
30065,200034411,30,76
30066,243000296,30,76
30067,200034379,30,76
30068,200034411,30,76
30069,200034411,30,76
30070,200034692,30,76
30071,200034411,30,76
30072,200066918,30,76
30073,200034379,30,76
30074,200034601,30,76
30075,243000643,30,76
30076,200034692,30,76
30077,200066918,30,76
30079,200066918,30,76
30080,200066918,30,76
30081,200034692,30,76
30082,243000643,30,76
30083,243000569,30,76
30084,200034692,30,76
30085,243000684,30,76
30086,200034379,30,76
30087,200034411,30,76
30088,243000296,30,76
30089,243000684,30,76
30090,200066918,30,76
30091,243000296,30,76
30092,200034692,30,76
30093,200034411,30,76
30095,200034411,30,76
30096,200034692,30,76
30097,200035129,30,76
30098,243000296,30,76
30099,200034411,30,76
30100,200066918,30,76
30101,200066918,30,76
30102,243000643,30,76
30103,243000684,30,76
30104,243000643,30,76
30105,200034601,30,76
30106,200034411,30,76
30107,243000684,30,76
30108,200034601,30,76
30109,200066918,30,76
30110,200034379,30,76
30111,200034379,30,76
30112,243000643,30,76
30113,200034379,30,76
30114,243000296,30,76
30115,200034379,30,76
30116,243000684,30,76
30117,243000585,30,76
30119,200034411,30,76
30120,200035129,30,76
30121,200034411,30,76
30122,243000643,30,76
30123,243000569,30,76
30124,200034692,30,76
30125,243000643,30,76
30126,200034379,30,76
30127,200034692,30,76
30128,243000643,30,76
30129,200066918,30,76
30130,200066918,30,76
30131,200034692,30,76
30132,200066918,30,76
30133,243000650,30,76
30134,200034692,30,76
30135,243000585,30,76
30136,243000296,30,76
30137,200066918,30,76
30138,243000643,30,76
30139,200034601,30,76
30140,200034601,30,76
30141,200034692,30,76
30142,200066918,30,76
30143,200034692,30,76
30144,243000296,30,76
30145,243000643,30,76
30146,200034411,30,76
30147,200066918,30,76
30148,200034411,30,76
30149,200034692,30,76
30150,200034411,30,76
30151,200034379,30,76
30152,200066918,30,76
30153,200069128,30,76
30154,243000270,30,76
30155,243000643,30,76
30156,243000643,30,76
30158,200066918,30,76
30159,200066918,30,76
30160,200034411,30,76
30161,200066918,30,76
30162,200066918,30,76
30163,243000643,30,76
30164,200035129,30,76
30165,200066918,30,76
30166,243000684,30,76
30167,200035129,30,76
30168,200066918,30,76
30169,243000643,30,76
30170,243000270,30,76
30171,200035129,30,76
30172,200034411,30,76
30173,200066918,30,76
30174,200034379,30,76
30175,200034692,30,76
30176,243000270,30,76
30177,200066918,30,76
30178,200034692,30,76
30179,243000684,30,76
30180,243000643,30,76
30181,243000296,30,76
30182,243000296,30,76
30183,243000643,30,76
30184,200034379,30,76
30185,243000569,30,76
30186,243000569,30,76
30187,200035129,30,76
30188,200066918,30,76
30189,243000643,30,76
30191,200034692,30,76
30192,200034411,30,76
30193,243000296,30,76
30194,200035129,30,76
30195,200034601,30,76
30196,200034692,30,76
30197,200066918,30,76
30198,200034601,30,76
30199,243000270,30,76
30200,200034411,30,76
30201,200069128,30,76
30202,200034692,30,76
30203,200066918,30,76
30204,200035129,30,76
30205,200034379,30,76
30206,243000643,30,76
30207,243000684,30,76
30208,200034411,30,76
30209,248400251,30,76
30210,200034411,30,76
30211,243000643,30,76
30212,243000684,30,76
30213,200034601,30,76
30214,200066918,30,76
30215,200035129,30,76
30216,200035129,30,76
30217,248400251,30,76
30218,200035129,30,76
30219,243000270,30,76
30220,243000270,30,76
30221,248400251,30,76
30222,200034692,30,76
30223,200066918,30,76
30224,243000643,30,76
30225,200034692,30,76
30226,200034692,30,76
30227,200035129,30,76
30228,243000643,30,76
30229,200034601,30,76
30230,200034692,30,76
30231,200034601,30,76
30232,200034692,30,76
30233,243000643,30,76
30234,200034411,30,76
30235,243000684,30,76
30236,200066918,30,76
30237,200035129,30,76
30238,243000270,30,76
30239,200066918,30,76
30240,200066918,30,76
30241,243000643,30,76
30242,200034692,30,76
30243,200066918,30,76
30244,243000296,30,76
30245,243000643,30,76
30246,200066918,30,76
30247,200035129,30,76
30248,200034379,30,76
30249,243000643,30,76
30250,200066918,30,76
30251,200034692,30,76
30252,200034411,30,76
30253,200066918,30,76
30254,200034692,30,76
30255,243000643,30,76
30256,200034692,30,76
30257,243000643,30,76
30258,243000643,30,76
30259,200066918,30,76
30260,243000684,30,76
30261,200066918,30,76
30262,200034379,30,76
30263,200034411,30,76
30264,200066918,30,76
30265,200034411,30,76
30266,200035129,30,76
30267,200066918,30,76
30268,200066918,30,76
30269,200066918,30,76
30270,200066918,30,76
30271,200066918,30,76
30272,243400736,30,76
30273,200034692,30,76
30274,200066918,30,76
30275,200066918,30,76
30276,243000650,30,76
30277,200034692,30,76
30278,200034692,30,76
30279,200034379,30,76
30280,243000270,30,76
30281,243000643,30,76
30282,200034692,30,76
30283,243400736,30,76
30284,200066918,30,76
30285,200066918,30,76
30286,200034379,30,76
30287,200034692,30,76
30288,200034692,30,76
30289,200034411,30,76
30290,200034692,30,76
30291,200066918,30,76
30292,200034692,30,76
30293,200035129,30,76
30294,200066918,30,76
30295,200034379,30,76
30296,243400736,30,76
30297,200034601,30,76
30298,200066918,30,76
30299,200034379,30,76
30300,200034411,30,76
30301,200034379,30,76
30302,200034692,30,76
30303,200035129,30,76
30304,200034692,30,76
30305,200066918,30,76
30306,243000296,30,76
30307,200066918,30,76
30308,200034379,30,76
30309,200034411,30,76
30310,200034601,30,76
30311,200034411,30,76
30312,248400251,30,76
30313,243000643,30,76
30314,200034411,30,76
30315,248400251,30,76
30316,200066918,30,76
30317,243000643,30,76
30318,200066918,30,76
30319,200034379,30,76
30320,200066918,30,76
30321,243000296,30,76
30322,200034601,30,76
30323,200066918,30,76
30324,243000296,30,76
30325,243400736,30,76
30326,200034692,30,76
30327,200035129,30,76
30328,243000684,30,76
30329,200066918,30,76
30330,200066918,30,76
30331,200034692,30,76
30332,200034601,30,76
30333,243000569,30,76
30334,200034379,30,76
30335,200066918,30,76
30336,243000585,30,76
30337,200034379,30,76
30338,200034379,30,76
30339,200034601,30,76
30340,243000684,30,76
30341,243000593,30,76
30342,200034692,30,76
30343,200034692,30,76
30344,243000569,30,76
30345,200066918,30,76
30346,243000684,30,76
30347,243000569,30,76
30348,200066918,30,76
30349,200034411,30,76
30350,243000270,30,76
30351,248400251,30,76
30352,243000296,30,76
30353,243000270,30,76
30354,243000643,30,76
30355,200034692,30,76
30356,243000643,30,76
31001,200072643,31,76
31002,200071298,31,76
31003,243100518,31,76
31004,243100633,31,76
31005,200072643,31,76
31006,200071298,31,76
31007,200072643,31,76
31008,200072643,31,76
31009,200072635,31,76
31010,200072635,31,76
31011,200073146,31,76
31012,200073146,31,76
31013,200072635,31,76
31014,200073146,31,76
31015,200072635,31,76
31017,200072635,31,76
31018,200073146,31,76
31019,200072635,31,76
31020,200073146,31,76
31021,200072643,31,76
31022,243100518,31,76
31023,200072643,31,76
31024,200068807,31,76
31025,243100633,31,76
31026,200071298,31,76
31027,200068807,31,76
31028,200072643,31,76
31029,200071298,31,76
31030,200073146,31,76
31031,200072643,31,76
31032,243100518,31,76
31033,200068807,31,76
31034,200073146,31,76
31035,243100633,31,76
31036,243100633,31,76
31037,200071298,31,76
31038,200034023,31,76
31039,200072643,31,76
31040,200072635,31,76
31041,200072635,31,76
31042,200072635,31,76
31043,200072643,31,76
31044,243100518,31,76
31045,200072635,31,76
31046,200072635,31,76
31047,200066819,31,76
31048,243100633,31,76
31049,243100732,31,76
31050,200073146,31,76
31051,200068815,31,76
31052,200068807,31,76
31053,243100518,31,76
31054,200071298,31,76
31055,200071298,31,76
31056,243100518,31,76
31057,243100633,31,76
31058,243100633,31,76
31059,200073146,31,76
31060,243100567,31,76
31061,200071314,31,76
31062,200071314,31,76
31063,200072643,31,76
31064,200072635,31,76
31065,200068815,31,76
31066,243100773,31,76
31067,200072635,31,76
31068,200072635,31,76
31069,243100518,31,76
31070,200072643,31,76
31071,200066819,31,76
31072,200072643,31,76
31073,243100773,31,76
31074,243100732,31,76
31075,200068641,31,76
31076,200072643,31,76
31077,243100773,31,76
31078,200072643,31,76
31079,200034957,31,76
31080,200072643,31,76
31081,200072635,31,76
31082,200071298,31,76
31083,200072643,31,76
31084,200068815,31,76
31085,200072635,31,76
31086,200072643,31,76
31087,200068641,31,76
31088,243100518,31,76
31089,200071314,31,76
31090,200071314,31,76
31091,243100518,31,76
31092,200072635,31,76
31093,200071314,31,76
31094,243100773,31,76
31095,200073146,31,76
31096,200071314,31,76
31097,200071298,31,76
31098,200071314,31,76
31099,200071298,31,76
31100,200071298,31,76
31101,200068815,31,76
31102,200071298,31,76
31103,200066819,31,76
31104,200066819,31,76
31105,200071298,31,76
31106,200071298,31,76
31107,200066819,31,76
31108,200072643,31,76
31109,200072643,31,76
31110,200073146,31,76
31111,200066819,31,76
31112,200073146,31,76
31113,243100633,31,76
31114,200073146,31,76
31115,200072643,31,76
31116,243100518,31,76
31117,243100815,31,76
31118,200034957,31,76
31119,200068815,31,76
31120,200071314,31,76
31121,200072643,31,76
31122,200068815,31,76
31123,200072635,31,76
31124,200073146,31,76
31125,200072635,31,76
31126,200071314,31,76
31127,200072635,31,76
31128,200068807,31,76
31129,200072635,31,76
31130,200072643,31,76
31131,200073146,31,76
31132,200072635,31,76
31133,200072635,31,76
31134,200072643,31,76
31135,200068815,31,76
31136,200034957,31,76
31137,200071298,31,76
31138,200072643,31,76
31139,200072635,31,76
31140,200073146,31,76
31141,200072643,31,76
31142,200072635,31,76
31143,200072635,31,76
31144,200072635,31,76
31145,200068807,31,76
31146,200072635,31,76
31147,200072643,31,76
31148,243100633,31,76
31149,243100518,31,76
31150,243100518,31,76
31151,243100633,31,76
31152,200072643,31,76
31153,200068815,31,76
31155,200073146,31,76
31156,200071314,31,76
31157,243100518,31,76
31158,200072643,31,76
31159,200072643,31,76
31160,200071314,31,76
31161,243100633,31,76
31162,243100633,31,76
31163,243100518,31,76
31164,200071314,31,76
31165,200068641,31,76
31166,200068641,31,76
31167,200073146,31,76
31168,200072643,31,76
31169,243100633,31,76
31170,200072643,31,76
31171,243100633,31,76
31172,200072643,31,76
31173,200068807,31,76
31174,200073146,31,76
31175,200072643,31,76
31176,200072635,31,76
31177,200072635,31,76
31178,200072643,31,76
31179,200071298,31,76
31180,243100567,31,76
31181,200068641,31,76
31182,243100518,31,76
31183,200073146,31,76
31184,243100518,31,76
31185,200071298,31,76
31186,243100518,31,76
31187,200068641,31,76
31188,243100781,31,76
31189,200068815,31,76
31190,200072635,31,76
31191,200073146,31,76
31192,243100633,31,76
31193,200068815,31,76
31194,200071298,31,76
31195,200073146,31,76
31196,200068815,31,76
31197,200072643,31,76
31198,200073146,31,76
31199,200072635,31,76
31200,200072635,31,76
31201,200072643,31,76
31202,200034957,31,76
31203,200068641,31,76
31204,200068815,31,76
31205,243100518,31,76
31206,200068807,31,76
31207,200072635,31,76
31208,200073146,31,76
31209,200071314,31,76
31210,200071298,31,76
31211,200034957,31,76
31212,243100732,31,76
31213,200072635,31,76
31215,243100732,31,76
31216,243100732,31,76
31217,200072635,31,76
31218,200072643,31,76
31219,200066819,31,76
31220,200071298,31,76
31221,200072635,31,76
31222,200072635,31,76
31223,200072643,31,76
31224,200072635,31,76
31225,200066819,31,76
31226,200066819,31,76
31227,243100633,31,76
31228,243100732,31,76
31229,200068815,31,76
31230,243100518,31,76
31231,200068807,31,76
31232,200071314,31,76
31233,200068807,31,76
31234,200071314,31,76
31235,200072635,31,76
31236,200073146,31,76
31237,200073146,31,76
31238,200072635,31,76
31239,200072643,31,76
31240,243100633,31,76
31241,200073146,31,76
31242,200072635,31,76
31243,243100567,31,76
31244,200072635,31,76
31245,200073146,31,76
31246,200072643,31,76
31247,200072643,31,76
31248,200068641,31,76
31249,243100633,31,76
31250,200068815,31,76
31251,200072643,31,76
31252,243100815,31,76
31253,200068641,31,76
31254,243100633,31,76
31255,200072635,31,76
31256,200068807,31,76
31258,200066819,31,76
31259,243100633,31,76
31260,200073146,31,76
31261,200066819,31,76
31262,200071298,31,76
31263,200068807,31,76
31264,200068807,31,76
31265,200071314,31,76
31266,200068815,31,76
31267,200066819,31,76
31268,200072643,31,76
31269,200068641,31,76
31270,200072643,31,76
31271,200071298,31,76
31272,200066819,31,76
31273,243100732,31,76
31274,200072643,31,76
31275,200071314,31,76
31276,200072643,31,76
31277,243100781,31,76
31278,200072643,31,76
31279,200066819,31,76
31280,200066819,31,76
31281,200071314,31,76
31282,243100518,31,76
31283,200068815,31,76
31284,243100633,31,76
31285,243100732,31,76
31286,200066819,31,76
31287,200068641,31,76
31288,243100773,31,76
31289,200072643,31,76
31290,200072635,31,76
31291,243100781,31,76
31292,200068815,31,76
31293,243100518,31,76
31294,200072643,31,76
31295,200072643,31,76
31296,200073146,31,76
31297,243100781,31,76
31299,200068815,31,76
31300,200072643,31,76
31301,200072643,31,76
31302,200072643,31,76
31303,200066819,31,76
31304,200071298,31,76
31305,200072643,31,76
31306,200072635,31,76
31308,200072635,31,76
31309,200068815,31,76
31310,200071298,31,76
31311,243100773,31,76
31312,200066819,31,76
31313,200072635,31,76
31314,200073146,31,76
31315,200073146,31,76
31316,200072635,31,76
31317,200068815,31,76
31318,200068815,31,76
31319,200068807,31,76
31320,200066819,31,76
31321,200073146,31,76
31322,200072643,31,76
31323,200072635,31,76
31324,200068815,31,76
31325,200071298,31,76
31326,200066819,31,76
31327,200068815,31,76
31328,200071298,31,76
31329,243100567,31,76
31330,200068807,31,76
31331,200071298,31,76
31332,200071298,31,76
31333,200072643,31,76
31334,200066819,31,76
31335,200072635,31,76
31336,200073146,31,76
31337,200072635,31,76
31338,200071314,31,76
31339,243100781,31,76
31340,243100633,31,76
31341,200071314,31,76
31342,200073146,31,76
31343,200072643,31,76
31344,200072643,31,76
31345,200068807,31,76
31346,243100773,31,76
31347,200072643,31,76
31348,200073146,31,76
31349,200068815,31,76
31350,200072643,31,76
31351,243100518,31,76
31352,243100518,31,76
31353,200068815,31,76
31354,200071298,31,76
31355,243100518,31,76
31356,200071314,31,76
31357,200073146,31,76
31358,243100732,31,76
31359,200068815,31,76
31360,200072635,31,76
31361,200066819,31,76
31362,200068815,31,76
31363,200072643,31,76
31364,243100815,31,76
31365,200066819,31,76
31366,243100633,31,76
31367,200068815,31,76
31368,200071298,31,76
31369,200072635,31,76
31370,200068815,31,76
31371,243100567,31,76
31372,200073146,31,76
31373,200072643,31,76
31374,200071298,31,76
31375,200066819,31,76
31376,200073146,31,76
31377,200071298,31,76
31378,200072643,31,76
31379,200066819,31,76
31380,200071298,31,76
31381,243100633,31,76
31382,200068815,31,76
31383,243100732,31,76
31384,243100633,31,76
31385,200072643,31,76
31386,200072643,31,76
31387,200068815,31,76
31388,243100732,31,76
31389,243100518,31,76
31390,200072643,31,76
31391,200073146,31,76
31392,200071298,31,76
31393,243100567,31,76
31394,200072635,31,76
31395,200068641,31,76
31396,200071298,31,76
31397,200072643,31,76
31398,200072643,31,76
31399,200066819,31,76
31400,243100567,31,76
31401,243100633,31,76
31402,243100633,31,76
31403,200071314,31,76
31404,200072635,31,76
31405,200072635,31,76
31406,200068815,31,76
31407,243100732,31,76
31408,200072635,31,76
31409,243100633,31,76
31410,243100815,31,76
31411,243100633,31,76
31412,200072643,31,76
31413,200071314,31,76
31414,200072643,31,76
31415,200072643,31,76
31416,200066819,31,76
31417,243100518,31,76
31418,243100518,31,76
31419,200068815,31,76
31420,200068641,31,76
31421,200068641,31,76
31422,200068815,31,76
31423,200068815,31,76
31424,243100781,31,76
31425,200068815,31,76
31426,200072635,31,76
31427,200072643,31,76
31428,200068815,31,76
31429,243100633,31,76
31430,200072643,31,76
31431,200073146,31,76
31432,200072635,31,76
31433,200068641,31,76
31434,200072635,31,76
31435,200068815,31,76
31436,200068815,31,76
31437,243100633,31,76
31439,200071298,31,76
31440,200073146,31,76
31441,200071298,31,76
31442,200068807,31,76
31443,200072643,31,76
31444,200071314,31,76
31445,243100518,31,76
31446,243100633,31,76
31447,200073146,31,76
31448,243100633,31,76
31449,200072643,31,76
31450,200071298,31,76
31451,243100567,31,76
31452,200072643,31,76
31453,200071298,31,76
31454,200068815,31,76
31455,200066819,31,76
31456,200072643,31,76
31457,200073146,31,76
31458,200068641,31,76
31459,243100732,31,76
31460,200068641,31,76
31461,200073146,31,76
31462,243100815,31,76
31463,243100567,31,76
31464,200068641,31,76
31465,200072635,31,76
31466,200068641,31,76
31467,243100518,31,76
31468,200072643,31,76
31469,200068815,31,76
31470,200072635,31,76
31471,200072635,31,76
31472,200072635,31,76
31473,200071314,31,76
31474,200066819,31,76
31475,200068641,31,76
31476,200068815,31,76
31477,200072643,31,76
31478,243100567,31,76
31479,200072643,31,76
31480,200071298,31,76
31481,200068815,31,76
31482,200072643,31,76
31483,200072643,31,76
31484,243100815,31,76
31485,200071298,31,76
31486,200068641,31,76
31487,200072643,31,76
31488,243100518,31,76
31489,243100732,31,76
31490,243100518,31,76
31491,243100567,31,76
31492,200066819,31,76
31493,200072643,31,76
31494,200072643,31,76
31495,200071298,31,76
31496,243100781,31,76
31497,243100815,31,76
31498,200072643,31,76
31499,200068641,31,76
31500,200072635,31,76
31501,243100732,31,76
31502,200072643,31,76
31503,200073146,31,76
31504,200073146,31,76
31505,200068815,31,76
31506,243100518,31,76
31507,200071314,31,76
31508,200072635,31,76
31509,200072635,31,76
31510,200072643,31,76
31511,243100732,31,76
31512,200071298,31,76
31513,200072643,31,76
31514,200071298,31,76
31515,200034957,31,76
31516,200034957,31,76
31517,200066819,31,76
31518,200068641,31,76
31519,200071298,31,76
31520,200068815,31,76
31521,200073146,31,76
31522,200072643,31,76
31523,200073146,31,76
31524,200072635,31,76
31525,200066819,31,76
31526,243100781,31,76
31527,200071298,31,76
31528,200072643,31,76
31529,200072643,31,76
31530,200068815,31,76
31531,200072643,31,76
31532,200072643,31,76
31533,200068641,31,76
31534,200071298,31,76
31535,200072635,31,76
31536,200072643,31,76
31537,200072643,31,76
31538,200068815,31,76
31539,200072643,31,76
31540,200071298,31,76
31541,243100518,31,76
31542,200072635,31,76
31543,200068815,31,76
31544,200073146,31,76
31545,200073146,31,76
31546,200071298,31,76
31547,200068641,31,76
31548,200072635,31,76
31549,200072635,31,76
31550,200073146,31,76
31551,200071298,31,76
31552,200072643,31,76
31553,200071314,31,76
31554,200073146,31,76
31555,243100518,31,76
31556,200072643,31,76
31557,243100518,31,76
31558,200071298,31,76
31559,200072635,31,76
31560,200071298,31,76
31561,243100518,31,76
31562,200073146,31,76
31563,200034957,31,76
31564,200072635,31,76
31565,200072643,31,76
31566,200071298,31,76
31567,200071298,31,76
31568,243100633,31,76
31569,243100567,31,76
31570,243100567,31,76
31571,200071298,31,76
31572,200068807,31,76
31573,243100732,31,76
31574,200068807,31,76
31575,243100633,31,76
31576,200071298,31,76
31577,200071314,31,76
31578,243100633,31,76
31579,243100732,31,76
31580,200068641,31,76
31581,200034957,31,76
31582,200071298,31,76
31583,243100773,31,76
31584,243100773,31,76
31585,200072643,31,76
31586,200072643,31,76
31587,200034957,31,76
31588,243100518,31,76
31589,200071298,31,76
31590,200072635,31,76
31591,200073146,31,76
31592,200071314,31,76
31593,200072643,31,76
32001,200035632,32,76
32002,200042372,32,76
32003,200066926,32,76
32004,200030435,32,76
32005,243200409,32,76
32007,200034726,32,76
32008,243200508,32,76
32009,243200425,32,76
32010,200072320,32,76
32012,200042372,32,76
32013,200066926,32,76
32014,200066926,32,76
32015,200072320,32,76
32016,200023620,32,76
32017,200030435,32,76
32018,200042372,32,76
32019,200066926,32,76
32020,200035756,32,76
32021,200034726,32,76
32022,200035632,32,76
32023,200034726,32,76
32024,200066926,32,76
32025,243200458,32,76
32026,200034726,32,76
32027,200030435,32,76
32028,200035756,32,76
32029,200072320,32,76
32030,243200425,32,76
32031,243200458,32,76
32032,243200425,32,76
32033,243200607,32,76
32034,200035756,32,76
32035,243200417,32,76
32036,243200508,32,76
32037,243200417,32,76
32038,200023620,32,76
32039,200035756,32,76
32040,200042372,32,76
32041,200072320,32,76
32042,200035756,32,76
32043,243200607,32,76
32044,243200417,32,76
32045,200035756,32,76
32046,200030435,32,76
32047,243200391,32,76
32048,200042372,32,76
32049,243200409,32,76
32050,200035756,32,76
32051,243200599,32,76
32052,243200607,32,76
32053,200072320,32,76
32054,200066926,32,76
32055,200034726,32,76
32056,200042372,32,76
32057,243200417,32,76
32058,243200508,32,76
32059,200066926,32,76
32060,200072320,32,76
32061,200042372,32,76
32062,243200409,32,76
32063,200035632,32,76
32064,243200458,32,76
32065,200072320,32,76
32066,243200391,32,76
32068,243200391,32,76
32069,243200599,32,76
32070,200035632,32,76
32071,243200607,32,76
32072,243200607,32,76
32073,243200458,32,76
32075,243200417,32,76
32076,200066926,32,76
32077,243200425,32,76
32078,243200391,32,76
32079,243200458,32,76
32080,243200417,32,76
32081,200035632,32,76
32082,243200391,32,76
32083,200066926,32,76
32084,200034726,32,76
32085,243200391,32,76
32086,200035756,32,76
32087,243200458,32,76
32088,243200607,32,76
32089,200066926,32,76
32090,200023620,32,76
32091,200066926,32,76
32092,200034726,32,76
32093,200035632,32,76
32094,243200409,32,76
32095,243200417,32,76
32096,243200458,32,76
32097,243200607,32,76
32098,243200599,32,76
32099,243200508,32,76
32100,243200417,32,76
32101,243200391,32,76
32102,243200391,32,76
32103,200072320,32,76
32104,200035756,32,76
32105,200023620,32,76
32106,200034726,32,76
32107,243200417,32,76
32108,200030435,32,76
32109,243200508,32,76
32110,243200458,32,76
32111,243200508,32,76
32112,200066926,32,76
32113,243200409,32,76
32114,200072320,32,76
32115,243200458,32,76
32116,200035756,32,76
32117,200066926,32,76
32118,200072320,32,76
32119,243200458,32,76
32120,200034726,32,76
32121,200023620,32,76
32122,200072320,32,76
32123,200042372,32,76
32124,243200599,32,76
32125,243200409,32,76
32126,200035756,32,76
32127,243200458,32,76
32128,243200425,32,76
32129,200034726,32,76
32130,200072320,32,76
32131,243200391,32,76
32132,243200391,32,76
32133,243200417,32,76
32134,200023620,32,76
32135,200035632,32,76
32136,243200508,32,76
32138,243200599,32,76
32139,200034726,32,76
32140,243200599,32,76
32141,200042372,32,76
32142,243200391,32,76
32143,243200417,32,76
32144,243200607,32,76
32145,200030435,32,76
32146,243200391,32,76
32147,200042372,32,76
32148,200042372,32,76
32149,243200458,32,76
32150,243200391,32,76
32151,200035632,32,76
32152,200035756,32,76
32153,200072320,32,76
32154,200034726,32,76
32155,243200409,32,76
32156,200035756,32,76
32157,200042372,32,76
32158,200034726,32,76
32159,243200425,32,76
32160,200023620,32,76
32161,243200508,32,76
32162,200066926,32,76
32163,243200508,32,76
32164,243200508,32,76
32165,200042372,32,76
32166,243200607,32,76
32167,243200425,32,76
32169,200072320,32,76
32170,200035632,32,76
32171,243200599,32,76
32172,200035756,32,76
32173,200034726,32,76
32174,243200508,32,76
32175,243200508,32,76
32176,243200391,32,76
32177,200035756,32,76
32178,243200417,32,76
32180,243200417,32,76
32181,200035756,32,76
32182,200042372,32,76
32183,200066926,32,76
32184,243200391,32,76
32185,200072320,32,76
32186,200072320,32,76
32187,243200425,32,76
32188,243200391,32,76
32189,243200458,32,76
32190,243200458,32,76
32191,243200409,32,76
32192,200030435,32,76
32193,243200458,32,76
32194,243200417,32,76
32195,243200391,32,76
32196,243200417,32,76
32197,243200417,32,76
32198,200042372,32,76
32199,243200508,32,76
32200,200072320,32,76
32201,200072320,32,76
32202,243200409,32,76
32203,243200417,32,76
32204,200066926,32,76
32205,243200508,32,76
32206,243200599,32,76
32207,200066926,32,76
32208,243200391,32,76
32209,200035632,32,76
32210,200023620,32,76
32211,243200458,32,76
32212,243200417,32,76
32213,243200599,32,76
32214,243200409,32,76
32215,200035756,32,76
32216,200072320,32,76
32217,243200425,32,76
32218,200035632,32,76
32219,243200607,32,76
32220,243200409,32,76
32221,200042372,32,76
32222,243200409,32,76
32223,200034726,32,76
32224,243200417,32,76
32225,200035756,32,76
32226,200035756,32,76
32227,243200409,32,76
32228,200072320,32,76
32229,200034726,32,76
32230,243200417,32,76
32231,243200607,32,76
32232,200034726,32,76
32233,243200508,32,76
32234,200023620,32,76
32235,200035632,32,76
32236,243200458,32,76
32237,200042372,32,76
32238,243200425,32,76
32239,243200391,32,76
32240,243200425,32,76
32241,243200391,32,76
32242,200072320,32,76
32243,243200458,32,76
32244,200035632,32,76
32245,200035632,32,76
32246,243200458,32,76
32247,200042372,32,76
32248,200034726,32,76
32249,200034726,32,76
32250,200072320,32,76
32251,200066926,32,76
32252,243200425,32,76
32253,243200391,32,76
32254,200035756,32,76
32255,243200391,32,76
32256,243200425,32,76
32257,243200607,32,76
32258,200066926,32,76
32261,243200599,32,76
32262,200034726,32,76
32263,200035756,32,76
32264,243200458,32,76
32265,243200425,32,76
32266,200072320,32,76
32267,200072320,32,76
32268,200023620,32,76
32269,200034726,32,76
32270,200042372,32,76
32271,243200409,32,76
32272,200072320,32,76
32273,243200508,32,76
32274,243200409,32,76
32275,243200508,32,76
32276,243200599,32,76
32277,243200599,32,76
32278,200035756,32,76
32279,200066926,32,76
32280,200072320,32,76
32281,200035756,32,76
32282,200066926,32,76
32283,200035756,32,76
32284,243200599,32,76
32285,243200425,32,76
32286,243200391,32,76
32287,200072320,32,76
32288,200042372,32,76
32289,243200599,32,76
32290,243200417,32,76
32291,243200409,32,76
32292,243200417,32,76
32293,243200425,32,76
32294,243200607,32,76
32295,243200599,32,76
32296,243200409,32,76
32297,243200599,32,76
32298,200066926,32,76
32299,243200458,32,76
32300,200072320,32,76
32301,200066926,32,76
32302,200072320,32,76
32303,243200508,32,76
32304,200072320,32,76
32305,243200458,32,76
32306,243200391,32,76
32307,200066926,32,76
32308,243200599,32,76
32309,243200599,32,76
32310,243200409,32,76
32311,243200391,32,76
32312,200066926,32,76
32313,200034726,32,76
32314,243200391,32,76
32315,243200607,32,76
32316,200066926,32,76
32317,243200607,32,76
32318,243200391,32,76
32319,243200508,32,76
32320,243200391,32,76
32321,243200599,32,76
32322,243200599,32,76
32323,200035756,32,76
32324,200072320,32,76
32325,200035632,32,76
32326,243200425,32,76
32327,200072320,32,76
32328,243200391,32,76
32329,243200391,32,76
32330,243200508,32,76
32331,200066926,32,76
32332,243200607,32,76
32333,200030435,32,76
32334,200023620,32,76
32335,200066926,32,76
32336,243200599,32,76
32337,243200391,32,76
32338,243200458,32,76
32339,200023620,32,76
32340,243200458,32,76
32341,243200391,32,76
32342,243200508,32,76
32343,243200607,32,76
32344,200035632,32,76
32345,243200391,32,76
32346,243200607,32,76
32347,200066926,32,76
32348,200066926,32,76
32349,200034726,32,76
32350,243200417,32,76
32351,243200607,32,76
32352,243200607,32,76
32353,243200599,32,76
32354,200035632,32,76
32355,200035756,32,76
32356,243200599,32,76
32357,200034726,32,76
32358,248200016,32,76
32359,200034726,32,76
32360,243200607,32,76
32361,200072320,32,76
32362,243200508,32,76
32363,200035756,32,76
32364,243200391,32,76
32365,200072320,32,76
32366,200034726,32,76
32367,243200425,32,76
32368,200066926,32,76
32369,243200409,32,76
32370,200034726,32,76
32371,200034726,32,76
32372,200034726,32,76
32373,200035756,32,76
32374,200042372,32,76
32375,200035756,32,76
32376,200034726,32,76
32377,200034726,32,76
32378,200035632,32,76
32379,200034726,32,76
32380,243200409,32,76
32381,200072320,32,76
32382,200066926,32,76
32383,243200508,32,76
32384,200066926,32,76
32385,200034726,32,76
32386,243200599,32,76
32387,243200599,32,76
32388,200042372,32,76
32389,200035756,32,76
32390,243200409,32,76
32391,243200391,32,76
32392,200042372,32,76
32393,243200425,32,76
32394,200035756,32,76
32395,243200391,32,76
32396,243200391,32,76
32397,200035756,32,76
32398,200035632,32,76
32399,200034726,32,76
32400,243200417,32,76
32401,200035756,32,76
32402,243200607,32,76
32403,243200607,32,76
32404,243200417,32,76
32405,243200391,32,76
32406,200042372,32,76
32407,243200599,32,76
32408,243200409,32,76
32409,200072320,32,76
32410,243200599,32,76
32411,200072320,32,76
32412,200042372,32,76
32414,200035632,32,76
32415,200035756,32,76
32416,200034726,32,76
32417,243200391,32,76
32418,243200599,32,76
32419,200035756,32,76
32420,243200599,32,76
32421,243200599,32,76
32422,243200508,32,76
32423,243200458,32,76
32424,200030435,32,76
32425,200023620,32,76
32426,200072320,32,76
32427,243200508,32,76
32428,200042372,32,76
32429,243200391,32,76
32430,200072320,32,76
32431,200034726,32,76
32432,243200599,32,76
32433,200042372,32,76
32434,243200409,32,76
32435,200034726,32,76
32436,200034726,32,76
32437,243200409,32,76
32438,200072320,32,76
32439,200035632,32,76
32440,243200508,32,76
32441,243200391,32,76
32442,243200391,32,76
32443,200035632,32,76
32444,200034726,32,76
32445,243200508,32,76
32446,243200508,32,76
32447,200042372,32,76
32448,200034726,32,76
32449,243200409,32,76
32450,243200508,32,76
32451,243200599,32,76
32452,200034726,32,76
32453,200066926,32,76
32454,200072320,32,76
32455,243200508,32,76
32456,243200607,32,76
32457,243200391,32,76
32458,243200409,32,76
32459,243200417,32,76
32460,200030435,32,76
32461,200035632,32,76
32462,243200607,32,76
32463,200035632,32,76
32464,200035756,32,76
32465,200042372,32,76
32466,200035756,32,76
32467,200042372,32,76
32468,200072320,32,76
33001,200070092,33,75
33002,200044394,33,75
33003,243300316,33,75
33004,243300316,33,75
33005,243301504,33,75
33006,243300811,33,75
33007,200069581,33,75
33008,200069599,33,75
33009,243300563,33,75
33010,243301447,33,75
33011,243301504,33,75
33012,243301447,33,75
33013,243300316,33,75
33014,200035533,33,75
33015,200070092,33,75
33016,243301397,33,75
33017,200043982,33,75
33018,243301223,33,75
33019,243301504,33,75
33020,243301371,33,75
33021,200044394,33,75
33022,243301389,33,75
33023,243301264,33,75
33024,200044394,33,75
33025,200069599,33,75
33026,200043974,33,75
33027,200044394,33,75
33028,243301215,33,75
33029,243301405,33,75
33030,200069581,33,75
33031,200044394,33,75
33032,243300316,33,75
33033,243301439,33,75
33034,200070092,33,75
33035,200023794,33,75
33036,200043982,33,75
33037,243301264,33,75
33038,200069995,33,75
33039,243300316,33,75
33040,200069581,33,75
33042,243301405,33,75
33043,200069599,33,75
33044,200069599,33,75
33045,200035533,33,75
33046,200043982,33,75
33047,200023794,33,75
33048,200044394,33,75
33049,243301249,33,75
33050,200043974,33,75
33051,243301504,33,75
33052,200070092,33,75
33053,200043982,33,75
33054,200044394,33,75
33055,200069995,33,75
33056,243300316,33,75
33057,200069599,33,75
33058,200023794,33,75
33059,243301215,33,75
33060,200043974,33,75
33061,243301355,33,75
33062,200070092,33,75
33063,243300316,33,75
33064,243301454,33,75
33065,243300316,33,75
33066,200044394,33,75
33067,243301223,33,75
33068,200043974,33,75
33069,243300316,33,75
33070,243301389,33,75
33071,243301454,33,75
33072,200044394,33,75
33073,243300811,33,75
33074,200044394,33,75
33075,243300316,33,75
33076,200069581,33,75
33077,243301264,33,75
33078,243301454,33,75
33079,200070092,33,75
33080,243301264,33,75
33081,200069581,33,75
33082,243301397,33,75
33083,243301355,33,75
33084,243301439,33,75
33085,243301439,33,75
33086,243301215,33,75
33087,200044394,33,75
33088,200070092,33,75
33089,200023794,33,75
33090,243301165,33,75
33093,243301215,33,75
33094,243301371,33,75
33095,200043982,33,75
33096,243300316,33,75
33097,200070720,33,75
33098,200069581,33,75
33099,243301355,33,75
33100,200023794,33,75
33101,243300811,33,75
33102,200044394,33,75
33103,200069599,33,75
33104,243301389,33,75
33105,200069599,33,75
33106,200043974,33,75
33108,243301454,33,75
33109,243301264,33,75
33111,200044394,33,75
33112,200069599,33,75
33113,200043982,33,75
33114,243301181,33,75
33115,200043974,33,75
33116,200043982,33,75
33117,200069599,33,75
33118,243301439,33,75
33119,243300316,33,75
33120,200069581,33,75
33121,200069599,33,75
33122,243301165,33,75
33123,243301181,33,75
33124,200070092,33,75
33125,200069995,33,75
33126,243301181,33,75
33127,243301454,33,75
33128,200069995,33,75
33129,200069599,33,75
33130,200043974,33,75
33131,200069599,33,75
33132,200023794,33,75
33133,243301454,33,75
33134,200069995,33,75
33135,200069599,33,75
33136,200069599,33,75
33137,200043982,33,75
33138,200070092,33,75
33139,200069599,33,75
33140,243301215,33,75
33141,243301355,33,75
33142,243301181,33,75
33143,243301223,33,75
33144,200043982,33,75
33145,243301215,33,75
33146,243301447,33,75
33147,200070092,33,75
33148,200070092,33,75
33149,200069599,33,75
33150,200069599,33,75
33151,243301181,33,75
33152,200069581,33,75
33153,243301454,33,75
33154,200070092,33,75
33155,200043982,33,75
33156,200069581,33,75
33157,200070092,33,75
33158,200044394,33,75
33159,243300811,33,75
33160,243301371,33,75
33161,243300811,33,75
33162,243300316,33,75
33163,200069599,33,75
33164,200043974,33,75
33165,243301355,33,75
33166,200070092,33,75
33167,243300316,33,75
33168,243301454,33,75
33169,200044394,33,75
33170,200044394,33,75
33171,200044394,33,75
33172,200023794,33,75
33173,200035533,33,75
33174,243301397,33,75
33175,200069599,33,75
33176,200069581,33,75
33177,200069995,33,75
33178,200043982,33,75
33179,243301397,33,75
33180,200043982,33,75
33181,200035533,33,75
33182,200023794,33,75
33183,243301223,33,75
33184,200023794,33,75
33185,200070092,33,75
33186,243301454,33,75
33187,200044394,33,75
33188,200043982,33,75
33189,200069599,33,75
33190,200043982,33,75
33191,200070092,33,75
33192,243300316,33,75
33193,200070720,33,75
33194,243301454,33,75
33195,200043982,33,75
33196,243301454,33,75
33197,200069581,33,75
33198,200070092,33,75
33199,243300563,33,75
33200,243300316,33,75
33201,243301215,33,75
33202,200043974,33,75
33203,200070720,33,75
33204,200044394,33,75
33205,200069581,33,75
33206,243301264,33,75
33207,200070092,33,75
33208,200070720,33,75
33209,243301454,33,75
33210,243301454,33,75
33211,243301447,33,75
33212,200043982,33,75
33213,243301264,33,75
33214,200070720,33,75
33215,200069599,33,75
33216,200043982,33,75
33218,200070092,33,75
33219,243301397,33,75
33220,243301447,33,75
33221,200044394,33,75
33222,200070092,33,75
33223,243301371,33,75
33224,200069599,33,75
33225,200069581,33,75
33226,243301439,33,75
33227,200043974,33,75
33228,243301223,33,75
33229,243301504,33,75
33230,200070092,33,75
33231,200069581,33,75
33232,200043982,33,75
33233,243301181,33,75
33234,243301439,33,75
33235,200043982,33,75
33236,243301504,33,75
33237,200043974,33,75
33238,243301264,33,75
33239,200043982,33,75
33240,200069995,33,75
33241,200069581,33,75
33242,243301371,33,75
33243,200070092,33,75
33244,200043982,33,75
33245,243301439,33,75
33246,243301371,33,75
33247,243301371,33,75
33248,243301389,33,75
33249,243300316,33,75
33250,200044394,33,75
33251,200043974,33,75
33252,243301215,33,75
33253,200069581,33,75
33254,200044394,33,75
33255,200043974,33,75
33256,243301447,33,75
33257,243301454,33,75
33258,200069599,33,75
33259,243301397,33,75
33260,243301405,33,75
33261,200035533,33,75
33262,243301447,33,75
33263,243301215,33,75
33264,200070092,33,75
33266,243301181,33,75
33268,243301447,33,75
33269,243301371,33,75
33270,200043982,33,75
33271,200043982,33,75
33272,243301181,33,75
33273,243300316,33,75
33274,243301264,33,75
33275,200069599,33,75
33276,200043982,33,75
33277,243301371,33,75
33278,200069599,33,75
33279,200043974,33,75
33280,243300811,33,75
33281,243300316,33,75
33282,243301454,33,75
33283,200069599,33,75
33284,243301504,33,75
33285,243301223,33,75
33287,200044394,33,75
33288,200069581,33,75
33289,200044394,33,75
33290,200035533,33,75
33291,200044394,33,75
33292,200069599,33,75
33293,243301249,33,75
33294,200044394,33,75
33295,243301397,33,75
33296,243301454,33,75
33297,243301389,33,75
33298,200070092,33,75
33299,200069599,33,75
33300,200070720,33,75
33301,243301454,33,75
33302,200035533,33,75
33303,200070092,33,75
33304,200069599,33,75
33305,200043982,33,75
33306,200044394,33,75
33307,200043974,33,75
33308,200069581,33,75
33309,200069995,33,75
33310,200043974,33,75
33311,200069581,33,75
33312,243300316,33,75
33314,200069995,33,75
33315,200070092,33,75
33316,243301371,33,75
33317,243301397,33,75
33318,243300316,33,75
33319,243301454,33,75
33320,200035533,33,75
33321,243301223,33,75
33322,243301447,33,75
33323,200043974,33,75
33324,243301371,33,75
33325,200023794,33,75
33326,243300811,33,75
33327,200069581,33,75
33328,200070092,33,75
33329,200043974,33,75
33330,243301355,33,75
33331,200044394,33,75
33332,200070092,33,75
33333,243301389,33,75
33334,200069581,33,75
33335,243301215,33,75
33336,200043974,33,75
33337,200069581,33,75
33339,243301223,33,75
33341,243301223,33,75
33342,200035533,33,75
33343,200069581,33,75
33344,243301454,33,75
33345,200069599,33,75
33346,200044394,33,75
33347,200070092,33,75
33348,200070720,33,75
33349,243301439,33,75
33350,243301454,33,75
33351,243300811,33,75
33352,200044394,33,75
33353,200069599,33,75
33354,243301371,33,75
33355,200069581,33,75
33356,243301397,33,75
33357,200043974,33,75
33358,200069599,33,75
33359,200044394,33,75
33360,243301371,33,75
33361,243301454,33,75
33362,200070092,33,75
33363,243301215,33,75
33364,243301397,33,75
33365,243301397,33,75
33366,243301223,33,75
33367,200043974,33,75
33369,243301371,33,75
33370,243300811,33,75
33372,200069599,33,75
33373,200070092,33,75
33374,243300811,33,75
33375,243301454,33,75
33376,243300316,33,75
33377,243301371,33,75
33378,243301371,33,75
33379,200069599,33,75
33380,243300811,33,75
33381,243301439,33,75
33382,200023794,33,75
33383,200069995,33,75
33384,200035533,33,75
33385,200070092,33,75
33386,200035533,33,75
33387,200070092,33,75
33388,200023794,33,75
33389,243300811,33,75
33390,243301454,33,75
33391,200043982,33,75
33392,200069581,33,75
33393,200070092,33,75
33394,200035533,33,75
33395,200069995,33,75
33396,200035533,33,75
33397,243301249,33,75
33398,200044394,33,75
33399,200069599,33,75
33400,200069599,33,75
33401,243301454,33,75
33402,243301371,33,75
33403,200044394,33,75
33404,200069599,33,75
33405,200023794,33,75
33406,200035533,33,75
33407,243301397,33,75
33408,243301215,33,75
33411,200043974,33,75
33412,200069995,33,75
33413,200070092,33,75
33414,243301397,33,75
33415,243301223,33,75
33416,200023794,33,75
33417,243301389,33,75
33418,200044394,33,75
33419,200069599,33,75
33420,200035533,33,75
33421,243301454,33,75
33422,243301165,33,75
33423,200069995,33,75
33424,200069995,33,75
33425,243301223,33,75
33426,200035533,33,75
33427,200069599,33,75
33428,200044394,33,75
33429,200043974,33,75
33431,243301215,33,75
33432,200043974,33,75
33433,243301249,33,75
33434,243300316,33,75
33435,200043974,33,75
33436,243301405,33,75
33437,243301454,33,75
33438,200043974,33,75
33439,243301181,33,75
33440,200043974,33,75
33441,200023794,33,75
33442,200070092,33,75
33443,200069599,33,75
33444,200044394,33,75
33445,200070092,33,75
33446,200069599,33,75
33447,200070092,33,75
33448,243301264,33,75
33449,243300316,33,75
33450,200043982,33,75
33451,243301397,33,75
33452,200069581,33,75
33453,200044394,33,75
33454,243301264,33,75
33456,243300811,33,75
33457,200043974,33,75
33458,200023794,33,75
33459,200035533,33,75
33460,243301454,33,75
33461,200035533,33,75
33462,243301371,33,75
33463,200044394,33,75
33464,200069599,33,75
33465,200043974,33,75
33466,200070092,33,75
33467,243301371,33,75
33468,243301454,33,75
33470,243301397,33,75
33471,200069995,33,75
33472,200070092,33,75
33473,243301181,33,75
33474,243301264,33,75
33475,200023794,33,75
33476,200069995,33,75
33477,243300811,33,75
33478,200070092,33,75
33479,200044394,33,75
33480,200035533,33,75
33481,200069599,33,75
33482,200069599,33,75
33483,243301249,33,75
33484,200043974,33,75
33485,200035533,33,75
33486,243301223,33,75
33487,243300316,33,75
33488,243301454,33,75
33489,243301181,33,75
33490,200070720,33,75
33491,200044394,33,75
33492,243301181,33,75
33493,200069995,33,75
33494,243301389,33,75
33496,243301355,33,75
33498,243301405,33,75
33499,243301454,33,75
33500,200023794,33,75
33501,243301264,33,75
33502,200023794,33,75
33503,243301389,33,75
33504,200043974,33,75
33505,243301215,33,75
33506,200069599,33,75
33507,200043982,33,75
33508,200044394,33,75
33509,200070092,33,75
33510,200043974,33,75
33511,200043982,33,75
33512,200043982,33,75
33513,200043982,33,75
33514,200070720,33,75
33515,200069599,33,75
33516,200069599,33,75
33517,243301447,33,75
33518,243301439,33,75
33519,243300316,33,75
33520,200069599,33,75
33521,200070720,33,75
33522,243300316,33,75
33523,200069599,33,75
33524,243301397,33,75
33525,243301223,33,75
33526,200035533,33,75
33527,243300563,33,75
33528,243301389,33,75
33529,243300563,33,75
33530,243301223,33,75
33531,200070092,33,75
33532,200070092,33,75
33533,200043974,33,75
33534,243301439,33,75
33535,243301355,33,75
33536,200043974,33,75
33537,200043974,33,75
33538,200070720,33,75
33539,200070092,33,75
33540,200070720,33,75
33541,200070720,33,75
33542,243301397,33,75
33543,200043974,33,75
33544,200070720,33,75
33545,200069995,33,75
33546,200035533,33,75
33547,200043974,33,75
33548,243301397,33,75
33549,243301215,33,75
33550,243300316,33,75
33551,200023794,33,75
33552,200069581,33,75
33553,243301223,33,75
33554,243301249,33,75
33555,243301504,33,75
34001,200071058,34,76
34002,243400819,34,76
34003,243400819,34,76
34004,200066348,34,76
34005,243400736,34,76
34006,200066348,34,76
34007,200066348,34,76
34008,200042646,34,76
34009,243400769,34,76
34010,243400694,34,76
34011,243400694,34,76
34012,243400694,34,76
34013,243400355,34,76
34014,200022986,34,76
34015,200042653,34,76
34016,243400694,34,76
34017,243400819,34,76
34018,200071058,34,76
34019,200042646,34,76
34020,200066348,34,76
34021,200042653,34,76
34022,243400017,34,76
34023,200066355,34,76
34024,200066355,34,76
34025,243400769,34,76
34026,200066348,34,76
34027,243400017,34,76
34028,200042646,34,76
34029,243400694,34,76
34030,200066348,34,76
34031,243400819,34,76
34032,243400769,34,76
34033,243400520,34,76
34034,200066348,34,76
34035,243400694,34,76
34036,200017341,34,76
34037,243400769,34,76
34038,200042646,34,76
34039,200066355,34,76
34040,200042646,34,76
34041,243400355,34,76
34042,243400736,34,76
34043,200022986,34,76
34044,200071058,34,76
34045,243400355,34,76
34046,200066553,34,76
34047,243400694,34,76
34048,243400520,34,76
34049,200042646,34,76
34050,243400470,34,76
34051,243400355,34,76
34052,200042653,34,76
34053,200042646,34,76
34054,200066348,34,76
34055,200066553,34,76
34056,243400819,34,76
34057,243400017,34,76
34058,243400017,34,76
34059,200066348,34,76
34060,200022986,34,76
34061,200071058,34,76
34062,200071058,34,76
34063,243400819,34,76
34064,200017341,34,76
34065,200042653,34,76
34066,200022986,34,76
34067,243400736,34,76
34068,243400819,34,76
34069,243400488,34,76
34070,200042653,34,76
34071,200042646,34,76
34072,200017341,34,76
34073,243400769,34,76
34074,200042653,34,76
34075,200066348,34,76
34076,243400355,34,76
34077,243400017,34,76
34078,200022986,34,76
34079,243400355,34,76
34080,200066348,34,76
34081,243400488,34,76
34082,200022986,34,76
34083,200042646,34,76
34084,243400769,34,76
34085,243400769,34,76
34086,200066348,34,76
34087,243400017,34,76
34088,243400017,34,76
34089,200042653,34,76
34090,243400017,34,76
34091,200017341,34,76
34092,200042653,34,76
34094,243400769,34,76
34095,243400017,34,76
34096,200071058,34,76
34097,200066348,34,76
34098,200066348,34,76
34099,200022986,34,76
34100,200066348,34,76
34101,243400819,34,76
34102,200022986,34,76
34103,243400355,34,76
34104,200071058,34,76
34105,200071058,34,76
34106,200017341,34,76
34107,200066553,34,76
34108,200066355,34,76
34109,200071058,34,76
34110,243400520,34,76
34111,243400736,34,76
34112,243400520,34,76
34113,200066355,34,76
34114,243400694,34,76
34115,243400736,34,76
34116,243400017,34,76
34117,200042646,34,76
34118,200022986,34,76
34119,200042646,34,76
34120,243400017,34,76
34121,200042646,34,76
34122,243400694,34,76
34123,243400017,34,76
34124,243400355,34,76
34125,243400694,34,76
34126,200042646,34,76
34127,243400470,34,76
34128,243400736,34,76
34129,243400017,34,76
34130,200071058,34,76
34131,200022986,34,76
34132,200017341,34,76
34133,200017341,34,76
34134,243400017,34,76
34135,243400488,34,76
34136,243400819,34,76
34137,243400355,34,76
34138,243400355,34,76
34139,243400769,34,76
34140,243400769,34,76
34141,200066348,34,76
34142,200017341,34,76
34143,200066355,34,76
34144,200042646,34,76
34145,243400520,34,76
34146,243400520,34,76
34147,200071058,34,76
34148,243400488,34,76
34149,200071058,34,76
34150,200066355,34,76
34151,243400520,34,76
34152,200022986,34,76
34153,200022986,34,76
34154,243400470,34,76
34155,243400488,34,76
34156,243400355,34,76
34157,200066355,34,76
34158,200066348,34,76
34159,200066355,34,76
34160,200066348,34,76
34161,243400488,34,76
34162,243400819,34,76
34163,243400694,34,76
34164,243400017,34,76
34165,200066355,34,76
34166,243400769,34,76
34167,200042653,34,76
34168,200071058,34,76
34169,243400017,34,76
34170,200042653,34,76
34171,243400736,34,76
34172,243400017,34,76
34173,243400694,34,76
34174,243400736,34,76
34175,243400355,34,76
34176,243400470,34,76
34177,200022986,34,76
34178,200071058,34,76
34179,243400017,34,76
34180,243400355,34,76
34181,200071058,34,76
34182,243400819,34,76
34183,243400488,34,76
34184,243400819,34,76
34185,200022986,34,76
34186,243400355,34,76
34187,200066348,34,76
34188,200017341,34,76
34189,200066348,34,76
34190,200066348,34,76
34191,200071058,34,76
34192,243400470,34,76
34193,200066348,34,76
34194,243400355,34,76
34195,200022986,34,76
34196,200017341,34,76
34197,243400355,34,76
34198,243400017,34,76
34199,243400819,34,76
34200,200042646,34,76
34201,200042653,34,76
34202,243400017,34,76
34203,243400819,34,76
34204,243400694,34,76
34205,200017341,34,76
34206,200042653,34,76
34207,243400819,34,76
34208,243400694,34,76
34209,243400819,34,76
34210,243400694,34,76
34211,200042646,34,76
34212,200017341,34,76
34213,200066355,34,76
34214,200071058,34,76
34215,243400694,34,76
34216,200042646,34,76
34217,243400017,34,76
34218,200042653,34,76
34219,200066348,34,76
34220,200017341,34,76
34221,243400694,34,76
34222,243400694,34,76
34223,200071058,34,76
34224,200071058,34,76
34225,200042653,34,76
34226,200042653,34,76
34227,243400017,34,76
34228,200066348,34,76
34229,200066348,34,76
34230,200017341,34,76
34231,200017341,34,76
34232,200066348,34,76
34233,200017341,34,76
34234,200071058,34,76
34235,200066553,34,76
34236,200022986,34,76
34237,200071058,34,76
34238,200022986,34,76
34239,243400694,34,76
34240,243400470,34,76
34241,243400694,34,76
34242,200022986,34,76
34243,243400736,34,76
34244,243400017,34,76
34245,200042653,34,76
34246,243400520,34,76
34247,200022986,34,76
34248,200022986,34,76
34249,243400017,34,76
34250,200066348,34,76
34251,200017341,34,76
34252,200042646,34,76
34253,200017341,34,76
34254,243400355,34,76
34255,200022986,34,76
34256,243400017,34,76
34257,200042646,34,76
34258,200071058,34,76
34259,243400017,34,76
34260,200042646,34,76
34261,243400694,34,76
34262,243400694,34,76
34263,200022986,34,76
34264,200022986,34,76
34265,200022986,34,76
34266,200022986,34,76
34267,243400694,34,76
34268,200017341,34,76
34269,200066348,34,76
34270,243400017,34,76
34271,200066348,34,76
34272,243400520,34,76
34273,200066348,34,76
34274,200022986,34,76
34276,200022986,34,76
34277,200017341,34,76
34278,200017341,34,76
34279,200071058,34,76
34280,243400520,34,76
34281,243400694,34,76
34282,243400694,34,76
34283,200017341,34,76
34284,200066348,34,76
34285,243400819,34,76
34286,200017341,34,76
34287,243400694,34,76
34288,243400520,34,76
34289,243400819,34,76
34290,200022986,34,76
34291,200066348,34,76
34292,243400355,34,76
34293,200066553,34,76
34294,243400520,34,76
34295,243400017,34,76
34296,243400520,34,76
34297,200022986,34,76
34298,243400769,34,76
34299,243400769,34,76
34300,243400769,34,76
34301,200066355,34,76
34302,200066348,34,76
34303,200017341,34,76
34304,200017341,34,76
34305,200066553,34,76
34306,200017341,34,76
34307,243400017,34,76
34308,200042646,34,76
34309,200022986,34,76
34310,200071058,34,76
34311,243400819,34,76
34312,200042646,34,76
34313,243400694,34,76
34314,200022986,34,76
34315,243400355,34,76
34316,200017341,34,76
34317,200017341,34,76
34318,200022986,34,76
34319,200071058,34,76
34320,200022986,34,76
34321,243400470,34,76
34322,200022986,34,76
34323,243400355,34,76
34324,243400769,34,76
34325,243400769,34,76
34326,200066348,34,76
34327,243400017,34,76
34328,243400694,34,76
34329,243400488,34,76
34331,200066348,34,76
34332,243400819,34,76
34333,200066355,34,76
34334,200066348,34,76
34335,200042646,34,76
34336,243400769,34,76
34337,243400017,34,76
34338,243400355,34,76
34339,200042653,34,76
34340,243400520,34,76
34341,200066355,34,76
34342,200022986,34,76
34343,200022986,34,76
34344,243400470,34,76
35001,243500139,35,53
35002,243500634,35,53
35003,243500667,35,53
35004,200070688,35,53
35005,243500634,35,53
35006,200039022,35,53
35007,243500667,35,53
35008,200039022,35,53
35009,200070670,35,53
35010,200070670,35,53
35012,200070662,35,53
35013,243500741,35,53
35014,200039022,35,53
35015,200039022,35,53
35016,200043990,35,53
35017,243500733,35,53
35018,200072452,35,53
35019,200070688,35,53
35021,200072452,35,53
35022,243500139,35,53
35023,243500550,35,53
35024,243500139,35,53
35025,200072452,35,53
35026,200038990,35,53
35027,200038990,35,53
35028,243500634,35,53
35029,243500733,35,53
35030,200070662,35,53
35031,243500774,35,53
35032,243500139,35,53
35033,200043990,35,53
35034,200070670,35,53
35035,200043990,35,53
35037,243500618,35,53
35038,200039022,35,53
35039,243500139,35,53
35040,243500550,35,53
35041,243500634,35,53
35042,200039022,35,53
35044,200070670,35,53
35045,243500741,35,53
35046,200043990,35,53
35047,243500139,35,53
35049,243500782,35,53
35050,243500733,35,53
35051,243500139,35,53
35052,200039022,35,53
35054,200070662,35,53
35055,243500139,35,53
35056,243500733,35,53
35057,200043990,35,53
35058,243500139,35,53
35059,243500139,35,53
35060,200038990,35,53
35061,200039022,35,53
35062,200072452,35,53
35063,200072452,35,53
35064,243500741,35,53
35065,243500139,35,53
35066,243500139,35,53
35067,243500774,35,53
35068,200039022,35,53
35069,243500659,35,53
35070,243500782,35,53
35071,200070688,35,53
35072,200039022,35,53
35075,200070688,35,53
35076,243500139,35,53
35077,243500634,35,53
35078,200070670,35,53
35079,243500139,35,53
35080,243500139,35,53
35081,243500139,35,53
35082,243500634,35,53
35084,200043990,35,53
35085,243500733,35,53
35086,200072452,35,53
35087,200039022,35,53
35088,243500139,35,53
35089,200070662,35,53
35090,200070662,35,53
35091,200038990,35,53
35092,243500733,35,53
35093,243500725,35,53
35094,243500733,35,53
35095,200070670,35,53
35096,200039022,35,53
35097,200039022,35,53
35098,200070662,35,53
35099,243500659,35,53
35101,243500774,35,53
35102,200039022,35,53
35103,243500634,35,53
35104,200070670,35,53
35105,200039022,35,53
35106,200070662,35,53
35107,243500774,35,53
35108,243500634,35,53
35109,200039022,35,53
35110,243500667,35,53
35111,200072452,35,53
35114,243500634,35,53
35115,200072452,35,53
35116,243500782,35,53
35117,200038990,35,53
35118,243500667,35,53
35119,200039022,35,53
35120,243500139,35,53
35121,243500774,35,53
35122,243500782,35,53
35123,200043990,35,53
35124,200070662,35,53
35125,200039022,35,53
35126,200043990,35,53
35127,200043990,35,53
35128,243500667,35,53
35130,243500733,35,53
35131,243500139,35,53
35132,243500782,35,53
35133,243500550,35,53
35134,243500733,35,53
35135,200038990,35,53
35136,243500634,35,53
35137,200072452,35,53
35138,200072452,35,53
35139,243500139,35,53
35140,200070662,35,53
35141,200039022,35,53
35142,200072452,35,53
35143,200038990,35,53
35144,243500139,35,53
35145,243500741,35,53
35146,243500667,35,53
35148,243500733,35,53
35149,200043990,35,53
35150,200072452,35,53
35151,243500741,35,53
35152,243500774,35,53
35153,243500782,35,53
35154,243500774,35,53
35155,200043990,35,53
35156,243500733,35,53
35157,200072452,35,53
35159,243500733,35,53
35160,200043990,35,53
35161,200039022,35,53
35162,200072452,35,53
35163,200072452,35,53
35164,200070688,35,53
35165,243500634,35,53
35166,200039022,35,53
35167,243500634,35,53
35168,200043990,35,53
35169,243500618,35,53
35170,200039022,35,53
35171,200038990,35,53
35172,243500733,35,53
35173,243500667,35,53
35174,200072452,35,53
35175,200043990,35,53
35176,200043990,35,53
35177,243500667,35,53
35178,243500774,35,53
35179,243500782,35,53
35180,243500139,35,53
35181,243500725,35,53
35183,200039022,35,53
35184,200038990,35,53
35185,200039022,35,53
35186,200070670,35,53
35187,243500618,35,53
35188,243500550,35,53
35189,243500139,35,53
35190,200072452,35,53
35191,200070688,35,53
35192,200039022,35,53
35193,243500667,35,53
35194,200039022,35,53
35195,243500667,35,53
35196,243500139,35,53
35197,243500667,35,53
35198,200039022,35,53
35199,200039022,35,53
35200,200039022,35,53
35201,200038990,35,53
35202,200070662,35,53
35203,243500550,35,53
35204,243500139,35,53
35205,200070688,35,53
35206,243500139,35,53
35207,243500659,35,53
35208,243500139,35,53
35210,243500139,35,53
35211,243500618,35,53
35212,200070662,35,53
35214,200072452,35,53
35215,200072452,35,53
35216,243500139,35,53
35217,200039022,35,53
35218,200070662,35,53
35219,243500741,35,53
35220,243500659,35,53
35221,200070662,35,53
35222,200070670,35,53
35223,243500618,35,53
35224,243500782,35,53
35225,243500733,35,53
35226,243500733,35,53
35227,243500550,35,53
35228,243500725,35,53
35229,200039022,35,53
35230,200072452,35,53
35231,200070662,35,53
35232,200039022,35,53
35233,243500733,35,53
35234,200038990,35,53
35235,200039022,35,53
35236,243500741,35,53
35237,243500741,35,53
35238,243500139,35,53
35239,243500634,35,53
35240,243500139,35,53
35241,243500725,35,53
35242,200070688,35,53
35243,200072452,35,53
35244,200070688,35,53
35245,243500139,35,53
35246,200070670,35,53
35247,200070670,35,53
35248,200070670,35,53
35249,200070662,35,53
35250,243500139,35,53
35251,243500667,35,53
35252,200039022,35,53
35253,243500774,35,53
35255,243500782,35,53
35256,243500725,35,53
35257,200070688,35,53
35258,243500733,35,53
35259,200070670,35,53
35260,200039022,35,53
35261,200072452,35,53
35262,243500634,35,53
35263,243500782,35,53
35264,200039022,35,53
35265,243500733,35,53
35266,243500139,35,53
35268,243500741,35,53
35270,200070670,35,53
35271,200072452,35,53
35272,200039022,35,53
35273,200070688,35,53
35274,243500667,35,53
35275,243500139,35,53
35276,243500667,35,53
35277,243500550,35,53
35278,243500139,35,53
35279,243500782,35,53
35280,200070688,35,53
35281,243500139,35,53
35282,200072452,35,53
35283,200039022,35,53
35284,243500782,35,53
35285,243500741,35,53
35286,243500733,35,53
35287,243500725,35,53
35288,243500782,35,53
35289,200043990,35,53
35290,200038990,35,53
35291,200070670,35,53
35292,200070688,35,53
35294,243500741,35,53
35295,200038990,35,53
35296,243500667,35,53
35297,200038990,35,53
35299,243500782,35,53
35300,200039022,35,53
35302,200038990,35,53
35304,200072452,35,53
35305,243500618,35,53
35306,243500782,35,53
35307,200038990,35,53
35308,243500733,35,53
35309,200070688,35,53
35310,200072452,35,53
35311,200043990,35,53
35312,200043990,35,53
35314,243500782,35,53
35315,243500139,35,53
35316,200070662,35,53
35317,243500667,35,53
35318,243500733,35,53
35319,243500618,35,53
35320,200038990,35,53
35321,200070662,35,53
35322,200070662,35,53
35324,200072452,35,53
35325,200039022,35,53
35326,243500667,35,53
35327,243500659,35,53
35328,243500741,35,53
35329,200070670,35,53
35330,200039022,35,53
35331,243500550,35,53
35332,200070662,35,53
35333,243500634,35,53
35334,243500139,35,53
35335,243500634,35,53
35336,200070688,35,53
35337,243500733,35,53
35338,200039022,35,53
35339,200070670,35,53
35340,243500618,35,53
35342,243500733,35,53
35343,200070662,35,53
35345,243500733,35,53
35346,243500733,35,53
35347,200039022,35,53
35350,200039022,35,53
35351,243500139,35,53
35352,243500139,35,53
35353,243500139,35,53
35354,200070670,35,53
35355,243500667,35,53
35356,243500667,35,53
35357,200072452,35,53
35358,243500782,35,53
35359,200039022,35,53
35360,200039022,35,53
35361,200070670,35,53
35362,243500782,35,53
35363,243500139,35,53
36001,200007052,36,24
36002,200068880,36,24
36003,200068880,36,24
36004,243600202,36,24
36005,243600327,36,24
36006,200068872,36,24
36007,243600301,36,24
36008,200035848,36,24
36009,243600327,36,24
36010,243600343,36,24
36011,243600202,36,24
36012,200068872,36,24
36013,243600293,36,24
36014,200068872,36,24
36015,200035137,36,24
36016,200035137,36,24
36017,243600350,36,24
36018,243600319,36,24
36019,200068880,36,24
36020,200035137,36,24
36021,243600236,36,24
36022,200068872,36,24
36023,243600293,36,24
36024,243600293,36,24
36025,243600350,36,24
36026,243600293,36,24
36027,200068880,36,24
36028,200007052,36,24
36029,200068880,36,24
36030,200018521,36,24
36031,243600301,36,24
36032,200068872,36,24
36033,200068872,36,24
36034,243600202,36,24
36035,200035137,36,24
36036,200035137,36,24
36037,200068880,36,24
36038,243600350,36,24
36040,243600301,36,24
36041,200068880,36,24
36042,200068872,36,24
36043,243600350,36,24
36044,243600327,36,24
36045,200035848,36,24
36046,243600350,36,24
36047,200035137,36,24
36048,200068872,36,24
36049,243600319,36,24
36050,243600301,36,24
36051,243600319,36,24
36052,200068880,36,24
36053,243600319,36,24
36054,200035848,36,24
36055,200035848,36,24
36056,200018521,36,24
36057,243600327,36,24
36058,243600319,36,24
36059,200068880,36,24
36060,200007052,36,24
36061,200007052,36,24
36062,200068872,36,24
36063,243600327,36,24
36064,243600327,36,24
36065,243600236,36,24
36066,243600319,36,24
36067,200035137,36,24
36068,243600202,36,24
36069,200040558,36,24
36070,200068872,36,24
36071,243600327,36,24
36073,243600350,36,24
36074,200035848,36,24
36075,200068880,36,24
36076,243600319,36,24
36077,200040558,36,24
36078,200018521,36,24
36079,243600293,36,24
36080,200040558,36,24
36081,200068872,36,24
36082,200040558,36,24
36083,200068880,36,24
36084,200018521,36,24
36085,200068880,36,24
36086,200040558,36,24
36087,243600319,36,24
36088,243600236,36,24
36089,243600327,36,24
36090,200040558,36,24
36091,243600350,36,24
36092,200040558,36,24
36093,243600293,36,24
36094,200035137,36,24
36095,243600350,36,24
36096,243600343,36,24
36097,200068880,36,24
36098,200068880,36,24
36099,200007052,36,24
36100,243600350,36,24
36101,243600327,36,24
36102,200068880,36,24
36103,200040558,36,24
36104,243600319,36,24
36105,243600319,36,24
36106,243600319,36,24
36107,200040558,36,24
36108,200018521,36,24
36109,243600350,36,24
36110,200018521,36,24
36111,200018521,36,24
36112,243600327,36,24
36113,243600343,36,24
36114,200035137,36,24
36115,243600202,36,24
36116,200068880,36,24
36117,200068872,36,24
36118,243600301,36,24
36119,243600319,36,24
36120,200018521,36,24
36121,200068880,36,24
36122,200068880,36,24
36123,243600343,36,24
36124,243600343,36,24
36125,243600236,36,24
36126,200007052,36,24
36127,243600350,36,24
36128,243600327,36,24
36129,200018521,36,24
36130,243600350,36,24
36131,200068872,36,24
36132,243600350,36,24
36133,200018521,36,24
36134,200035137,36,24
36135,243600293,36,24
36136,200035848,36,24
36137,243600319,36,24
36138,243600350,36,24
36139,243600301,36,24
36140,200068880,36,24
36141,200018521,36,24
36142,243600301,36,24
36143,243600350,36,24
36144,243600319,36,24
36145,243600343,36,24
36146,200007052,36,24
36147,243600202,36,24
36148,243600319,36,24
36149,200035848,36,24
36150,200035137,36,24
36152,243600236,36,24
36153,243600343,36,24
36154,200068872,36,24
36155,200040558,36,24
36156,243600350,36,24
36157,243600319,36,24
36158,200068872,36,24
36159,243600327,36,24
36160,200068872,36,24
36161,200068872,36,24
36162,243600202,36,24
36163,243600350,36,24
36164,243600350,36,24
36165,243600319,36,24
36166,200040558,36,24
36167,243600319,36,24
36168,200035137,36,24
36169,200068880,36,24
36170,200068880,36,24
36171,243600236,36,24
36172,243600319,36,24
36173,243600319,36,24
36174,200035137,36,24
36175,243600293,36,24
36176,243600319,36,24
36177,243600319,36,24
36178,243600319,36,24
36179,200068880,36,24
36180,243600350,36,24
36181,200068880,36,24
36182,200035137,36,24
36184,243600350,36,24
36185,243600202,36,24
36186,243600350,36,24
36187,243600319,36,24
36188,200035848,36,24
36189,200007052,36,24
36190,200068880,36,24
36191,200068880,36,24
36192,200068872,36,24
36193,243600343,36,24
36194,243600301,36,24
36195,243600236,36,24
36196,200035137,36,24
36197,200035137,36,24
36198,243600301,36,24
36199,243600236,36,24
36200,200068872,36,24
36202,243600327,36,24
36203,200035848,36,24
36204,243600343,36,24
36205,200068880,36,24
36207,200007052,36,24
36208,243600350,36,24
36209,200068880,36,24
36210,243600350,36,24
36211,243600327,36,24
36212,243600343,36,24
36213,243600319,36,24
36214,243600350,36,24
36215,243600236,36,24
36216,200040558,36,24
36217,243600202,36,24
36218,243600301,36,24
36219,200068872,36,24
36220,243600319,36,24
36221,243600350,36,24
36222,200068880,36,24
36223,200035137,36,24
36224,243600319,36,24
36225,200035848,36,24
36226,200018521,36,24
36227,243600350,36,24
36228,200040558,36,24
36229,243600202,36,24
36230,200068880,36,24
36231,200068872,36,24
36232,243600301,36,24
36233,200040558,36,24
36234,243600350,36,24
36235,200040558,36,24
36236,243600350,36,24
36237,200040558,36,24
36238,243600350,36,24
36239,243600319,36,24
36240,243600350,36,24
36241,243600301,36,24
36242,243600293,36,24
36243,200040558,36,24
36244,200040558,36,24
36246,243600343,36,24
36247,243600293,36,24
36248,200068880,36,24
37001,200071587,37,24
37002,200072981,37,24
37003,200043065,37,24
37004,200043081,37,24
37005,200072668,37,24
37006,200072650,37,24
37007,200072668,37,24
37008,243700820,37,24
37009,243700499,37,24
37010,243700499,37,24
37011,200043081,37,24
37012,200072668,37,24
37013,200072981,37,24
37014,200072650,37,24
37015,200073161,37,24
37016,200071587,37,24
37018,243700754,37,24
37019,200071587,37,24
37020,200071587,37,24
37021,200073237,37,24
37022,200043081,37,24
37023,200071587,37,24
37024,200072981,37,24
37025,243700754,37,24
37026,200071587,37,24
37027,243700820,37,24
37028,200071587,37,24
37029,200071587,37,24
37030,243700499,37,24
37031,200072981,37,24
37032,200071587,37,24
37033,200071587,37,24
37034,200072668,37,24
37035,200072668,37,24
37036,200072981,37,24
37037,200072981,37,24
37038,200072650,37,24
37039,200071587,37,24
37040,200072668,37,24
37041,200073237,37,24
37042,200043081,37,24
37043,200043065,37,24
37044,200071587,37,24
37045,200071587,37,24
37046,243700820,37,24
37047,200073237,37,24
37048,200071587,37,24
37049,200071587,37,24
37050,243700754,37,24
37051,200072668,37,24
37052,200073161,37,24
37053,200071587,37,24
37054,243700754,37,24
37055,200072981,37,24
37056,200072650,37,24
37057,200071587,37,24
37058,200072981,37,24
37059,200073237,37,24
37060,200043065,37,24
37061,200071587,37,24
37062,200072981,37,24
37063,243700499,37,24
37064,200071587,37,24
37065,200072668,37,24
37066,200071587,37,24
37067,200072650,37,24
37068,200073237,37,24
37069,200071587,37,24
37070,243700820,37,24
37071,200072668,37,24
37072,200043081,37,24
37073,243700820,37,24
37074,200043081,37,24
37075,243700820,37,24
37076,200043081,37,24
37077,200072981,37,24
37078,200071587,37,24
37079,243700820,37,24
37080,200071587,37,24
37081,200072981,37,24
37082,200072981,37,24
37083,200071587,37,24
37084,200072981,37,24
37085,243700820,37,24
37086,200072981,37,24
37087,200072668,37,24
37088,200043081,37,24
37089,200043081,37,24
37090,200072668,37,24
37091,243700820,37,24
37092,243700499,37,24
37093,200072668,37,24
37094,200071587,37,24
37095,243700499,37,24
37096,243700820,37,24
37097,200071587,37,24
37098,200071587,37,24
37099,243700754,37,24
37100,243700820,37,24
37101,200073237,37,24
37103,200071587,37,24
37104,200072650,37,24
37105,200072668,37,24
37106,243700499,37,24
37107,200071587,37,24
37108,200071587,37,24
37109,243700754,37,24
37110,243700820,37,24
37111,200071587,37,24
37112,200072981,37,24
37113,200071587,37,24
37114,200071587,37,24
37115,200071587,37,24
37116,243700499,37,24
37117,200072981,37,24
37118,200043081,37,24
37119,200072668,37,24
37121,200072668,37,24
37122,243700754,37,24
37123,200072981,37,24
37124,200073161,37,24
37125,200072668,37,24
37126,200043081,37,24
37127,200071587,37,24
37128,200072650,37,24
37129,200072668,37,24
37130,200071587,37,24
37131,200043065,37,24
37132,200071587,37,24
37133,200071587,37,24
37134,200071587,37,24
37136,200071587,37,24
37137,200072981,37,24
37138,200043065,37,24
37139,243700754,37,24
37140,200072668,37,24
37141,243700820,37,24
37142,200072668,37,24
37143,200071587,37,24
37144,200043081,37,24
37145,200071587,37,24
37146,200072981,37,24
37147,200072668,37,24
37148,200072668,37,24
37149,200073237,37,24
37150,200072981,37,24
37151,243700754,37,24
37152,243700754,37,24
37153,200073161,37,24
37154,200072650,37,24
37155,243700499,37,24
37156,200073161,37,24
37157,200071587,37,24
37158,200043065,37,24
37159,200072650,37,24
37160,243700499,37,24
37161,200043065,37,24
37162,200071587,37,24
37163,200043065,37,24
37165,200072668,37,24
37166,200043065,37,24
37167,200073237,37,24
37168,200071587,37,24
37169,243700499,37,24
37170,200073237,37,24
37171,200043065,37,24
37172,243700754,37,24
37173,200071587,37,24
37174,200072668,37,24
37175,243700499,37,24
37176,200072668,37,24
37177,200071587,37,24
37178,200072668,37,24
37179,243700754,37,24
37180,200072668,37,24
37181,200071587,37,24
37182,200073237,37,24
37183,200071587,37,24
37184,200071587,37,24
37185,200043065,37,24
37186,200072650,37,24
37187,200072668,37,24
37188,200072668,37,24
37189,200071587,37,24
37190,200072668,37,24
37191,200072668,37,24
37192,200071587,37,24
37193,200072981,37,24
37194,200073161,37,24
37195,243700754,37,24
37196,200072668,37,24
37197,200072650,37,24
37198,200072981,37,24
37199,200072668,37,24
37200,200072650,37,24
37201,200043081,37,24
37202,200043081,37,24
37203,243700754,37,24
37204,200073237,37,24
37205,200072650,37,24
37206,200073237,37,24
37207,200073237,37,24
37208,243700754,37,24
37210,200043081,37,24
37211,200072650,37,24
37212,200072650,37,24
37213,200073237,37,24
37214,243700754,37,24
37216,200072668,37,24
37217,243700754,37,24
37218,200071587,37,24
37219,243700754,37,24
37220,200043081,37,24
37221,200071587,37,24
37222,200071587,37,24
37223,200072981,37,24
37224,243700499,37,24
37225,243700820,37,24
37226,200072668,37,24
37228,200072981,37,24
37229,243700499,37,24
37230,200043065,37,24
37231,200073237,37,24
37232,200072981,37,24
37233,243700754,37,24
37234,200071587,37,24
37236,200043065,37,24
37237,200073237,37,24
37238,200071587,37,24
37240,243700499,37,24
37241,200072981,37,24
37242,200043081,37,24
37243,243700754,37,24
37244,200072668,37,24
37245,200073237,37,24
37246,200071587,37,24
37247,200071587,37,24
37248,200043081,37,24
37249,200073237,37,24
37250,200072650,37,24
37251,200072981,37,24
37252,200043065,37,24
37253,243700820,37,24
37254,200071587,37,24
37255,200072668,37,24
37256,200072668,37,24
37257,200072650,37,24
37258,200043081,37,24
37259,200071587,37,24
37260,200072668,37,24
37261,243700754,37,24
37262,200072668,37,24
37263,200072650,37,24
37264,200072650,37,24
37265,200071587,37,24
37266,200072650,37,24
37267,200073161,37,24
37268,200072668,37,24
37269,200071587,37,24
37270,200073161,37,24
37271,200072650,37,24
37272,243700754,37,24
37273,200073161,37,24
37274,200073237,37,24
37275,200071587,37,24
37276,243700499,37,24
37277,200071587,37,24
37278,200072650,37,24
37279,200072981,37,24
37280,200071587,37,24
37281,200073161,37,24
37282,200071587,37,24
38001,200068567,38,84
38002,200018166,38,84
38003,200085751,38,84
38004,200070431,38,84
38005,243800745,38,84
38006,200018166,38,84
38008,200040657,38,84
38009,200085751,38,84
38010,200068542,38,84
38011,243800935,38,84
38012,200068567,38,84
38013,243801073,38,84
38015,200059392,38,84
38017,200085751,38,84
38018,200070431,38,84
38019,200085751,38,84
38020,243800745,38,84
38022,200068542,38,84
38023,200030658,38,84
38026,200068542,38,84
38027,200018166,38,84
38029,200068567,38,84
38030,243801073,38,84
38031,200040657,38,84
38032,200059392,38,84
38033,200070431,38,84
38034,200085751,38,84
38035,200059392,38,84
38036,200070431,38,84
38037,200085751,38,84
38038,200068567,38,84
38039,200018166,38,84
38040,243800745,38,84
38041,200070431,38,84
38042,243801073,38,84
38043,243800984,38,84
38044,200068567,38,84
38045,200018166,38,84
38046,243801073,38,84
38047,200068567,38,84
38048,243801255,38,84
38049,200059392,38,84
38050,200068542,38,84
38051,200085751,38,84
38052,243800745,38,84
38053,243800604,38,84
38054,200068542,38,84
38055,200068542,38,84
38056,200059392,38,84
38057,200040715,38,84
38058,200059392,38,84
38059,200040715,38,84
38060,200059392,38,84
38061,243800984,38,84
38062,200018166,38,84
38063,243801073,38,84
38064,200068567,38,84
38065,243801073,38,84
38066,200085751,38,84
38067,200068542,38,84
38068,200040715,38,84
38069,200059392,38,84
38070,200018166,38,84
38071,200040715,38,84
38072,200085751,38,84
38073,200040657,38,84
38074,200070431,38,84
38075,200018166,38,84
38076,200068567,38,84
38077,200085751,38,84
38078,200018166,38,84
38080,243800984,38,84
38081,243801255,38,84
38082,243800984,38,84
38083,200068542,38,84
38084,243800984,38,84
38085,243800935,38,84
38086,200070431,38,84
38087,200077014,38,84
38089,200068567,38,84
38090,200030658,38,84
38091,243800604,38,84
38092,200070431,38,84
38093,200059392,38,84
38094,200059392,38,84
38095,200070431,38,84
38097,243800935,38,84
38098,200068567,38,84
38099,200070431,38,84
38100,200018166,38,84
38101,200085751,38,84
38102,243800604,38,84
38103,200030658,38,84
38104,200068567,38,84
38105,243800984,38,84
38106,200040657,38,84
38107,200077014,38,84
38108,200070431,38,84
38109,200068542,38,84
38110,200077014,38,84
38111,200040715,38,84
38112,243800745,38,84
38113,200030658,38,84
38114,200085751,38,84
38115,200030658,38,84
38116,200040657,38,84
38117,200070431,38,84
38118,243801073,38,84
38120,200018166,38,84
38124,200068542,38,84
38126,200040715,38,84
38127,200030658,38,84
38128,200040657,38,84
38129,243801024,38,84
38130,200059392,38,84
38131,200077014,38,84
38132,200040657,38,84
38133,243800984,38,84
38134,200085751,38,84
38135,200068542,38,84
38136,243800604,38,84
38137,200070431,38,84
38138,200068542,38,84
38139,200068542,38,84
38140,200018166,38,84
38141,200059392,38,84
38144,243801255,38,84
38146,200068542,38,84
38147,200068567,38,84
38148,200068567,38,84
38149,243800604,38,84
38150,200040715,38,84
38151,200040715,38,84
38152,243800604,38,84
38153,243801024,38,84
38154,200040657,38,84
38155,200040111,38,84
38156,243800604,38,84
38157,200077014,38,84
38158,200040715,38,84
38159,243801073,38,84
38160,200077014,38,84
38161,200059392,38,84
38162,200068567,38,84
38163,200018166,38,84
38166,200018166,38,84
38167,243801073,38,84
38169,200040715,38,84
38170,200040715,38,84
38171,200059392,38,84
38172,243800604,38,84
38173,243800745,38,84
38174,200059392,38,84
38175,200018166,38,84
38176,200068542,38,84
38177,243800745,38,84
38179,200040715,38,84
38180,200059392,38,84
38181,200018166,38,84
38182,243801073,38,84
38183,200068567,38,84
38184,243801255,38,84
38185,200040715,38,84
38186,200030658,38,84
38187,200040715,38,84
38188,200040715,38,84
38189,243801255,38,84
38190,200068542,38,84
38191,243800745,38,84
38192,200018166,38,84
38193,243800604,38,84
38194,243801073,38,84
38195,200070431,38,84
38197,243800935,38,84
38198,200085751,38,84
38199,200077014,38,84
38200,200040715,38,84
38203,200040657,38,84
38204,200030658,38,84
38205,243801024,38,84
38206,200018166,38,84
38207,200040657,38,84
38208,200030658,38,84
38209,200059392,38,84
38210,200068542,38,84
38211,200059392,38,84
38212,243800745,38,84
38213,200059392,38,84
38214,200018166,38,84
38215,200077014,38,84
38216,200070431,38,84
38217,200040657,38,84
38218,200059392,38,84
38219,200059392,38,84
38221,200059392,38,84
38222,243800984,38,84
38223,243800604,38,84
38224,200040657,38,84
38225,243801024,38,84
38226,200030658,38,84
38228,243800984,38,84
38229,200040715,38,84
38230,243800604,38,84
38231,200059392,38,84
38232,200077014,38,84
38235,200040715,38,84
38236,200040111,38,84
38237,243800745,38,84
38238,200077014,38,84
38239,243800984,38,84
38240,200085751,38,84
38241,200040657,38,84
38242,200030658,38,84
38243,200030658,38,84
38244,200085751,38,84
38245,200070431,38,84
38246,200068567,38,84
38247,200068542,38,84
38248,200070431,38,84
38249,200018166,38,84
38250,200068542,38,84
38252,200040715,38,84
38253,243800745,38,84
38254,200040657,38,84
38255,200059392,38,84
38256,243800984,38,84
38257,200068567,38,84
38258,200040715,38,84
38259,200085751,38,84
38260,200068542,38,84
38261,200068542,38,84
38263,200070431,38,84
38264,200040657,38,84
38265,200040657,38,84
38266,200040657,38,84
38267,200059392,38,84
38268,200018166,38,84
38269,200040657,38,84
38270,243800984,38,84
38271,200040715,38,84
38272,200070431,38,84
38273,200040657,38,84
38275,200070431,38,84
38276,243800604,38,84
38277,200040715,38,84
38278,200070431,38,84
38279,200040715,38,84
38280,200040657,38,84
38281,200040715,38,84
38282,200068542,38,84
38283,200040657,38,84
38284,200059392,38,84
38285,243800745,38,84
38286,243800745,38,84
38287,243801073,38,84
38288,243801255,38,84
38289,243800745,38,84
38290,200085751,38,84
38291,200059392,38,84
38292,243800984,38,84
38294,200068542,38,84
38295,200068542,38,84
38296,200068567,38,84
38297,200068542,38,84
38298,200085751,38,84
38299,200040657,38,84
38300,200059392,38,84
38301,200030658,38,84
38303,200018166,38,84
38304,200040657,38,84
38307,200085751,38,84
38308,200059392,38,84
38309,200040715,38,84
38310,200070431,38,84
38311,200085751,38,84
38313,200040657,38,84
38314,200018166,38,84
38315,200068567,38,84
38316,243800935,38,84
38317,200040715,38,84
38318,200077014,38,84
38319,200070431,38,84
38320,200068542,38,84
38321,200030658,38,84
38322,200070431,38,84
38323,200068567,38,84
38324,200085751,38,84
38325,200040715,38,84
38326,200040657,38,84
38328,200040715,38,84
38329,200040657,38,84
38330,200070431,38,84
38331,243800984,38,84
38332,243801073,38,84
38333,200070431,38,84
38334,200018166,38,84
38335,200085751,38,84
38336,200077014,38,84
38337,243800984,38,84
38338,200070431,38,84
38339,243801255,38,84
38340,200085751,38,84
38341,200068567,38,84
38342,200030658,38,84
38343,200068567,38,84
38344,200085751,38,84
38345,200070431,38,84
38346,200059392,38,84
38347,200059392,38,84
38348,243800604,38,84
38349,200085751,38,84
38350,200018166,38,84
38351,200059392,38,84
38352,243800604,38,84
38353,200085751,38,84
38354,200068567,38,84
38355,200030658,38,84
38356,200070431,38,84
38357,200068567,38,84
38358,200059392,38,84
38359,200070431,38,84
38360,200070431,38,84
38361,200040657,38,84
38362,243800984,38,84
38363,200085751,38,84
38364,200040715,38,84
38365,200068542,38,84
38366,200030658,38,84
38368,243800984,38,84
38369,200068567,38,84
38370,200070431,38,84
38372,243800984,38,84
38373,243800984,38,84
38374,200068542,38,84
38375,243800745,38,84
38376,200040111,38,84
38377,200068567,38,84
38378,200085751,38,84
38379,200059392,38,84
38380,243801073,38,84
38381,200068567,38,84
38382,200040715,38,84
38383,243800984,38,84
38384,200059392,38,84
38386,243800984,38,84
38387,200059392,38,84
38388,200040715,38,84
38389,243801255,38,84
38390,200070431,38,84
38391,200030658,38,84
38392,200068542,38,84
38393,200059392,38,84
38394,200070431,38,84
38395,200018166,38,84
38396,200040657,38,84
38397,200018166,38,84
38398,200068567,38,84
38399,200059392,38,84
38400,243800984,38,84
38401,200068567,38,84
38402,200040657,38,84
38403,200030658,38,84
38404,200018166,38,84
38405,200040111,38,84
38406,200085751,38,84
38407,243800984,38,84
38408,243801255,38,84
38409,200070431,38,84
38410,200070431,38,84
38412,200040111,38,84
38413,200040657,38,84
38414,200040657,38,84
38415,200068542,38,84
38416,200070431,38,84
38417,200018166,38,84
38418,200018166,38,84
38419,200030658,38,84
38420,200068567,38,84
38421,200040715,38,84
38422,200018166,38,84
38423,200040715,38,84
38424,200030658,38,84
38425,200085751,38,84
38426,200018166,38,84
38427,200059392,38,84
38428,200040657,38,84
38429,200030658,38,84
38430,200018166,38,84
38431,200018166,38,84
38432,243800984,38,84
38433,243801024,38,84
38434,200068567,38,84
38436,200040715,38,84
38437,200059392,38,84
38438,200030658,38,84
38439,200018166,38,84
38440,200059392,38,84
38442,200040111,38,84
38443,200070431,38,84
38444,200040657,38,84
38445,200040715,38,84
38446,200040111,38,84
38448,200085751,38,84
38449,243800604,38,84
38450,200070431,38,84
38451,200068542,38,84
38452,200085751,38,84
38453,200070431,38,84
38454,200070431,38,84
38455,243800604,38,84
38456,200030658,38,84
38457,200059392,38,84
38458,200068542,38,84
38459,200077014,38,84
38460,243800984,38,84
38462,200040657,38,84
38463,200070431,38,84
38464,200068567,38,84
38465,200068542,38,84
38466,200018166,38,84
38467,200068542,38,84
38468,200085751,38,84
38469,200040657,38,84
38470,200040657,38,84
38471,200040715,38,84
38472,200040715,38,84
38473,200059392,38,84
38474,200040715,38,84
38475,243800604,38,84
38476,200059392,38,84
38478,200040715,38,84
38479,200059392,38,84
38480,200077014,38,84
38481,243800604,38,84
38483,200068542,38,84
38484,200077014,38,84
38485,200040715,38,84
38486,200040715,38,84
38487,200077014,38,84
38488,200068542,38,84
38489,200040657,38,84
38490,200059392,38,84
38492,200030658,38,84
38494,200068542,38,84
38495,200070431,38,84
38496,200085751,38,84
38497,200040657,38,84
38498,243800604,38,84
38499,200040657,38,84
38500,200070431,38,84
38501,200018166,38,84
38503,200018166,38,84
38504,200018166,38,84
38505,200059392,38,84
38507,200068542,38,84
38508,200068567,38,84
38509,200068567,38,84
38511,200018166,38,84
38512,200059392,38,84
38513,200030658,38,84
38514,200030658,38,84
38515,200068542,38,84
38516,200040715,38,84
38517,243800984,38,84
38518,200040657,38,84
38519,243801255,38,84
38520,200068567,38,84
38521,200040657,38,84
38522,200040657,38,84
38523,200070431,38,84
38524,200040715,38,84
38525,200068542,38,84
38526,200070431,38,84
38527,243800745,38,84
38528,200040715,38,84
38529,200040715,38,84
38530,243800604,38,84
38531,243800984,38,84
38532,200068542,38,84
38533,200040715,38,84
38535,200068542,38,84
38536,200085751,38,84
38537,243800604,38,84
38538,200018166,38,84
38539,200068542,38,84
38540,200040715,38,84
38542,200068542,38,84
38543,200068542,38,84
38544,200077014,38,84
38545,200040715,38,84
38546,200068542,38,84
38547,200018166,38,84
38548,243801024,38,84
38549,243800745,38,84
38550,243800745,38,84
38551,243800745,38,84
38552,200040657,38,84
38553,243800604,38,84
38554,200068542,38,84
38555,200059392,38,84
38556,200085751,38,84
38557,243800935,38,84
38558,200077014,38,84
38559,200070431,38,84
38560,200068567,38,84
38561,200059392,38,84
38562,200040715,38,84
38563,243800984,38,84
38564,243800984,38,84
38565,243800984,38,84
38566,243800984,38,84
38567,200018166,38,84
39001,200010650,39,27
39002,200071595,39,27
39003,200071595,39,27
39004,200071595,39,27
39006,200071595,39,27
39007,200090579,39,27
39008,200010650,39,27
39009,200069623,39,27
39010,200090579,39,27
39011,243901089,39,27
39013,200071595,39,27
39014,200010650,39,27
39015,200069623,39,27
39016,200090579,39,27
39017,200069615,39,27
39018,200090579,39,27
39019,200071595,39,27
39020,200069623,39,27
39021,200090579,39,27
39022,243901089,39,27
39024,200010650,39,27
39025,200072056,39,27
39026,243900420,39,27
39027,200072056,39,27
39028,200071595,39,27
39029,200010650,39,27
39030,200010650,39,27
39031,200010650,39,27
39032,200026573,39,27
39034,243901089,39,27
39035,200072056,39,27
39037,243900420,39,27
39038,200090579,39,27
39039,243900560,39,27
39040,200071595,39,27
39041,200071116,39,27
39042,200010650,39,27
39043,200072056,39,27
39045,200090579,39,27
39046,200026573,39,27
39047,243900479,39,27
39048,243900420,39,27
39049,200071595,39,27
39050,200071595,39,27
39051,200010650,39,27
39052,200069623,39,27
39053,200069623,39,27
39054,200071595,39,27
39055,200069623,39,27
39056,200069615,39,27
39057,200069615,39,27
39058,200090579,39,27
39059,243900354,39,27
39060,200069615,39,27
39061,200090579,39,27
39062,200090579,39,27
39063,200090579,39,27
39065,200069615,39,27
39066,200071116,39,27
39068,200026573,39,27
39070,200069623,39,27
39072,200071595,39,27
39073,200071595,39,27
39074,243900560,39,27
39076,243900560,39,27
39077,243901089,39,27
39078,200010650,39,27
39079,200071116,39,27
39080,200090579,39,27
39081,200071595,39,27
39083,200069623,39,27
39084,200071595,39,27
39085,200069623,39,27
39086,200090579,39,27
39088,200071116,39,27
39090,243901089,39,27
39091,200069623,39,27
39092,200090579,39,27
39093,243900420,39,27
39094,200071595,39,27
39095,243900420,39,27
39096,200010650,39,27
39097,200069623,39,27
39099,200010650,39,27
39100,200069615,39,27
39101,200010650,39,27
39102,200090579,39,27
39103,200071595,39,27
39104,200069615,39,27
39105,200069623,39,27
39106,200090579,39,27
39107,200090579,39,27
39108,200069623,39,27
39109,200090579,39,27
39110,200069615,39,27
39111,200090579,39,27
39112,200069615,39,27
39114,200069615,39,27
39116,200071595,39,27
39117,243900420,39,27
39118,200090579,39,27
39119,200071595,39,27
39120,200069623,39,27
39121,200010650,39,27
39122,200090579,39,27
39124,200069615,39,27
39126,243900610,39,27
39127,200071595,39,27
39128,243901089,39,27
39129,200069623,39,27
39130,243900610,39,27
39131,243900610,39,27
39132,200069615,39,27
39133,200071595,39,27
39134,200090579,39,27
39136,200069615,39,27
39137,200090579,39,27
39138,243901089,39,27
39139,243901089,39,27
39140,200069615,39,27
39141,200010650,39,27
39142,200072056,39,27
39143,200090579,39,27
39145,200071116,39,27
39146,200071116,39,27
39147,200071595,39,27
39149,243900420,39,27
39150,200010650,39,27
39151,200026573,39,27
39153,200069623,39,27
39154,200090579,39,27
39155,200071595,39,27
39156,200090579,39,27
39157,200026573,39,27
39159,200071595,39,27
39160,200069615,39,27
39162,200071116,39,27
39163,200090579,39,27
39164,200071116,39,27
39165,200069623,39,27
39166,200090579,39,27
39167,200069615,39,27
39168,200090579,39,27
39169,200071116,39,27
39170,200071116,39,27
39171,200071116,39,27
39172,243900560,39,27
39173,200072056,39,27
39174,200026573,39,27
39175,200090579,39,27
39176,243900420,39,27
39177,200069615,39,27
39178,200069623,39,27
39179,200090579,39,27
39180,200090579,39,27
39182,200010650,39,27
39183,200069623,39,27
39184,200090579,39,27
39185,200072056,39,27
39187,200069623,39,27
39188,243900560,39,27
39189,200010650,39,27
39190,243900560,39,27
39191,200071595,39,27
39192,200090579,39,27
39193,200010650,39,27
39194,200069615,39,27
39196,200069615,39,27
39197,200072056,39,27
39198,200010650,39,27
39199,200069615,39,27
39200,200090579,39,27
39201,200090579,39,27
39202,200071595,39,27
39203,200069623,39,27
39204,200090579,39,27
39205,200010650,39,27
39206,243900420,39,27
39207,200090579,39,27
39208,200069623,39,27
39209,200072056,39,27
39210,200069623,39,27
39211,243901089,39,27
39214,200069623,39,27
39216,200090579,39,27
39217,200071116,39,27
39218,243900560,39,27
39219,243900560,39,27
39220,200010650,39,27
39221,200069623,39,27
39222,200071595,39,27
39223,200071595,39,27
39225,200071595,39,27
39227,200069623,39,27
39228,200069623,39,27
39229,200069615,39,27
39230,200090579,39,27
39232,243900610,39,27
39233,200010650,39,27
39234,200069615,39,27
39235,243900560,39,27
39236,200069615,39,27
39237,200069623,39,27
39238,200010650,39,27
39239,200090579,39,27
39240,200069623,39,27
39241,200071116,39,27
39244,200069615,39,27
39245,243901089,39,27
39246,243900560,39,27
39247,200090579,39,27
39248,200071595,39,27
39249,243900420,39,27
39250,200071116,39,27
39251,200071116,39,27
39252,200010650,39,27
39253,200090579,39,27
39254,200069623,39,27
39255,200072056,39,27
39258,243900610,39,27
39259,243900420,39,27
39261,200072056,39,27
39262,200010650,39,27
39263,200071595,39,27
39265,200090579,39,27
39266,243901089,39,27
39267,200071595,39,27
39268,200071595,39,27
39269,200090579,39,27
39270,200010650,39,27
39271,243900610,39,27
39272,200069615,39,27
39273,200090579,39,27
39274,200026573,39,27
39275,243900354,39,27
39277,200069623,39,27
39278,200090579,39,27
39279,200069615,39,27
39280,200026573,39,27
39281,200069623,39,27
39282,200069623,39,27
39283,200090579,39,27
39284,200010650,39,27
39285,200010650,39,27
39286,200026573,39,27
39288,200069615,39,27
39289,200090579,39,27
39290,200090579,39,27
39291,200071595,39,27
39292,200069623,39,27
39293,200026573,39,27
39295,200072056,39,27
39296,200069615,39,27
39297,243900479,39,27
39298,200069623,39,27
39299,243901089,39,27
39300,200071116,39,27
39301,200069623,39,27
39302,243900560,39,27
39304,200069615,39,27
39305,243900420,39,27
39306,200071116,39,27
39307,200090579,39,27
39308,200010650,39,27
39310,200069615,39,27
39312,200090579,39,27
39313,200069623,39,27
39314,200090579,39,27
39315,200071595,39,27
39317,200069615,39,27
39318,200090579,39,27
39319,200071595,39,27
39320,200072056,39,27
39321,200069615,39,27
39322,200090579,39,27
39323,200010650,39,27
39324,200090579,39,27
39325,200071595,39,27
39326,200090579,39,27
39327,200071116,39,27
39328,200090579,39,27
39329,200069623,39,27
39330,200071595,39,27
39331,200069623,39,27
39333,200090579,39,27
39334,200071116,39,27
39335,200010650,39,27
39336,200071595,39,27
39337,200071595,39,27
39338,243901089,39,27
39339,200026573,39,27
39342,200071595,39,27
39343,200090579,39,27
39344,200069623,39,27
39345,200010650,39,27
39346,200072056,39,27
39348,200071116,39,27
39349,200069615,39,27
39350,243900420,39,27
39351,200090579,39,27
39352,243900560,39,27
39353,200090579,39,27
39354,200071595,39,27
39355,200071595,39,27
39356,200069623,39,27
39359,200071595,39,27
39360,243900560,39,27
39361,243900560,39,27
39362,200071116,39,27
39363,200090579,39,27
39364,200069623,39,27
39365,243900420,39,27
39366,200069623,39,27
39367,243900479,39,27
39368,243900479,39,27
39370,243900420,39,27
39372,200069623,39,27
39373,200026573,39,27
39375,200090579,39,27
39376,200069623,39,27
39377,243900560,39,27
39378,200072056,39,27
39379,200069615,39,27
39380,200090579,39,27
39381,200069623,39,27
39385,243901089,39,27
39386,200071595,39,27
39387,200010650,39,27
39388,200069615,39,27
39389,200069623,39,27
39390,200090579,39,27
39391,200069623,39,27
39392,243900560,39,27
39393,200069623,39,27
39394,200090579,39,27
39396,243900560,39,27
39397,200090579,39,27
39398,243900560,39,27
39399,243900420,39,27
39400,243900560,39,27
39401,200071595,39,27
39402,243900560,39,27
39403,243900420,39,27
39404,200071116,39,27
39405,200010650,39,27
39406,200069623,39,27
39407,200069615,39,27
39408,200090579,39,27
39409,200010650,39,27
39411,200071116,39,27
39412,200010650,39,27
39413,200026573,39,27
39415,243901089,39,27
39418,200071595,39,27
39419,200069623,39,27
39420,200090579,39,27
39421,200071116,39,27
39422,200069615,39,27
39423,200090579,39,27
39424,200069623,39,27
39425,200071595,39,27
39426,200071595,39,27
39427,200069623,39,27
39428,200069623,39,27
39429,243901089,39,27
39430,243900560,39,27
39431,200090579,39,27
39432,200010650,39,27
39434,200071595,39,27
39435,200090579,39,27
39436,200071595,39,27
39437,200069623,39,27
39439,243900420,39,27
39441,243900354,39,27
39443,200090579,39,27
39444,200071595,39,27
39445,200071116,39,27
39446,200071595,39,27
39447,200069615,39,27
39448,243901089,39,27
39449,200010650,39,27
39451,243900560,39,27
39452,243900560,39,27
39453,200026573,39,27
39454,200069615,39,27
39455,200090579,39,27
39456,200069615,39,27
39457,200069615,39,27
39458,200071116,39,27
39460,200026573,39,27
39461,200069623,39,27
39462,200010650,39,27
39463,200026573,39,27
39464,243900560,39,27
39465,200010650,39,27
39466,200072056,39,27
39467,200072056,39,27
39468,200090579,39,27
39469,243900560,39,27
39470,243900354,39,27
39471,200069615,39,27
39472,200069615,39,27
39473,200069623,39,27
39475,200072056,39,27
39476,200010650,39,27
39477,243901089,39,27
39478,200026573,39,27
39479,200071595,39,27
39480,200071116,39,27
39481,200069623,39,27
39485,200090579,39,27
39486,200069615,39,27
39487,243900610,39,27
39489,200071595,39,27
39490,243901089,39,27
39491,200026573,39,27
39492,200090579,39,27
39493,200090579,39,27
39494,243900610,39,27
39495,200071595,39,27
39497,200071595,39,27
39498,243900560,39,27
39499,243900560,39,27
39500,200071595,39,27
39501,200010650,39,27
39502,243900420,39,27
39503,200069623,39,27
39504,200090579,39,27
39505,200090579,39,27
39507,243901089,39,27
39508,200069615,39,27
39510,200026573,39,27
39511,200069615,39,27
39512,200069615,39,27
39513,243900560,39,27
39514,243900560,39,27
39517,200069623,39,27
39518,200090579,39,27
39519,200090579,39,27
39520,243900420,39,27
39522,200069623,39,27
39523,200069623,39,27
39525,243901089,39,27
39526,200010650,39,27
39527,243900560,39,27
39528,243900560,39,27
39529,200071595,39,27
39530,200090579,39,27
39531,200090579,39,27
39532,200072056,39,27
39533,200069615,39,27
39534,200090579,39,27
39535,200071595,39,27
39537,200071116,39,27
39538,200090579,39,27
39539,200071595,39,27
39540,200069623,39,27
39543,200069623,39,27
39545,200069623,39,27
39546,243900420,39,27
39547,200090579,39,27
39550,200071116,39,27
39551,200072056,39,27
39552,200071116,39,27
39553,200069615,39,27
39554,200069623,39,27
39555,200069615,39,27
39556,200090579,39,27
39557,200090579,39,27
39558,200071116,39,27
39559,243900420,39,27
39560,200026573,39,27
39561,200090579,39,27
39565,243900420,39,27
39567,200071116,39,27
39568,200071595,39,27
39569,243900420,39,27
39570,200071595,39,27
39571,200010650,39,27
39572,200071595,39,27
39573,200010650,39,27
39574,200069615,39,27
39575,200069615,39,27
39576,200072056,39,27
39577,200069615,39,27
39579,200026573,39,27
39581,243900560,39,27
39582,200069615,39,27
39583,200090579,39,27
39584,200010650,39,27
39585,200026573,39,27
39586,200071595,39,27
40001,200030435,40,75
40002,244000881,40,75
40003,244000675,40,75
40004,244000865,40,75
40005,200069649,40,75
40006,244000691,40,75
40007,244000881,40,75
40008,200069656,40,75
40011,244000881,40,75
40012,244000824,40,75
40013,244000774,40,75
40014,200035541,40,75
40015,200035541,40,75
40016,200069649,40,75
40017,200069649,40,75
40018,244000766,40,75
40019,244000543,40,75
40020,200069649,40,75
40021,244000865,40,75
40022,200030435,40,75
40023,200069631,40,75
40024,200069649,40,75
40025,244000824,40,75
40026,200069649,40,75
40027,244000881,40,75
40028,244000881,40,75
40029,200069649,40,75
40030,200035541,40,75
40031,244000766,40,75
40032,200069656,40,75
40033,200069656,40,75
40034,200069417,40,75
40035,244000675,40,75
40036,244000865,40,75
40037,244000808,40,75
40038,200069631,40,75
40039,200035541,40,75
40040,244000766,40,75
40041,244000881,40,75
40042,244000659,40,75
40043,244000543,40,75
40044,244000659,40,75
40046,244000873,40,75
40047,244000881,40,75
40049,244000824,40,75
40050,244000808,40,75
40051,244000808,40,75
40052,244000774,40,75
40053,200035541,40,75
40054,244000881,40,75
40055,244000808,40,75
40056,200069656,40,75
40057,200030435,40,75
40058,200035541,40,75
40059,200069417,40,75
40060,200069656,40,75
40061,244000808,40,75
40062,244000808,40,75
40063,244000675,40,75
40064,200069656,40,75
40065,244000865,40,75
40066,244000766,40,75
40067,244000766,40,75
40068,200069631,40,75
40069,244000881,40,75
40070,244000824,40,75
40071,244000881,40,75
40072,200069649,40,75
40073,200069649,40,75
40074,244000881,40,75
40075,244000857,40,75
40076,200069649,40,75
40077,200069417,40,75
40078,200069631,40,75
40079,200069649,40,75
40080,244000824,40,75
40081,200069656,40,75
40082,200030435,40,75
40083,200069649,40,75
40084,200069631,40,75
40085,200069656,40,75
40086,200069649,40,75
40087,200035541,40,75
40088,244000675,40,75
40089,200069631,40,75
40090,244000881,40,75
40091,200030435,40,75
40092,200069649,40,75
40093,200035541,40,75
40094,200069656,40,75
40095,200069417,40,75
40096,200035541,40,75
40097,200030435,40,75
40098,200069649,40,75
40099,200069649,40,75
40100,244000774,40,75
40101,200069417,40,75
40102,200035541,40,75
40103,244000808,40,75
40104,200069631,40,75
40105,200069656,40,75
40106,200069631,40,75
40108,244000873,40,75
40109,244000881,40,75
40110,200069649,40,75
40111,244000808,40,75
40112,200069631,40,75
40113,200069631,40,75
40114,244000675,40,75
40115,200069631,40,75
40116,244000766,40,75
40117,244000824,40,75
40118,200069417,40,75
40119,200069649,40,75
40120,200069417,40,75
40121,200069631,40,75
40122,200069649,40,75
40123,244000675,40,75
40124,200035541,40,75
40125,244000675,40,75
40126,200069631,40,75
40127,244000774,40,75
40128,200069649,40,75
40129,244000865,40,75
40130,200069649,40,75
40131,200035541,40,75
40132,200069417,40,75
40133,244000865,40,75
40134,200069656,40,75
40135,200069656,40,75
40136,200069649,40,75
40137,244000774,40,75
40138,200069649,40,75
40139,244000808,40,75
40140,200035541,40,75
40141,200069631,40,75
40142,244000766,40,75
40143,244000766,40,75
40144,200069631,40,75
40145,244000824,40,75
40146,200030435,40,75
40147,200069631,40,75
40148,200069649,40,75
40149,200035541,40,75
40150,244000857,40,75
40151,244000766,40,75
40152,244000691,40,75
40153,244000766,40,75
40154,244000857,40,75
40155,244000857,40,75
40156,200069656,40,75
40157,244000857,40,75
40158,200035541,40,75
40159,200069631,40,75
40160,200069631,40,75
40161,200035541,40,75
40162,244000808,40,75
40163,244000873,40,75
40164,200035541,40,75
40165,200069656,40,75
40166,244000824,40,75
40167,200069656,40,75
40168,244000865,40,75
40169,200035541,40,75
40170,200069656,40,75
40171,200069656,40,75
40172,200069649,40,75
40173,244000881,40,75
40174,200069649,40,75
40175,244000824,40,75
40176,200035541,40,75
40177,200069631,40,75
40178,244000808,40,75
40179,244000675,40,75
40180,244000766,40,75
40181,244000865,40,75
40182,244000543,40,75
40183,200069417,40,75
40184,244000543,40,75
40185,200069649,40,75
40186,200069417,40,75
40187,244000865,40,75
40188,200069649,40,75
40189,200069649,40,75
40190,200069649,40,75
40191,200069649,40,75
40192,244000808,40,75
40193,244000774,40,75
40194,200069631,40,75
40195,200069649,40,75
40196,200069649,40,75
40197,244000691,40,75
40198,200069649,40,75
40199,200069417,40,75
40200,200069656,40,75
40201,200069631,40,75
40202,244000675,40,75
40203,244000881,40,75
40204,200069631,40,75
40205,200069631,40,75
40206,200069417,40,75
40207,244000675,40,75
40208,200069631,40,75
40209,244000659,40,75
40210,244000691,40,75
40211,200069417,40,75
40212,200069417,40,75
40213,244000865,40,75
40214,200069417,40,75
40215,244000691,40,75
40216,200069631,40,75
40217,244000873,40,75
40218,200035541,40,75
40219,200069649,40,75
40220,200069649,40,75
40221,244000774,40,75
40222,200069417,40,75
40223,200069649,40,75
40224,200069417,40,75
40225,200069649,40,75
40226,200069649,40,75
40227,200069656,40,75
40228,244000881,40,75
40229,244000543,40,75
40230,244000766,40,75
40231,200069417,40,75
40232,200069649,40,75
40233,200069417,40,75
40234,244000808,40,75
40235,200069631,40,75
40236,200069631,40,75
40237,200069631,40,75
40238,244000774,40,75
40239,200069649,40,75
40240,200030435,40,75
40242,200035541,40,75
40243,244000766,40,75
40244,244000675,40,75
40245,200035541,40,75
40246,200069656,40,75
40247,200030435,40,75
40248,244000659,40,75
40249,200069631,40,75
40250,244000808,40,75
40251,244000659,40,75
40252,200069649,40,75
40253,200069649,40,75
40254,200069417,40,75
40255,244000774,40,75
40256,200069417,40,75
40257,244000873,40,75
40258,244000774,40,75
40259,244000774,40,75
40260,200069631,40,75
40261,244000865,40,75
40262,200035541,40,75
40263,200069631,40,75
40264,244000865,40,75
40265,200035541,40,75
40266,244000857,40,75
40267,200035541,40,75
40268,244000659,40,75
40269,200069417,40,75
40270,200030435,40,75
40271,244000865,40,75
40272,244000865,40,75
40273,244000659,40,75
40274,244000808,40,75
40275,244000824,40,75
40276,244000857,40,75
40277,244000675,40,75
40278,244000543,40,75
40279,244000675,40,75
40280,244000808,40,75
40281,244000808,40,75
40282,200069649,40,75
40283,244000675,40,75
40284,244000865,40,75
40285,244000766,40,75
40286,200069649,40,75
40287,244000873,40,75
40288,200035541,40,75
40289,200069649,40,75
40290,200030435,40,75
40291,244000865,40,75
40292,244000865,40,75
40293,244000865,40,75
40294,244000675,40,75
40295,200069656,40,75
40296,244000865,40,75
40297,200069656,40,75
40298,200069649,40,75
40299,200069649,40,75
40300,244000675,40,75
40301,244000675,40,75
40303,200069656,40,75
40304,244000865,40,75
40305,200069649,40,75
40306,200069417,40,75
40307,200069656,40,75
40308,200069631,40,75
40309,244000766,40,75
40310,244000865,40,75
40311,244000857,40,75
40312,244000659,40,75
40313,244000766,40,75
40314,244000675,40,75
40315,244000675,40,75
40316,200069417,40,75
40317,244000865,40,75
40318,200069631,40,75
40319,200069656,40,75
40320,244000808,40,75
40321,200069649,40,75
40322,244000857,40,75
40323,200069656,40,75
40324,200069631,40,75
40325,200030435,40,75
40326,244000857,40,75
40327,200035541,40,75
40328,244000865,40,75
40329,244000824,40,75
40330,244000766,40,75
40331,244000774,40,75
40332,244000873,40,75
40333,244000691,40,75
40334,244000675,40,75
41001,200072072,41,24
41002,200072064,41,24
41003,200072072,41,24
41004,200072072,41,24
41006,200055481,41,24
41007,200072072,41,24
41008,200055481,41,24
41009,200030385,41,24
41010,200072072,41,24
41012,244100293,41,24
41013,244100798,41,24
41014,244100293,41,24
41016,200018406,41,24
41017,200070183,41,24
41018,200030385,41,24
41019,200055481,41,24
41020,200072072,41,24
41022,200040772,41,24
41024,244100293,41,24
41025,244100798,41,24
41026,200040772,41,24
41027,200055481,41,24
41028,200040772,41,24
41029,200030385,41,24
41030,200072072,41,24
41031,200030385,41,24
41032,200030385,41,24
41034,244100798,41,24
41035,200030385,41,24
41036,200000800,41,24
41037,200040772,41,24
41038,200018406,41,24
41039,200055481,41,24
41040,200030385,41,24
41041,200040772,41,24
41042,200072064,41,24
41043,200072064,41,24
41044,200018406,41,24
41045,200030385,41,24
41046,200000800,41,24
41047,200030385,41,24
41048,200040772,41,24
41049,200072064,41,24
41050,200030385,41,24
41051,200072064,41,24
41052,200030385,41,24
41053,244100293,41,24
41054,200072064,41,24
41055,200030385,41,24
41057,200055481,41,24
41058,200055481,41,24
41059,200072064,41,24
41060,244100293,41,24
41061,200030385,41,24
41062,200072064,41,24
41063,200072064,41,24
41065,200072072,41,24
41066,200055481,41,24
41067,200030385,41,24
41068,200018406,41,24
41069,200055481,41,24
41070,200072072,41,24
41071,244100798,41,24
41072,200072072,41,24
41073,200072072,41,24
41074,244100780,41,24
41075,200040772,41,24
41077,200055481,41,24
41078,200072072,41,24
41079,200072072,41,24
41080,200072064,41,24
41081,200072072,41,24
41083,244100780,41,24
41084,244100806,41,24
41085,244100798,41,24
41086,244100798,41,24
41087,200072072,41,24
41088,200040772,41,24
41089,200040772,41,24
41090,200072072,41,24
41091,200030385,41,24
41093,200030385,41,24
41094,200072064,41,24
41095,200040772,41,24
41096,244100293,41,24
41097,200018406,41,24
41098,200072072,41,24
41099,200072064,41,24
41100,200072072,41,24
41101,200030385,41,24
41102,200072072,41,24
41103,200072072,41,24
41104,244100798,41,24
41105,200055481,41,24
41106,200000800,41,24
41107,200072072,41,24
41108,200030385,41,24
41109,200030385,41,24
41110,200018406,41,24
41112,200072064,41,24
41113,200072072,41,24
41114,200055481,41,24
41115,200040772,41,24
41116,200040772,41,24
41118,200018406,41,24
41119,200055481,41,24
41120,200072072,41,24
41121,200055481,41,24
41122,200018406,41,24
41123,200055481,41,24
41124,200072072,41,24
41125,244100780,41,24
41126,200072064,41,24
41127,244100780,41,24
41128,200030385,41,24
41129,244100798,41,24
41130,200055481,41,24
41131,200072072,41,24
41132,200072064,41,24
41134,200030385,41,24
41135,200018406,41,24
41136,200055481,41,24
41137,200030385,41,24
41138,200072072,41,24
41139,200072064,41,24
41140,244100780,41,24
41141,200040772,41,24
41142,200030385,41,24
41143,244100293,41,24
41144,200030385,41,24
41145,200030385,41,24
41146,200072064,41,24
41147,200030385,41,24
41148,244100798,41,24
41149,200072072,41,24
41150,244100798,41,24
41151,200072064,41,24
41152,244100780,41,24
41153,200072072,41,24
41154,200040772,41,24
41155,200055481,41,24
41156,200055481,41,24
41157,200018406,41,24
41158,200072072,41,24
41159,244100780,41,24
41160,244100798,41,24
41161,200000800,41,24
41163,200072072,41,24
41164,200072064,41,24
41166,200072064,41,24
41167,200030385,41,24
41168,244100806,41,24
41171,200055481,41,24
41172,200040772,41,24
41173,200070183,41,24
41174,200072072,41,24
41175,200040772,41,24
41176,244100806,41,24
41177,244100293,41,24
41178,200055481,41,24
41179,200040772,41,24
41180,200072064,41,24
41181,200072064,41,24
41182,200072072,41,24
41184,200072072,41,24
41185,200018406,41,24
41186,200072072,41,24
41187,200040772,41,24
41188,200055481,41,24
41189,200030385,41,24
41190,200072072,41,24
41191,200055481,41,24
41192,200072072,41,24
41193,200040772,41,24
41194,200018406,41,24
41195,200072064,41,24
41196,200040772,41,24
41198,200072064,41,24
41199,200072072,41,24
41200,200072072,41,24
41201,200072072,41,24
41203,200030385,41,24
41204,244100798,41,24
41205,200030385,41,24
41206,200030385,41,24
41207,244100798,41,24
41208,200030385,41,24
41209,200072072,41,24
41211,200072064,41,24
41212,200030385,41,24
41213,200072072,41,24
41214,200040772,41,24
41215,200072072,41,24
41216,200040772,41,24
41217,200072064,41,24
41218,200018406,41,24
41219,200070183,41,24
41220,244100798,41,24
41221,200055481,41,24
41222,200018406,41,24
41223,200030385,41,24
41224,244100293,41,24
41225,200072072,41,24
41226,200072072,41,24
41228,200072072,41,24
41229,200072064,41,24
41230,200030385,41,24
41231,244100780,41,24
41232,244100806,41,24
41233,200030385,41,24
41234,200030385,41,24
41235,244100293,41,24
41236,200072072,41,24
41237,200072064,41,24
41238,200072072,41,24
41239,200072064,41,24
41241,244100806,41,24
41242,200072064,41,24
41243,200072072,41,24
41245,200055481,41,24
41246,200030385,41,24
41247,200072064,41,24
41248,244100293,41,24
41249,244100806,41,24
41250,200072072,41,24
41251,200000800,41,24
41252,200055481,41,24
41253,200055481,41,24
41254,244100293,41,24
41255,200072072,41,24
41256,244100806,41,24
41258,200072064,41,24
41259,200072072,41,24
41260,244100798,41,24
41261,200072072,41,24
41262,244100798,41,24
41265,200072072,41,24
41266,200030385,41,24
41267,200072064,41,24
41268,244100780,41,24
41269,200072072,41,24
41271,244100780,41,24
41273,200055481,41,24
41274,200072072,41,24
41275,200072072,41,24
41276,200030385,41,24
41277,200040772,41,24
41278,200072072,41,24
41279,200072072,41,24
41280,200018406,41,24
41281,200030385,41,24
41282,200018406,41,24
41283,200072072,41,24
41284,200055481,41,24
41285,244100780,41,24
41286,200072072,41,24
41287,200072072,41,24
41288,200030385,41,24
41289,200070183,41,24
41290,200072072,41,24
41291,200072072,41,24
41292,200055481,41,24
41293,200072072,41,24
41294,200072072,41,24
41295,200030385,41,24
41296,200000800,41,24
41297,244100780,41,24
42001,244200770,42,84
42002,200065886,42,84
42003,200035731,42,84
42005,244200770,42,84
42006,200065886,42,84
42007,200035202,42,84
42008,200035731,42,84
42009,200065886,42,84
42010,200065894,42,84
42011,200065894,42,84
42012,200065886,42,84
42013,200065894,42,84
42014,200035202,42,84
42015,200035202,42,84
42016,200035202,42,84
42017,244200622,42,84
42018,244200895,42,84
42019,200065886,42,84
42020,200065886,42,84
42021,200065886,42,84
42022,200065886,42,84
42023,244200622,42,84
42025,200035202,42,84
42026,200035202,42,84
42027,244200614,42,84
42028,244200622,42,84
42029,200065894,42,84
42030,200065886,42,84
42031,244200770,42,84
42032,244200770,42,84
42033,200035202,42,84
42034,200065886,42,84
42035,200065886,42,84
42036,244200770,42,84
42037,200065886,42,84
42038,200065886,42,84
42039,200065886,42,84
42040,200065886,42,84
42041,200065894,42,84
42042,200065886,42,84
42043,244200770,42,84
42044,244200770,42,84
42045,200065886,42,84
42046,200065886,42,84
42047,244200820,42,84
42048,200035202,42,84
42049,200035731,42,84
42050,200065886,42,84
42051,244200895,42,84
42052,200035202,42,84
42053,244200770,42,84
42054,200065886,42,84
42055,200066587,42,84
42056,244200895,42,84
42058,200065886,42,84
42059,200065894,42,84
42060,200065886,42,84
42061,244200820,42,84
42062,200066587,42,84
42063,244200630,42,84
42064,244200895,42,84
42065,200065894,42,84
42066,200065894,42,84
42067,244200622,42,84
42068,200035731,42,84
42069,200035731,42,84
42070,244200630,42,84
42071,200035731,42,84
42073,200065894,42,84
42074,200035731,42,84
42075,200065886,42,84
42076,244200820,42,84
42077,244200630,42,84
42078,200035731,42,84
42079,200035202,42,84
42081,200065894,42,84
42083,244200770,42,84
42084,200065886,42,84
42085,244200770,42,84
42086,200035202,42,84
42087,200065886,42,84
42088,200065894,42,84
42089,200065886,42,84
42090,200065894,42,84
42091,200065886,42,84
42092,244200770,42,84
42093,244200770,42,84
42094,200065894,42,84
42095,244200770,42,84
42096,244200770,42,84
42097,244200770,42,84
42098,244200630,42,84
42099,244200770,42,84
42100,244200770,42,84
42101,244200622,42,84
42102,200066587,42,84
42103,244200770,42,84
42104,200035202,42,84
42105,200065886,42,84
42106,244200614,42,84
42107,200065886,42,84
42108,200065886,42,84
42110,244200770,42,84
42112,200035202,42,84
42113,200065894,42,84
42115,244200622,42,84
42116,244200820,42,84
42117,200065886,42,84
42118,244200630,42,84
42119,200065886,42,84
42120,200035731,42,84
42121,200065886,42,84
42122,200065886,42,84
42123,244200770,42,84
42124,244200895,42,84
42125,244200614,42,84
42126,200065886,42,84
42127,200035731,42,84
42128,244200630,42,84
42129,244200895,42,84
42130,200065886,42,84
42131,200035202,42,84
42132,244200895,42,84
42133,244200770,42,84
42134,200065886,42,84
42135,200065894,42,84
42136,200065886,42,84
42137,200065886,42,84
42138,200066587,42,84
42139,244200622,42,84
42140,200065886,42,84
42141,200035202,42,84
42142,200065886,42,84
42143,200065894,42,84
42145,200035731,42,84
42146,200065886,42,84
42147,200065886,42,84
42148,200065894,42,84
42149,200065894,42,84
42150,200065886,42,84
42151,200065886,42,84
42152,200035202,42,84
42153,244200630,42,84
42154,200065894,42,84
42155,200065894,42,84
42156,244200630,42,84
42157,200035731,42,84
42158,200035731,42,84
42159,200065886,42,84
42160,244200614,42,84
42161,200035731,42,84
42162,200035731,42,84
42163,200035731,42,84
42164,200065886,42,84
42165,200065894,42,84
42166,200035731,42,84
42167,244200770,42,84
42168,244200895,42,84
42169,200065886,42,84
42170,200035731,42,84
42171,200065894,42,84
42172,244200622,42,84
42173,244200614,42,84
42174,200065894,42,84
42175,200065894,42,84
42176,200035731,42,84
42177,200035202,42,84
42178,244200630,42,84
42179,200065886,42,84
42180,200065886,42,84
42181,244200630,42,84
42182,200035731,42,84
42183,244200770,42,84
42184,200035731,42,84
42185,200065894,42,84
42186,244200770,42,84
42187,200035731,42,84
42188,200065886,42,84
42189,244200770,42,84
42191,244200895,42,84
42192,244200770,42,84
42193,200065894,42,84
42194,200035731,42,84
42195,200065886,42,84
42196,200065894,42,84
42197,200065886,42,84
42198,200035731,42,84
42199,200035731,42,84
42200,200065894,42,84
42201,244200895,42,84
42202,200065894,42,84
42203,200035731,42,84
42204,200065886,42,84
42205,200065886,42,84
42206,244200770,42,84
42207,244200770,42,84
42208,244200770,42,84
42209,200065894,42,84
42210,244200770,42,84
42211,200065886,42,84
42212,244200630,42,84
42213,200065894,42,84
42214,200065894,42,84
42215,200035202,42,84
42216,200066587,42,84
42217,200065886,42,84
42218,244200770,42,84
42219,200065886,42,84
42220,200035731,42,84
42221,200065886,42,84
42222,244200770,42,84
42223,244200770,42,84
42224,244200622,42,84
42225,244200770,42,84
42226,244200614,42,84
42227,200065886,42,84
42228,200065886,42,84
42229,200035202,42,84
42230,244200614,42,84
42231,200035731,42,84
42232,200035731,42,84
42233,200035731,42,84
42234,244200770,42,84
42235,200065886,42,84
42236,200035202,42,84
42237,244200770,42,84
42238,200065886,42,84
42239,200035731,42,84
42240,200065886,42,84
42241,200065894,42,84
42242,244200770,42,84
42243,244200614,42,84
42245,200065886,42,84
42246,244200622,42,84
42247,200065886,42,84
42248,244200820,42,84
42249,244200630,42,84
42251,200065894,42,84
42253,200035731,42,84
42254,200065894,42,84
42255,244200820,42,84
42256,200065886,42,84
42257,200035731,42,84
42259,244200770,42,84
42260,244200614,42,84
42261,200065894,42,84
42262,244200770,42,84
42264,200065894,42,84
42265,244200895,42,84
42266,244200770,42,84
42267,200035202,42,84
42268,244200614,42,84
42269,200065886,42,84
42270,244200770,42,84
42271,244200770,42,84
42272,244200895,42,84
42273,200035202,42,84
42274,244200614,42,84
42275,244200770,42,84
42276,244200820,42,84
42277,244200630,42,84
42278,200065886,42,84
42279,200065886,42,84
42280,244200622,42,84
42281,200035731,42,84
42282,244200820,42,84
42283,244200770,42,84
42284,200035731,42,84
42285,200065886,42,84
42286,244200622,42,84
42287,244200622,42,84
42288,200065886,42,84
42289,244200630,42,84
42290,200065886,42,84
42293,244200630,42,84
42294,200035731,42,84
42295,244200820,42,84
42296,200065894,42,84
42297,200065894,42,84
42298,200065886,42,84
42299,200065886,42,84
42300,200035202,42,84
42301,200065886,42,84
42302,244200770,42,84
42303,244200614,42,84
42304,200065886,42,84
42305,244200770,42,84
42306,244200622,42,84
42307,244200770,42,84
42308,244200770,42,84
42310,244200622,42,84
42311,244200770,42,84
42312,200065886,42,84
42313,200065886,42,84
42314,244200820,42,84
42315,200065886,42,84
42316,244200770,42,84
42317,200035731,42,84
42318,200065886,42,84
42319,200065894,42,84
42320,244200770,42,84
42321,200065886,42,84
42322,244200770,42,84
42323,200065894,42,84
42324,200065886,42,84
42325,244200630,42,84
42326,244200895,42,84
42327,244200895,42,84
42328,200065886,42,84
42329,244200622,42,84
42330,244200770,42,84
42331,200035731,42,84
42332,200035731,42,84
42333,200035202,42,84
42334,200065894,42,84
42335,200066587,42,84
42336,200066587,42,84
42337,200035731,42,84
42338,200035202,42,84
42339,244200820,42,84
43001,200085728,43,84
43002,200073419,43,84
43003,200073419,43,84
43004,200073401,43,84
43005,244301123,43,84
43006,200073393,43,84
43007,244301016,43,84
43008,244301123,43,84
43009,200073393,43,84
43010,200073419,43,84
43011,200073393,43,84
43012,244301131,43,84
43013,200073393,43,84
43014,200085728,43,84
43015,200073393,43,84
43016,244301099,43,84
43017,244301099,43,84
43018,200073419,43,84
43019,244301123,43,84
43020,200073427,43,84
43021,200073419,43,84
43022,200085728,43,84
43023,200073419,43,84
43024,244301016,43,84
43025,200073427,43,84
43026,200073419,43,84
43027,200073393,43,84
43028,244301016,43,84
43029,200073393,43,84
43030,200073419,43,84
43031,200073393,43,84
43032,200073419,43,84
43033,200085728,43,84
43034,200073427,43,84
43035,200073419,43,84
43036,200073419,43,84
43037,244301123,43,84
43038,200085728,43,84
43039,200073419,43,84
43040,200085728,43,84
43041,200073419,43,84
43042,244301123,43,84
43043,200073419,43,84
43044,200073393,43,84
43045,200073419,43,84
43046,200073419,43,84
43047,200073401,43,84
43048,200073419,43,84
43049,200073419,43,84
43050,244301099,43,84
43051,244301107,43,84
43052,244301099,43,84
43053,200073401,43,84
43054,200073393,43,84
43055,200085728,43,84
43056,200073393,43,84
43057,200073419,43,84
43058,200073427,43,84
43059,200073419,43,84
43060,200073393,43,84
43061,200073419,43,84
43062,200073419,43,84
43063,200073393,43,84
43064,244301099,43,84
43065,200073393,43,84
43066,200073401,43,84
43067,200073393,43,84
43068,200073393,43,84
43069,244301107,43,84
43070,200073393,43,84
43071,200073419,43,84
43072,200073393,43,84
43073,200073419,43,84
43074,200085728,43,84
43075,200073393,43,84
43076,200073419,43,84
43077,244301123,43,84
43078,200073419,43,84
43079,200073393,43,84
43080,200073419,43,84
43082,200073393,43,84
43083,200073393,43,84
43084,200073419,43,84
43085,200073393,43,84
43086,200073393,43,84
43087,244300307,43,84
43088,200085728,43,84
43089,200073419,43,84
43090,200073393,43,84
43091,200073401,43,84
43092,200073401,43,84
43093,200073419,43,84
43094,200073393,43,84
43095,200073419,43,84
43096,200085728,43,84
43097,200073401,43,84
43098,200073401,43,84
43099,244301099,43,84
43100,200085728,43,84
43101,200073401,43,84
43102,244301016,43,84
43103,200085728,43,84
43104,200073393,43,84
43105,200085728,43,84
43106,200073393,43,84
43107,200073393,43,84
43108,200073419,43,84
43109,244301123,43,84
43110,200085728,43,84
43111,244301123,43,84
43112,200073393,43,84
43113,200073401,43,84
43114,244301016,43,84
43115,200073401,43,84
43116,200073419,43,84
43117,200085728,43,84
43118,200073393,43,84
43119,200073419,43,84
43120,244301099,43,84
43121,200085728,43,84
43122,200073419,43,84
43123,200085728,43,84
43124,200073419,43,84
43125,200085728,43,84
43126,200073419,43,84
43127,200073427,43,84
43128,200073419,43,84
43129,244301107,43,84
43130,244301107,43,84
43131,200073393,43,84
43132,200073393,43,84
43133,200073393,43,84
43134,200073419,43,84
43135,200073401,43,84
43136,200073419,43,84
43137,200073427,43,84
43138,200073419,43,84
43139,200073393,43,84
43140,200073419,43,84
43141,244300307,43,84
43142,244300307,43,84
43143,200073401,43,84
43144,200073401,43,84
43145,244301123,43,84
43147,200085728,43,84
43148,200073393,43,84
43149,200073393,43,84
43150,200073419,43,84
43151,200073393,43,84
43152,200073419,43,84
43153,244301131,43,84
43154,244301123,43,84
43155,200073393,43,84
43156,200073401,43,84
43157,200073419,43,84
43158,200073401,43,84
43159,244300307,43,84
43160,244301123,43,84
43162,244301016,43,84
43163,244300307,43,84
43164,200073419,43,84
43165,200073419,43,84
43166,200073427,43,84
43167,200073393,43,84
43168,244301123,43,84
43169,200073393,43,84
43170,200085728,43,84
43171,200073393,43,84
43172,244300307,43,84
43173,244301123,43,84
43174,200073419,43,84
43175,200073393,43,84
43177,244301131,43,84
43178,200073393,43,84
43180,244301123,43,84
43181,200073419,43,84
43182,200085728,43,84
43183,200073393,43,84
43184,244301131,43,84
43185,244301099,43,84
43186,200073401,43,84
43187,200073419,43,84
43188,200073393,43,84
43189,200073419,43,84
43190,200073419,43,84
43191,200085728,43,84
43192,244301123,43,84
43193,244301099,43,84
43194,200073419,43,84
43195,200085728,43,84
43196,200073419,43,84
43197,200073419,43,84
43198,244301123,43,84
43199,244301107,43,84
43200,200073401,43,84
43201,200073419,43,84
43202,200073393,43,84
43203,244301016,43,84
43204,244300307,43,84
43205,244301131,43,84
43206,200085728,43,84
43207,200085728,43,84
43208,200073393,43,84
43210,200073401,43,84
43211,244301016,43,84
43212,200073427,43,84
43213,200073427,43,84
43214,200073393,43,84
43215,244301123,43,84
43216,200073419,43,84
43217,200073419,43,84
43218,200073401,43,84
43219,200073393,43,84
43220,200073419,43,84
43221,200073419,43,84
43222,200073393,43,84
43223,244300307,43,84
43224,200073427,43,84
43225,244301123,43,84
43226,244301099,43,84
43227,244301131,43,84
43228,200073419,43,84
43229,200073419,43,84
43230,200073419,43,84
43231,200073401,43,84
43232,200073393,43,84
43233,200073419,43,84
43234,200073393,43,84
43236,244301131,43,84
43237,200073419,43,84
43238,244301123,43,84
43239,200073393,43,84
43240,200073427,43,84
43241,200073419,43,84
43242,200073393,43,84
43244,244301107,43,84
43245,200073393,43,84
43246,200073427,43,84
43247,200085728,43,84
43249,200073427,43,84
43250,200073393,43,84
43251,200073419,43,84
43252,200073393,43,84
43253,200073401,43,84
43254,200073419,43,84
43256,200073393,43,84
43257,200073419,43,84
43258,244301099,43,84
43259,200073419,43,84
43260,200073419,43,84
43261,244301099,43,84
43262,200085728,43,84
43263,244301123,43,84
43264,200073393,43,84
43265,200073427,43,84
43267,200073419,43,84
43268,244301016,43,84
44001,244400537,44,52
44002,200067635,44,52
44003,244400552,44,52
44005,200067346,44,52
44006,244400610,44,52
44007,243500741,44,52
44009,244400404,44,52
44010,244400610,44,52
44012,200067346,44,52
44013,244400644,44,52
44014,244400438,44,52
44015,244400453,44,52
44016,200067866,44,52
44018,244400404,44,52
44019,200072734,44,52
44020,244400404,44,52
44021,200067346,44,52
44022,200067635,44,52
44023,244400453,44,52
44024,244400404,44,52
44025,200072734,44,52
44026,244400404,44,52
44027,244400503,44,52
44028,244400552,44,52
44029,200067866,44,52
44030,244400644,44,52
44031,200072726,44,52
44032,200067866,44,52
44033,200072734,44,52
44035,244400404,44,52
44036,200072726,44,52
44037,200067635,44,52
44038,200067346,44,52
44039,200067346,44,52
44041,244400438,44,52
44043,200067635,44,52
44044,243500741,44,52
44045,200072734,44,52
44046,244400586,44,52
44047,244400404,44,52
44048,244400552,44,52
44049,244400610,44,52
44050,200000438,44,52
44051,200072726,44,52
44052,244400644,44,52
44053,200000438,44,52
44054,200072726,44,52
44055,244400610,44,52
44056,244400503,44,52
44057,243500741,44,52
44058,200072726,44,52
44061,244400586,44,52
44062,244400453,44,52
44063,200067635,44,52
44064,200067635,44,52
44065,200072726,44,52
44066,244400503,44,52
44067,243500741,44,52
44068,200000438,44,52
44069,244400610,44,52
44070,200067635,44,52
44071,200067635,44,52
44072,244400610,44,52
44073,244400503,44,52
44074,244400404,44,52
44075,200072726,44,52
44076,200072726,44,52
44077,244400552,44,52
44078,200072726,44,52
44079,200067866,44,52
44080,200072734,44,52
44081,200071546,44,52
44082,244400552,44,52
44083,244400438,44,52
44084,200067866,44,52
44085,200072726,44,52
44086,200072726,44,52
44087,200071546,44,52
44088,200067635,44,52
44089,200072734,44,52
44090,200071546,44,52
44091,200072726,44,52
44092,243500741,44,52
44094,244400404,44,52
44095,200072726,44,52
44096,244400552,44,52
44097,244400610,44,52
44098,200000438,44,52
44099,200072726,44,52
44100,200067635,44,52
44101,244400404,44,52
44102,244400438,44,52
44103,244400644,44,52
44104,244400552,44,52
44105,200072726,44,52
44106,200067346,44,52
44107,244400552,44,52
44108,200067866,44,52
44109,244400404,44,52
44110,244400503,44,52
44111,244400503,44,52
44112,200072726,44,52
44113,244400537,44,52
44114,244400404,44,52
44115,244400552,44,52
44116,244400586,44,52
44117,200067866,44,52
44118,244400552,44,52
44119,200071546,44,52
44120,244400404,44,52
44121,200072726,44,52
44122,244400503,44,52
44123,243500741,44,52
44124,244400552,44,52
44125,244400610,44,52
44126,200067346,44,52
44127,200067635,44,52
44128,243500741,44,52
44129,200000438,44,52
44130,244400438,44,52
44131,200067346,44,52
44132,244400644,44,52
44133,200067346,44,52
44134,244400552,44,52
44135,244400610,44,52
44136,200067346,44,52
44137,200072734,44,52
44138,244400537,44,52
44139,200072734,44,52
44140,200067866,44,52
44141,200067866,44,52
44142,200067635,44,52
44143,244400404,44,52
44144,244400552,44,52
44145,200067346,44,52
44146,200072726,44,52
44148,200072726,44,52
44149,244400537,44,52
44150,244400404,44,52
44151,244400644,44,52
44152,200000438,44,52
44153,200072726,44,52
44154,244400586,44,52
44155,244400438,44,52
44156,200071546,44,52
44157,200071546,44,52
44158,200072734,44,52
44159,200067635,44,52
44161,200000438,44,52
44162,244400404,44,52
44163,244400552,44,52
44164,200067346,44,52
44165,200067635,44,52
44166,244400404,44,52
44168,244400644,44,52
44169,200067866,44,52
44170,200072726,44,52
44171,244400404,44,52
44172,244400404,44,52
44173,200067635,44,52
44174,244400438,44,52
44175,244400610,44,52
44176,244400644,44,52
44178,200071546,44,52
44179,244400503,44,52
44180,244400552,44,52
44182,200067346,44,52
44183,244400610,44,52
44184,244400644,44,52
44185,243500741,44,52
44186,200067346,44,52
44187,244400586,44,52
44188,244400438,44,52
44189,200000438,44,52
44190,244400404,44,52
44192,244400586,44,52
44193,200072726,44,52
44194,244400404,44,52
44195,200072734,44,52
44196,200000438,44,52
44197,200072726,44,52
44198,244400404,44,52
44199,200072726,44,52
44200,200072726,44,52
44201,244400503,44,52
44202,244400552,44,52
44203,200072734,44,52
44204,244400404,44,52
44205,244400503,44,52
44206,200071546,44,52
44207,244400552,44,52
44208,244400537,44,52
44209,244400503,44,52
44210,244400644,44,52
44211,244400610,44,52
44212,200067866,44,52
44213,244400552,44,52
44214,244400537,44,52
44215,244400404,44,52
44216,200067635,44,52
44217,244400503,44,52
44218,200072726,44,52
44220,200067346,44,52
44221,244400453,44,52
44222,244400552,44,52
44223,244400438,44,52
44224,244400537,44,52
45001,200068278,45,24
45002,200067676,45,24
45004,244500203,45,24
45005,244500542,45,24
45006,200005932,45,24
45008,200035764,45,24
45009,244500484,45,24
45010,200066280,45,24
45011,244500542,45,24
45012,200066280,45,24
45013,200071850,45,24
45014,200071850,45,24
45015,200066280,45,24
45016,200068278,45,24
45017,200067676,45,24
45018,200071850,45,24
45019,200070183,45,24
45020,200070183,45,24
45021,200071850,45,24
45022,200071850,45,24
45023,200068278,45,24
45024,200070183,45,24
45025,244500542,45,24
45026,200067668,45,24
45027,200067676,45,24
45028,200070183,45,24
45029,200068278,45,24
45030,200071850,45,24
45031,200067676,45,24
45032,244500419,45,24
45033,200071850,45,24
45034,244500468,45,24
45035,200071850,45,24
45036,244500211,45,24
45037,244500542,45,24
45038,200066280,45,24
45039,200070100,45,24
45040,200068278,45,24
45041,244500419,45,24
45042,200070100,45,24
45043,244500468,45,24
45044,244500484,45,24
45045,200066280,45,24
45046,200035764,45,24
45047,200066280,45,24
45049,244500427,45,24
45050,200066280,45,24
45051,200070100,45,24
45052,200068278,45,24
45053,200068278,45,24
45054,200071850,45,24
45055,200035764,45,24
45056,200071850,45,24
45058,200035764,45,24
45059,200035764,45,24
45060,200068278,45,24
45061,244500203,45,24
45062,200035764,45,24
45063,200070100,45,24
45064,200068278,45,24
45065,200066280,45,24
45066,200067676,45,24
45067,200070183,45,24
45068,244500203,45,24
45069,200071850,45,24
45070,200068278,45,24
45072,244500468,45,24
45073,200067668,45,24
45074,200035764,45,24
45075,244500468,45,24
45076,200067668,45,24
45077,200067676,45,24
45078,200067676,45,24
45079,200067676,45,24
45080,244500542,45,24
45081,200070183,45,24
45082,244500427,45,24
45083,200067668,45,24
45084,200067676,45,24
45085,200067676,45,24
45086,244500542,45,24
45087,200068278,45,24
45088,244500542,45,24
45089,244500468,45,24
45091,244500419,45,24
45092,244500203,45,24
45093,200035764,45,24
45094,244500419,45,24
45095,200066280,45,24
45096,244500211,45,24
45097,200067668,45,24
45098,200070183,45,24
45099,200035764,45,24
45100,244500468,45,24
45101,244500427,45,24
45102,244500203,45,24
45103,244500419,45,24
45104,244500203,45,24
45105,200067676,45,24
45107,200067676,45,24
45108,244500211,45,24
45109,200070183,45,24
45110,200071850,45,24
45111,200066280,45,24
45112,200067676,45,24
45113,200067668,45,24
45114,244500419,45,24
45115,200067668,45,24
45116,200070183,45,24
45118,244500542,45,24
45119,200066280,45,24
45120,200068278,45,24
45121,200067676,45,24
45122,200070100,45,24
45123,244500427,45,24
45124,200071850,45,24
45125,200071850,45,24
45126,244500427,45,24
45127,244500419,45,24
45129,200067668,45,24
45130,200070183,45,24
45131,200071850,45,24
45132,200071850,45,24
45133,200066280,45,24
45134,200070183,45,24
45135,244500542,45,24
45136,200067668,45,24
45137,200066280,45,24
45138,200068278,45,24
45139,200066280,45,24
45141,200068278,45,24
45142,244500427,45,24
45143,200068278,45,24
45144,244500427,45,24
45145,244500419,45,24
45146,200005932,45,24
45147,244500468,45,24
45148,244500419,45,24
45149,200067668,45,24
45150,200067676,45,24
45151,200071850,45,24
45152,200035764,45,24
45153,200070100,45,24
45154,200035764,45,24
45155,244500211,45,24
45156,244500419,45,24
45157,200066280,45,24
45158,244500419,45,24
45159,200071850,45,24
45160,244500542,45,24
45161,244500419,45,24
45162,200066280,45,24
45164,200070100,45,24
45165,200067668,45,24
45166,200035764,45,24
45167,200070183,45,24
45168,244500427,45,24
45169,244500468,45,24
45170,200066280,45,24
45171,200070100,45,24
45173,244500427,45,24
45174,244500542,45,24
45175,200005932,45,24
45176,200071850,45,24
45177,200066280,45,24
45178,200067676,45,24
45179,200070183,45,24
45180,244500211,45,24
45181,244500542,45,24
45182,200005932,45,24
45183,200035764,45,24
45184,200070100,45,24
45185,244500203,45,24
45186,200071850,45,24
45187,200067676,45,24
45188,244500484,45,24
45189,200067668,45,24
45191,200071850,45,24
45193,200005932,45,24
45194,244500468,45,24
45195,200066280,45,24
45196,200070183,45,24
45197,244500468,45,24
45198,200066280,45,24
45199,200067668,45,24
45200,200005932,45,24
45201,200067668,45,24
45202,200070183,45,24
45203,200070183,45,24
45204,200070183,45,24
45205,200067676,45,24
45206,244500419,45,24
45207,244500419,45,24
45208,244500203,45,24
45209,200071850,45,24
45210,200067676,45,24
45212,200067676,45,24
45213,200067676,45,24
45214,244500484,45,24
45215,200071850,45,24
45216,244500203,45,24
45217,200066280,45,24
45218,244500211,45,24
45219,200067676,45,24
45220,200071850,45,24
45222,244500419,45,24
45223,200067676,45,24
45224,244500484,45,24
45225,200071850,45,24
45226,200070100,45,24
45227,244500211,45,24
45228,200071850,45,24
45229,200067676,45,24
45230,200067676,45,24
45231,244500542,45,24
45232,244500468,45,24
45233,200071850,45,24
45234,244500468,45,24
45235,244500468,45,24
45237,200071850,45,24
45238,200068278,45,24
45239,200067676,45,24
45240,244500542,45,24
45241,244500427,45,24
45242,200067676,45,24
45243,200067676,45,24
45244,200070100,45,24
45245,200068278,45,24
45246,200066280,45,24
45247,244500203,45,24
45248,200035764,45,24
45249,244500203,45,24
45250,200067668,45,24
45251,200068278,45,24
45252,200066280,45,24
45253,200066280,45,24
45254,244500211,45,24
45255,244500419,45,24
45256,200067676,45,24
45257,200067676,45,24
45258,200071850,45,24
45259,200067676,45,24
45260,200066280,45,24
45261,244500484,45,24
45262,200035764,45,24
45263,200066280,45,24
45264,200070183,45,24
45265,244500419,45,24
45266,200035764,45,24
45268,200070100,45,24
45269,200070183,45,24
45270,200070100,45,24
45271,244500211,45,24
45272,244500468,45,24
45273,244500427,45,24
45274,244500468,45,24
45275,200067668,45,24
45276,200068278,45,24
45277,200070100,45,24
45278,200067676,45,24
45279,200067668,45,24
45280,244500211,45,24
45281,200067668,45,24
45282,244500468,45,24
45283,200067676,45,24
45284,244500468,45,24
45285,244500468,45,24
45286,244500468,45,24
45288,200071850,45,24
45289,244500484,45,24
45290,244500427,45,24
45291,244500211,45,24
45292,200067676,45,24
45293,244500203,45,24
45294,200071850,45,24
45296,200035764,45,24
45297,200070100,45,24
45298,244500468,45,24
45299,200035764,45,24
45300,244500427,45,24
45301,200066280,45,24
45302,244500468,45,24
45303,244500419,45,24
45305,244500427,45,24
45306,200067668,45,24
45307,200067668,45,24
45308,244500468,45,24
45309,200005932,45,24
45310,200066280,45,24
45311,244500427,45,24
45312,244500203,45,24
45313,200035764,45,24
45314,244500427,45,24
45315,200070100,45,24
45316,244500427,45,24
45317,200070183,45,24
45320,200066280,45,24
45321,200067676,45,24
45322,200067668,45,24
45323,200068278,45,24
45324,244500427,45,24
45325,244500542,45,24
45326,200035764,45,24
45327,244500484,45,24
45328,244500419,45,24
45329,200067668,45,24
45330,200035764,45,24
45331,200070100,45,24
45332,200067676,45,24
45333,244500484,45,24
45334,200067676,45,24
45335,244500427,45,24
45336,200070100,45,24
45337,200035764,45,24
45338,244500203,45,24
45339,200067676,45,24
45340,200070100,45,24
45341,200035764,45,24
45342,244500484,45,24
45343,244500419,45,24
45344,200070183,45,24
45345,244500203,45,24
45346,244500427,45,24
45347,200066280,45,24
45348,200066280,45,24
46001,244600433,46,76
46002,200067361,46,76
46003,200066371,46,76
46004,200067361,46,76
46005,244600433,46,76
46006,244600482,46,76
46007,200023737,46,76
46008,200035327,46,76
46009,200067361,46,76
46010,244600532,46,76
46011,200066371,46,76
46012,200067361,46,76
46013,244600532,46,76
46015,200067361,46,76
46016,200066371,46,76
46017,200066371,46,76
46018,200066371,46,76
46020,244600532,46,76
46021,200067361,46,76
46022,244600433,46,76
46023,244600532,46,76
46024,200066371,46,76
46026,244600532,46,76
46027,244600532,46,76
46028,200066371,46,76
46029,200066371,46,76
46030,200066371,46,76
46031,244600573,46,76
46032,200023737,46,76
46033,200039519,46,76
46034,200067361,46,76
46035,200067361,46,76
46036,200067361,46,76
46037,200023737,46,76
46038,200066371,46,76
46039,200067361,46,76
46040,200023737,46,76
46041,200067361,46,76
46042,200023737,46,76
46043,200066371,46,76
46044,200023737,46,76
46045,200067361,46,76
46046,200023737,46,76
46047,200066371,46,76
46049,200067361,46,76
46050,244600433,46,76
46051,200067361,46,76
46052,200067361,46,76
46053,200067361,46,76
46054,244600573,46,76
46055,200067361,46,76
46056,200067361,46,76
46057,200067361,46,76
46058,200066371,46,76
46059,200066371,46,76
46060,244600433,46,76
46061,244600433,46,76
46062,244600433,46,76
46063,200039519,46,76
46064,200023737,46,76
46065,200066371,46,76
46066,200035327,46,76
46068,244600532,46,76
46069,200039519,46,76
46070,200023737,46,76
46072,244600482,46,76
46073,244600532,46,76
46074,200066371,46,76
46075,200067361,46,76
46076,200066371,46,76
46078,200066371,46,76
46079,244600573,46,76
46080,200023737,46,76
46081,244600532,46,76
46082,244600532,46,76
46083,200066371,46,76
46084,200066371,46,76
46085,200067361,46,76
46086,200066371,46,76
46087,200035327,46,76
46088,200023737,46,76
46089,244600433,46,76
46090,200067361,46,76
46091,244600532,46,76
46092,244600532,46,76
46093,200067361,46,76
46094,200067361,46,76
46095,200023737,46,76
46096,200067361,46,76
46097,200066371,46,76
46098,244600482,46,76
46100,200067361,46,76
46101,200067361,46,76
46102,200067361,46,76
46103,200039519,46,76
46104,200067361,46,76
46105,244600532,46,76
46106,200066371,46,76
46107,244600433,46,76
46108,200067361,46,76
46109,200023737,46,76
46111,200067361,46,76
46112,200023737,46,76
46113,244600573,46,76
46114,200035327,46,76
46115,200066371,46,76
46116,200067361,46,76
46117,200066371,46,76
46118,200066371,46,76
46119,200023737,46,76
46120,200035327,46,76
46121,244600573,46,76
46122,200066371,46,76
46123,200066371,46,76
46124,200066371,46,76
46125,200067361,46,76
46126,200035327,46,76
46127,244600482,46,76
46128,200066371,46,76
46129,200067361,46,76
46130,244600433,46,76
46131,200067361,46,76
46132,200067361,46,76
46133,200067361,46,76
46134,200023737,46,76
46135,200067361,46,76
46136,200023737,46,76
46137,200023737,46,76
46138,244600573,46,76
46139,200067361,46,76
46140,244600532,46,76
46142,244600433,46,76
46143,200067361,46,76
46144,200066371,46,76
46145,200066371,46,76
46146,200066371,46,76
46147,244600433,46,76
46148,244600532,46,76
46149,200023737,46,76
46151,244600482,46,76
46152,200066371,46,76
46153,200066371,46,76
46154,200069383,46,76
46155,200067361,46,76
46156,200023737,46,76
46157,200067361,46,76
46159,200066371,46,76
46160,200067361,46,76
46161,200067361,46,76
46162,244600573,46,76
46163,200066371,46,76
46164,200035327,46,76
46165,200066371,46,76
46167,244600573,46,76
46168,200067361,46,76
46169,200035327,46,76
46170,200067361,46,76
46171,200023737,46,76
46172,200039519,46,76
46173,244600532,46,76
46174,200067361,46,76
46175,200067361,46,76
46176,200067361,46,76
46177,200066371,46,76
46178,200066371,46,76
46179,244600532,46,76
46180,200067361,46,76
46181,244600573,46,76
46182,244600433,46,76
46183,200067361,46,76
46184,200035327,46,76
46185,200066371,46,76
46186,200066371,46,76
46187,244600433,46,76
46188,200023737,46,76
46189,200066371,46,76
46190,200023737,46,76
46191,200023737,46,76
46192,200066371,46,76
46193,200066371,46,76
46194,244600482,46,76
46195,200067361,46,76
46196,244600482,46,76
46197,200023737,46,76
46198,200067361,46,76
46199,244600433,46,76
46200,200035327,46,76
46201,200039519,46,76
46202,244600532,46,76
46203,200067361,46,76
46204,244600573,46,76
46205,200023737,46,76
46206,200039519,46,76
46207,200067361,46,76
46208,200066371,46,76
46209,200066371,46,76
46210,244600573,46,76
46211,200023737,46,76
46212,244600573,46,76
46213,200066371,46,76
46214,244600433,46,76
46215,200066371,46,76
46216,244600482,46,76
46218,244600433,46,76
46219,244600482,46,76
46220,200066371,46,76
46221,200067361,46,76
46222,200035327,46,76
46223,200023737,46,76
46224,200023737,46,76
46225,244600433,46,76
46226,200067361,46,76
46227,200069383,46,76
46228,200066371,46,76
46229,200066371,46,76
46230,200067361,46,76
46231,244600433,46,76
46232,200066371,46,76
46233,200067361,46,76
46234,200035327,46,76
46235,200067361,46,76
46236,200066371,46,76
46237,200067361,46,76
46238,200066371,46,76
46239,200066371,46,76
46240,200066371,46,76
46241,244600482,46,76
46242,200067361,46,76
46243,200067361,46,76
46244,200067361,46,76
46245,244600573,46,76
46246,200066371,46,76
46247,244600532,46,76
46249,200067361,46,76
46250,200035327,46,76
46251,200066371,46,76
46252,244600573,46,76
46253,244600482,46,76
46254,200067361,46,76
46255,200067361,46,76
46256,200023737,46,76
46257,244600482,46,76
46258,244600482,46,76
46259,244600482,46,76
46260,200067361,46,76
46262,200039519,46,76
46263,200039519,46,76
46264,200023737,46,76
46265,200066371,46,76
46266,200067361,46,76
46267,244600482,46,76
46268,200023737,46,76
46269,200067361,46,76
46270,200067361,46,76
46271,200066371,46,76
46272,200067361,46,76
46273,200066371,46,76
46276,244600532,46,76
46277,244600433,46,76
46279,200067361,46,76
46280,200023737,46,76
46281,200066371,46,76
46282,200067361,46,76
46283,200066371,46,76
46284,200066371,46,76
46286,200066371,46,76
46288,200067361,46,76
46289,200067361,46,76
46290,244600482,46,76
46292,200067361,46,76
46293,200066371,46,76
46294,200067361,46,76
46295,200066371,46,76
46296,244600433,46,76
46297,200035327,46,76
46299,200067361,46,76
46301,244600433,46,76
46302,200067361,46,76
46303,244600573,46,76
46304,244600573,46,76
46305,244600433,46,76
46306,200067361,46,76
46307,244600433,46,76
46308,244600482,46,76
46309,200066371,46,76
46310,244600573,46,76
46311,200066371,46,76
46312,200066371,46,76
46313,200066371,46,76
46314,200067361,46,76
46315,200066371,46,76
46316,200035327,46,76
46317,200066371,46,76
46318,200067361,46,76
46319,200067361,46,76
46320,200023737,46,76
46321,244600433,46,76
46322,200023737,46,76
46323,244600482,46,76
46324,244600482,46,76
46328,244600532,46,76
46329,244600532,46,76
46330,200066371,46,76
46332,200067361,46,76
46333,244600532,46,76
46334,244600482,46,76
46335,244600433,46,76
46336,244600433,46,76
46337,200066371,46,76
46338,200067361,46,76
46339,200066371,46,76
46340,200023737,46,76
47001,200096956,47,75
47002,200030674,47,75
47003,244700464,47,75
47004,200068922,47,75
47005,244700464,47,75
47006,200023307,47,75
47007,244701355,47,75
47008,200068922,47,75
47009,200068948,47,75
47010,244701355,47,75
47011,200068930,47,75
47012,244701355,47,75
47013,244701355,47,75
47014,244700464,47,75
47015,200096956,47,75
47016,200096956,47,75
47017,200068930,47,75
47018,244700449,47,75
47019,200096956,47,75
47020,244700449,47,75
47021,200068948,47,75
47022,200068922,47,75
47023,200036523,47,75
47024,200030674,47,75
47025,200096956,47,75
47026,244701355,47,75
47027,200023307,47,75
47028,200030674,47,75
47029,200068930,47,75
47030,200096956,47,75
47031,200096956,47,75
47032,200096956,47,75
47033,200036523,47,75
47034,244701355,47,75
47035,244700464,47,75
47036,200068930,47,75
47037,200036523,47,75
47038,200068922,47,75
47039,244701355,47,75
47040,200096956,47,75
47041,200068948,47,75
47042,244701405,47,75
47043,200068948,47,75
47044,200036523,47,75
47045,200068948,47,75
47046,200030674,47,75
47047,244700464,47,75
47048,200036523,47,75
47049,200023307,47,75
47050,200023307,47,75
47051,200096956,47,75
47052,244701355,47,75
47053,200023307,47,75
47054,244701405,47,75
47055,200036523,47,75
47056,200030674,47,75
47057,200036523,47,75
47058,244701355,47,75
47059,200030674,47,75
47060,200096956,47,75
47061,200030674,47,75
47062,200096956,47,75
47063,200036523,47,75
47064,200068930,47,75
47065,200030674,47,75
47066,200068922,47,75
47067,248200016,47,75
47068,200030674,47,75
47069,200096956,47,75
47070,200068930,47,75
47071,244701405,47,75
47072,200068930,47,75
47073,200068922,47,75
47074,200030674,47,75
47075,200023307,47,75
47076,200096956,47,75
47077,200068930,47,75
47078,200068922,47,75
47079,200068930,47,75
47080,200036523,47,75
47081,200023307,47,75
47082,200096956,47,75
47083,200036523,47,75
47084,200036523,47,75
47085,244701355,47,75
47086,244700449,47,75
47087,200096956,47,75
47088,200030674,47,75
47089,244700449,47,75
47090,200068948,47,75
47091,200096956,47,75
47092,200096956,47,75
47093,244701355,47,75
47094,200030674,47,75
47095,200030674,47,75
47096,200036523,47,75
47097,200068948,47,75
47098,200068948,47,75
47099,200023307,47,75
47100,200096956,47,75
47101,200030674,47,75
47102,200068948,47,75
47103,200068948,47,75
47104,200068922,47,75
47105,200068930,47,75
47106,200068930,47,75
47107,200068922,47,75
47108,200030674,47,75
47109,200036523,47,75
47110,200030674,47,75
47111,200068922,47,75
47112,200030674,47,75
47113,248200016,47,75
47114,244701355,47,75
47115,244701355,47,75
47117,200023307,47,75
47118,244701405,47,75
47119,244701355,47,75
47120,200030674,47,75
47121,244701355,47,75
47122,244701405,47,75
47123,200068930,47,75
47124,200036523,47,75
47125,200068922,47,75
47126,244700464,47,75
47127,200030674,47,75
47128,200096956,47,75
47129,200068922,47,75
47130,200030674,47,75
47131,200030674,47,75
47132,200036523,47,75
47133,200068948,47,75
47134,200068948,47,75
47135,244701405,47,75
47136,244700464,47,75
47137,200096956,47,75
47138,200023307,47,75
47139,200068948,47,75
47140,200068922,47,75
47141,200036523,47,75
47142,244700464,47,75
47143,200068948,47,75
47144,244700464,47,75
47145,200096956,47,75
47146,200023307,47,75
47147,244700449,47,75
47148,244701355,47,75
47150,200030674,47,75
47151,244700449,47,75
47152,200036523,47,75
47154,200068922,47,75
47155,200068922,47,75
47156,200030674,47,75
47157,200030674,47,75
47158,200096956,47,75
47159,200030674,47,75
47160,200068930,47,75
47161,200068930,47,75
47162,200068930,47,75
47163,200030674,47,75
47164,200036523,47,75
47165,200030674,47,75
47167,200068948,47,75
47168,244700464,47,75
47169,200096956,47,75
47170,200036523,47,75
47171,200023307,47,75
47172,200068948,47,75
47173,244701405,47,75
47174,200068948,47,75
47175,200036523,47,75
47176,200068948,47,75
47177,200068922,47,75
47178,200036523,47,75
47179,200068930,47,75
47180,200068948,47,75
47181,200036523,47,75
47182,244701405,47,75
47183,200036523,47,75
47184,200036523,47,75
47185,200068930,47,75
47186,200068948,47,75
47187,244700449,47,75
47188,244700464,47,75
47189,244700464,47,75
47190,200068922,47,75
47191,200030674,47,75
47192,200036523,47,75
47193,200036523,47,75
47194,244700464,47,75
47195,200068948,47,75
47196,200068922,47,75
47197,200068948,47,75
47198,200036523,47,75
47199,244700449,47,75
47200,200036523,47,75
47201,200096956,47,75
47202,200036523,47,75
47203,200068930,47,75
47204,244700464,47,75
47205,244701355,47,75
47206,244701405,47,75
47207,200068948,47,75
47208,244701355,47,75
47209,200096956,47,75
47210,200068922,47,75
47211,200068948,47,75
47212,244701355,47,75
47213,200068922,47,75
47214,200068922,47,75
47215,200023307,47,75
47216,200030674,47,75
47217,200096956,47,75
47218,244700464,47,75
47219,200036523,47,75
47220,200068922,47,75
47221,200068948,47,75
47222,244701355,47,75
47223,200036523,47,75
47224,244701355,47,75
47225,200096956,47,75
47226,244700464,47,75
47227,244701355,47,75
47228,200023307,47,75
47229,244700449,47,75
47230,200036523,47,75
47231,200030674,47,75
47232,200030674,47,75
47233,200030674,47,75
47234,200096956,47,75
47235,244700464,47,75
47236,244700449,47,75
47237,200023307,47,75
47238,200096956,47,75
47239,200023307,47,75
47240,200036523,47,75
47241,200036523,47,75
47242,200068930,47,75
47244,244701355,47,75
47245,244700449,47,75
47246,200096956,47,75
47247,244700449,47,75
47248,200096956,47,75
47249,200068922,47,75
47250,200068922,47,75
47251,200068922,47,75
47252,200023307,47,75
47253,244701355,47,75
47254,244701355,47,75
47255,200096956,47,75
47256,200036523,47,75
47257,200030674,47,75
47258,200068948,47,75
47259,200036523,47,75
47260,200096956,47,75
47262,200096956,47,75
47263,200030674,47,75
47264,244700464,47,75
47265,244701405,47,75
47266,200068948,47,75
47267,200068922,47,75
47269,200096956,47,75
47271,244700449,47,75
47272,200036523,47,75
47273,200023307,47,75
47274,200096956,47,75
47275,200068922,47,75
47276,200068922,47,75
47277,200030674,47,75
47278,244700449,47,75
47279,200096956,47,75
47280,200068930,47,75
47281,200096956,47,75
47282,200068948,47,75
47283,200068930,47,75
47284,200036523,47,75
47285,200030674,47,75
47286,244701355,47,75
47287,200068948,47,75
47288,200096956,47,75
47289,200096956,47,75
47290,244700464,47,75
47291,200036523,47,75
47292,200068930,47,75
47293,200096956,47,75
47294,244700449,47,75
47295,200036523,47,75
47296,244700464,47,75
47297,200068922,47,75
47298,200030674,47,75
47299,200036523,47,75
47300,200096956,47,75
47301,200030674,47,75
47302,200068948,47,75
47303,244700449,47,75
47304,200030674,47,75
47305,200096956,47,75
47306,244701405,47,75
47307,200068930,47,75
47308,200068948,47,75
47309,244701405,47,75
47310,200030674,47,75
47311,200036523,47,75
47312,200068930,47,75
47313,244701405,47,75
47314,200068930,47,75
47315,200068930,47,75
47316,200030674,47,75
47317,244701405,47,75
47318,200068948,47,75
47319,244701405,47,75
47320,244701355,47,75
47321,244700449,47,75
47323,200023307,47,75
47324,200036523,47,75
47325,200030674,47,75
47326,200030674,47,75
47327,200068948,47,75
47328,200068930,47,75
48001,200069144,48,76
48002,200069185,48,76
48003,200069128,48,76
48004,200069128,48,76
48005,244800470,48,76
48007,200069144,48,76
48008,200069102,48,76
48009,200069144,48,76
48010,200006930,48,76
48012,200069144,48,76
48013,244800405,48,76
48015,200069128,48,76
48016,244800405,48,76
48017,200069268,48,76
48018,244800405,48,76
48019,200069151,48,76
48020,200069136,48,76
48021,200069128,48,76
48025,200069185,48,76
48026,200069185,48,76
48027,200069128,48,76
48028,200069151,48,76
48029,244800405,48,76
48030,200069128,48,76
48031,200069144,48,76
48032,244800470,48,76
48034,200069268,48,76
48036,200069151,48,76
48037,200069128,48,76
48038,200006930,48,76
48039,200069268,48,76
48041,200006930,48,76
48042,200069102,48,76
48043,200069102,48,76
48044,200069144,48,76
48045,200069102,48,76
48046,200069185,48,76
48048,200006930,48,76
48050,200069151,48,76
48051,200069136,48,76
48053,200069128,48,76
48054,200069128,48,76
48055,200069268,48,76
48056,200069268,48,76
48058,200069144,48,76
48059,200069185,48,76
48061,200069151,48,76
48063,200069185,48,76
48064,200069144,48,76
48065,200069151,48,76
48067,200069136,48,76
48068,244800470,48,76
48069,200069151,48,76
48070,200069102,48,76
48071,200069144,48,76
48072,244800470,48,76
48073,200069268,48,76
48074,200069151,48,76
48075,200069151,48,76
48077,200069185,48,76
48079,200069185,48,76
48080,200006930,48,76
48081,200069128,48,76
48082,200069128,48,76
48083,200069102,48,76
48085,200069268,48,76
48086,200006930,48,76
48087,200069144,48,76
48088,200069151,48,76
48089,200069185,48,76
48090,200069185,48,76
48091,200069144,48,76
48092,244800470,48,76
48094,200069268,48,76
48095,244800405,48,76
48096,200069151,48,76
48097,200069136,48,76
48098,200069136,48,76
48099,244800470,48,76
48100,200069128,48,76
48103,244800470,48,76
48104,200069144,48,76
48105,200006930,48,76
48106,200069144,48,76
48107,244800470,48,76
48108,200069102,48,76
48110,200069185,48,76
48111,244800405,48,76
48112,200069102,48,76
48115,200069136,48,76
48116,200069136,48,76
48117,200069128,48,76
48119,200069128,48,76
48121,200069185,48,76
48123,200069144,48,76
48124,244800470,48,76
48126,200069102,48,76
48127,200069102,48,76
48128,200069185,48,76
48129,200006930,48,76
48130,200069151,48,76
48131,241200567,48,76
48132,200069185,48,76
48135,200069128,48,76
48136,200069136,48,76
48137,244800405,48,76
48138,244800470,48,76
48139,200006930,48,76
48140,200069185,48,76
48141,200069151,48,76
48144,200069136,48,76
48145,200069102,48,76
48146,200069151,48,76
48147,200069128,48,76
48148,200069136,48,76
48149,200069185,48,76
48150,200006930,48,76
48151,200069128,48,76
48152,200069136,48,76
48153,200069102,48,76
48155,200069136,48,76
48156,200069268,48,76
48157,200069128,48,76
48158,200069136,48,76
48160,200069102,48,76
48161,200069144,48,76
48163,200069136,48,76
48165,244800470,48,76
48166,200069151,48,76
48167,200069144,48,76
48168,244800470,48,76
48169,200069185,48,76
48170,200069136,48,76
48171,200069136,48,76
48173,200069136,48,76
48174,200069102,48,76
48175,200069268,48,76
48176,200069151,48,76
48177,200069185,48,76
48178,200069136,48,76
48179,200069185,48,76
48181,200069268,48,76
48182,200069102,48,76
48185,200069268,48,76
48187,200069268,48,76
48188,200069185,48,76
48190,200069144,48,76
48191,200069268,48,76
48192,200069268,48,76
48193,200069151,48,76
48194,200069136,48,76
48198,200069128,48,76
49002,200071876,49,52
49003,200071876,49,52
49007,244900015,49,52
49008,244900809,49,52
49009,200071876,49,52
49010,244900809,49,52
49011,200071876,49,52
49012,200071553,49,52
49015,244900015,49,52
49017,200068955,49,52
49018,244900882,49,52
49020,244900015,49,52
49021,244900882,49,52
49022,200071553,49,52
49023,200060010,49,52
49026,200071868,49,52
49027,200071678,49,52
49028,244900015,49,52
49029,200071553,49,52
49030,200071876,49,52
49035,244900015,49,52
49036,244900809,49,52
49038,244900809,49,52
49041,200071876,49,52
49045,200071876,49,52
49048,244900015,49,52
49050,200071553,49,52
49053,200071876,49,52
49054,244900809,49,52
49055,244900015,49,52
49056,244900809,49,52
49057,200071678,49,52
49058,200071678,49,52
49060,200071876,49,52
49061,244900809,49,52
49063,200071553,49,52
49064,200071868,49,52
49067,200071868,49,52
49068,200071553,49,52
49070,200071678,49,52
49076,200068955,49,52
49080,200071868,49,52
49082,200071553,49,52
49086,200071553,49,52
49089,244900809,49,52
49090,200068955,49,52
49092,200060010,49,52
49099,200071678,49,52
49100,200071876,49,52
49102,200071678,49,52
49107,200068955,49,52
49109,200071678,49,52
49110,200068955,49,52
49112,200071876,49,52
49113,200071876,49,52
49114,200071876,49,52
49120,200071553,49,52
49121,200071876,49,52
49123,200071876,49,52
49125,200071876,49,52
49126,200060010,49,52
49127,200068955,49,52
49129,244900015,49,52
49130,244900015,49,52
49131,200071876,49,52
49132,200068955,49,52
49135,244900015,49,52
49138,244900882,49,52
49140,200071876,49,52
49155,200071868,49,52
49160,244400552,49,52
49161,200071868,49,52
49163,200068955,49,52
49167,200071553,49,52
49170,200071868,49,52
49171,200071876,49,52
49174,200068955,49,52
49176,200071868,49,52
49178,244900809,49,52
49180,200071876,49,52
49182,200071876,49,52
49183,200071868,49,52
49188,200068955,49,52
49192,200071678,49,52
49193,200071678,49,52
49194,244900882,49,52
49195,200071678,49,52
49200,244900015,49,52
49201,244900882,49,52
49205,200071868,49,52
49209,200068955,49,52
49211,200071678,49,52
49214,244900015,49,52
49215,200071876,49,52
49216,200068955,49,52
49217,200071868,49,52
49218,200060010,49,52
49219,200071876,49,52
49220,200068955,49,52
49221,200071876,49,52
49222,200071553,49,52
49223,244900015,49,52
49224,200071876,49,52
49228,244900882,49,52
49231,200071678,49,52
49235,200071876,49,52
49236,200071678,49,52
49237,244900882,49,52
49240,200071678,49,52
49241,244900015,49,52
49244,200060010,49,52
49246,244900015,49,52
49247,200071553,49,52
49248,244900809,49,52
49253,200071876,49,52
49257,200068955,49,52
49259,200071553,49,52
49260,200071678,49,52
49261,200071876,49,52
49262,200071876,49,52
49266,200071868,49,52
49267,244900015,49,52
49269,200071678,49,52
49271,244900015,49,52
49272,200071876,49,52
49278,244900015,49,52
49283,200071553,49,52
49284,200071553,49,52
49288,200071553,49,52
49291,200071876,49,52
49292,200071553,49,52
49294,244900015,49,52
49298,244900015,49,52
49299,200071678,49,52
49301,200060010,49,52
49302,200071876,49,52
49306,244900015,49,52
49307,244900015,49,52
49308,200071553,49,52
49310,200071678,49,52
49311,200071876,49,52
49323,244900015,49,52
49326,244900015,49,52
49328,200071876,49,52
49329,244900015,49,52
49330,200071868,49,52
49331,244900809,49,52
49332,200071678,49,52
49333,200068955,49,52
49334,200068955,49,52
49336,200071678,49,52
49338,244900015,49,52
49339,244900015,49,52
49341,200071876,49,52
49343,200071678,49,52
49344,200071868,49,52
49345,200071553,49,52
49347,200068955,49,52
49352,200071678,49,52
49353,244900015,49,52
49355,200071678,49,52
49358,200071876,49,52
49359,200071876,49,52
49361,200071876,49,52
49362,200071876,49,52
49364,200071876,49,52
49367,200071868,49,52
49368,200071876,49,52
49369,200071876,49,52
49370,200071876,49,52
49371,200071678,49,52
49373,200071678,49,52
49374,200071876,49,52
49377,244900015,49,52
49378,200071876,49,52
49381,200071678,49,52
50002,200066389,50,28
50003,200067023,50,28
50004,200066389,50,28
50006,200066389,50,28
50008,200042604,50,28
50013,200067205,50,28
50016,200042729,50,28
50019,200069425,50,28
50021,200042729,50,28
50022,200067205,50,28
50023,200042729,50,28
50024,200067031,50,28
50025,200069425,50,28
50026,200067205,50,28
50027,200069425,50,28
50028,200067023,50,28
50029,200069425,50,28
50030,200067205,50,28
50031,200067205,50,28
50032,200066389,50,28
50033,200067205,50,28
50034,200066389,50,28
50036,200042729,50,28
50038,200042604,50,28
50039,200066389,50,28
50040,200069425,50,28
50041,200067205,50,28
50042,200069425,50,28
50044,200067023,50,28
50045,200067205,50,28
50046,200066389,50,28
50048,200043354,50,28
50049,200067205,50,28
50050,200066389,50,28
50052,200042729,50,28
50054,200066389,50,28
50055,200067205,50,28
50058,200067023,50,28
50059,200042729,50,28
50060,200043354,50,28
50062,200043354,50,28
50064,200067205,50,28
50066,200042604,50,28
50069,200043354,50,28
50070,200042729,50,28
50072,200067023,50,28
50074,200069425,50,28
50076,200042604,50,28
50077,200067205,50,28
50078,200067031,50,28
50079,200067205,50,28
50081,200042604,50,28
50082,200067205,50,28
50083,200067205,50,28
50084,200067023,50,28
50085,200042604,50,28
50086,200067205,50,28
50087,200067205,50,28
50088,200069425,50,28
50090,200069425,50,28
50092,200067023,50,28
50093,200067023,50,28
50094,200067023,50,28
50095,200066389,50,28
50096,200067205,50,28
50097,200067205,50,28
50098,200066389,50,28
50099,200042729,50,28
50101,200067205,50,28
50102,200042604,50,28
50105,200067205,50,28
50106,200066389,50,28
50108,200069425,50,28
50109,200042604,50,28
50110,200066389,50,28
50111,200067023,50,28
50112,200069425,50,28
50115,200069425,50,28
50117,200042604,50,28
50118,200043354,50,28
50120,200042604,50,28
50121,200043354,50,28
50124,200069425,50,28
50126,200069425,50,28
50129,200067205,50,28
50130,200043354,50,28
50135,200067205,50,28
50137,200043354,50,28
50138,200067205,50,28
50139,200066389,50,28
50142,200067205,50,28
50143,200042604,50,28
50144,200043354,50,28
50145,200067023,50,28
50146,200069425,50,28
50147,200067023,50,28
50148,200066389,50,28
50149,200067205,50,28
50150,200067205,50,28
50151,200067031,50,28
50152,200069425,50,28
50155,200069425,50,28
50156,200067205,50,28
50158,200069425,50,28
50159,200066389,50,28
50161,200066389,50,28
50162,200067205,50,28
50164,200066389,50,28
50165,200042604,50,28
50166,200067031,50,28
50167,200069425,50,28
50168,200069425,50,28
50169,200067205,50,28
50172,200067205,50,28
50174,200042604,50,28
50175,200067205,50,28
50176,200067205,50,28
50177,200042729,50,28
50178,200067205,50,28
50181,200067031,50,28
50182,200067031,50,28
50183,200067205,50,28
50184,200067205,50,28
50185,200043354,50,28
50186,200067205,50,28
50188,200042604,50,28
50190,200067205,50,28
50192,200066389,50,28
50193,200069425,50,28
50194,200067205,50,28
50195,200069425,50,28
50196,200067205,50,28
50197,200067023,50,28
50198,200067031,50,28
50199,200069425,50,28
50200,200069425,50,28
50205,200069425,50,28
50207,200067205,50,28
50208,200067031,50,28
50209,200067205,50,28
50210,200067031,50,28
50214,200066389,50,28
50215,200067023,50,28
50216,200066389,50,28
50217,200069425,50,28
50218,200042604,50,28
50219,200067023,50,28
50221,200067023,50,28
50222,200067205,50,28
50225,200043354,50,28
50227,200067205,50,28
50228,200067023,50,28
50229,200069425,50,28
50230,200067205,50,28
50231,200067023,50,28
50232,200067023,50,28
50233,200067205,50,28
50234,200043354,50,28
50235,200067205,50,28
50236,200067031,50,28
50237,200042604,50,28
50238,200067205,50,28
50239,200066389,50,28
50240,200067205,50,28
50241,200067205,50,28
50243,200067023,50,28
50246,200042729,50,28
50247,200042604,50,28
50251,200067205,50,28
50252,200042604,50,28
50253,200069425,50,28
50256,200069425,50,28
50258,200067205,50,28
50259,200069425,50,28
50260,200069425,50,28
50261,200066389,50,28
50262,200043354,50,28
50263,200069425,50,28
50265,200067031,50,28
50266,200067023,50,28
50267,200067031,50,28
50268,200067205,50,28
50269,200042729,50,28
50270,200067205,50,28
50271,200069425,50,28
50272,200067023,50,28
50273,200067031,50,28
50274,200069425,50,28
50275,200069425,50,28
50276,200069425,50,28
50277,200042604,50,28
50278,200042604,50,28
50279,200066389,50,28
50281,200042604,50,28
50282,200069425,50,28
50283,200066389,50,28
50285,200067205,50,28
50288,200069425,50,28
50289,200067031,50,28
50290,200069425,50,28
50291,200043354,50,28
50292,200066389,50,28
50294,200067205,50,28
50295,200043354,50,28
50296,200067205,50,28
50297,200066389,50,28
50298,200042729,50,28
50299,200067205,50,28
50300,200069425,50,28
50302,200066389,50,28
50304,200042604,50,28
50305,200067205,50,28
50310,200066389,50,28
50311,200067023,50,28
50312,200069425,50,28
50315,200069425,50,28
50317,200069425,50,28
50321,200066389,50,28
50324,200066389,50,28
50326,200067023,50,28
50327,200042604,50,28
50328,200067031,50,28
50332,200067205,50,28
50334,200043354,50,28
50335,200067205,50,28
50336,200067023,50,28
50338,200043354,50,28
50340,200067023,50,28
50341,200067205,50,28
50342,200067205,50,28
50345,200067023,50,28
50347,200069425,50,28
50349,200067023,50,28
50350,200067023,50,28
50351,200066389,50,28
50352,200066389,50,28
50353,200069425,50,28
50356,200066389,50,28
50357,200043354,50,28
50359,200069425,50,28
50360,200067205,50,28
50361,200042604,50,28
50362,200069425,50,28
50363,200066389,50,28
50364,200067023,50,28
50365,200042604,50,28
50368,200067031,50,28
50369,200067205,50,28
50370,200067205,50,28
50371,200069425,50,28
50372,200067031,50,28
50373,200042729,50,28
50374,200067205,50,28
50376,200067023,50,28
50378,200067023,50,28
50379,200069425,50,28
50382,200067205,50,28
50384,200067205,50,28
50387,200067205,50,28
50388,200067023,50,28
50389,200067023,50,28
50390,200067205,50,28
50391,200069425,50,28
50393,200043354,50,28
50394,200067031,50,28
50395,200067205,50,28
50397,200069425,50,28
50398,200066389,50,28
50399,200069425,50,28
50400,200042729,50,28
50401,200067205,50,28
50402,200067205,50,28
50403,200067031,50,28
50405,200067031,50,28
50407,200069425,50,28
50408,200069425,50,28
50409,200066389,50,28
50410,200069425,50,28
50411,200069425,50,28
50412,200067205,50,28
50413,200069425,50,28
50417,200067205,50,28
50419,200067023,50,28
50420,200066389,50,28
50421,200067205,50,28
50422,200067031,50,28
50423,200066389,50,28
50425,200067205,50,28
50426,200067205,50,28
50428,200069425,50,28
50429,200067023,50,28
50430,200067205,50,28
50431,200066389,50,28
50433,200067205,50,28
50435,200067205,50,28
50436,200069425,50,28
50437,200067023,50,28
50442,200067205,50,28
50443,200069425,50,28
50444,200066389,50,28
50445,200042729,50,28
50446,200066389,50,28
50447,200042604,50,28
50448,200069425,50,28
50450,200069425,50,28
50451,200069425,50,28
50452,200069425,50,28
50453,200043354,50,28
50454,200067205,50,28
50455,200066389,50,28
50456,200069425,50,28
50457,200067205,50,28
50461,200067205,50,28
50462,200069425,50,28
50463,200067023,50,28
50464,200067023,50,28
50467,200067205,50,28
50468,200066389,50,28
50469,200067205,50,28
50471,200067205,50,28
50472,200069425,50,28
50473,200066389,50,28
50474,200069425,50,28
50475,200066389,50,28
50476,200066389,50,28
50478,200067205,50,28
50479,200042729,50,28
50480,200067205,50,28
50481,200067031,50,28
50482,200067031,50,28
50483,200066389,50,28
50484,200069425,50,28
50486,200067205,50,28
50487,200069425,50,28
50488,200066389,50,28
50489,200069425,50,28
50490,200067205,50,28
50491,200066389,50,28
50492,200066389,50,28
50493,200042604,50,28
50495,200069425,50,28
50496,200069425,50,28
50498,200067205,50,28
50499,200069425,50,28
50500,200069425,50,28
50502,200066389,50,28
50504,200066389,50,28
50505,200069425,50,28
50506,200067023,50,28
50507,200067205,50,28
50509,200042729,50,28
50510,200067031,50,28
50511,200067205,50,28
50512,200066389,50,28
50513,200067023,50,28
50514,200069425,50,28
50517,200042729,50,28
50518,200043354,50,28
50519,200067205,50,28
50521,200043354,50,28
50522,200067205,50,28
50523,200042729,50,28
50525,200069425,50,28
50528,200067031,50,28
50529,200069425,50,28
50531,200069425,50,28
50532,200042604,50,28
50533,200067031,50,28
50535,200069425,50,28
50536,200067205,50,28
50537,200067023,50,28
50538,200066389,50,28
50539,200067205,50,28
50540,200042604,50,28
50541,200042604,50,28
50542,200043354,50,28
50543,200069425,50,28
50546,200066389,50,28
50548,200067031,50,28
50549,200042604,50,28
50550,200067023,50,28
50551,200067205,50,28
50552,200067031,50,28
50553,200069425,50,28
50554,200069425,50,28
50556,200066389,50,28
50562,200067205,50,28
50563,200066389,50,28
50564,200042729,50,28
50565,200069425,50,28
50567,200067205,50,28
50568,200067023,50,28
50569,200067023,50,28
50570,200069425,50,28
50571,200042729,50,28
50572,200067205,50,28
50574,200069425,50,28
50575,200067205,50,28
50576,200067205,50,28
50577,200067205,50,28
50578,200067205,50,28
50579,200067205,50,28
50580,200067205,50,28
50582,200069425,50,28
50584,200069425,50,28
50585,200067205,50,28
50587,200067205,50,28
50588,200067205,50,28
50589,200069425,50,28
50590,200043354,50,28
50591,200069425,50,28
50592,200066389,50,28
50593,200067205,50,28
50594,200067205,50,28
50596,200067205,50,28
50597,200069425,50,28
50598,200067205,50,28
50599,200067205,50,28
50601,200066389,50,28
50603,200067023,50,28
50604,200067205,50,28
50606,200042729,50,28
50607,200043354,50,28
50609,200042729,50,28
50610,200067205,50,28
50612,200069425,50,28
50613,200067205,50,28
50615,200067205,50,28
50616,200069425,50,28
50617,200067031,50,28
50618,200067205,50,28
50619,200067205,50,28
50621,200067205,50,28
50624,200067023,50,28
50626,200067023,50,28
50628,200069425,50,28
50629,200067031,50,28
50633,200067205,50,28
50634,200067205,50,28
50637,200043354,50,28
50639,200043354,50,28
50641,200066389,50,28
50643,200067205,50,28
50647,200042604,50,28
50648,200067205,50,28
51001,200034718,51,44
51002,200066850,51,44
51003,200066876,51,44
51004,200066835,51,44
51005,200066835,51,44
51006,200067379,51,44
51007,245100615,51,44
51008,200068666,51,44
51009,200066835,51,44
51010,245100979,51,44
51012,200067213,51,44
51013,200067213,51,44
51014,200067213,51,44
51015,200042703,51,44
51016,200042992,51,44
51017,200034718,51,44
51018,200067684,51,44
51019,200067213,51,44
51020,200067213,51,44
51022,200034718,51,44
51023,200066876,51,44
51025,200067213,51,44
51027,200042703,51,44
51028,245100615,51,44
51029,200067684,51,44
51030,245100615,51,44
51031,200066876,51,44
51032,200066835,51,44
51033,200066850,51,44
51034,200066850,51,44
51035,245100979,51,44
51036,200066835,51,44
51037,200067213,51,44
51038,200066850,51,44
51039,200067379,51,44
51040,200067379,51,44
51041,200066835,51,44
51042,200066850,51,44
51043,200067213,51,44
51044,200067213,51,44
51045,200066850,51,44
51046,200067213,51,44
51047,200042703,51,44
51048,200066850,51,44
51049,200067684,51,44
51050,245100888,51,44
51051,200067213,51,44
51052,200067213,51,44
51053,200042703,51,44
51054,200067213,51,44
51055,200067213,51,44
51056,200066835,51,44
51057,200067379,51,44
51058,200067213,51,44
51059,200034718,51,44
51060,200067379,51,44
51061,200067213,51,44
51062,200042703,51,44
51065,200034718,51,44
51066,200034718,51,44
51068,200067379,51,44
51069,200067213,51,44
51070,245100888,51,44
51071,200066835,51,44
51072,200067213,51,44
51073,200067213,51,44
51074,200067213,51,44
51075,200067213,51,44
51076,200066850,51,44
51077,200067213,51,44
51078,200066876,51,44
51079,245100615,51,44
51080,200042992,51,44
51081,200067213,51,44
51082,200042703,51,44
51083,200042703,51,44
51084,200034718,51,44
51085,200066850,51,44
51086,200067213,51,44
51087,200043438,51,44
51088,200067213,51,44
51089,200067213,51,44
51090,245100979,51,44
51091,200066835,51,44
51092,200066835,51,44
51093,200067684,51,44
51094,200067379,51,44
51095,200067379,51,44
51097,200042620,51,44
51098,200067379,51,44
51099,200066876,51,44
51100,200066850,51,44
51101,200067213,51,44
51102,200067213,51,44
51103,200066835,51,44
51104,200042703,51,44
51105,200067213,51,44
51106,200043438,51,44
51107,200067684,51,44
51108,200066876,51,44
51109,200067213,51,44
51110,200067684,51,44
51111,200067213,51,44
51112,200067213,51,44
51113,200066850,51,44
51115,200067213,51,44
51116,200066835,51,44
51117,200066876,51,44
51118,200067213,51,44
51119,245100615,51,44
51120,200066850,51,44
51121,200066850,51,44
51122,200067379,51,44
51124,200066835,51,44
51125,200034718,51,44
51126,200042703,51,44
51127,200066835,51,44
51128,200066850,51,44
51129,245100888,51,44
51130,200067379,51,44
51132,200042703,51,44
51133,200042703,51,44
51134,200034718,51,44
51135,200042992,51,44
51136,200066850,51,44
51137,200066835,51,44
51138,200042703,51,44
51139,200042703,51,44
51140,200067213,51,44
51141,200034718,51,44
51142,200067684,51,44
51143,200042703,51,44
51144,200068666,51,44
51145,200067213,51,44
51146,200066876,51,44
51147,200042620,51,44
51148,200043438,51,44
51149,200043438,51,44
51150,200066876,51,44
51151,200066835,51,44
51152,200067213,51,44
51153,200067684,51,44
51154,200067684,51,44
51155,200066835,51,44
51156,200042992,51,44
51157,200066850,51,44
51158,200067684,51,44
51160,200066876,51,44
51161,200066876,51,44
51162,200066835,51,44
51163,200066850,51,44
51164,245100979,51,44
51165,245100979,51,44
51166,200042703,51,44
51167,200034718,51,44
51168,200066876,51,44
51169,200034718,51,44
51170,245100888,51,44
51171,200067213,51,44
51172,200067213,51,44
51173,200066850,51,44
51174,200066850,51,44
51175,245100888,51,44
51176,245100979,51,44
51177,200067213,51,44
51178,200043438,51,44
51179,200043438,51,44
51181,200067213,51,44
51182,200066835,51,44
51183,200067213,51,44
51184,200034718,51,44
51185,200066835,51,44
51186,200066850,51,44
51187,200067213,51,44
51188,200067213,51,44
51190,200067213,51,44
51191,200042703,51,44
51192,200066850,51,44
51193,200043438,51,44
51194,200067213,51,44
51195,200034718,51,44
51196,200067684,51,44
51197,200042620,51,44
51198,200067213,51,44
51199,200066850,51,44
51200,200067684,51,44
51201,200067213,51,44
51202,200067684,51,44
51203,200042620,51,44
51204,200066850,51,44
51206,200042703,51,44
51208,200043438,51,44
51210,245100615,51,44
51211,200042703,51,44
51212,200066876,51,44
51213,200042703,51,44
51214,200042703,51,44
51215,200042992,51,44
51216,200067213,51,44
51217,200066850,51,44
51218,200067379,51,44
51219,200042992,51,44
51220,200034718,51,44
51222,200042703,51,44
51223,200042992,51,44
51224,200042992,51,44
51225,200067213,51,44
51226,200067684,51,44
51227,200043438,51,44
51228,200042703,51,44
51229,200042703,51,44
51230,200067684,51,44
51231,200066876,51,44
51232,200067213,51,44
51233,200066835,51,44
51234,200066835,51,44
51235,200066835,51,44
51236,200066835,51,44
51237,200066835,51,44
51238,200066850,51,44
51239,200067684,51,44
51240,200067379,51,44
51241,245100979,51,44
51242,200066876,51,44
51243,245100979,51,44
51244,200043438,51,44
51245,200067213,51,44
51246,200042992,51,44
51247,200066850,51,44
51248,245100979,51,44
51249,200066850,51,44
51250,200067213,51,44
51251,200067684,51,44
51252,200066850,51,44
51253,200042703,51,44
51254,200066835,51,44
51255,200042703,51,44
51256,245100615,51,44
51258,200066835,51,44
51259,200043438,51,44
51260,200043438,51,44
51262,200034718,51,44
51263,245100888,51,44
51264,245100888,51,44
51265,200066835,51,44
51266,245100615,51,44
51267,200067213,51,44
51268,200067684,51,44
51269,200042992,51,44
51270,200042992,51,44
51272,200042703,51,44
51273,200067684,51,44
51274,200042703,51,44
51275,200034718,51,44
51276,245100979,51,44
51277,200042992,51,44
51278,200066876,51,44
51279,200066835,51,44
51280,200042703,51,44
51281,200067684,51,44
51282,200067213,51,44
51283,200042703,51,44
51284,200042992,51,44
51285,200066876,51,44
51286,200068666,51,44
51287,245100615,51,44
51288,200042992,51,44
51289,200067379,51,44
51290,200067379,51,44
51291,200067213,51,44
51292,200042703,51,44
51293,200067213,51,44
51294,200067213,51,44
51295,200034718,51,44
51296,200034718,51,44
51298,200066850,51,44
51299,200067213,51,44
51300,200042992,51,44
51301,200066876,51,44
51302,200067684,51,44
51303,200066876,51,44
51304,245100888,51,44
51305,200067213,51,44
51306,200066835,51,44
51307,200042620,51,44
51308,200067213,51,44
51309,200067213,51,44
51310,200067213,51,44
51311,200067379,51,44
51312,200066876,51,44
51313,200066835,51,44
51314,200067213,51,44
51315,200068666,51,44
51316,200042992,51,44
51317,200042620,51,44
51318,200067213,51,44
51319,200066876,51,44
51320,200066850,51,44
51321,200067213,51,44
51322,200034718,51,44
51323,200066835,51,44
51324,200066835,51,44
51325,200067379,51,44
51326,200066876,51,44
51327,200067684,51,44
51328,200034718,51,44
51329,200067213,51,44
51333,200067213,51,44
51334,200042992,51,44
51336,200042703,51,44
51337,200067213,51,44
51338,200067213,51,44
51339,200043438,51,44
51340,200034718,51,44
51341,200042703,51,44
51342,200067684,51,44
51343,200066835,51,44
51344,200067684,51,44
51345,200066850,51,44
51346,200066850,51,44
51348,200067213,51,44
51349,200034718,51,44
51350,245100888,51,44
51351,245100979,51,44
51352,200034718,51,44
51353,200066835,51,44
51354,200043438,51,44
51355,200042703,51,44
51356,200042992,51,44
51357,200066876,51,44
51358,200068666,51,44
51359,245100888,51,44
51360,200066835,51,44
51361,200034718,51,44
51362,200067213,51,44
51363,200067379,51,44
51364,200067213,51,44
51365,200067213,51,44
51367,200067684,51,44
51368,200042703,51,44
51369,200066835,51,44
51370,200042703,51,44
51371,200043438,51,44
51372,200066876,51,44
51373,200042992,51,44
51374,200066835,51,44
51375,200067213,51,44
51376,200066835,51,44
51377,200066876,51,44
51378,200067684,51,44
51379,200067213,51,44
51380,245100888,51,44
51381,200066850,51,44
51382,200067213,51,44
51384,200067684,51,44
51386,245100888,51,44
51387,200067684,51,44
51388,200066876,51,44
51389,200066876,51,44
51390,200067684,51,44
51391,200067213,51,44
51392,245100615,51,44
51393,245100615,51,44
51395,200066835,51,44
51396,200066850,51,44
51397,200042703,51,44
51398,200066850,51,44
51399,200042703,51,44
51402,200066835,51,44
51403,200067213,51,44
51404,200042703,51,44
51406,200042992,51,44
51407,200066835,51,44
51409,200043438,51,44
51410,200066850,51,44
51412,245100979,51,44
51413,200067684,51,44
51414,200067213,51,44
51415,200043438,51,44
51416,200066850,51,44
51417,200042992,51,44
51418,200067213,51,44
51419,200042992,51,44
51420,200067379,51,44
51421,200066835,51,44
51422,200067213,51,44
51423,200067379,51,44
51424,200042703,51,44
51425,200066850,51,44
51426,200066835,51,44
51428,200067213,51,44
51429,200067213,51,44
51430,200067684,51,44
51431,200067684,51,44
51432,245100979,51,44
51433,200067379,51,44
51434,200067684,51,44
51435,200067684,51,44
51436,200043438,51,44
51437,200067213,51,44
51438,200043438,51,44
51439,200067213,51,44
51440,200067213,51,44
51441,200067379,51,44
51442,200067379,51,44
51443,200066835,51,44
51444,200067213,51,44
51445,200067213,51,44
51446,200034718,51,44
51447,200067213,51,44
51448,200067213,51,44
51449,200067213,51,44
51450,200067213,51,44
51451,200066835,51,44
51452,200042703,51,44
51453,200066876,51,44
51454,200067213,51,44
51455,200067379,51,44
51456,200042703,51,44
51457,200066850,51,44
51458,200066835,51,44
51459,200066835,51,44
51460,245100888,51,44
51461,200067213,51,44
51463,200034718,51,44
51464,200067213,51,44
51465,200066850,51,44
51466,200067213,51,44
51468,200067213,51,44
51469,200067684,51,44
51470,200042703,51,44
51471,200067213,51,44
51472,200067379,51,44
51473,200066835,51,44
51474,200067213,51,44
51475,200034718,51,44
51476,200066876,51,44
51477,200067213,51,44
51478,200068666,51,44
51479,200067213,51,44
51480,200066850,51,44
51482,200043438,51,44
51483,200066876,51,44
51484,200067213,51,44
51485,200066876,51,44
51486,200042620,51,44
51487,200067213,51,44
51488,245100615,51,44
51489,200067379,51,44
51490,200043438,51,44
51491,200042620,51,44
51492,200066835,51,44
51493,200067213,51,44
51495,200066835,51,44
51496,200067379,51,44
51497,200067379,51,44
51498,200042703,51,44
51499,200067684,51,44
51500,200042703,51,44
51501,200042620,51,44
51502,200043438,51,44
51503,200067213,51,44
51504,200066876,51,44
51505,200067213,51,44
51506,200066876,51,44
51507,200042703,51,44
51508,200034718,51,44
51509,200066876,51,44
51510,200067379,51,44
51511,200066835,51,44
51512,200043438,51,44
51513,200042992,51,44
51514,200066835,51,44
51515,200042620,51,44
51516,200066835,51,44
51517,200067213,51,44
51518,200067213,51,44
51519,200042703,51,44
51520,200034718,51,44
51521,200068666,51,44
51522,200068666,51,44
51523,200067213,51,44
51524,200066835,51,44
51525,200066876,51,44
51526,200066835,51,44
51527,200067213,51,44
51528,200042992,51,44
51529,200067213,51,44
51530,200067213,51,44
51531,200067379,51,44
51532,200067213,51,44
51533,200042703,51,44
51534,200067213,51,44
51535,200066835,51,44
51536,200067213,51,44
51537,200042703,51,44
51538,200043438,51,44
51539,200067379,51,44
51542,245100888,51,44
51543,200042703,51,44
51544,200042620,51,44
51545,200066876,51,44
51546,200042620,51,44
51547,200042620,51,44
51548,200043438,51,44
51549,200042703,51,44
51550,200034718,51,44
51551,200034718,51,44
51552,200034718,51,44
51553,200042620,51,44
51555,200066876,51,44
51556,200066876,51,44
51557,200034718,51,44
51558,200067684,51,44
51559,200042620,51,44
51560,200066850,51,44
51562,200067213,51,44
51563,200066850,51,44
51564,245100615,51,44
51565,245100979,51,44
51566,200066876,51,44
51567,200042992,51,44
51568,200067213,51,44
51569,200067213,51,44
51570,245100888,51,44
51571,200067213,51,44
51572,200042620,51,44
51573,200067213,51,44
51574,200043438,51,44
51576,245100615,51,44
51577,200067213,51,44
51578,200067684,51,44
51579,245100888,51,44
51580,200067213,51,44
51581,200067213,51,44
51582,200067213,51,44
51583,200068666,51,44
51584,200067213,51,44
51585,200066850,51,44
51586,200067213,51,44
51587,200066876,51,44
51588,200042703,51,44
51589,200067379,51,44
51590,200067379,51,44
51591,200067213,51,44
51592,200066850,51,44
51594,200066876,51,44
51595,200066876,51,44
51596,245100888,51,44
51597,200066850,51,44
51598,200067379,51,44
51599,200067213,51,44
51600,200067213,51,44
51601,200067379,51,44
51602,200067379,51,44
51603,200067684,51,44
51604,200067213,51,44
51605,200066850,51,44
51607,245100888,51,44
51608,200067379,51,44
51609,200066850,51,44
51610,200042703,51,44
51611,200067684,51,44
51612,200067684,51,44
51613,200067213,51,44
51614,200067213,51,44
51616,200043438,51,44
51617,200066876,51,44
51618,245100888,51,44
51619,200042703,51,44
51620,200042703,51,44
51621,200042703,51,44
51622,200067213,51,44
51623,200067213,51,44
51624,200067213,51,44
51625,200066835,51,44
51626,245100888,51,44
51627,200067684,51,44
51628,200066835,51,44
51629,200067213,51,44
51630,200067684,51,44
51631,200067213,51,44
51632,200042703,51,44
51633,200067213,51,44
51634,200066876,51,44
51635,200067379,51,44
51636,200067213,51,44
51638,200067684,51,44
51639,200066850,51,44
51640,200042703,51,44
51641,200066850,51,44
51642,200066835,51,44
51643,200067684,51,44
51644,200066850,51,44
51645,200066835,51,44
51646,200042703,51,44
51647,200067379,51,44
51648,200043438,51,44
51649,200034718,51,44
51650,200042703,51,44
51652,200066835,51,44
51654,200068666,51,44
51655,200067684,51,44
51656,200066876,51,44
51657,200067213,51,44
51658,200067379,51,44
51659,200042703,51,44
51660,200067213,51,44
51662,200067213,51,44
51663,200067684,51,44
52001,200068658,52,44
52002,200070332,52,44
52003,200069664,52,44
52004,200044253,52,44
52005,245200597,52,44
52006,200068666,52,44
52007,200044253,52,44
52008,200069664,52,44
52009,200072999,52,44
52011,200068658,52,44
52012,200044253,52,44
52013,200070332,52,44
52014,200027308,52,44
52015,200070332,52,44
52016,200027308,52,44
52017,245200597,52,44
52019,200044253,52,44
52021,200068666,52,44
52022,245200597,52,44
52023,200027308,52,44
52025,200069664,52,44
52027,200027308,52,44
52028,200027308,52,44
52029,200044253,52,44
52030,200044253,52,44
52031,245200597,52,44
52033,200072999,52,44
52034,200068666,52,44
52035,200027308,52,44
52037,200072999,52,44
52038,200069664,52,44
52039,200044253,52,44
52040,200027308,52,44
52042,200072999,52,44
52043,200070332,52,44
52044,200069664,52,44
52045,200068666,52,44
52047,200044253,52,44
52050,200068658,52,44
52051,200070332,52,44
52053,200068658,52,44
52055,200044253,52,44
52056,245200597,52,44
52057,200044253,52,44
52058,200068658,52,44
52059,200072999,52,44
52060,200070332,52,44
52061,200069664,52,44
52062,200072999,52,44
52063,200069664,52,44
52064,200069664,52,44
52065,200044253,52,44
52066,200044253,52,44
52067,200069664,52,44
52069,245200597,52,44
52070,200027308,52,44
52072,200068658,52,44
52074,200069664,52,44
52075,200068658,52,44
52076,245200597,52,44
52079,200068666,52,44
52082,245200597,52,44
52083,200070332,52,44
52084,200044253,52,44
52085,200072999,52,44
52087,200068658,52,44
52088,200068666,52,44
52089,200072999,52,44
52090,200070332,52,44
52091,200068658,52,44
52092,200027308,52,44
52093,200070332,52,44
52094,200027308,52,44
52095,200069664,52,44
52097,200044253,52,44
52099,200068666,52,44
52101,200069664,52,44
52102,200072999,52,44
52103,200070332,52,44
52104,200068666,52,44
52105,200072999,52,44
52106,200072999,52,44
52107,200069664,52,44
52108,200072999,52,44
52109,200044253,52,44
52110,200044253,52,44
52113,200027308,52,44
52114,245200597,52,44
52115,200072999,52,44
52116,200072999,52,44
52118,200044253,52,44
52119,200070332,52,44
52120,200072999,52,44
52121,200068658,52,44
52122,200069664,52,44
52123,200068666,52,44
52124,200070332,52,44
52125,200068658,52,44
52126,200027308,52,44
52127,200072999,52,44
52128,200069664,52,44
52129,200044253,52,44
52130,245200597,52,44
52131,200044253,52,44
52132,200072999,52,44
52133,200069664,52,44
52134,200027308,52,44
52135,200070332,52,44
52136,200070332,52,44
52137,200027308,52,44
52138,200027308,52,44
52140,200068658,52,44
52141,200068658,52,44
52142,200069664,52,44
52145,200027308,52,44
52146,245200597,52,44
52147,200072999,52,44
52149,200044253,52,44
52151,245200597,52,44
52155,200070332,52,44
52156,200068666,52,44
52157,200068658,52,44
52158,200027308,52,44
52159,200068658,52,44
52160,200068658,52,44
52161,200072999,52,44
52162,200072999,52,44
52163,200072999,52,44
52164,200070332,52,44
52165,245200597,52,44
52167,200069664,52,44
52168,245200597,52,44
52169,200068666,52,44
52170,200027308,52,44
52171,200068666,52,44
52172,200044253,52,44
52173,200069664,52,44
52174,200069664,52,44
52175,200044253,52,44
52177,200069664,52,44
52178,200044253,52,44
52179,200068666,52,44
52181,200044253,52,44
52182,200068666,52,44
52183,200069664,52,44
52184,200044253,52,44
52185,200070332,52,44
52187,200044253,52,44
52189,200027308,52,44
52190,200068658,52,44
52193,200068658,52,44
52194,200068666,52,44
52195,200070332,52,44
52196,200072999,52,44
52197,200070332,52,44
52198,200068666,52,44
52199,200044253,52,44
52200,200027308,52,44
52201,200044253,52,44
52203,200068666,52,44
52204,200068658,52,44
52205,200068658,52,44
52206,200068666,52,44
52207,200072999,52,44
52208,200070332,52,44
52211,200068658,52,44
52212,200044253,52,44
52213,200070332,52,44
52214,200068658,52,44
52216,200027308,52,44
52217,200069664,52,44
52218,200044253,52,44
52219,200044253,52,44
52220,245200597,52,44
52221,200068658,52,44
52222,200044253,52,44
52223,200070332,52,44
52227,200069664,52,44
52228,200027308,52,44
52229,200070332,52,44
52230,200044253,52,44
52231,200044253,52,44
52232,200068658,52,44
52233,200070332,52,44
52234,200069664,52,44
52235,200068666,52,44
52237,200069664,52,44
52240,200070332,52,44
52242,200070332,52,44
52243,200069664,52,44
52244,200068666,52,44
52245,200069664,52,44
52246,200072999,52,44
52247,200069664,52,44
52248,200072999,52,44
52249,200027308,52,44
52250,200044253,52,44
52251,200068658,52,44
52253,200068658,52,44
52254,200068658,52,44
52256,200069664,52,44
52257,200070332,52,44
52258,245200597,52,44
52260,200068658,52,44
52264,200070332,52,44
52265,200068666,52,44
52266,200068666,52,44
52267,200068666,52,44
52269,200072999,52,44
52271,200068658,52,44
52272,245200597,52,44
52273,200070332,52,44
52274,245200597,52,44
52275,200072999,52,44
52276,200068658,52,44
52277,200072999,52,44
52278,245200597,52,44
52280,200072999,52,44
52282,245200597,52,44
52284,200044253,52,44
52285,200027308,52,44
52286,200069664,52,44
52287,200069664,52,44
52288,200044253,52,44
52289,200068559,52,44
52290,200070332,52,44
52291,200069664,52,44
52292,200027308,52,44
52294,200068666,52,44
52295,200068658,52,44
52297,200068658,52,44
52298,200027308,52,44
52300,200068666,52,44
52301,200069664,52,44
52302,200068666,52,44
52303,200070332,52,44
52304,200069664,52,44
52305,200068658,52,44
52306,200069664,52,44
52307,200072999,52,44
52308,245200597,52,44
52310,200068658,52,44
52311,200072999,52,44
52312,200072999,52,44
52313,200069664,52,44
52315,200068658,52,44
52316,200044253,52,44
52318,200070332,52,44
52319,200069664,52,44
52320,200069664,52,44
52321,200044253,52,44
52322,200068658,52,44
52325,200069664,52,44
52326,200068658,52,44
52327,200068666,52,44
52328,200070332,52,44
52330,245200597,52,44
52331,200068666,52,44
52332,200072999,52,44
52335,200069664,52,44
52336,200068666,52,44
52337,200044253,52,44
52341,200068666,52,44
52342,200044253,52,44
52344,200027308,52,44
52346,200044253,52,44
52347,200068666,52,44
52348,200072999,52,44
52349,200068658,52,44
52350,200070332,52,44
52352,200068658,52,44
52353,200068658,52,44
52354,200070332,52,44
52355,200072999,52,44
52356,200044253,52,44
52357,200044253,52,44
52358,200072999,52,44
52359,200044253,52,44
52360,200027308,52,44
52362,200072999,52,44
52363,200072999,52,44
52364,200027308,52,44
52365,245200597,52,44
52366,200072999,52,44
52367,200068658,52,44
52369,200069664,52,44
52370,200068666,52,44
52371,200068658,52,44
52372,200069664,52,44
52373,200069664,52,44
52374,200070332,52,44
52375,200070332,52,44
52376,200044253,52,44
52377,200070332,52,44
52378,200044253,52,44
52380,200072999,52,44
52383,200072999,52,44
52384,200027308,52,44
52385,200072999,52,44
52386,200068666,52,44
52388,200070332,52,44
52390,200070332,52,44
52391,200068666,52,44
52392,200072999,52,44
52393,200027308,52,44
52394,200070332,52,44
52395,200027308,52,44
52396,200068658,52,44
52397,200072999,52,44
52398,200044253,52,44
52399,245200597,52,44
52400,200070332,52,44
52401,200068658,52,44
52403,200027308,52,44
52405,200027308,52,44
52406,200070332,52,44
52407,200069664,52,44
52411,200068666,52,44
52413,200068666,52,44
52414,200068666,52,44
52415,200072999,52,44
52416,200072999,52,44
52419,200068658,52,44
52420,200069664,52,44
52421,200068658,52,44
52422,245200597,52,44
52423,200069664,52,44
52424,200070332,52,44
52425,200027308,52,44
52426,200068658,52,44
52428,200068658,52,44
52429,200068666,52,44
52431,200027308,52,44
52432,200072999,52,44
52433,200069664,52,44
52436,200068658,52,44
52437,200027308,52,44
52438,200070332,52,44
52439,200027308,52,44
52440,200044253,52,44
52442,200044253,52,44
52443,200044253,52,44
52444,200069664,52,44
52445,200070332,52,44
52446,200027308,52,44
52447,200072999,52,44
52448,200068666,52,44
52449,200072999,52,44
52450,200027308,52,44
52452,200072999,52,44
52453,200072999,52,44
52455,200069664,52,44
52456,200044253,52,44
52457,200070332,52,44
52459,200068658,52,44
52461,200072999,52,44
52463,200044253,52,44
52464,200070332,52,44
52465,200072999,52,44
52467,200070332,52,44
52468,200069664,52,44
52469,200068658,52,44
52470,200070332,52,44
52472,200068658,52,44
52473,200069664,52,44
52474,245200597,52,44
52475,200068666,52,44
52476,200069664,52,44
52479,200068666,52,44
52480,200068658,52,44
52482,200069664,52,44
52483,200070332,52,44
52484,200044253,52,44
52486,200027308,52,44
52487,200068666,52,44
52488,200068658,52,44
52489,200069664,52,44
52490,200044253,52,44
52491,200044253,52,44
52492,200070332,52,44
52493,200070332,52,44
52494,200068658,52,44
52495,200044253,52,44
52497,200068666,52,44
52499,200027308,52,44
52500,200068666,52,44
52502,200068666,52,44
52503,200070332,52,44
52504,200070332,52,44
52505,200069664,52,44
52506,245200597,52,44
52507,200027308,52,44
52510,200068666,52,44
52511,200044253,52,44
52512,200044253,52,44
52513,200070332,52,44
52514,200068658,52,44
52515,200027308,52,44
52516,200027308,52,44
52517,200069664,52,44
52518,200068658,52,44
52519,200027308,52,44
52520,200070332,52,44
52522,200068658,52,44
52523,200069664,52,44
52524,200068658,52,44
52525,245200597,52,44
52526,200027308,52,44
52528,200068666,52,44
52529,200027308,52,44
52534,200068666,52,44
52535,200068658,52,44
52536,200027308,52,44
52538,245200597,52,44
52539,200070332,52,44
52540,200027308,52,44
52541,200068658,52,44
52542,200027308,52,44
52543,200068666,52,44
52544,200070332,52,44
52545,200072999,52,44
52546,200070332,52,44
52547,200068658,52,44
52548,200068658,52,44
52549,200069664,52,44
52550,200068666,52,44
53001,200083392,53,52
53002,200055887,53,52
53003,245300389,53,52
53005,245300355,53,52
53007,200083392,53,52
53008,200055887,53,52
53009,245300223,53,52
53010,200033298,53,52
53011,200048551,53,52
53012,200048551,53,52
53013,200042182,53,52
53015,245300355,53,52
53016,200033298,53,52
53017,245300223,53,52
53018,200048551,53,52
53019,245300223,53,52
53021,200055887,53,52
53022,245300223,53,52
53023,200033298,53,52
53025,245300223,53,52
53026,200083392,53,52
53027,245300223,53,52
53028,200055887,53,52
53029,245300447,53,52
53030,245300223,53,52
53031,245300355,53,52
53033,200048551,53,52
53034,200083392,53,52
53035,200048551,53,52
53036,245300223,53,52
53037,247200090,53,52
53038,200042182,53,52
53039,200083392,53,52
53040,200083392,53,52
53041,200048551,53,52
53042,245300389,53,52
53043,200033298,53,52
53045,200083392,53,52
53046,245300223,53,52
53047,245300389,53,52
53048,245300355,53,52
53049,200083392,53,52
53051,200055887,53,52
53052,200042182,53,52
53053,200033298,53,52
53054,200083392,53,52
53055,245300389,53,52
53056,200083392,53,52
53057,200055887,53,52
53058,200048551,53,52
53059,200033298,53,52
53061,200055887,53,52
53062,245300447,53,52
53063,245300447,53,52
53064,245300389,53,52
53066,245300447,53,52
53067,245300223,53,52
53068,200048551,53,52
53069,200042182,53,52
53071,245300389,53,52
53072,200055887,53,52
53073,200048551,53,52
53074,200055887,53,52
53075,200048551,53,52
53076,245300223,53,52
53077,200048551,53,52
53078,245300447,53,52
53079,245300389,53,52
53080,200042182,53,52
53082,200048551,53,52
53083,200042182,53,52
53084,200048551,53,52
53085,200042182,53,52
53086,245300355,53,52
53087,245300223,53,52
53088,200048551,53,52
53089,245300447,53,52
53090,200048551,53,52
53091,245300389,53,52
53093,245300389,53,52
53094,200083392,53,52
53096,245300355,53,52
53097,200033298,53,52
53098,200048551,53,52
53099,200083392,53,52
53100,245300389,53,52
53101,245300447,53,52
53102,200048551,53,52
53103,200083392,53,52
53104,245300447,53,52
53105,200033298,53,52
53106,200042182,53,52
53107,245300389,53,52
53108,200083392,53,52
53109,200055887,53,52
53110,245300223,53,52
53111,200055887,53,52
53112,200042182,53,52
53113,200033298,53,52
53114,200055887,53,52
53115,245300389,53,52
53116,200055887,53,52
53117,245300447,53,52
53118,200055887,53,52
53119,200083392,53,52
53120,200033298,53,52
53121,200042182,53,52
53122,200055887,53,52
53123,245300355,53,52
53124,245300447,53,52
53125,245300389,53,52
53126,245300355,53,52
53127,200055887,53,52
53128,200048551,53,52
53129,200083392,53,52
53130,200083392,53,52
53131,245300389,53,52
53132,245300389,53,52
53133,200042182,53,52
53134,200033298,53,52
53135,200048551,53,52
53136,245300447,53,52
53137,200083392,53,52
53139,200042182,53,52
53140,200083392,53,52
53141,200083392,53,52
53142,200042182,53,52
53143,245300223,53,52
53144,200055887,53,52
53145,245300447,53,52
53146,200055887,53,52
53147,200055887,53,52
53148,200048551,53,52
53150,245300447,53,52
53151,200048551,53,52
53152,245300223,53,52
53153,200033298,53,52
53154,245300389,53,52
53155,245300355,53,52
53156,200083392,53,52
53157,200083392,53,52
53158,200083392,53,52
53160,200055887,53,52
53161,200033298,53,52
53162,200055887,53,52
53163,200033298,53,52
53164,200042182,53,52
53165,200048551,53,52
53168,200083392,53,52
53169,200083392,53,52
53170,245300389,53,52
53172,245300447,53,52
53173,200042182,53,52
53174,200055887,53,52
53175,200083392,53,52
53176,245300389,53,52
53177,245300355,53,52
53178,245300447,53,52
53179,200055887,53,52
53180,200048551,53,52
53181,245300389,53,52
53182,200083392,53,52
53184,245300223,53,52
53185,200042182,53,52
53186,200048551,53,52
53187,200042182,53,52
53188,200048551,53,52
53189,200055887,53,52
53190,200055887,53,52
53191,200048551,53,52
53192,200048551,53,52
53193,245300223,53,52
53195,200055887,53,52
53196,200042182,53,52
53197,200048551,53,52
53198,200042182,53,52
53199,245300389,53,52
53200,200055887,53,52
53201,200083392,53,52
53202,245300389,53,52
53203,245300223,53,52
53204,200042182,53,52
53206,245300223,53,52
53208,200042182,53,52
53209,200083392,53,52
53210,245300447,53,52
53211,245300355,53,52
53212,245300223,53,52
53213,245300389,53,52
53214,200048551,53,52
53216,200055887,53,52
53218,200033298,53,52
53219,200055887,53,52
53220,200033298,53,52
53221,200033298,53,52
53222,200055887,53,52
53223,200042182,53,52
53224,200083392,53,52
53225,245300355,53,52
53226,245300355,53,52
53228,200033298,53,52
53229,200083392,53,52
53230,200055887,53,52
53232,200033298,53,52
53233,245300223,53,52
53234,245300389,53,52
53235,200055887,53,52
53236,200042182,53,52
53237,245300389,53,52
53238,245300389,53,52
53240,200048551,53,52
53242,200048551,53,52
53243,200083392,53,52
53245,245300355,53,52
53246,200042182,53,52
53247,200083392,53,52
53248,200033298,53,52
53249,200033298,53,52
53250,200048551,53,52
53251,200048551,53,52
53253,200048551,53,52
53255,200033298,53,52
53256,200033298,53,52
53257,200033298,53,52
53258,200048551,53,52
53259,200048551,53,52
53260,200048551,53,52
53261,245300389,53,52
53262,200083392,53,52
53263,200055887,53,52
53264,200033298,53,52
53265,200033298,53,52
53266,200033298,53,52
53267,200033298,53,52
53269,245300355,53,52
53270,245300389,53,52
53271,200042182,53,52
53272,200042182,53,52
53273,245300223,53,52
53276,200033298,53,52
54001,200070589,54,44
54002,200070845,54,44
54003,245400510,54,44
54004,200070845,54,44
54005,200035772,54,44
54006,200070589,54,44
54007,200070563,54,44
54008,245400510,54,44
54009,200070845,54,44
54010,245400510,54,44
54011,200043693,54,44
54012,200070589,54,44
54013,200069433,54,44
54014,200069433,54,44
54015,200070290,54,44
54016,200070563,54,44
54017,200069433,54,44
54018,200070845,54,44
54019,200070563,54,44
54020,245400759,54,44
54021,200070589,54,44
54022,200070738,54,44
54023,245400759,54,44
54024,200070589,54,44
54025,245400676,54,44
54026,245400759,54,44
54027,200041515,54,44
54028,200070845,54,44
54029,200070290,54,44
54030,200069433,54,44
54031,200041515,54,44
54032,200035772,54,44
54033,200070290,54,44
54034,200070563,54,44
54035,200069433,54,44
54036,200070845,54,44
54037,245400189,54,44
54038,200070324,54,44
54039,200070324,54,44
54040,200069433,54,44
54041,245400510,54,44
54042,200035772,54,44
54043,245400171,54,44
54044,200069433,54,44
54045,200067643,54,44
54046,245400510,54,44
54047,245400510,54,44
54048,200070845,54,44
54049,200043693,54,44
54050,245400759,54,44
54051,200070845,54,44
54052,245400510,54,44
54053,245400759,54,44
54054,200067643,54,44
54055,200070738,54,44
54056,200043693,54,44
54057,200070738,54,44
54058,200070845,54,44
54059,200070589,54,44
54060,200041515,54,44
54061,200070324,54,44
54062,200035772,54,44
54063,200070738,54,44
54064,200069433,54,44
54065,200070324,54,44
54066,200070845,54,44
54067,200043693,54,44
54068,245400510,54,44
54069,200070290,54,44
54070,200070589,54,44
54071,245400759,54,44
54072,200041515,54,44
54073,200070563,54,44
54074,245400759,54,44
54075,200071066,54,44
54076,200067643,54,44
54077,200069433,54,44
54078,200069433,54,44
54079,200041515,54,44
54080,245400510,54,44
54081,200043693,54,44
54082,200070845,54,44
54083,245400759,54,44
54084,200070290,54,44
54085,200067643,54,44
54086,200070563,54,44
54087,200070738,54,44
54088,200070563,54,44
54089,200070589,54,44
54090,245400601,54,44
54091,200041515,54,44
54092,200035772,54,44
54093,200070845,54,44
54094,200035772,54,44
54095,200070589,54,44
54096,200070290,54,44
54097,200069433,54,44
54098,200067643,54,44
54099,200070845,54,44
54100,200070589,54,44
54101,200070324,54,44
54102,200070563,54,44
54103,200070845,54,44
54104,200070589,54,44
54105,245400510,54,44
54106,245400759,54,44
54107,200069433,54,44
54108,245400189,54,44
54109,200035772,54,44
54110,200070589,54,44
54111,245400171,54,44
54112,200070738,54,44
54113,200070589,54,44
54114,200041515,54,44
54115,245400601,54,44
54116,200070324,54,44
54117,200035772,54,44
54118,200043693,54,44
54119,200070738,54,44
54120,200070563,54,44
54121,200067643,54,44
54122,200070563,54,44
54123,245400171,54,44
54124,200069433,54,44
54125,200070324,54,44
54126,200070589,54,44
54127,245400262,54,44
54128,200070563,54,44
54129,200069433,54,44
54130,200067643,54,44
54131,200070589,54,44
54132,200035772,54,44
54133,245400759,54,44
54134,200043693,54,44
54135,245400510,54,44
54136,200070845,54,44
54137,245400262,54,44
54138,245400262,54,44
54139,245400759,54,44
54140,245400510,54,44
54141,245400189,54,44
54142,200035772,54,44
54143,245400510,54,44
54144,200067643,54,44
54145,245400189,54,44
54146,245400510,54,44
54147,245400759,54,44
54148,200070324,54,44
54149,200070290,54,44
54150,245400601,54,44
54151,245400262,54,44
54152,200067643,54,44
54153,200070738,54,44
54154,200070324,54,44
54155,245400759,54,44
54156,200035772,54,44
54157,200041515,54,44
54158,245400510,54,44
54159,245400189,54,44
54160,200070563,54,44
54161,200069433,54,44
54162,200070563,54,44
54163,200069433,54,44
54164,200035772,54,44
54165,245400676,54,44
54166,200070738,54,44
54167,200070563,54,44
54168,200070589,54,44
54169,200070290,54,44
54170,200067643,54,44
54171,200070845,54,44
54172,200043693,54,44
54173,245400759,54,44
54174,200070563,54,44
54175,200067643,54,44
54176,245400759,54,44
54177,200069433,54,44
54178,200043693,54,44
54179,200070589,54,44
54180,200070589,54,44
54181,200070290,54,44
54182,200070738,54,44
54183,200067643,54,44
54184,245400676,54,44
54185,200035772,54,44
54186,200070589,54,44
54187,200070738,54,44
54188,245400601,54,44
54189,245400510,54,44
54190,245400510,54,44
54191,200069433,54,44
54192,245400189,54,44
54193,200070738,54,44
54194,245400262,54,44
54195,245400759,54,44
54196,245400171,54,44
54197,245400676,54,44
54198,200070845,54,44
54199,200070324,54,44
54200,200070738,54,44
54201,200070324,54,44
54202,200070563,54,44
54203,200035772,54,44
54204,200035772,54,44
54205,200070563,54,44
54206,200070324,54,44
54207,200035772,54,44
54208,200070563,54,44
54209,200070324,54,44
54210,200069433,54,44
54211,200069433,54,44
54212,200043693,54,44
54213,200070845,54,44
54214,245400171,54,44
54215,245400601,54,44
54216,200067643,54,44
54217,200070324,54,44
54218,245400510,54,44
54219,200070589,54,44
54220,245400510,54,44
54221,200035772,54,44
54222,200067643,54,44
54223,245400510,54,44
54224,200035772,54,44
54225,200041515,54,44
54226,245400510,54,44
54227,200070845,54,44
54228,200067643,54,44
54229,200070324,54,44
54230,200069433,54,44
54231,200070845,54,44
54232,200070563,54,44
54233,200069433,54,44
54234,245400262,54,44
54235,200035772,54,44
54236,200043693,54,44
54237,245400510,54,44
54238,200035772,54,44
54239,200041515,54,44
54240,200070563,54,44
54241,200035772,54,44
54242,200070563,54,44
54243,200070324,54,44
54244,200070738,54,44
54245,200067643,54,44
54246,200069433,54,44
54247,200035772,54,44
54248,200070738,54,44
54249,200070738,54,44
54250,200070589,54,44
54251,200069433,54,44
54252,200035772,54,44
54253,200070845,54,44
54254,245400262,54,44
54255,200070324,54,44
54256,200067643,54,44
54257,245400676,54,44
54258,245400759,54,44
54259,200069433,54,44
54260,200070324,54,44
54261,245400262,54,44
54262,245400759,54,44
54263,200070845,54,44
54264,200035772,54,44
54265,245400676,54,44
54266,200035772,54,44
54268,200035772,54,44
54269,245400189,54,44
54270,245400262,54,44
54271,200069433,54,44
54272,200070563,54,44
54273,200070845,54,44
54274,245400676,54,44
54275,200070738,54,44
54276,200070589,54,44
54277,200070845,54,44
54278,200035772,54,44
54279,200041515,54,44
54280,200070845,54,44
54281,200070324,54,44
54282,200070290,54,44
54283,200070845,54,44
54284,200070290,54,44
54285,245400759,54,44
54286,200070845,54,44
54287,200070324,54,44
54288,200070563,54,44
54289,200070589,54,44
54290,245400262,54,44
54291,200035772,54,44
54292,200070324,54,44
54293,200067643,54,44
54294,200041515,54,44
54295,200070290,54,44
54296,200070589,54,44
54297,200070324,54,44
54298,200070563,54,44
54299,200035772,54,44
54300,245400676,54,44
54301,200070589,54,44
54302,200070845,54,44
54303,200070324,54,44
54304,245400676,54,44
54305,245400601,54,44
54306,200070563,54,44
54307,200035772,54,44
54308,200069433,54,44
54309,200035772,54,44
54310,200035772,54,44
54311,200070589,54,44
54312,200041515,54,44
54313,200070589,54,44
54314,245400262,54,44
54315,200070589,54,44
54316,200070738,54,44
54317,200070738,54,44
54318,245400601,54,44
54320,200041515,54,44
54321,245400262,54,44
54322,200043693,54,44
54323,245400262,54,44
54324,200067643,54,44
54325,200067643,54,44
54326,200070845,54,44
54327,200070563,54,44
54328,245400676,54,44
54329,200070324,54,44
54330,245400189,54,44
54331,200070324,54,44
54332,200041515,54,44
54333,200070589,54,44
54334,200070290,54,44
54335,245400759,54,44
54336,245400171,54,44
54337,200070290,54,44
54338,245400601,54,44
54339,245400676,54,44
54340,200070738,54,44
54343,200070738,54,44
54344,200035772,54,44
54345,245400189,54,44
54346,200070563,54,44
54348,200070563,54,44
54349,200070324,54,44
54350,200070324,54,44
54351,245400601,54,44
54352,245400171,54,44
54353,200070738,54,44
54354,245400171,54,44
54355,200041515,54,44
54356,200067643,54,44
54357,245400676,54,44
54358,200070589,54,44
54359,200067643,54,44
54360,200070563,54,44
54362,200070290,54,44
54363,200070290,54,44
54364,245400171,54,44
54365,200070324,54,44
54366,245400171,54,44
54367,245400262,54,44
54368,200069433,54,44
54369,245400601,54,44
54370,200070563,54,44
54371,200070845,54,44
54372,200070589,54,44
54373,200070324,54,44
54374,200070589,54,44
54375,200041515,54,44
54376,245400601,54,44
54377,200069433,54,44
54378,200043693,54,44
54379,245400510,54,44
54380,245400510,54,44
54381,200069433,54,44
54382,245400262,54,44
54383,200067643,54,44
54385,245400262,54,44
54386,200067643,54,44
54387,200041515,54,44
54388,245400759,54,44
54389,200070845,54,44
54390,200041515,54,44
54391,200070845,54,44
54392,245400510,54,44
54393,200070324,54,44
54394,200070290,54,44
54395,245400676,54,44
54396,200069433,54,44
54397,245400171,54,44
54398,200069433,54,44
54399,200035772,54,44
54400,200070589,54,44
54401,200069433,54,44
54402,200070845,54,44
54403,200041515,54,44
54404,200070563,54,44
54405,245400510,54,44
54406,200069433,54,44
54407,200035772,54,44
54408,200070845,54,44
54409,200035772,54,44
54410,200070738,54,44
54411,200035772,54,44
54412,200043693,54,44
54413,200070845,54,44
54414,200070563,54,44
54415,200041515,54,44
54416,200070738,54,44
54417,200035772,54,44
54418,245400759,54,44
54419,200069433,54,44
54420,200043693,54,44
54421,200069433,54,44
54422,200070324,54,44
54423,200069433,54,44
54424,200070589,54,44
54425,200070290,54,44
54426,200070563,54,44
54427,200071066,54,44
54428,200043693,54,44
54429,245400171,54,44
54430,245400601,54,44
54431,200041515,54,44
54432,245400171,54,44
54433,200041515,54,44
54434,200035772,54,44
54435,200070738,54,44
54436,200070290,54,44
54437,245400171,54,44
54438,245400510,54,44
54439,245400676,54,44
54440,200070845,54,44
54441,200070738,54,44
54442,200035772,54,44
54443,200071066,54,44
54444,200070589,54,44
54445,245400759,54,44
54446,245400759,54,44
54447,200069433,54,44
54449,200070324,54,44
54450,200070324,54,44
54451,245400262,54,44
54452,200069433,54,44
54453,200070738,54,44
54455,200067643,54,44
54456,200070589,54,44
54457,200069433,54,44
54458,200069433,54,44
54459,245400171,54,44
54460,200041515,54,44
54461,200067643,54,44
54462,245400189,54,44
54463,200041515,54,44
54464,200070589,54,44
54465,200035772,54,44
54466,200070563,54,44
54467,200067643,54,44
54468,245400189,54,44
54469,200070845,54,44
54470,200070738,54,44
54471,200067643,54,44
54472,200070324,54,44
54473,200035772,54,44
54474,200041515,54,44
54475,200067643,54,44
54476,200043693,54,44
54477,200070738,54,44
54478,200070845,54,44
54479,200067643,54,44
54480,200069433,54,44
54481,200069433,54,44
54482,245400676,54,44
54483,245400189,54,44
54484,200069433,54,44
54485,200043693,54,44
54486,200035772,54,44
54487,200067643,54,44
54488,200069433,54,44
54489,200043693,54,44
54490,245400601,54,44
54491,200070290,54,44
54492,200070563,54,44
54493,245400262,54,44
54494,245400510,54,44
54495,245400676,54,44
54496,245400510,54,44
54497,200035772,54,44
54498,245400676,54,44
54499,200070738,54,44
54500,245400510,54,44
54501,200067643,54,44
54502,245400759,54,44
54504,200070290,54,44
54505,245400171,54,44
54507,245400759,54,44
54508,200070589,54,44
54509,245400189,54,44
54510,200070589,54,44
54511,200070738,54,44
54512,200069433,54,44
54513,200035772,54,44
54514,200043693,54,44
54515,245400171,54,44
54516,200035772,54,44
54517,200070589,54,44
54518,200070738,54,44
54519,200070324,54,44
54520,200070324,54,44
54521,245701404,54,44
54522,200035772,54,44
54523,245400510,54,44
54524,200070845,54,44
54525,245400262,54,44
54526,245400676,54,44
54527,245400189,54,44
54528,200070563,54,44
54529,245400510,54,44
54530,245400510,54,44
54531,245400510,54,44
54532,200070563,54,44
54533,200070290,54,44
54534,200070563,54,44
54535,200070738,54,44
54536,200070290,54,44
54537,245400262,54,44
54538,245400510,54,44
54539,200070324,54,44
54540,200069433,54,44
54541,245400759,54,44
54542,200070845,54,44
54543,200070324,54,44
54544,200070738,54,44
54545,245400510,54,44
54546,200041515,54,44
54547,245400676,54,44
54548,245400510,54,44
54549,245400189,54,44
54550,200070324,54,44
54551,200069433,54,44
54552,200035772,54,44
54553,200035772,54,44
54554,200035772,54,44
54555,200070324,54,44
54556,200069433,54,44
54557,200070563,54,44
54558,200070589,54,44
54559,200067643,54,44
54560,200070324,54,44
54561,200067643,54,44
54562,200069433,54,44
54563,200035772,54,44
54564,200070738,54,44
54565,200067643,54,44
54566,200070738,54,44
54567,200067643,54,44
54568,200043693,54,44
54569,200041515,54,44
54570,200070738,54,44
54571,245400189,54,44
54572,200043693,54,44
54573,200041515,54,44
54574,200043693,54,44
54575,245400262,54,44
54576,200043693,54,44
54577,200070589,54,44
54578,245400676,54,44
54579,200041515,54,44
54580,245701404,54,44
54581,200070845,54,44
54582,200043693,54,44
54583,200070563,54,44
54584,200070563,54,44
54585,200067643,54,44
54586,245400171,54,44
54587,200035772,54,44
54588,200070324,54,44
54589,200041515,54,44
54590,200043693,54,44
54591,200035772,54,44
54592,200035772,54,44
54593,200070738,54,44
54594,200070738,54,44
54595,200070324,54,44
54596,245400171,54,44
54597,200035772,54,44
54598,200070290,54,44
54599,200070738,54,44
54600,200069433,54,44
54601,245400759,54,44
54602,200043693,54,44
55001,200066108,55,44
55002,245501242,55,44
55004,200066132,55,44
55005,200066108,55,44
55007,200066165,55,44
55008,200066173,55,44
55009,200066165,55,44
55010,200066108,55,44
55011,245501184,55,44
55012,200034874,55,44
55013,200066173,55,44
55014,200066116,55,44
55015,200066108,55,44
55017,200066140,55,44
55018,200066132,55,44
55021,245501176,55,44
55022,245501259,55,44
55023,200066116,55,44
55024,200066173,55,44
55025,200066132,55,44
55026,200066108,55,44
55027,245500327,55,44
55028,200066132,55,44
55029,200033025,55,44
55031,200066108,55,44
55032,200066140,55,44
55033,200066116,55,44
55034,245501259,55,44
55035,200066108,55,44
55036,200066132,55,44
55037,200066132,55,44
55038,200066140,55,44
55039,200049187,55,44
55040,200066140,55,44
55041,200033025,55,44
55042,200049187,55,44
55043,200049187,55,44
55044,200066140,55,44
55045,200066165,55,44
55046,200034874,55,44
55047,200049187,55,44
55048,200049187,55,44
55049,200033025,55,44
55050,200049187,55,44
55051,200066108,55,44
55053,200066173,55,44
55054,245500327,55,44
55055,245501242,55,44
55057,245501242,55,44
55058,200066157,55,44
55059,200066108,55,44
55060,245501176,55,44
55061,200066108,55,44
55062,200034874,55,44
55063,200070290,55,44
55064,200066140,55,44
55065,200066116,55,44
55066,200066157,55,44
55067,200066157,55,44
55068,200066116,55,44
55069,245501184,55,44
55070,200066116,55,44
55071,200066173,55,44
55072,245501242,55,44
55073,200049187,55,44
55075,200066108,55,44
55076,200066173,55,44
55077,245501259,55,44
55078,200066132,55,44
55079,200066108,55,44
55080,200066157,55,44
55081,200066140,55,44
55082,200066116,55,44
55083,200066132,55,44
55084,200066157,55,44
55085,200034874,55,44
55087,200066108,55,44
55088,200066157,55,44
55089,200066157,55,44
55093,200034874,55,44
55094,245501242,55,44
55095,200066132,55,44
55096,200034874,55,44
55097,200066157,55,44
55099,200049187,55,44
55100,200066157,55,44
55101,200033025,55,44
55102,200049187,55,44
55103,200066116,55,44
55104,200066108,55,44
55105,245501242,55,44
55106,200049187,55,44
55107,200066173,55,44
55108,200066140,55,44
55109,245501259,55,44
55110,245501259,55,44
55111,245500327,55,44
55113,200066116,55,44
55114,200066157,55,44
55115,200066116,55,44
55116,200066116,55,44
55117,200066116,55,44
55118,200066132,55,44
55119,200066132,55,44
55120,200033025,55,44
55121,245501176,55,44
55122,200066157,55,44
55123,200066140,55,44
55124,200066116,55,44
55125,245501184,55,44
55127,200066140,55,44
55128,200066140,55,44
55129,200066140,55,44
55132,200066108,55,44
55133,200066108,55,44
55134,245501184,55,44
55137,200066116,55,44
55138,200033025,55,44
55139,200049187,55,44
55140,200066132,55,44
55141,200066157,55,44
55142,200066108,55,44
55143,245501242,55,44
55144,200066108,55,44
55145,200066173,55,44
55146,200066132,55,44
55148,200066108,55,44
55149,200066173,55,44
55150,200066108,55,44
55153,245501242,55,44
55154,200066165,55,44
55155,200066116,55,44
55156,200066173,55,44
55157,245501176,55,44
55158,200066173,55,44
55159,245500327,55,44
55160,245500327,55,44
55162,200066173,55,44
55163,245501176,55,44
55165,200066132,55,44
55166,200066165,55,44
55167,200066132,55,44
55168,200066173,55,44
55169,245501259,55,44
55170,200066173,55,44
55171,245501242,55,44
55172,245501176,55,44
55173,200066157,55,44
55174,200066116,55,44
55175,200066140,55,44
55177,200066140,55,44
55178,200066140,55,44
55179,200066157,55,44
55180,200066116,55,44
55181,245501242,55,44
55182,200066173,55,44
55183,200066173,55,44
55184,200066157,55,44
55185,200066140,55,44
55186,200033025,55,44
55188,245501259,55,44
55189,200049187,55,44
55191,245501242,55,44
55192,200066132,55,44
55193,200066116,55,44
55194,200066140,55,44
55195,200066108,55,44
55196,200034874,55,44
55197,200066140,55,44
55198,245501176,55,44
55199,200066116,55,44
55200,200049187,55,44
55201,245501242,55,44
55202,200066116,55,44
55204,200066165,55,44
55206,200066116,55,44
55207,200066140,55,44
55208,200066116,55,44
55210,200066140,55,44
55211,245501242,55,44
55212,200034874,55,44
55214,200033025,55,44
55215,200066108,55,44
55216,200066173,55,44
55217,200066157,55,44
55218,200066173,55,44
55219,245501242,55,44
55220,200066157,55,44
55221,200033025,55,44
55222,245501242,55,44
55224,200066108,55,44
55225,200066132,55,44
55226,245501259,55,44
55228,245501176,55,44
55229,245500327,55,44
55232,245501176,55,44
55236,200049187,55,44
55237,245501176,55,44
55239,200049187,55,44
55241,200066165,55,44
55242,245501176,55,44
55243,245501176,55,44
55244,245501242,55,44
55245,200034874,55,44
55246,200066108,55,44
55247,200066108,55,44
55248,200066108,55,44
55250,200066132,55,44
55251,200066140,55,44
55252,245501259,55,44
55253,200066116,55,44
55254,200066140,55,44
55255,245501259,55,44
55256,200034874,55,44
55257,200066116,55,44
55258,200034874,55,44
55260,200066165,55,44
55261,200066108,55,44
55262,245501259,55,44
55263,245500327,55,44
55264,245500327,55,44
55265,245501176,55,44
55266,200066116,55,44
55267,200034874,55,44
55268,245500327,55,44
55269,200066140,55,44
55270,200034874,55,44
55271,245501184,55,44
55272,245501184,55,44
55274,200034874,55,44
55275,200066132,55,44
55276,200066165,55,44
55278,200066157,55,44
55279,200066132,55,44
55280,245501242,55,44
55281,245501176,55,44
55282,200066140,55,44
55284,200066108,55,44
55285,200066140,55,44
55286,200066165,55,44
55288,200066157,55,44
55289,200066140,55,44
55290,200066140,55,44
55291,200033025,55,44
55292,200066132,55,44
55293,200066132,55,44
55295,200066140,55,44
55296,200066108,55,44
55297,200066173,55,44
55298,200033025,55,44
55299,200066173,55,44
55300,200033025,55,44
55301,200066140,55,44
55302,200033025,55,44
55303,200034874,55,44
55304,200066140,55,44
55306,245501259,55,44
55307,200049187,55,44
55310,200066132,55,44
55311,245501176,55,44
55312,245500327,55,44
55313,200066116,55,44
55315,200066108,55,44
55316,200066173,55,44
55317,245501176,55,44
55320,245501176,55,44
55321,200049187,55,44
55322,200066157,55,44
55323,200066132,55,44
55324,245501259,55,44
55325,245501242,55,44
55326,200066108,55,44
55327,200066108,55,44
55328,200066157,55,44
55329,200066157,55,44
55330,200066157,55,44
55331,200066157,55,44
55332,200033025,55,44
55333,245500327,55,44
55334,200066157,55,44
55335,200066108,55,44
55336,200066173,55,44
55338,200066132,55,44
55339,245501242,55,44
55340,245501184,55,44
55341,200066173,55,44
55343,200066116,55,44
55344,200066157,55,44
55345,200066132,55,44
55346,200066116,55,44
55347,200066165,55,44
55348,200066108,55,44
55349,200066132,55,44
55350,200066157,55,44
55351,245501259,55,44
55352,200066108,55,44
55353,200034874,55,44
55355,200049187,55,44
55356,245501242,55,44
55357,245501242,55,44
55358,200033025,55,44
55359,200066108,55,44
55360,245501176,55,44
55361,245501242,55,44
55362,200066132,55,44
55363,245501176,55,44
55364,200066132,55,44
55365,200066132,55,44
55366,200033025,55,44
55367,200066173,55,44
55368,200066157,55,44
55369,200033025,55,44
55370,200033025,55,44
55371,200066157,55,44
55372,200033025,55,44
55373,200033025,55,44
55374,200066108,55,44
55375,200066132,55,44
55376,200033025,55,44
55377,200066132,55,44
55378,245501184,55,44
55379,200066116,55,44
55380,200066140,55,44
55381,200066157,55,44
55382,245501184,55,44
55383,200066116,55,44
55384,200066140,55,44
55385,200066165,55,44
55386,200034874,55,44
55387,200066173,55,44
55388,245501184,55,44
55389,200066140,55,44
55391,200066132,55,44
55394,200049187,55,44
55395,200066165,55,44
55396,200066157,55,44
55397,200066157,55,44
55398,200066157,55,44
55399,245501176,55,44
55400,245501242,55,44
55401,245500327,55,44
55403,200066173,55,44
55404,200066140,55,44
55405,200066173,55,44
55406,245501176,55,44
55407,200066157,55,44
55408,200066132,55,44
55409,200066140,55,44
55410,245501259,55,44
55411,200066165,55,44
55412,200034874,55,44
55414,245501184,55,44
55415,245500327,55,44
55416,200066116,55,44
55419,200066116,55,44
55420,200066165,55,44
55421,200066157,55,44
55422,200066116,55,44
55423,200066140,55,44
55424,245501184,55,44
55425,245501259,55,44
55426,200033025,55,44
55427,245501184,55,44
55428,200066173,55,44
55429,245501176,55,44
55430,200066108,55,44
55431,200034874,55,44
55433,200066157,55,44
55434,200066157,55,44
55435,200033025,55,44
55436,200066108,55,44
55437,200066173,55,44
55438,200066116,55,44
55439,245501176,55,44
55442,200066140,55,44
55443,245501242,55,44
55444,245500327,55,44
55445,200066173,55,44
55446,200033025,55,44
55447,200066108,55,44
55448,200066140,55,44
55449,200066165,55,44
55450,200066173,55,44
55452,200033025,55,44
55453,200066165,55,44
55454,200066157,55,44
55456,200066157,55,44
55457,245501176,55,44
55458,245501242,55,44
55459,200066108,55,44
55460,200034874,55,44
55461,200066173,55,44
55462,200034874,55,44
55463,245500327,55,44
55464,200066173,55,44
55465,245501176,55,44
55466,200033025,55,44
55467,245500327,55,44
55468,200049187,55,44
55469,200066132,55,44
55470,200066108,55,44
55471,200066132,55,44
55472,200066157,55,44
55473,245501176,55,44
55474,200066157,55,44
55475,200066157,55,44
55476,200033025,55,44
55477,200066108,55,44
55479,200066140,55,44
55481,200066173,55,44
55482,200066165,55,44
55484,200066116,55,44
55485,200066157,55,44
55487,245500327,55,44
55488,200033025,55,44
55489,200049187,55,44
55490,200066132,55,44
55492,200066165,55,44
55493,245501184,55,44
55494,200066108,55,44
55495,200066173,55,44
55496,200066157,55,44
55497,200066165,55,44
55498,200066165,55,44
55500,200066173,55,44
55501,200066108,55,44
55502,200066132,55,44
55503,200066157,55,44
55504,200033025,55,44
55505,200049187,55,44
55506,200066140,55,44
55507,245501176,55,44
55508,245501259,55,44
55509,245501259,55,44
55510,245501259,55,44
55511,245501259,55,44
55512,200066165,55,44
55514,200033025,55,44
55515,245501176,55,44
55516,200066108,55,44
55517,200066140,55,44
55518,200066157,55,44
55519,200033025,55,44
55520,200066157,55,44
55521,245500327,55,44
55522,200066157,55,44
55523,200049187,55,44
55525,200066165,55,44
55526,200066157,55,44
55527,200066116,55,44
55528,200034874,55,44
55530,200034874,55,44
55531,245501184,55,44
55532,200066140,55,44
55533,200066157,55,44
55534,200066108,55,44
55535,200066173,55,44
55536,200066116,55,44
55537,200049187,55,44
55540,245500327,55,44
55541,200033025,55,44
55543,200033025,55,44
55544,245501259,55,44
55545,200049187,55,44
55546,245501259,55,44
55547,245501259,55,44
55549,200066116,55,44
55551,200034874,55,44
55552,245501259,55,44
55553,200066157,55,44
55554,245501259,55,44
55555,200066140,55,44
55556,200066173,55,44
55557,245501176,55,44
55559,200066157,55,44
55560,245501184,55,44
55561,200066132,55,44
55562,200066108,55,44
55563,200066173,55,44
55565,245501176,55,44
55566,200066165,55,44
55567,200066165,55,44
55568,200066108,55,44
55569,200066140,55,44
55570,200066140,55,44
55571,200066132,55,44
55572,200066173,55,44
55573,200066157,55,44
55574,200066108,55,44
55575,200066108,55,44
55577,200066140,55,44
55578,245501242,55,44
55579,245501176,55,44
55580,200066173,55,44
55581,200066157,55,44
55582,200066132,55,44
55583,245501176,55,44
55584,200066140,55,44
55586,200034874,55,44
56001,243500741,56,53
56002,200027027,56,53
56003,200067932,56,53
56004,200027027,56,53
56005,200067932,56,53
56006,200066785,56,53
56007,200043123,56,53
56008,200067932,56,53
56009,245600465,56,53
56010,200096675,56,53
56011,243500741,56,53
56012,200066785,56,53
56013,200043123,56,53
56014,245614417,56,53
56015,245614383,56,53
56017,200096683,56,53
56018,200027027,56,53
56019,200096683,56,53
56020,200066785,56,53
56021,200042174,56,53
56022,200067932,56,53
56023,200043123,56,53
56024,245614433,56,53
56025,200066777,56,53
56026,200042174,56,53
56027,200096683,56,53
56028,245614383,56,53
56029,200042174,56,53
56030,244400610,56,53
56031,200043123,56,53
56032,200066777,56,53
56033,200066785,56,53
56034,200043123,56,53
56035,200066785,56,53
56036,200042174,56,53
56039,200096675,56,53
56040,200042174,56,53
56041,245614433,56,53
56042,200067932,56,53
56043,200066777,56,53
56044,200066785,56,53
56045,245614383,56,53
56046,200043123,56,53
56047,245614433,56,53
56048,245614417,56,53
56050,200066777,56,53
56051,200066777,56,53
56052,200027027,56,53
56053,200067932,56,53
56054,200043123,56,53
56055,200043123,56,53
56056,200066777,56,53
56057,245614417,56,53
56058,244400610,56,53
56060,243500741,56,53
56061,200066785,56,53
56062,200042174,56,53
56063,200042174,56,53
56065,200066777,56,53
56066,245614417,56,53
56067,200067932,56,53
56068,200066777,56,53
56069,200042174,56,53
56070,200066777,56,53
56071,200096683,56,53
56072,245614433,56,53
56073,245614417,56,53
56074,200096675,56,53
56075,200066785,56,53
56076,245614433,56,53
56077,200027027,56,53
56078,200042174,56,53
56079,200066777,56,53
56080,200066777,56,53
56081,245614417,56,53
56082,200066777,56,53
56083,200042174,56,53
56084,200067932,56,53
56085,200043123,56,53
56086,200043123,56,53
56087,200067932,56,53
56088,200067932,56,53
56089,200042174,56,53
56090,200042174,56,53
56091,200066777,56,53
56092,245614433,56,53
56093,245614433,56,53
56094,245600440,56,53
56096,200043123,56,53
56097,200043123,56,53
56098,200042174,56,53
56099,245614417,56,53
56100,245614417,56,53
56101,200042174,56,53
56102,200066777,56,53
56103,200066777,56,53
56104,200042174,56,53
56105,245614417,56,53
56106,200067932,56,53
56107,200042174,56,53
56108,245614383,56,53
56109,245614383,56,53
56110,245614417,56,53
56111,245614383,56,53
56112,200066785,56,53
56113,245614417,56,53
56114,245600465,56,53
56115,200067932,56,53
56116,200043123,56,53
56117,200096683,56,53
56118,200042174,56,53
56119,200043123,56,53
56120,200067932,56,53
56121,200042174,56,53
56122,200066777,56,53
56123,245614383,56,53
56124,200066785,56,53
56125,245614433,56,53
56126,200027027,56,53
56127,200066777,56,53
56128,200096675,56,53
56129,200066777,56,53
56130,245600440,56,53
56131,245614417,56,53
56132,200067932,56,53
56133,200066785,56,53
56134,200066777,56,53
56135,245614383,56,53
56136,200066785,56,53
56137,200067932,56,53
56139,200066777,56,53
56140,200096683,56,53
56141,200096683,56,53
56143,200027027,56,53
56144,200096683,56,53
56145,200066777,56,53
56146,245614433,56,53
56147,200027027,56,53
56148,245600440,56,53
56149,200027027,56,53
56151,245614433,56,53
56152,245600465,56,53
56153,200027027,56,53
56154,243500741,56,53
56155,244400610,56,53
56156,245614417,56,53
56157,200067932,56,53
56158,200067932,56,53
56159,200066785,56,53
56160,245614433,56,53
56161,200043123,56,53
56162,200042174,56,53
56163,245614417,56,53
56164,200067932,56,53
56165,200066777,56,53
56166,200042174,56,53
56167,200067932,56,53
56168,200043123,56,53
56169,245600440,56,53
56170,245614417,56,53
56171,245614383,56,53
56172,200096683,56,53
56173,200096675,56,53
56174,200096683,56,53
56175,200043123,56,53
56176,200043123,56,53
56177,200043123,56,53
56178,245614433,56,53
56179,200042174,56,53
56180,200066785,56,53
56181,200042174,56,53
56182,245614417,56,53
56184,245614383,56,53
56185,200042174,56,53
56186,200043123,56,53
56188,200042174,56,53
56189,245614433,56,53
56190,245614433,56,53
56191,200066785,56,53
56193,200042174,56,53
56194,243500741,56,53
56195,200027027,56,53
56196,245614383,56,53
56197,200066777,56,53
56198,245614433,56,53
56199,245614417,56,53
56200,200066785,56,53
56201,245614417,56,53
56202,200066785,56,53
56203,245614433,56,53
56204,200096683,56,53
56205,200067932,56,53
56206,200067932,56,53
56207,200096675,56,53
56208,200066777,56,53
56209,245614433,56,53
56210,245614417,56,53
56211,200066785,56,53
56212,200027027,56,53
56213,245614433,56,53
56214,200067932,56,53
56215,245614433,56,53
56216,243500741,56,53
56218,245614383,56,53
56219,200066785,56,53
56220,245600440,56,53
56221,243500741,56,53
56222,200096683,56,53
56223,243500741,56,53
56224,200066785,56,53
56225,200066777,56,53
56226,200066785,56,53
56227,200066777,56,53
56228,200066785,56,53
56229,200066785,56,53
56230,200066785,56,53
56231,200067932,56,53
56232,243500741,56,53
56233,200043123,56,53
56234,200043123,56,53
56236,200066777,56,53
56237,245614433,56,53
56238,245614417,56,53
56239,243500741,56,53
56240,200067932,56,53
56241,245600465,56,53
56242,245614433,56,53
56243,200067932,56,53
56244,200066785,56,53
56245,245614433,56,53
56246,245614433,56,53
56247,200067932,56,53
56248,200067932,56,53
56249,200066777,56,53
56250,243500741,56,53
56251,200067932,56,53
56252,200067932,56,53
56253,200066785,56,53
56254,200067932,56,53
56255,200067932,56,53
56256,200066777,56,53
56257,200066777,56,53
56258,200043123,56,53
56259,200067932,56,53
56260,200067932,56,53
56261,245614383,56,53
56262,200067932,56,53
56263,200043123,56,53
56264,245614417,56,53
57001,245701354,57,44
57002,245701206,57,44
57003,200068146,57,44
57004,245701206,57,44
57006,200069441,57,44
57007,245700133,57,44
57008,245700133,57,44
57009,245701206,57,44
57010,245701206,57,44
57011,245701206,57,44
57012,245701222,57,44
57013,245700372,57,44
57014,200067502,57,44
57015,200067502,57,44
57016,200067486,57,44
57017,200039865,57,44
57018,245701206,57,44
57019,245701271,57,44
57020,200039907,57,44
57021,200070738,57,44
57022,245701362,57,44
57024,200039949,57,44
57025,200067486,57,44
57026,200067486,57,44
57027,245700133,57,44
57028,200039949,57,44
57029,245700133,57,44
57030,200070738,57,44
57031,200039865,57,44
57032,200039865,57,44
57033,245700950,57,44
57034,200068146,57,44
57035,200068146,57,44
57036,245701206,57,44
57037,200039907,57,44
57038,245701404,57,44
57039,200039865,57,44
57040,245701206,57,44
57041,245701404,57,44
57042,200068146,57,44
57043,200039949,57,44
57044,200068146,57,44
57045,245701206,57,44
57046,200069441,57,44
57047,245700133,57,44
57048,200067650,57,44
57049,200039865,57,44
57050,200068146,57,44
57051,200067502,57,44
57052,245700398,57,44
57053,245701206,57,44
57054,245701206,57,44
57055,200067957,57,44
57056,200068146,57,44
57057,200039907,57,44
57058,245700372,57,44
57059,245701206,57,44
57060,245701206,57,44
57061,245700398,57,44
57062,245700695,57,44
57063,200067502,57,44
57064,245700950,57,44
57065,245701206,57,44
57066,200068146,57,44
57067,245701354,57,44
57069,200067650,57,44
57070,200067650,57,44
57071,200068146,57,44
57072,245701354,57,44
57073,245700398,57,44
57074,200069441,57,44
57075,200039907,57,44
57076,245700695,57,44
57077,245701206,57,44
57079,200067486,57,44
57080,200068146,57,44
57081,245701206,57,44
57082,200067502,57,44
57083,200069441,57,44
57084,245701206,57,44
57085,200067650,57,44
57086,200068146,57,44
57087,245701164,57,44
57088,200067502,57,44
57089,200069441,57,44
57090,245701206,57,44
57091,200070746,57,44
57092,200070746,57,44
57093,200070746,57,44
57095,245700133,57,44
57096,245701404,57,44
57097,200067650,57,44
57098,245701206,57,44
57099,245701206,57,44
57100,245700950,57,44
57101,245700372,57,44
57102,245701354,57,44
57103,200069441,57,44
57104,245700695,57,44
57105,200067502,57,44
57106,200067486,57,44
57107,245701206,57,44
57108,200069441,57,44
57109,245700695,57,44
57110,200067486,57,44
57111,245701271,57,44
57112,200067650,57,44
57113,200068146,57,44
57114,245700950,57,44
57115,200067502,57,44
57116,200039907,57,44
57117,245701354,57,44
57118,245701354,57,44
57119,200068146,57,44
57120,245701206,57,44
57121,200067957,57,44
57122,245700398,57,44
57123,200067502,57,44
57124,245700695,57,44
57125,200039949,57,44
57126,245701206,57,44
57127,200039907,57,44
57128,200067957,57,44
57129,200039949,57,44
57130,245701206,57,44
57131,200067650,57,44
57132,245701206,57,44
57133,245701206,57,44
57134,200039865,57,44
57136,200067486,57,44
57137,200039907,57,44
57138,245701206,57,44
57139,200039907,57,44
57140,200039865,57,44
57141,245701206,57,44
57142,200039865,57,44
57143,245701271,57,44
57144,245700372,57,44
57145,200067957,57,44
57146,200039865,57,44
57147,200039865,57,44
57148,200067957,57,44
57149,200067486,57,44
57150,200067650,57,44
57151,245701206,57,44
57152,245700695,57,44
57153,200070738,57,44
57154,200067650,57,44
57155,200067957,57,44
57156,200067957,57,44
57158,245701206,57,44
57159,245700133,57,44
57160,245701164,57,44
57161,245701206,57,44
57162,200039865,57,44
57163,245700950,57,44
57165,200067650,57,44
57166,245701206,57,44
57167,200067486,57,44
57168,245700950,57,44
57169,245700950,57,44
57171,245701206,57,44
57172,200067650,57,44
57173,200068146,57,44
57174,200067502,57,44
57175,200068146,57,44
57176,245700372,57,44
57177,245701206,57,44
57178,200067502,57,44
57179,245701354,57,44
57180,200068146,57,44
57181,245701206,57,44
57182,245701206,57,44
57183,245701206,57,44
57186,200067486,57,44
57187,200067650,57,44
57188,200069441,57,44
57189,200067502,57,44
57190,245700133,57,44
57191,245701354,57,44
57192,200069441,57,44
57193,200039949,57,44
57194,245700695,57,44
57195,200069441,57,44
57196,200069441,57,44
57197,200070746,57,44
57198,200067502,57,44
57199,245700695,57,44
57200,200067957,57,44
57201,200069441,57,44
57202,245700372,57,44
57203,245700695,57,44
57204,200067957,57,44
57205,200067650,57,44
57206,245701222,57,44
57207,245700398,57,44
57208,245700372,57,44
57209,245700133,57,44
57210,200068146,57,44
57211,200039949,57,44
57212,200039865,57,44
57213,200067486,57,44
57214,245700695,57,44
57215,200067486,57,44
57216,200068146,57,44
57217,245700133,57,44
57218,200039907,57,44
57219,200039949,57,44
57220,200039907,57,44
57221,245701222,57,44
57222,245700372,57,44
57224,200067502,57,44
57225,245701206,57,44
57226,245701362,57,44
57227,245700372,57,44
57228,245701206,57,44
57229,200068146,57,44
57230,245700133,57,44
57231,200039907,57,44
57232,245701206,57,44
57233,200068146,57,44
57234,200070746,57,44
57235,200067486,57,44
57236,245701206,57,44
57237,200067502,57,44
57238,245701206,57,44
57239,200067502,57,44
57240,245700398,57,44
57241,200068146,57,44
57242,200039949,57,44
57244,245700950,57,44
57245,245700695,57,44
57246,245701206,57,44
57247,245701206,57,44
57248,245701206,57,44
57249,200067957,57,44
57250,200069441,57,44
57251,200039907,57,44
57252,200067650,57,44
57253,200068146,57,44
57254,200070738,57,44
57255,200068146,57,44
57256,200039865,57,44
57257,245701206,57,44
57258,200067502,57,44
57259,200067486,57,44
57260,200070746,57,44
57261,200069441,57,44
57262,200067502,57,44
57263,200070746,57,44
57264,200070746,57,44
57265,245701206,57,44
57266,245701206,57,44
57267,200070746,57,44
57268,245701206,57,44
57269,245701354,57,44
57270,245701206,57,44
57271,245700398,57,44
57272,200068146,57,44
57273,200067486,57,44
57274,245701164,57,44
57275,200067502,57,44
57276,245700133,57,44
57277,200067650,57,44
57278,245701206,57,44
57280,245700950,57,44
57281,245701206,57,44
57282,245700695,57,44
57283,200039949,57,44
57284,245700133,57,44
57286,200067486,57,44
57287,245701362,57,44
57288,245701164,57,44
57289,200070746,57,44
57290,245701206,57,44
57291,245700950,57,44
57292,245701206,57,44
57293,245700133,57,44
57294,200069441,57,44
57295,245701206,57,44
57296,200067650,57,44
57297,200067502,57,44
57298,200068146,57,44
57299,200068146,57,44
57300,245700950,57,44
57301,200069441,57,44
57302,200068146,57,44
57303,200039949,57,44
57304,200068146,57,44
57305,245701362,57,44
57306,245701222,57,44
57307,200067957,57,44
57308,200070746,57,44
57309,200067486,57,44
57310,200068146,57,44
57311,200067502,57,44
57312,200067650,57,44
57313,245700133,57,44
57314,200068146,57,44
57315,245700950,57,44
57316,245700398,57,44
57317,245700950,57,44
57318,200068146,57,44
57319,245700133,57,44
57320,200068146,57,44
57321,200068146,57,44
57322,200067486,57,44
57323,245700695,57,44
57324,200068146,57,44
57325,200070746,57,44
57326,200067650,57,44
57328,245700133,57,44
57329,200067486,57,44
57330,200070746,57,44
57331,245701354,57,44
57332,245700398,57,44
57333,200068146,57,44
57334,200068146,57,44
57335,245701206,57,44
57336,200067502,57,44
57337,245700398,57,44
57338,200069441,57,44
57339,245700950,57,44
57340,200070746,57,44
57341,200067486,57,44
57342,200068146,57,44
57343,245701362,57,44
57344,200068146,57,44
57345,245701354,57,44
57346,245701206,57,44
57347,245701206,57,44
57348,200070746,57,44
57349,245701206,57,44
57350,200070738,57,44
57351,200039865,57,44
57352,200039865,57,44
57353,245701206,57,44
57354,245701206,57,44
57355,200070746,57,44
57356,245700695,57,44
57357,200070746,57,44
57358,245701354,57,44
57359,245701354,57,44
57360,245700372,57,44
57361,200067486,57,44
57362,200068146,57,44
57364,200067486,57,44
57365,200067486,57,44
57366,200070746,57,44
57367,245701354,57,44
57368,245701222,57,44
57370,245701354,57,44
57371,245700695,57,44
57372,245701362,57,44
57373,200067502,57,44
57374,200068146,57,44
57375,245701206,57,44
57376,200069441,57,44
57377,200068146,57,44
57379,200067502,57,44
57380,200068146,57,44
57381,245701206,57,44
57382,200068146,57,44
57383,200068146,57,44
57384,200067502,57,44
57385,200039865,57,44
57386,245700133,57,44
57387,200067486,57,44
57388,200067486,57,44
57389,200067502,57,44
57390,200069441,57,44
57391,245701206,57,44
57392,200039907,57,44
57393,200069441,57,44
57394,245701206,57,44
57395,245701206,57,44
57396,200039865,57,44
57397,245701206,57,44
57398,200067502,57,44
57399,245701206,57,44
57401,245701206,57,44
57402,200069441,57,44
57403,200039907,57,44
57404,245701206,57,44
57405,245701206,57,44
57406,245701206,57,44
57407,245700950,57,44
57408,200070746,57,44
57409,200067502,57,44
57410,245701206,57,44
57411,245701362,57,44
57412,200039865,57,44
57413,245700133,57,44
57414,200068146,57,44
57415,200039865,57,44
57416,200039865,57,44
57417,245701206,57,44
57418,245701206,57,44
57419,200070746,57,44
57421,200069441,57,44
57422,200039907,57,44
57423,245701206,57,44
57424,245701206,57,44
57425,200039907,57,44
57426,245701354,57,44
57427,245700950,57,44
57428,200067502,57,44
57430,245700133,57,44
57431,200067957,57,44
57433,200039949,57,44
57434,245701206,57,44
57436,245701206,57,44
57437,245701354,57,44
57438,200039949,57,44
57439,200067486,57,44
57440,245701206,57,44
57441,245701362,57,44
57442,245700133,57,44
57443,245701271,57,44
57444,245700133,57,44
57445,200039865,57,44
57446,245701206,57,44
57447,200039865,57,44
57448,245701206,57,44
57449,200067957,57,44
57451,245701206,57,44
57452,200039865,57,44
57453,200067502,57,44
57454,200039865,57,44
57455,200067650,57,44
57456,200069441,57,44
57457,200067486,57,44
57459,200067486,57,44
57460,200067650,57,44
57461,200068146,57,44
57462,245700950,57,44
57463,200039865,57,44
57464,245701354,57,44
57465,245701354,57,44
57466,245700372,57,44
57467,200039865,57,44
57468,245700950,57,44
57469,200068146,57,44
57470,245701206,57,44
57471,200067650,57,44
57472,200039907,57,44
57473,245701206,57,44
57474,200039949,57,44
57475,245700695,57,44
57476,245701354,57,44
57477,200069441,57,44
57478,245701206,57,44
57479,200067486,57,44
57480,200039865,57,44
57481,245701271,57,44
57482,200067957,57,44
57483,200067502,57,44
57484,245700372,57,44
57485,245701206,57,44
57486,245701206,57,44
57487,200039865,57,44
57488,200068146,57,44
57489,200069441,57,44
57490,245701206,57,44
57491,245701271,57,44
57492,245701271,57,44
57493,245701206,57,44
57494,245701206,57,44
57495,200067650,57,44
57496,245701206,57,44
57497,200070746,57,44
57498,245701222,57,44
57499,200070746,57,44
57500,200068146,57,44
57501,245701206,57,44
57502,200067486,57,44
57504,200068146,57,44
57505,200068146,57,44
57506,200068146,57,44
57507,200067650,57,44
57508,245701222,57,44
57509,200068146,57,44
57510,200039865,57,44
57511,200039949,57,44
57512,200039865,57,44
57513,200069441,57,44
57514,245700372,57,44
57515,200070738,57,44
57516,200067650,57,44
57517,200069441,57,44
57518,200068146,57,44
57519,200067650,57,44
57520,245701206,57,44
57521,245700372,57,44
57524,245701206,57,44
57525,245701206,57,44
57526,200069441,57,44
57527,200039907,57,44
57528,245701206,57,44
57529,245701404,57,44
57530,200067650,57,44
57531,245701354,57,44
57532,200039907,57,44
57533,200067957,57,44
57534,200039865,57,44
57535,200069441,57,44
57536,200067502,57,44
57537,245700372,57,44
57538,245701206,57,44
57539,245701206,57,44
57540,245700950,57,44
57541,200069441,57,44
57542,200067650,57,44
57543,245701271,57,44
57544,200068146,57,44
57545,200039865,57,44
57546,200039949,57,44
57547,200039907,57,44
57548,200039907,57,44
57549,245700133,57,44
57550,200067502,57,44
57551,200068146,57,44
57552,200039865,57,44
57553,200039865,57,44
57554,200039907,57,44
57555,245701206,57,44
57556,200070746,57,44
57557,245700695,57,44
57558,245701206,57,44
57559,245701206,57,44
57560,200067502,57,44
57561,200069441,57,44
57562,245701222,57,44
57563,200067957,57,44
57564,200068146,57,44
57565,245701404,57,44
57566,200068146,57,44
57567,200067486,57,44
57568,200070746,57,44
57569,200067486,57,44
57570,200067650,57,44
57571,200070746,57,44
57572,200039907,57,44
57573,245701206,57,44
57574,245700695,57,44
57575,200067957,57,44
57576,200067486,57,44
57577,200069441,57,44
57578,200070738,57,44
57579,200068146,57,44
57580,245701206,57,44
57581,200070746,57,44
57582,200039949,57,44
57583,200068146,57,44
57584,200069441,57,44
57586,245701362,57,44
57587,245701206,57,44
57588,245700695,57,44
57589,200069441,57,44
57590,200069441,57,44
57591,245701271,57,44
57592,200068146,57,44
57593,200039865,57,44
57594,200069441,57,44
57595,245701206,57,44
57596,245700372,57,44
57597,245701271,57,44
57598,200070746,57,44
57599,200067650,57,44
57600,245700695,57,44
57601,200039865,57,44
57602,245701354,57,44
57603,245701404,57,44
57604,200067486,57,44
57605,200039907,57,44
57606,200067502,57,44
57607,200067957,57,44
57609,245701206,57,44
57610,200067486,57,44
57611,200068146,57,44
57612,200067957,57,44
57613,200068146,57,44
57614,245700950,57,44
57615,200070746,57,44
57616,200039865,57,44
57617,200039907,57,44
57618,245700950,57,44
57619,200069441,57,44
57620,245701271,57,44
57621,245701206,57,44
57622,200039865,57,44
57623,200068146,57,44
57624,200039865,57,44
57625,245701206,57,44
57626,200067957,57,44
57627,200067957,57,44
57628,200070746,57,44
57629,200068146,57,44
57630,200068146,57,44
57631,200070746,57,44
57633,200070746,57,44
57634,200039865,57,44
57635,200068146,57,44
57636,200069441,57,44
57637,200068146,57,44
57638,245700372,57,44
57639,200069441,57,44
57640,200067486,57,44
57641,200069441,57,44
57642,200039865,57,44
57643,200039907,57,44
57644,245700398,57,44
57645,200039949,57,44
57647,245701222,57,44
57648,200067957,57,44
57649,200067957,57,44
57650,200067486,57,44
57651,200069441,57,44
57652,200039907,57,44
57653,200039907,57,44
57654,200067957,57,44
57655,200039907,57,44
57656,200067957,57,44
57657,245701206,57,44
57658,200069441,57,44
57659,245700372,57,44
57660,245700372,57,44
57661,200069441,57,44
57662,200067502,57,44
57663,200039949,57,44
57664,245701206,57,44
57665,245700372,57,44
57666,245701362,57,44
57667,200067650,57,44
57668,245700133,57,44
57669,245700372,57,44
57670,245700133,57,44
57671,200039907,57,44
57672,245701362,57,44
57673,245700133,57,44
57674,245701206,57,44
57675,245701206,57,44
57676,200039907,57,44
57677,200039949,57,44
57678,245701362,57,44
57679,245700133,57,44
57680,200068146,57,44
57681,200067650,57,44
57682,200068146,57,44
57683,245701222,57,44
57684,200067502,57,44
57685,245701206,57,44
57686,245700133,57,44
57687,200067502,57,44
57689,245701354,57,44
57690,200067502,57,44
57691,200067650,57,44
57692,245701206,57,44
57693,200039865,57,44
57694,200039865,57,44
57695,200067650,57,44
57696,245701164,57,44
57697,200068146,57,44
57698,245700133,57,44
57700,200067486,57,44
57701,200039865,57,44
57702,245701206,57,44
57703,200068146,57,44
57704,245701354,57,44
57705,200067650,57,44
57706,245701206,57,44
57707,200039865,57,44
57708,200039907,57,44
57709,245700950,57,44
57711,245701206,57,44
57712,245701206,57,44
57713,200068146,57,44
57714,245700133,57,44
57715,200039907,57,44
57716,200067957,57,44
57717,200067502,57,44
57718,200067957,57,44
57719,245701206,57,44
57720,200067650,57,44
57721,245700950,57,44
57723,245701206,57,44
57724,245701271,57,44
57725,245701206,57,44
57726,245700133,57,44
57727,245701206,57,44
57728,245700133,57,44
57730,200067650,57,44
57731,245700695,57,44
57732,200069441,57,44
57733,245701354,57,44
57734,200068146,57,44
57736,200067957,57,44
57737,200039907,57,44
57738,200069441,57,44
57739,200067486,57,44
57740,200067486,57,44
57741,200069441,57,44
57742,200068146,57,44
57743,245700950,57,44
57745,200070746,57,44
57746,200070746,57,44
57747,245700950,57,44
57748,200070746,57,44
57749,200067650,57,44
57750,200070746,57,44
57751,200039865,57,44
57752,200070746,57,44
57753,245701206,57,44
57754,245701206,57,44
57755,245701206,57,44
57756,200068146,57,44
57757,245701362,57,44
57759,245701206,57,44
57760,200070746,57,44
57761,245700950,57,44
57762,245700133,57,44
57763,245701206,57,44
57764,245700695,57,44
57765,200067502,57,44
57767,245701354,57,44
58001,200067882,58,27
58002,200067916,58,27
58003,200067890,58,27
58004,200067882,58,27
58005,200067692,58,27
58006,200067908,58,27
58007,200067916,58,27
58008,200067692,58,27
58009,200068088,58,27
58010,200067890,58,27
58011,200067429,58,27
58012,200067130,58,27
58013,200068088,58,27
58014,200068088,58,27
58015,200067692,58,27
58016,200067692,58,27
58017,200067882,58,27
58018,200067692,58,27
58019,200067882,58,27
58020,200067700,58,27
58021,245804497,58,27
58023,200067890,58,27
58024,200067908,58,27
58025,200067700,58,27
58026,200067692,58,27
58027,200068088,58,27
58028,200067908,58,27
58029,200067692,58,27
58030,200067882,58,27
58031,200067908,58,27
58032,200067429,58,27
58033,200067130,58,27
58034,200067890,58,27
58035,200067908,58,27
58036,200067130,58,27
58037,200067890,58,27
58038,200067429,58,27
58039,200067429,58,27
58040,200067882,58,27
58041,200067692,58,27
58042,200067916,58,27
58043,200067692,58,27
58044,200067916,58,27
58045,200068088,58,27
58046,200067882,58,27
58047,200067692,58,27
58048,200067916,58,27
58049,200067890,58,27
58050,200067692,58,27
58051,245804406,58,27
58052,200067692,58,27
58053,200068088,58,27
58054,200067692,58,27
58055,200067700,58,27
58056,200068088,58,27
58057,245804497,58,27
58058,200067429,58,27
58059,200068088,58,27
58060,200067882,58,27
58061,200068088,58,27
58062,200067890,58,27
58063,200067890,58,27
58064,200067916,58,27
58065,200067882,58,27
58066,200067890,58,27
58067,200068088,58,27
58068,200067890,58,27
58069,200067692,58,27
58070,200067692,58,27
58071,200067692,58,27
58072,245801063,58,27
58073,200067429,58,27
58074,200067882,58,27
58075,200067692,58,27
58076,200067882,58,27
58077,200067916,58,27
58078,200067908,58,27
58079,200067429,58,27
58080,200067692,58,27
58081,200067916,58,27
58082,200067890,58,27
58083,200067692,58,27
58084,200067692,58,27
58085,200067429,58,27
58086,200067916,58,27
58087,200067700,58,27
58088,245804406,58,27
58089,200067916,58,27
58090,200067429,58,27
58092,200067908,58,27
58093,200067429,58,27
58094,200067130,58,27
58095,200067700,58,27
58096,200067700,58,27
58097,200067908,58,27
58098,200067692,58,27
58099,200067890,58,27
58101,200068088,58,27
58102,200067916,58,27
58103,200067429,58,27
58104,200071140,58,27
58105,200067700,58,27
58106,200067890,58,27
58107,200067882,58,27
58108,200067890,58,27
58109,200067429,58,27
58110,200067692,58,27
58111,200067890,58,27
58112,200067700,58,27
58113,200067908,58,27
58114,200067882,58,27
58115,200067700,58,27
58116,200067692,58,27
58117,245804406,58,27
58118,200067882,58,27
58119,200067908,58,27
58120,200067692,58,27
58121,245804406,58,27
58122,200067916,58,27
58123,200067692,58,27
58124,245804406,58,27
58125,200067890,58,27
58126,245804406,58,27
58127,200068088,58,27
58128,200067890,58,27
58129,200067890,58,27
58130,200067692,58,27
58131,200068088,58,27
58132,200067692,58,27
58133,200067692,58,27
58134,200067700,58,27
58135,200067882,58,27
58136,200067908,58,27
58137,200067700,58,27
58138,245804497,58,27
58139,200067882,58,27
58140,200067882,58,27
58141,200067890,58,27
58142,200067882,58,27
58143,200067908,58,27
58144,245804497,58,27
58145,200067890,58,27
58146,200067700,58,27
58147,200068088,58,27
58148,245804497,58,27
58149,200067882,58,27
58150,200067692,58,27
58151,200067700,58,27
58152,245801063,58,27
58153,200067692,58,27
58154,200067692,58,27
58155,200068088,58,27
58156,200067429,58,27
58157,200067890,58,27
58158,245801063,58,27
58159,200067692,58,27
58160,245804406,58,27
58161,200067882,58,27
58162,200067916,58,27
58163,200067429,58,27
58164,200067916,58,27
58165,200067692,58,27
58166,200067692,58,27
58168,200067882,58,27
58169,200067692,58,27
58170,200067692,58,27
58171,200067882,58,27
58172,200067882,58,27
58173,200067882,58,27
58174,200068088,58,27
58175,200067882,58,27
58176,200067908,58,27
58177,200067890,58,27
58178,200067882,58,27
58179,200067692,58,27
58180,200067890,58,27
58181,200067692,58,27
58182,200067882,58,27
58183,200067692,58,27
58184,200068088,58,27
58185,200067890,58,27
58186,200068088,58,27
58187,200067916,58,27
58188,200068088,58,27
58189,200068088,58,27
58190,200067692,58,27
58191,200067692,58,27
58192,245804497,58,27
58193,200067916,58,27
58194,245804406,58,27
58195,200067882,58,27
58196,200067908,58,27
58197,200067692,58,27
58198,200067429,58,27
58199,200067890,58,27
58200,200067429,58,27
58201,200067429,58,27
58202,200067882,58,27
58203,200068088,58,27
58204,200067908,58,27
58205,200067890,58,27
58206,200067429,58,27
58207,245804406,58,27
58208,200067692,58,27
58209,200067916,58,27
58210,200067890,58,27
58211,200067882,58,27
58212,200068088,58,27
58213,200067916,58,27
58214,245804406,58,27
58215,200067916,58,27
58216,200067692,58,27
58217,200067429,58,27
58218,200068088,58,27
58219,200067882,58,27
58220,200068088,58,27
58221,200067882,58,27
58222,200067429,58,27
58223,200067908,58,27
58224,200067692,58,27
58225,245804406,58,27
58226,200067890,58,27
58227,200067130,58,27
58228,200067916,58,27
58229,200067890,58,27
58230,200067692,58,27
58231,200068088,58,27
58232,200067908,58,27
58233,200067908,58,27
58234,200068088,58,27
58235,200067890,58,27
58236,200067916,58,27
58237,200067692,58,27
58238,245804406,58,27
58239,200067908,58,27
58240,200067908,58,27
58241,200067700,58,27
58242,200067692,58,27
58243,200067882,58,27
58244,200067890,58,27
58245,200067882,58,27
58246,200067882,58,27
58247,200067908,58,27
58248,200067916,58,27
58249,200067890,58,27
58250,200067700,58,27
58251,200067916,58,27
58252,200067916,58,27
58253,200067908,58,27
58254,200068088,58,27
58255,200067890,58,27
58256,200067916,58,27
58257,200067908,58,27
58258,200067700,58,27
58259,200071140,58,27
58260,245801063,58,27
58261,200067916,58,27
58262,200067890,58,27
58263,200067429,58,27
58264,245804497,58,27
58265,200067916,58,27
58266,200067692,58,27
58267,200067908,58,27
58268,200067882,58,27
58269,200067908,58,27
58270,200067130,58,27
58271,200067692,58,27
58272,200067692,58,27
58273,245801063,58,27
58274,200067882,58,27
58275,200067908,58,27
58276,200067882,58,27
58277,200067882,58,27
58278,245804406,58,27
58279,200068088,58,27
58280,200067700,58,27
58281,200067916,58,27
58282,200067429,58,27
58283,200067692,58,27
58284,200067692,58,27
58285,200067882,58,27
58286,200067692,58,27
58287,200067882,58,27
58288,200067692,58,27
58289,200067882,58,27
58290,200067882,58,27
58291,200067700,58,27
58292,200067882,58,27
58293,200067700,58,27
58294,245804497,58,27
58295,200067916,58,27
58296,245804497,58,27
58297,200067908,58,27
58298,200068088,58,27
58299,200067429,58,27
58300,200068088,58,27
58301,200067882,58,27
58302,200068088,58,27
58303,245804406,58,27
58304,200067429,58,27
58305,200067692,58,27
58306,200067700,58,27
58307,200067916,58,27
58308,200067692,58,27
58309,200067882,58,27
58310,200067429,58,27
58311,200067908,58,27
58312,200067429,58,27
58313,200067692,58,27
59001,200068500,59,32
59002,200042190,59,32
59003,200043396,59,32
59004,200041960,59,32
59005,200093201,59,32
59006,200043321,59,32
59007,200044618,59,32
59008,245901152,59,32
59009,200093201,59,32
59010,200068500,59,32
59011,200093201,59,32
59012,200043404,59,32
59013,200093201,59,32
59014,245901160,59,32
59015,200044618,59,32
59016,245900428,59,32
59017,200093201,59,32
59018,200040947,59,32
59019,245901160,59,32
59021,200043396,59,32
59022,200041960,59,32
59023,200068500,59,32
59024,245901152,59,32
59025,200093201,59,32
59026,200044618,59,32
59027,245901160,59,32
59028,200044618,59,32
59029,200041960,59,32
59031,200043321,59,32
59032,245901160,59,32
59033,200043396,59,32
59034,200041960,59,32
59035,200043263,59,32
59036,200043263,59,32
59037,200030633,59,32
59038,200042190,59,32
59039,200068500,59,32
59041,200043396,59,32
59042,200041960,59,32
59043,200040947,59,32
59044,200093201,59,32
59045,200043404,59,32
59046,200040954,59,32
59047,200068500,59,32
59048,200068500,59,32
59049,200068500,59,32
59050,200043263,59,32
59051,200093201,59,32
59052,200093201,59,32
59053,200043321,59,32
59054,200040947,59,32
59055,200030633,59,32
59056,200093201,59,32
59057,200043321,59,32
59058,200043396,59,32
59059,200030633,59,32
59060,245901038,59,32
59061,200043263,59,32
59062,200043263,59,32
59063,200030633,59,32
59064,200042190,59,32
59065,200043321,59,32
59066,200043263,59,32
59067,200040954,59,32
59068,200043396,59,32
59069,245901038,59,32
59071,200041960,59,32
59072,200043396,59,32
59073,200040947,59,32
59074,200030633,59,32
59075,200030633,59,32
59076,200043396,59,32
59077,200043321,59,32
59078,200043263,59,32
59079,245901160,59,32
59080,200041960,59,32
59081,200030633,59,32
59082,200040954,59,32
59083,200040954,59,32
59084,200040947,59,32
59085,200068500,59,32
59086,200040947,59,32
59087,200040947,59,32
59088,200093201,59,32
59089,200040954,59,32
59090,200093201,59,32
59091,200040947,59,32
59092,200042190,59,32
59093,200043263,59,32
59094,245900428,59,32
59096,200041960,59,32
59097,200068500,59,32
59098,200093201,59,32
59099,200043321,59,32
59100,200042190,59,32
59101,200043396,59,32
59102,200030633,59,32
59103,200043396,59,32
59104,200043396,59,32
59105,200041960,59,32
59106,200093201,59,32
59107,245900428,59,32
59108,200030633,59,32
59109,200042190,59,32
59110,200040954,59,32
59111,200040954,59,32
59112,245901160,59,32
59113,245901152,59,32
59114,200042190,59,32
59115,200044618,59,32
59116,200043321,59,32
59117,200044618,59,32
59118,200030633,59,32
59119,200040947,59,32
59120,200040947,59,32
59121,200068500,59,32
59122,200068500,59,32
59123,200041960,59,32
59124,200041960,59,32
59125,200068500,59,32
59126,200044618,59,32
59127,245901038,59,32
59128,200093201,59,32
59129,200041960,59,32
59130,200040954,59,32
59131,245900428,59,32
59132,200030633,59,32
59133,200093201,59,32
59134,200043263,59,32
59135,200040947,59,32
59136,200030633,59,32
59137,200030633,59,32
59138,200030633,59,32
59139,200030633,59,32
59140,200030633,59,32
59141,200068500,59,32
59142,200043396,59,32
59143,200093201,59,32
59144,200042190,59,32
59145,200041960,59,32
59146,200093201,59,32
59147,200043263,59,32
59148,200043263,59,32
59149,200030633,59,32
59150,200041960,59,32
59151,200043396,59,32
59152,200093201,59,32
59153,245901160,59,32
59155,245900428,59,32
59156,200044618,59,32
59157,200043396,59,32
59158,200041960,59,32
59159,245900428,59,32
59160,245901160,59,32
59161,200068500,59,32
59162,200040954,59,32
59163,200093201,59,32
59164,200043321,59,32
59165,200044618,59,32
59166,245901160,59,32
59167,200068500,59,32
59168,200041960,59,32
59169,200043263,59,32
59170,200044618,59,32
59171,200030633,59,32
59172,200042190,59,32
59173,200093201,59,32
59174,200043263,59,32
59175,200043263,59,32
59176,200068500,59,32
59177,200043263,59,32
59178,200044618,59,32
59179,200042190,59,32
59180,200040947,59,32
59181,200043263,59,32
59182,200040954,59,32
59183,245900428,59,32
59184,200040947,59,32
59185,245901152,59,32
59186,200043263,59,32
59187,200043396,59,32
59188,200043396,59,32
59189,200040947,59,32
59190,200043396,59,32
59191,200030633,59,32
59192,200042190,59,32
59193,200093201,59,32
59194,200043321,59,32
59195,200093201,59,32
59196,200093201,59,32
59197,200041960,59,32
59198,200043404,59,32
59199,200044618,59,32
59200,200040954,59,32
59201,200093201,59,32
59202,200093201,59,32
59203,245901152,59,32
59204,245901038,59,32
59205,200042190,59,32
59206,200068500,59,32
59207,200042190,59,32
59208,200093201,59,32
59209,200068500,59,32
59210,200040954,59,32
59211,200044618,59,32
59212,245900758,59,32
59213,200030633,59,32
59214,200044618,59,32
59215,245901160,59,32
59216,200068500,59,32
59217,200043321,59,32
59218,200043263,59,32
59219,200068500,59,32
59220,200093201,59,32
59221,245901160,59,32
59222,200044618,59,32
59223,200043321,59,32
59224,200044618,59,32
59225,200043396,59,32
59226,200043263,59,32
59227,245901152,59,32
59228,200044618,59,32
59229,200043404,59,32
59230,200043396,59,32
59231,200043396,59,32
59232,200043321,59,32
59233,200043263,59,32
59234,200044618,59,32
59236,200068500,59,32
59237,200040947,59,32
59238,200042190,59,32
59239,200044618,59,32
59240,200043263,59,32
59241,200043263,59,32
59242,200043321,59,32
59243,200030633,59,32
59244,200068500,59,32
59246,200043321,59,32
59247,200093201,59,32
59249,200043404,59,32
59250,200093201,59,32
59251,200043321,59,32
59252,200093201,59,32
59253,245901160,59,32
59254,200044618,59,32
59255,200068500,59,32
59256,200093201,59,32
59257,200093201,59,32
59258,200041960,59,32
59259,200043321,59,32
59260,245900428,59,32
59261,200043404,59,32
59262,200040947,59,32
59263,200044618,59,32
59264,200043396,59,32
59265,200043321,59,32
59266,200041960,59,32
59267,200068500,59,32
59268,245900758,59,32
59269,200068500,59,32
59270,200043263,59,32
59271,245900428,59,32
59272,245900428,59,32
59273,245900428,59,32
59274,200030633,59,32
59275,200093201,59,32
59276,200044618,59,32
59277,200043321,59,32
59278,200093201,59,32
59279,200093201,59,32
59280,200044618,59,32
59281,200093201,59,32
59282,200040947,59,32
59283,200043321,59,32
59284,200042190,59,32
59285,200042190,59,32
59286,200093201,59,32
59287,200030633,59,32
59288,200042190,59,32
59289,245901038,59,32
59290,200043263,59,32
59291,200043396,59,32
59292,200042190,59,32
59293,245900758,59,32
59294,200068500,59,32
59295,200040947,59,32
59296,200043321,59,32
59297,200042190,59,32
59299,200093201,59,32
59300,200068500,59,32
59301,245901160,59,32
59302,200042190,59,32
59303,200093201,59,32
59304,200041960,59,32
59305,200040954,59,32
59306,200043263,59,32
59307,200040954,59,32
59308,200040947,59,32
59309,200040954,59,32
59310,200043321,59,32
59311,200030633,59,32
59312,200068500,59,32
59313,200042190,59,32
59314,245901152,59,32
59315,200043321,59,32
59316,200093201,59,32
59317,200093201,59,32
59318,200040947,59,32
59319,200040954,59,32
59320,200093201,59,32
59321,200030633,59,32
59322,200068500,59,32
59323,200043321,59,32
59324,200043396,59,32
59325,200043321,59,32
59326,200040954,59,32
59327,200044618,59,32
59328,200093201,59,32
59329,200044618,59,32
59330,200041960,59,32
59331,200043321,59,32
59332,200093201,59,32
59333,200043263,59,32
59334,200044618,59,32
59335,200042190,59,32
59336,200044618,59,32
59337,200040954,59,32
59338,200040954,59,32
59339,200093201,59,32
59340,245900428,59,32
59341,200068500,59,32
59342,200043263,59,32
59343,200093201,59,32
59344,200043396,59,32
59345,245901152,59,32
59346,200093201,59,32
59347,200043263,59,32
59348,200042190,59,32
59349,200030633,59,32
59350,200093201,59,32
59351,200043396,59,32
59352,200093201,59,32
59353,200043321,59,32
59354,245901152,59,32
59356,200093201,59,32
59357,200043321,59,32
59358,200040954,59,32
59359,245900428,59,32
59360,200093201,59,32
59361,200042190,59,32
59363,200043321,59,32
59364,200041960,59,32
59365,200043396,59,32
59366,200040947,59,32
59367,200093201,59,32
59368,200093201,59,32
59369,245901160,59,32
59370,200043396,59,32
59371,200093201,59,32
59372,200030633,59,32
59374,200043263,59,32
59375,245901152,59,32
59377,200068500,59,32
59378,200093201,59,32
59379,200044618,59,32
59381,200043321,59,32
59382,200030633,59,32
59383,245901160,59,32
59384,200043321,59,32
59385,200043396,59,32
59386,200093201,59,32
59387,200042190,59,32
59388,200093201,59,32
59389,200068500,59,32
59390,245901152,59,32
59391,200042190,59,32
59392,200043396,59,32
59393,200042190,59,32
59394,200030633,59,32
59395,200030633,59,32
59396,200043321,59,32
59397,200040954,59,32
59398,200041960,59,32
59399,200040947,59,32
59400,245900758,59,32
59401,200040947,59,32
59402,200040954,59,32
59403,200042190,59,32
59405,200068500,59,32
59406,200043396,59,32
59407,245901160,59,32
59408,200041960,59,32
59409,245901152,59,32
59410,200093201,59,32
59411,200041960,59,32
59412,200030633,59,32
59413,200030633,59,32
59414,245901152,59,32
59415,245901038,59,32
59416,200040947,59,32
59418,200042190,59,32
59419,200041960,59,32
59420,200043404,59,32
59421,200093201,59,32
59422,200068500,59,32
59423,200040947,59,32
59424,200043396,59,32
59425,200043321,59,32
59426,200093201,59,32
59427,200041960,59,32
59428,200068500,59,32
59429,200042190,59,32
59430,200030633,59,32
59431,200040947,59,32
59432,200068500,59,32
59433,200040954,59,32
59434,200042190,59,32
59435,200041960,59,32
59436,200040947,59,32
59437,200093201,59,32
59438,200068500,59,32
59439,200043396,59,32
59440,200042190,59,32
59441,200043321,59,32
59442,200043396,59,32
59443,200040947,59,32
59444,245901160,59,32
59445,200043404,59,32
59446,200042190,59,32
59447,245901160,59,32
59448,200040954,59,32
59449,200041960,59,32
59450,200030633,59,32
59451,200043321,59,32
59452,200041960,59,32
59453,200040947,59,32
59454,200040947,59,32
59455,200068500,59,32
59456,245901152,59,32
59457,200093201,59,32
59458,200093201,59,32
59459,245901160,59,32
59461,200043263,59,32
59462,200041960,59,32
59463,200040954,59,32
59464,200043321,59,32
59465,200030633,59,32
59466,200041960,59,32
59467,200043396,59,32
59468,200043321,59,32
59469,200040947,59,32
59470,200093201,59,32
59471,245901160,59,32
59472,200043321,59,32
59473,200043321,59,32
59474,200043263,59,32
59475,245901160,59,32
59476,200068500,59,32
59477,200093201,59,32
59478,200040954,59,32
59479,245901160,59,32
59480,245901160,59,32
59481,200043321,59,32
59482,200093201,59,32
59483,200043396,59,32
59484,245901160,59,32
59485,200030633,59,32
59486,200044618,59,32
59487,200093201,59,32
59488,200068500,59,32
59489,200044618,59,32
59490,200043263,59,32
59491,200042190,59,32
59492,200068500,59,32
59493,200043263,59,32
59494,200043321,59,32
59495,200043396,59,32
59496,200030633,59,32
59497,200040947,59,32
59498,200030633,59,32
59499,200040954,59,32
59500,200068500,59,32
59501,245901152,59,32
59502,200068500,59,32
59503,200043321,59,32
59504,200042190,59,32
59505,245901160,59,32
59506,245901038,59,32
59507,200093201,59,32
59508,200093201,59,32
59509,200044618,59,32
59511,200042190,59,32
59512,200093201,59,32
59513,200044618,59,32
59514,200043396,59,32
59515,245901160,59,32
59516,200040947,59,32
59517,200068500,59,32
59518,200043321,59,32
59519,200042190,59,32
59520,200068500,59,32
59521,200068500,59,32
59522,200093201,59,32
59523,200093201,59,32
59524,200093201,59,32
59525,200043263,59,32
59526,200042190,59,32
59527,200093201,59,32
59528,200030633,59,32
59529,200043263,59,32
59530,245901160,59,32
59531,200030633,59,32
59532,245900428,59,32
59533,200030633,59,32
59534,200043263,59,32
59535,200040947,59,32
59536,200040947,59,32
59537,245901038,59,32
59538,200040954,59,32
59539,200040954,59,32
59541,245901038,59,32
59542,200043396,59,32
59543,200043396,59,32
59544,245901160,59,32
59545,200030633,59,32
59546,200040947,59,32
59547,200030633,59,32
59548,200043321,59,32
59549,200043321,59,32
59550,200093201,59,32
59551,200041960,59,32
59552,200068500,59,32
59553,200093201,59,32
59554,200042190,59,32
59555,200043263,59,32
59556,200043396,59,32
59557,245901160,59,32
59558,245901038,59,32
59559,245901160,59,32
59560,200093201,59,32
59562,200043263,59,32
59563,200043263,59,32
59564,200042190,59,32
59565,200043321,59,32
59566,200093201,59,32
59567,200068500,59,32
59568,200040947,59,32
59569,200044618,59,32
59570,200040954,59,32
59571,245901038,59,32
59572,200043263,59,32
59573,200043263,59,32
59574,245901152,59,32
59575,245901038,59,32
59576,245900428,59,32
59577,200040947,59,32
59578,200040947,59,32
59579,200040954,59,32
59580,200040947,59,32
59581,200040947,59,32
59582,200040947,59,32
59583,200043263,59,32
59584,200043321,59,32
59585,200093201,59,32
59586,200041960,59,32
59587,200040947,59,32
59588,245900428,59,32
59589,200042190,59,32
59590,200040947,59,32
59591,245901160,59,32
59592,200041960,59,32
59593,200068500,59,32
59594,200042190,59,32
59595,200068500,59,32
59596,245901152,59,32
59597,200068500,59,32
59598,200093201,59,32
59599,200093201,59,32
59600,200041960,59,32
59601,200043404,59,32
59602,200093201,59,32
59603,200042190,59,32
59604,200030633,59,32
59605,200040954,59,32
59606,245901160,59,32
59607,200043321,59,32
59608,245901038,59,32
59609,200093201,59,32
59610,245901160,59,32
59611,200093201,59,32
59612,245901038,59,32
59613,245901160,59,32
59614,245901038,59,32
59615,200040947,59,32
59616,245901160,59,32
59617,200043396,59,32
59618,200043396,59,32
59619,200043321,59,32
59620,200044618,59,32
59622,200068500,59,32
59623,200068500,59,32
59624,200030633,59,32
59625,200068500,59,32
59626,200043321,59,32
59627,200043396,59,32
59628,200040954,59,32
59629,245901152,59,32
59630,200041960,59,32
59631,200030633,59,32
59632,200042190,59,32
59633,200043404,59,32
59634,200040947,59,32
59635,200068500,59,32
59636,200093201,59,32
59637,245901152,59,32
59638,200041960,59,32
59639,200043321,59,32
59640,200043321,59,32
59641,200040954,59,32
59642,245901152,59,32
59643,200093201,59,32
59645,200042190,59,32
59646,200093201,59,32
59647,200040954,59,32
59648,200093201,59,32
59649,200043263,59,32
59650,200093201,59,32
59651,200042190,59,32
59652,200042190,59,32
59653,200093201,59,32
59654,200044618,59,32
59655,200040947,59,32
59656,200093201,59,32
59657,200040954,59,32
59658,200093201,59,32
59659,200043404,59,32
59660,200093201,59,32
59661,200043404,59,32
59662,200040947,59,32
59663,200040954,59,32
59664,200040954,59,32
59665,200040954,59,32
59666,200040954,59,32
59667,200040947,59,32
59668,245900428,59,32
59669,200040947,59,32
59670,200093201,59,32
60001,246000848,60,32
60002,200067973,60,32
60003,200068005,60,32
60004,246000848,60,32
60005,246000871,60,32
60006,246000921,60,32
60007,246000376,60,32
60008,246000566,60,32
60009,200067999,60,32
60010,246000582,60,32
60011,246000855,60,32
60012,246000582,60,32
60013,246000921,60,32
60014,246000566,60,32
60015,200067973,60,32
60016,200067973,60,32
60017,200068005,60,32
60019,246000855,60,32
60020,246000871,60,32
60021,246000756,60,32
60022,246000764,60,32
60023,200067965,60,32
60024,246000897,60,32
60025,246000749,60,32
60026,200067999,60,32
60027,246000871,60,32
60028,200066975,60,32
60029,200067999,60,32
60030,200067999,60,32
60031,246000871,60,32
60032,246000749,60,32
60033,246000764,60,32
60034,246000566,60,32
60035,246000855,60,32
60036,246000897,60,32
60037,246000756,60,32
60039,200068005,60,32
60040,246000897,60,32
60041,200067999,60,32
60042,246000129,60,32
60043,246000772,60,32
60044,200067973,60,32
60045,200066975,60,32
60046,246000871,60,32
60047,246000871,60,32
60048,246000855,60,32
60049,246000848,60,32
60050,246000921,60,32
60051,246000848,60,32
60052,246000756,60,32
60053,246000855,60,32
60054,246000582,60,32
60055,246000756,60,32
60056,246000921,60,32
60057,200067999,60,32
60058,200068005,60,32
60059,246000756,60,32
60060,200067973,60,32
60061,246000855,60,32
60062,246000756,60,32
60063,200067999,60,32
60064,246000749,60,32
60065,200067973,60,32
60066,246000871,60,32
60067,200067965,60,32
60068,200067965,60,32
60069,246000871,60,32
60070,200067965,60,32
60071,246000855,60,32
60072,246000749,60,32
60073,246000913,60,32
60074,200067973,60,32
60075,200068005,60,32
60076,246000848,60,32
60077,246000848,60,32
60078,246000897,60,32
60079,246000871,60,32
60081,200067999,60,32
60082,200068005,60,32
60083,246000871,60,32
60084,246000848,60,32
60085,200068005,60,32
60086,200067973,60,32
60087,200066975,60,32
60088,246000582,60,32
60089,246000707,60,32
60090,246000707,60,32
60091,246000871,60,32
60092,246000871,60,32
60093,246000855,60,32
60094,246000871,60,32
60095,246000707,60,32
60097,246000707,60,32
60098,246000848,60,32
60099,246000855,60,32
60100,200066975,60,32
60101,246000871,60,32
60102,246000921,60,32
60103,200067999,60,32
60104,200068005,60,32
60105,246000756,60,32
60106,246000376,60,32
60107,246000376,60,32
60108,246000848,60,32
60109,246000848,60,32
60110,246000848,60,32
60111,200068005,60,32
60112,246000566,60,32
60113,200068005,60,32
60114,246000848,60,32
60115,246000566,60,32
60116,246000376,60,32
60117,246000756,60,32
60118,246000756,60,32
60119,246000772,60,32
60120,246000376,60,32
60121,246000756,60,32
60122,246000848,60,32
60123,200068005,60,32
60124,246000855,60,32
60125,246000897,60,32
60126,246000855,60,32
60127,246000855,60,32
60128,246000848,60,32
60129,246000756,60,32
60130,246000376,60,32
60131,200068005,60,32
60132,246000756,60,32
60133,246000566,60,32
60134,246000129,60,32
60135,200067973,60,32
60136,246000848,60,32
60137,246000566,60,32
60138,200066975,60,32
60139,200067973,60,32
60140,246000707,60,32
60141,246000764,60,32
60142,246000764,60,32
60143,246000707,60,32
60144,246000582,60,32
60145,246000749,60,32
60146,200068005,60,32
60147,246000772,60,32
60148,246000871,60,32
60149,246000897,60,32
60150,246000772,60,32
60151,200067965,60,32
60152,246000897,60,32
60153,200068005,60,32
60154,246000921,60,32
60155,200067973,60,32
60156,200067965,60,32
60157,246000376,60,32
60158,246000566,60,32
60159,200067965,60,32
60160,246000855,60,32
60161,200068005,60,32
60162,246000582,60,32
60163,200068005,60,32
60164,246000913,60,32
60165,200067973,60,32
60166,246000855,60,32
60167,246000749,60,32
60168,246000566,60,32
60169,246000707,60,32
60170,200066975,60,32
60171,246000749,60,32
60172,246000764,60,32
60173,200068047,60,32
60174,246000855,60,32
60175,200068047,60,32
60176,246000871,60,32
60177,246000566,60,32
60178,200067999,60,32
60179,246000566,60,32
60180,246000848,60,32
60181,246000756,60,32
60182,200068005,60,32
60183,200068005,60,32
60184,246000749,60,32
60185,200067973,60,32
60186,246000566,60,32
60187,246000913,60,32
60188,246000749,60,32
60189,246000756,60,32
60190,246000871,60,32
60191,246000855,60,32
60192,246000855,60,32
60193,246000848,60,32
60194,246000848,60,32
60195,246000707,60,32
60196,246000582,60,32
60197,200067973,60,32
60198,246000855,60,32
60199,200068005,60,32
60200,246000566,60,32
60201,246000566,60,32
60203,246000871,60,32
60204,246000855,60,32
60205,246000848,60,32
60206,246000855,60,32
60207,246000871,60,32
60208,246000707,60,32
60209,246000707,60,32
60210,246000897,60,32
60211,246000707,60,32
60212,200067973,60,32
60213,246000871,60,32
60214,246000848,60,32
60215,246000376,60,32
60216,246000566,60,32
60217,246000848,60,32
60218,246000582,60,32
60219,246000848,60,32
60220,246000913,60,32
60221,200068005,60,32
60222,246000566,60,32
60223,246000897,60,32
60224,246000871,60,32
60225,246000376,60,32
60226,246000871,60,32
60227,246000855,60,32
60228,246000707,60,32
60229,246000897,60,32
60230,200067999,60,32
60231,246000871,60,32
60232,246000566,60,32
60233,246000848,60,32
60234,246000376,60,32
60235,246000913,60,32
60236,246000756,60,32
60237,200068005,60,32
60238,200066975,60,32
60239,246000707,60,32
60240,200068005,60,32
60241,200066975,60,32
60242,246000848,60,32
60243,200067999,60,32
60244,246000848,60,32
60245,246000848,60,32
60247,246000376,60,32
60248,246000848,60,32
60249,200067973,60,32
60250,200067999,60,32
60251,200067999,60,32
60252,246000566,60,32
60253,200067999,60,32
60254,246000897,60,32
60255,246000756,60,32
60256,246000582,60,32
60257,246000707,60,32
60258,246000855,60,32
60259,200067973,60,32
60260,246000871,60,32
60261,246000871,60,32
60262,246000566,60,32
60263,246000756,60,32
60264,200067999,60,32
60265,200068005,60,32
60267,200068005,60,32
60268,246000566,60,32
60269,246000848,60,32
60270,246000756,60,32
60271,246000848,60,32
60272,246000871,60,32
60273,246000855,60,32
60274,246000871,60,32
60275,246000848,60,32
60276,246000566,60,32
60277,200067999,60,32
60278,246000756,60,32
60279,246000871,60,32
60280,246000848,60,32
60281,246000855,60,32
60282,246000764,60,32
60283,200068005,60,32
60284,246000897,60,32
60285,246000566,60,32
60286,246000848,60,32
60287,246000756,60,32
60288,246000848,60,32
60289,246000848,60,32
60290,200067999,60,32
60291,246000756,60,32
60292,246000855,60,32
60293,246000707,60,32
60294,246000855,60,32
60295,246000848,60,32
60296,246000848,60,32
60297,246000848,60,32
60298,246000848,60,32
60299,200068005,60,32
60301,246000848,60,32
60302,200067999,60,32
60303,246000848,60,32
60304,246000848,60,32
60305,246000749,60,32
60306,246000848,60,32
60307,200067973,60,32
60308,246000897,60,32
60309,246000582,60,32
60310,200067999,60,32
60311,200068005,60,32
60312,246000848,60,32
60313,200067999,60,32
60314,246000848,60,32
60315,246000913,60,32
60316,200067973,60,32
60317,200067973,60,32
60318,246000897,60,32
60319,246000707,60,32
60320,246000871,60,32
60321,246000582,60,32
60322,246000707,60,32
60323,200067965,60,32
60324,246000749,60,32
60325,200067965,60,32
60326,200067965,60,32
60327,246000707,60,32
60328,200067999,60,32
60329,246000855,60,32
60330,246000582,60,32
60331,246000913,60,32
60332,246000129,60,32
60333,246000913,60,32
60334,200067973,60,32
60335,246000848,60,32
60336,200067999,60,32
60337,200067965,60,32
60338,200067965,60,32
60339,200067999,60,32
60340,246000855,60,32
60341,246000871,60,32
60342,246000129,60,32
60343,246000913,60,32
60344,246000913,60,32
60345,246000376,60,32
60346,246000764,60,32
60347,246000848,60,32
60348,246000756,60,32
60350,246000855,60,32
60351,246000855,60,32
60352,246000707,60,32
60353,246000848,60,32
60354,246000848,60,32
60355,200067999,60,32
60356,246000707,60,32
60357,246000566,60,32
60358,246000871,60,32
60359,246000913,60,32
60360,246000129,60,32
60361,246000707,60,32
60362,246000756,60,32
60363,246000707,60,32
60364,246000566,60,32
60365,246000848,60,32
60366,200067999,60,32
60367,246000707,60,32
60368,246000772,60,32
60369,246000897,60,32
60370,246000582,60,32
60371,246000848,60,32
60372,200067999,60,32
60373,246000772,60,32
60374,246000566,60,32
60375,246000376,60,32
60376,200067999,60,32
60377,200068005,60,32
60378,246000772,60,32
60379,246000855,60,32
60380,246000871,60,32
60381,246000855,60,32
60382,200067965,60,32
60383,246000855,60,32
60385,246000871,60,32
60386,246000855,60,32
60387,246000848,60,32
60388,246000848,60,32
60389,246000756,60,32
60390,200067999,60,32
60391,200068047,60,32
60392,246000772,60,32
60393,200067973,60,32
60394,246000566,60,32
60395,246000582,60,32
60396,246000566,60,32
60397,246000848,60,32
60398,200067973,60,32
60399,200068005,60,32
60400,246000566,60,32
60401,246000707,60,32
60402,200067965,60,32
60403,200067999,60,32
60404,246000129,60,32
60405,246000848,60,32
60406,246000921,60,32
60407,246000848,60,32
60408,246000855,60,32
60409,246000129,60,32
60410,246000756,60,32
60411,246000707,60,32
60412,246000707,60,32
60413,246000871,60,32
60414,200068047,60,32
60415,200066975,60,32
60416,246000566,60,32
60418,246000566,60,32
60420,246000707,60,32
60421,200066975,60,32
60422,200066975,60,32
60423,246000772,60,32
60424,246000897,60,32
60425,200068005,60,32
60426,200067973,60,32
60427,246000582,60,32
60428,200067999,60,32
60429,200067973,60,32
60430,246000871,60,32
60431,246000756,60,32
60432,246000764,60,32
60433,200067973,60,32
60434,246000855,60,32
60435,246000848,60,32
60436,200068005,60,32
60437,200067973,60,32
60438,246000749,60,32
60439,246000376,60,32
60440,246000566,60,32
60441,246000897,60,32
60442,200067999,60,32
60443,246000756,60,32
60444,246000848,60,32
60445,246000749,60,32
60446,246000871,60,32
60447,200067965,60,32
60448,246000871,60,32
60449,246000855,60,32
60450,200067973,60,32
60451,246000376,60,32
60452,246000582,60,32
60454,200067999,60,32
60456,246000566,60,32
60457,200068005,60,32
60458,246000848,60,32
60459,246000855,60,32
60460,246000848,60,32
60461,200067999,60,32
60462,200067973,60,32
60463,200068047,60,32
60464,246000376,60,32
60465,200068005,60,32
60466,246000566,60,32
60468,246000566,60,32
60469,200067973,60,32
60470,200068005,60,32
60471,246000756,60,32
60472,246000848,60,32
60473,246000871,60,32
60474,246000855,60,32
60476,246000848,60,32
60477,246000913,60,32
60478,246000871,60,32
60479,246000871,60,32
60480,200068005,60,32
60481,246000871,60,32
60482,246000764,60,32
60483,246000855,60,32
60484,246000848,60,32
60485,200068005,60,32
60486,200068005,60,32
60487,246000707,60,32
60488,246000756,60,32
60489,246000871,60,32
60490,200067999,60,32
60491,246000749,60,32
60492,246000772,60,32
60493,246000848,60,32
60494,246000764,60,32
60495,246000566,60,32
60496,200068005,60,32
60497,246000566,60,32
60498,246000566,60,32
60499,246000855,60,32
60500,246000871,60,32
60501,246000772,60,32
60502,246000756,60,32
60503,246000566,60,32
60504,200067973,60,32
60505,200066975,60,32
60506,246000756,60,32
60507,246000756,60,32
60508,246000921,60,32
60509,246000921,60,32
60510,246000707,60,32
60511,246000756,60,32
60512,246000582,60,32
60513,200067973,60,32
60514,246000848,60,32
60515,246000566,60,32
60516,246000913,60,32
60517,200067973,60,32
60518,200068005,60,32
60519,246000756,60,32
60520,200068005,60,32
60521,246000848,60,32
60522,246000566,60,32
60523,200067999,60,32
60524,246000129,60,32
60525,200066975,60,32
60526,246000566,60,32
60527,246000871,60,32
60528,246000707,60,32
60529,246000376,60,32
60530,200067999,60,32
60531,246000897,60,32
60533,246000855,60,32
60534,246000749,60,32
60535,200068005,60,32
60536,246000921,60,32
60537,246000772,60,32
60538,246000855,60,32
60539,246000921,60,32
60540,246000897,60,32
60541,246000921,60,32
60542,200067999,60,32
60543,246000871,60,32
60544,200068005,60,32
60545,246000848,60,32
60546,246000871,60,32
60547,246000129,60,32
60548,246000871,60,32
60549,200067999,60,32
60550,246000848,60,32
60551,200068047,60,32
60552,246000871,60,32
60553,246000566,60,32
60554,246000871,60,32
60555,200068005,60,32
60556,246000566,60,32
60557,246000848,60,32
60558,246000855,60,32
60559,200067999,60,32
60560,200066975,60,32
60561,246000871,60,32
60562,246000921,60,32
60563,246000921,60,32
60564,246000566,60,32
60565,200068005,60,32
60566,246000848,60,32
60567,246000913,60,32
60568,246000376,60,32
60569,246000749,60,32
60570,246000582,60,32
60571,246000848,60,32
60572,246000749,60,32
60573,200068005,60,32
60574,200067973,60,32
60575,200067973,60,32
60576,200067999,60,32
60577,246000913,60,32
60578,200067965,60,32
60579,200067965,60,32
60581,246000566,60,32
60582,246000772,60,32
60583,200067999,60,32
60584,200068047,60,32
60585,246000566,60,32
60586,200067999,60,32
60587,246000921,60,32
60588,246000848,60,32
60589,200068047,60,32
60590,246000848,60,32
60591,200067999,60,32
60592,246000913,60,32
60593,246000749,60,32
60594,246000848,60,32
60595,246000566,60,32
60596,246000848,60,32
60597,200067965,60,32
60598,200067973,60,32
60599,246000848,60,32
60600,200067965,60,32
60601,200068047,60,32
60602,246000848,60,32
60603,246000756,60,32
60604,246000848,60,32
60605,246000848,60,32
60608,200067999,60,32
60609,200067999,60,32
60610,246000756,60,32
60611,246000848,60,32
60612,200066975,60,32
60613,246000707,60,32
60614,246000707,60,32
60615,200068005,60,32
60616,246000913,60,32
60617,246000756,60,32
60618,246000871,60,32
60619,246000871,60,32
60620,200067973,60,32
60621,246000855,60,32
60622,246000848,60,32
60623,246000848,60,32
60624,246000848,60,32
60625,246000756,60,32
60626,246000913,60,32
60627,200068005,60,32
60628,200067999,60,32
60629,246000848,60,32
60630,246000707,60,32
60631,200066975,60,32
60632,246000855,60,32
60633,246000848,60,32
60634,200068005,60,32
60635,200068047,60,32
60636,246000772,60,32
60637,246000871,60,32
60638,200067973,60,32
60639,200067999,60,32
60640,246000707,60,32
60641,246000749,60,32
60642,246000772,60,32
60643,246000566,60,32
60644,246000707,60,32
60645,246000707,60,32
60646,200067999,60,32
60647,246000749,60,32
60648,200068005,60,32
60650,246000871,60,32
60651,200067973,60,32
60652,246000582,60,32
60653,246000566,60,32
60654,246000772,60,32
60655,246000756,60,32
60656,246000871,60,32
60657,246000756,60,32
60658,246000871,60,32
60659,246000707,60,32
60660,246000913,60,32
60661,246000871,60,32
60662,246000913,60,32
60663,200067999,60,32
60664,200068005,60,32
60665,200067965,60,32
60666,246000871,60,32
60667,200067965,60,32
60668,200067999,60,32
60669,246000129,60,32
60670,246000921,60,32
60671,246000871,60,32
60672,246000871,60,32
60673,200068005,60,32
60674,200067965,60,32
60675,246000855,60,32
60676,246000756,60,32
60677,246000913,60,32
60678,246000582,60,32
60679,246000871,60,32
60680,246000921,60,32
60681,246000913,60,32
60682,200066975,60,32
60683,246000871,60,32
60684,200068047,60,32
60685,200067973,60,32
60686,200067973,60,32
60687,246000913,60,32
60688,246000848,60,32
60689,246000855,60,32
60691,246000848,60,32
60692,200068005,60,32
60693,246000756,60,32
60694,246000582,60,32
60695,246000764,60,32
60697,246000848,60,32
60698,246000566,60,32
60699,246000848,60,32
60700,200067999,60,32
60701,246000566,60,32
60702,246000566,60,32
60703,200067999,60,32
61001,246100663,61,28
61002,200035111,61,28
61005,200071504,61,28
61006,200068450,61,28
61007,200035814,61,28
61008,200068468,61,28
61010,200069458,61,28
61011,200035814,61,28
61012,200068468,61,28
61013,200035103,61,28
61014,200068450,61,28
61015,200035111,61,28
61018,200069458,61,28
61020,200068450,61,28
61021,200071520,61,28
61023,200068450,61,28
61024,200035814,61,28
61026,200035103,61,28
61028,246100390,61,28
61029,200036069,61,28
61030,200035814,61,28
61032,200068468,61,28
61034,200068856,61,28
61035,200071652,61,28
61036,200035111,61,28
61037,200036069,61,28
61038,200071504,61,28
61039,200035111,61,28
61040,200035814,61,28
61041,200071504,61,28
61043,200068435,61,28
61044,200035814,61,28
61046,200068856,61,28
61048,200036069,61,28
61049,200035111,61,28
61050,200068435,61,28
61051,200035111,61,28
61052,200068468,61,28
61053,200068468,61,28
61054,200069458,61,28
61055,200068450,61,28
61056,200035111,61,28
61060,200068468,61,28
61061,200068435,61,28
61062,200068450,61,28
61063,200035814,61,28
61064,200035103,61,28
61066,200035103,61,28
61067,200035103,61,28
61068,200035111,61,28
61069,200035814,61,28
61070,200035814,61,28
61071,200069458,61,28
61072,200069458,61,28
61074,200071652,61,28
61075,200068443,61,28
61076,200035111,61,28
61077,246100663,61,28
61078,200035814,61,28
61079,200071504,61,28
61080,200071652,61,28
61081,200035111,61,28
61082,200035103,61,28
61084,246100390,61,28
61085,200071652,61,28
61086,200069458,61,28
61087,200036069,61,28
61088,200069458,61,28
61089,200069458,61,28
61091,200071520,61,28
61092,200068468,61,28
61093,200071520,61,28
61094,200035814,61,28
61095,200035814,61,28
61096,200068443,61,28
61097,200036069,61,28
61098,200035111,61,28
61099,200071504,61,28
61100,200068468,61,28
61101,200035111,61,28
61102,200035814,61,28
61103,200069458,61,28
61104,200071652,61,28
61105,200071504,61,28
61107,246100663,61,28
61108,200069458,61,28
61111,246100663,61,28
61113,200036069,61,28
61114,200068450,61,28
61116,200068435,61,28
61117,246100663,61,28
61118,200036069,61,28
61120,200068450,61,28
61121,200036069,61,28
61122,200069458,61,28
61123,200068450,61,28
61124,200035814,61,28
61126,200035103,61,28
61129,200036069,61,28
61130,200036069,61,28
61133,200035103,61,28
61137,246100390,61,28
61138,200069458,61,28
61139,200069458,61,28
61140,200068468,61,28
61141,246100663,61,28
61142,200071504,61,28
61143,246100663,61,28
61145,200071520,61,28
61146,200035814,61,28
61148,200035814,61,28
61149,200035814,61,28
61150,200069458,61,28
61151,200068468,61,28
61152,200068450,61,28
61153,200068450,61,28
61156,200035111,61,28
61158,246100390,61,28
61159,200068468,61,28
61160,200036069,61,28
61162,200068468,61,28
61163,200035814,61,28
61164,200035111,61,28
61165,246100663,61,28
61166,200035103,61,28
61167,200068468,61,28
61168,200035814,61,28
61169,200035814,61,28
61170,200068450,61,28
61171,200068450,61,28
61176,200035111,61,28
61178,200069458,61,28
61180,200069458,61,28
61181,200069458,61,28
61182,246100663,61,28
61183,200035103,61,28
61187,200068468,61,28
61189,246100390,61,28
61190,200068450,61,28
61193,200068468,61,28
61194,200068450,61,28
61195,200035814,61,28
61196,200071504,61,28
61197,200068450,61,28
61198,200069458,61,28
61199,246100390,61,28
61202,200035103,61,28
61203,246100663,61,28
61206,200068856,61,28
61207,200071504,61,28
61208,200068468,61,28
61209,200071652,61,28
61210,200068450,61,28
61211,200068443,61,28
61212,200068450,61,28
61213,246100663,61,28
61214,200068468,61,28
61215,200035103,61,28
61216,200071652,61,28
61217,200068450,61,28
61218,200035814,61,28
61219,200035814,61,28
61221,200035814,61,28
61222,200035814,61,28
61224,246100663,61,28
61225,200069458,61,28
61227,246100390,61,28
61228,246100663,61,28
61229,200036069,61,28
61230,200068856,61,28
61232,200071520,61,28
61233,200035814,61,28
61234,246100663,61,28
61237,200068450,61,28
61238,200068450,61,28
61240,200035111,61,28
61241,200068435,61,28
61242,200068856,61,28
61243,200071652,61,28
61244,200068468,61,28
61248,200068443,61,28
61251,200035103,61,28
61252,200069458,61,28
61255,200036069,61,28
61256,200035111,61,28
61257,200071652,61,28
61258,200035103,61,28
61259,200068468,61,28
61260,200035814,61,28
61261,200035103,61,28
61262,200071520,61,28
61263,246100663,61,28
61264,200069458,61,28
61265,246100390,61,28
61266,200035103,61,28
61267,246100390,61,28
61268,200069458,61,28
61269,200035814,61,28
61271,200071652,61,28
61272,200069458,61,28
61273,246100390,61,28
61274,200068856,61,28
61275,200069458,61,28
61276,200068450,61,28
61277,200036069,61,28
61278,200035814,61,28
61279,246100663,61,28
61281,200071520,61,28
61283,200068450,61,28
61284,200035103,61,28
61286,200036069,61,28
61287,200035814,61,28
61288,200035111,61,28
61289,200068450,61,28
61290,246100390,61,28
61291,200068450,61,28
61292,200071520,61,28
61293,200036069,61,28
61294,200035111,61,28
61295,200071652,61,28
61297,200068468,61,28
61298,200068450,61,28
61300,200068435,61,28
61301,200035111,61,28
61302,200068450,61,28
61303,200068450,61,28
61304,200035103,61,28
61307,200069458,61,28
61308,246100390,61,28
61309,200068435,61,28
61314,200068450,61,28
61316,200068450,61,28
61317,200069458,61,28
61319,200072676,61,28
61321,246100663,61,28
61322,200036069,61,28
61323,200068856,61,28
61324,200068443,61,28
61326,200068443,61,28
61327,200036069,61,28
61328,200068450,61,28
61329,200036069,61,28
61330,200069458,61,28
61331,200035103,61,28
61332,200035814,61,28
61333,200069458,61,28
61336,200071504,61,28
61339,246100390,61,28
61341,246100663,61,28
61342,200068468,61,28
61344,200068450,61,28
61345,200068435,61,28
61346,200069458,61,28
61347,200069458,61,28
61348,200036069,61,28
61349,200068450,61,28
61350,246100663,61,28
61351,200069458,61,28
61352,200068450,61,28
61357,200071652,61,28
61358,200068450,61,28
61360,200035103,61,28
61361,246100390,61,28
61362,200035814,61,28
61363,200036069,61,28
61365,200035103,61,28
61366,200069458,61,28
61367,200036069,61,28
61369,200071520,61,28
61370,200071520,61,28
61371,200068450,61,28
61372,246100663,61,28
61373,200036069,61,28
61374,200071520,61,28
61375,200068450,61,28
61376,200035814,61,28
61379,200068435,61,28
61381,200036069,61,28
61382,246100663,61,28
61384,246100663,61,28
61385,200069458,61,28
61386,200068468,61,28
61387,200068443,61,28
61388,200071504,61,28
61389,200069458,61,28
61390,200068450,61,28
61391,200035814,61,28
61392,200069458,61,28
61393,200069458,61,28
61394,200071504,61,28
61395,200068435,61,28
61396,200036069,61,28
61397,246100663,61,28
61398,200035103,61,28
61399,200068450,61,28
61400,200035111,61,28
61401,200071520,61,28
61402,246100390,61,28
61404,200036069,61,28
61405,200071504,61,28
61406,200068468,61,28
61407,200035814,61,28
61408,246100390,61,28
61411,200036069,61,28
61412,200035103,61,28
61413,200068450,61,28
61414,200036069,61,28
61415,200035103,61,28
61416,200035103,61,28
61418,200036069,61,28
61419,200071652,61,28
61420,200071652,61,28
61421,200068443,61,28
61422,200068468,61,28
61423,200068468,61,28
61424,200071652,61,28
61425,200036069,61,28
61426,200071504,61,28
61427,200071652,61,28
61429,200068856,61,28
61432,200068468,61,28
61433,246100663,61,28
61435,200068468,61,28
61436,200035814,61,28
61438,200036069,61,28
61439,200071652,61,28
61440,200068468,61,28
61442,200071652,61,28
61443,200035814,61,28
61444,200035814,61,28
61445,200071520,61,28
61446,200069458,61,28
61447,200035814,61,28
61448,200068435,61,28
61450,200035103,61,28
61451,200071520,61,28
61452,200068443,61,28
61453,200071652,61,28
61454,200035103,61,28
61456,200068468,61,28
61457,200068468,61,28
61459,200035814,61,28
61460,200069458,61,28
61461,200069458,61,28
61462,200068450,61,28
61463,200035814,61,28
61464,200035111,61,28
61466,200035814,61,28
61467,246100663,61,28
61472,200068450,61,28
61473,200068450,61,28
61474,200068450,61,28
61475,200036069,61,28
61476,200072676,61,28
61479,200068450,61,28
61480,200035111,61,28
61481,200035103,61,28
61482,200068443,61,28
61483,200068443,61,28
61484,200071504,61,28
61485,200069458,61,28
61486,200071520,61,28
61487,200068443,61,28
61488,200068468,61,28
61490,200068450,61,28
61491,200068856,61,28
61492,200035103,61,28
61493,200069458,61,28
61494,200068450,61,28
61497,246100663,61,28
61498,200071504,61,28
61499,200035103,61,28
61500,200068856,61,28
61501,200068435,61,28
61502,200035103,61,28
61503,200068450,61,28
61505,200068450,61,28
61507,200036069,61,28
61508,200069458,61,28
61510,200068468,61,28
61512,246100390,61,28
62001,246200364,62,32
62002,200035442,62,32
62003,246200364,62,32
62004,200033579,62,32
62005,200035442,62,32
62006,200035442,62,32
62007,200033579,62,32
62008,246201016,62,32
62009,200069482,62,32
62010,246201016,62,32
62011,200069482,62,32
62012,200069482,62,32
62013,200033579,62,32
62014,200069037,62,32
62015,200069029,62,32
62016,200069029,62,32
62017,200069235,62,32
62018,200044030,62,32
62019,246200364,62,32
62020,200072478,62,32
62021,200069235,62,32
62022,200018083,62,32
62023,200072460,62,32
62024,246201016,62,32
62025,246200380,62,32
62026,200069235,62,32
62027,200069482,62,32
62028,200072460,62,32
62029,200072460,62,32
62030,200069482,62,32
62031,200072478,62,32
62032,246200364,62,32
62033,246200364,62,32
62034,200072460,62,32
62035,200072460,62,32
62036,200069672,62,32
62037,200033579,62,32
62038,200072478,62,32
62039,200044048,62,32
62040,200069037,62,32
62041,200033579,62,32
62042,200033579,62,32
62043,200090751,62,32
62044,200069029,62,32
62045,200069482,62,32
62046,200044030,62,32
62047,200069672,62,32
62048,200072460,62,32
62049,200072460,62,32
62050,200044030,62,32
62051,200072460,62,32
62052,246200380,62,32
62053,200069037,62,32
62054,246200380,62,32
62055,246201016,62,32
62056,246200380,62,32
62057,246200844,62,32
62058,200069672,62,32
62059,200072478,62,32
62060,200069672,62,32
62061,200069672,62,32
62062,200069235,62,32
62063,200069482,62,32
62064,200035442,62,32
62065,246200364,62,32
62066,200069235,62,32
62067,200069037,62,32
62068,200035442,62,32
62069,200044030,62,32
62070,200069482,62,32
62071,200069672,62,32
62072,200069482,62,32
62073,200033579,62,32
62074,200069482,62,32
62075,246200729,62,32
62076,200072478,62,32
62077,200072460,62,32
62078,200072478,62,32
62079,200035442,62,32
62080,200035442,62,32
62081,200044048,62,32
62082,200035442,62,32
62083,200072460,62,32
62084,200069482,62,32
62085,200033579,62,32
62086,200069482,62,32
62087,200069037,62,32
62088,246201016,62,32
62089,246200380,62,32
62090,200044030,62,32
62091,200069482,62,32
62092,200069482,62,32
62093,200035442,62,32
62094,200069029,62,32
62095,200069037,62,32
62096,200035442,62,32
62097,200033579,62,32
62099,200033579,62,32
62100,200044030,62,32
62101,200069672,62,32
62102,200069235,62,32
62103,200035442,62,32
62104,200018083,62,32
62105,200018083,62,32
62106,200044048,62,32
62107,246200364,62,32
62108,200069029,62,32
62109,200069672,62,32
62111,200069482,62,32
62112,200069482,62,32
62113,200069482,62,32
62114,200069672,62,32
62115,200069482,62,32
62116,200069029,62,32
62117,200035442,62,32
62118,200069482,62,32
62119,200072460,62,32
62120,200072460,62,32
62121,200035442,62,32
62122,200035442,62,32
62123,200069235,62,32
62124,200069029,62,32
62125,246200380,62,32
62126,200072460,62,32
62127,200069235,62,32
62128,200044048,62,32
62129,200035442,62,32
62130,200069482,62,32
62131,200035442,62,32
62132,200072460,62,32
62133,246200364,62,32
62134,200069235,62,32
62135,200069482,62,32
62137,200069672,62,32
62138,200044030,62,32
62139,200069037,62,32
62140,246201016,62,32
62141,200072460,62,32
62142,200044030,62,32
62143,200069672,62,32
62144,200033579,62,32
62145,200044048,62,32
62146,200033579,62,32
62147,200033579,62,32
62148,246200299,62,32
62149,246201016,62,32
62150,200044030,62,32
62151,200033579,62,32
62152,200033579,62,32
62153,200069037,62,32
62154,200069672,62,32
62155,246201016,62,32
62156,200090751,62,32
62157,200044030,62,32
62158,200069672,62,32
62160,246200729,62,32
62161,200072478,62,32
62162,200072460,62,32
62163,200069672,62,32
62164,200044048,62,32
62165,200018083,62,32
62166,200069672,62,32
62167,200072478,62,32
62168,200069235,62,32
62169,246201016,62,32
62170,246200364,62,32
62171,200069672,62,32
62172,200033579,62,32
62173,200044048,62,32
62174,200072478,62,32
62175,200044030,62,32
62176,200069029,62,32
62177,200044030,62,32
62178,200072460,62,32
62179,200018083,62,32
62180,200069672,62,32
62181,200035442,62,32
62182,200069672,62,32
62183,200044030,62,32
62184,200044048,62,32
62185,200035442,62,32
62186,246200364,62,32
62187,200069672,62,32
62188,200072460,62,32
62189,200035442,62,32
62190,200072460,62,32
62191,200072478,62,32
62192,200044048,62,32
62193,200090751,62,32
62194,200072460,62,32
62195,200072460,62,32
62196,200069029,62,32
62197,200072460,62,32
62198,200069482,62,32
62199,200069482,62,32
62200,200072460,62,32
62201,200069029,62,32
62202,200069235,62,32
62203,200072478,62,32
62204,200044030,62,32
62205,200069037,62,32
62206,200069029,62,32
62207,200069029,62,32
62208,200069482,62,32
62209,200069235,62,32
62211,200069482,62,32
62212,200044030,62,32
62213,246200364,62,32
62214,200018083,62,32
62215,246200299,62,32
62216,200069482,62,32
62217,200072460,62,32
62218,200072460,62,32
62219,200044030,62,32
62220,200044030,62,32
62221,200069482,62,32
62222,200044030,62,32
62223,200035442,62,32
62224,200072460,62,32
62225,200069037,62,32
62227,200069235,62,32
62228,246201016,62,32
62229,246201016,62,32
62230,200018083,62,32
62231,200069029,62,32
62232,200072460,62,32
62233,200069029,62,32
62234,200069672,62,32
62235,246200729,62,32
62236,200044030,62,32
62237,246200729,62,32
62238,200069672,62,32
62239,200090751,62,32
62240,200044048,62,32
62241,200069029,62,32
62242,200069482,62,32
62243,200069482,62,32
62244,200090751,62,32
62245,246201016,62,32
62246,200069235,62,32
62247,200069235,62,32
62248,200035442,62,32
62249,246200299,62,32
62250,246200299,62,32
62251,200018083,62,32
62252,200072460,62,32
62253,200069482,62,32
62254,200069037,62,32
62255,200018083,62,32
62256,200069235,62,32
62257,200069235,62,32
62258,200069672,62,32
62259,200035442,62,32
62260,200069672,62,32
62261,200069029,62,32
62262,200072460,62,32
62263,200033579,62,32
62264,246200729,62,32
62265,200069037,62,32
62266,200069482,62,32
62267,200069037,62,32
62268,200018083,62,32
62269,200072460,62,32
62270,200072460,62,32
62271,246201016,62,32
62272,200035442,62,32
62273,200018083,62,32
62274,246200299,62,32
62275,200044030,62,32
62276,200072460,62,32
62277,246200299,62,32
62278,200072460,62,32
62279,200069482,62,32
62280,200044048,62,32
62281,246200729,62,32
62282,200044030,62,32
62283,200069672,62,32
62284,200044048,62,32
62285,200035442,62,32
62286,200072460,62,32
62288,200069037,62,32
62289,200069029,62,32
62290,200033579,62,32
62291,246200364,62,32
62292,246201016,62,32
62293,200069235,62,32
62295,200069037,62,32
62296,200069235,62,32
62297,200069037,62,32
62298,200044048,62,32
62299,200069672,62,32
62300,246200729,62,32
62301,200069672,62,32
62302,200069235,62,32
62303,200069672,62,32
62304,200069037,62,32
62306,200035442,62,32
62307,200090751,62,32
62308,246201016,62,32
62309,246201016,62,32
62310,200072460,62,32
62311,246200364,62,32
62312,200069029,62,32
62313,200072460,62,32
62314,200072460,62,32
62315,200069029,62,32
62316,200069482,62,32
62317,200044048,62,32
62318,200069029,62,32
62319,200044048,62,32
62320,200033579,62,32
62321,246200299,62,32
62322,200069482,62,32
62323,200033579,62,32
62324,200033579,62,32
62325,200069037,62,32
62326,200035442,62,32
62327,200069037,62,32
62328,200072460,62,32
62329,246200380,62,32
62330,200072460,62,32
62331,200033579,62,32
62332,200033579,62,32
62333,200069672,62,32
62334,200072478,62,32
62335,200044030,62,32
62336,200069037,62,32
62337,200069672,62,32
62338,245900758,62,32
62339,200069672,62,32
62340,200069672,62,32
62341,200035442,62,32
62342,200069672,62,32
62343,200035442,62,32
62344,200069672,62,32
62345,200069672,62,32
62346,200069672,62,32
62347,200069482,62,32
62348,200069672,62,32
62349,200072460,62,32
62350,200072460,62,32
62351,246200364,62,32
62352,200069672,62,32
62353,200035442,62,32
62354,200069029,62,32
62355,200044048,62,32
62356,200072460,62,32
62357,200044030,62,32
62358,200044048,62,32
62359,200069235,62,32
62360,200090751,62,32
62361,200069672,62,32
62362,200069482,62,32
62363,200069482,62,32
62364,200069235,62,32
62365,200044030,62,32
62366,200072460,62,32
62367,200069672,62,32
62368,200069482,62,32
62369,200033579,62,32
62370,200069672,62,32
62371,246200364,62,32
62372,200069482,62,32
62373,200072460,62,32
62374,200035442,62,32
62375,200035442,62,32
62376,200072460,62,32
62377,200072460,62,32
62378,200069482,62,32
62379,200069482,62,32
62380,246200364,62,32
62381,200069672,62,32
62382,200044030,62,32
62383,200044048,62,32
62384,200044048,62,32
62385,200069482,62,32
62386,246200364,62,32
62387,200035442,62,32
62388,200044030,62,32
62389,200069482,62,32
62390,200069029,62,32
62391,200072460,62,32
62392,200033579,62,32
62393,246200844,62,32
62395,200044030,62,32
62396,200069672,62,32
62397,200072478,62,32
62398,200044030,62,32
62399,200069482,62,32
62400,200072460,62,32
62401,200072460,62,32
62402,200018083,62,32
62403,200069037,62,32
62404,200069482,62,32
62405,200044048,62,32
62406,200035442,62,32
62407,200072460,62,32
62408,200090751,62,32
62409,200069482,62,32
62410,200035442,62,32
62411,200069672,62,32
62412,200072478,62,32
62413,246200364,62,32
62414,200044048,62,32
62415,200069482,62,32
62416,200069672,62,32
62418,200069482,62,32
62419,246201016,62,32
62421,200035442,62,32
62422,200035442,62,32
62423,200069037,62,32
62424,200044048,62,32
62425,200069482,62,32
62426,200033579,62,32
62427,246200299,62,32
62428,200033579,62,32
62429,200018083,62,32
62430,200069482,62,32
62432,200072478,62,32
62433,200069672,62,32
62434,200069482,62,32
62435,200069672,62,32
62436,200069672,62,32
62437,200069235,62,32
62438,200069482,62,32
62439,200072478,62,32
62440,200035442,62,32
62441,200072460,62,32
62442,200069672,62,32
62443,200072460,62,32
62444,246200380,62,32
62445,200072460,62,32
62446,246200729,62,32
62447,200044030,62,32
62448,246200729,62,32
62449,200044030,62,32
62450,200069672,62,32
62451,200069672,62,32
62452,200069037,62,32
62453,200069235,62,32
62454,200072460,62,32
62455,200072478,62,32
62456,200072460,62,32
62457,200072460,62,32
62458,200069037,62,32
62459,200069482,62,32
62460,200069029,62,32
62462,200069672,62,32
62463,200069235,62,32
62464,246200364,62,32
62465,200069482,62,32
62466,200069235,62,32
62467,200069672,62,32
62468,200069672,62,32
62469,200044048,62,32
62470,200044030,62,32
62471,200069037,62,32
62472,200069029,62,32
62473,200072460,62,32
62474,246200729,62,32
62475,200069482,62,32
62476,200044048,62,32
62477,200069482,62,32
62478,246201016,62,32
62479,200072460,62,32
62480,200072460,62,32
62481,200044030,62,32
62483,200018083,62,32
62484,200044048,62,32
62485,200069037,62,32
62486,200072460,62,32
62487,246200380,62,32
62488,200072478,62,32
62489,200072460,62,32
62490,200069482,62,32
62491,245900758,62,32
62492,200069235,62,32
62493,200035442,62,32
62494,200035442,62,32
62495,246201016,62,32
62496,200069029,62,32
62497,246200299,62,32
62498,246200364,62,32
62499,200069029,62,32
62500,200072460,62,32
62501,200044030,62,32
62502,245900758,62,32
62503,246200380,62,32
62504,246201016,62,32
62505,246200380,62,32
62506,200072478,62,32
62507,200069482,62,32
62508,200072460,62,32
62509,200072460,62,32
62510,246200364,62,32
62511,200069482,62,32
62512,200072460,62,32
62513,200069672,62,32
62514,200069672,62,32
62515,200035442,62,32
62516,200072460,62,32
62517,200072460,62,32
62518,200069672,62,32
62519,200069672,62,32
62520,200072460,62,32
62521,200044030,62,32
62522,200044030,62,32
62523,246200364,62,32
62524,200018083,62,32
62525,200069037,62,32
62526,200018083,62,32
62527,200069029,62,32
62528,246200364,62,32
62529,200072460,62,32
62530,200018083,62,32
62531,200072478,62,32
62532,200072460,62,32
62533,200069235,62,32
62534,246201016,62,32
62535,200069029,62,32
62536,200069482,62,32
62537,200069482,62,32
62538,200044030,62,32
62539,200069672,62,32
62540,200072460,62,32
62541,200044030,62,32
62542,200069482,62,32
62543,200069037,62,32
62544,200069482,62,32
62545,200069235,62,32
62546,246200380,62,32
62547,200044030,62,32
62548,200090751,62,32
62550,200044030,62,32
62551,200044030,62,32
62552,200044030,62,32
62553,200069672,62,32
62554,200069029,62,32
62555,200072460,62,32
62556,200044030,62,32
62557,200033579,62,32
62558,200069672,62,32
62559,200044048,62,32
62560,246200380,62,32
62561,200035442,62,32
62562,200069235,62,32
62563,246200364,62,32
62564,200072460,62,32
62565,200069235,62,32
62566,200018083,62,32
62567,200069037,62,32
62568,200033579,62,32
62569,200069037,62,32
62570,246200364,62,32
62571,200069029,62,32
62572,200035442,62,32
62573,246200364,62,32
62574,200069482,62,32
62576,200069672,62,32
62577,200069672,62,32
62578,200069482,62,32
62579,200069482,62,32
62580,200069672,62,32
62581,200069672,62,32
62582,200033579,62,32
62583,200069482,62,32
62584,200072460,62,32
62585,200069029,62,32
62586,200069482,62,32
62587,246200299,62,32
62588,200069029,62,32
62589,200033579,62,32
62590,200069672,62,32
62591,200035442,62,32
62592,200069037,62,32
62593,200035442,62,32
62594,200035442,62,32
62595,200069037,62,32
62596,200044030,62,32
62597,200035442,62,32
62598,246200844,62,32
62599,200018083,62,32
62600,200069672,62,32
62601,200069672,62,32
62602,200069029,62,32
62603,246200729,62,32
62604,246200729,62,32
62605,200044030,62,32
62606,200072460,62,32
62607,200069672,62,32
62608,200035442,62,32
62609,200033579,62,32
62610,200069029,62,32
62611,200033579,62,32
62612,200044048,62,32
62613,246201016,62,32
62614,200072478,62,32
62615,200090751,62,32
62616,200069672,62,32
62617,200072460,62,32
62618,200069037,62,32
62619,200035442,62,32
62620,200072460,62,32
62621,246200844,62,32
62622,200069037,62,32
62623,246200844,62,32
62624,246200299,62,32
62625,200044030,62,32
62626,200072460,62,32
62627,200044048,62,32
62628,246200364,62,32
62629,200069482,62,32
62630,200069482,62,32
62631,200069672,62,32
62632,200072460,62,32
62633,200069672,62,32
62634,246200844,62,32
62635,200044030,62,32
62636,246200380,62,32
62637,246200299,62,32
62638,200044048,62,32
62639,200044048,62,32
62640,200069482,62,32
62641,200069672,62,32
62642,200072460,62,32
62643,246200729,62,32
62644,246201016,62,32
62645,246200844,62,32
62646,200044048,62,32
62647,200044030,62,32
62648,200069235,62,32
62649,200069482,62,32
62650,200044048,62,32
62651,200069482,62,32
62652,200069672,62,32
62653,246200729,62,32
62654,200090751,62,32
62655,200069672,62,32
62656,246201016,62,32
62657,200090751,62,32
62658,246200729,62,32
62659,200069235,62,32
62660,200044048,62,32
62661,200044030,62,32
62662,246200844,62,32
62663,200069482,62,32
62664,200069482,62,32
62665,200069672,62,32
62666,246200364,62,32
62667,246200729,62,32
62668,200069672,62,32
62669,200069672,62,32
62670,200069235,62,32
62671,200044048,62,32
62672,200035442,62,32
62673,200044048,62,32
62674,246201016,62,32
62675,246201016,62,32
62676,200072460,62,32
62677,200044030,62,32
62678,200018083,62,32
62679,200018083,62,32
62680,200044048,62,32
62681,200069037,62,32
62682,200069235,62,32
62683,200069672,62,32
62684,200069037,62,32
62685,200069235,62,32
62686,200069672,62,32
62688,200069029,62,32
62689,200033579,62,32
62690,200044030,62,32
62691,200069037,62,32
62692,246201016,62,32
62693,200072460,62,32
62694,200069482,62,32
62695,200069482,62,32
62696,200069037,62,32
62697,200044048,62,32
62698,200069029,62,32
62699,246200844,62,32
62700,200044030,62,32
62701,200072460,62,32
62702,246201016,62,32
62703,200044048,62,32
62704,200069037,62,32
62705,246200380,62,32
62706,200072460,62,32
62708,200035442,62,32
62709,200044048,62,32
62710,200069235,62,32
62711,246200380,62,32
62712,200033579,62,32
62713,200072460,62,32
62714,200033579,62,32
62715,200035442,62,32
62716,200072478,62,32
62717,200069672,62,32
62718,200033579,62,32
62719,200044030,62,32
62720,200072460,62,32
62721,200069037,62,32
62722,200069672,62,32
62723,200044030,62,32
62724,246200299,62,32
62725,200069235,62,32
62726,200069235,62,32
62727,200072460,62,32
62728,200044048,62,32
62729,200069235,62,32
62730,246200844,62,32
62731,200035442,62,32
62732,200069672,62,32
62733,200035442,62,32
62734,200044048,62,32
62735,200072460,62,32
62736,245900758,62,32
62737,246200364,62,32
62738,200069235,62,32
62739,200044048,62,32
62740,200069672,62,32
62741,200069482,62,32
62742,200069029,62,32
62744,200033579,62,32
62745,200044030,62,32
62746,246200729,62,32
62747,200072460,62,32
62748,246200844,62,32
62749,200044030,62,32
62750,200072460,62,32
62751,246200380,62,32
62752,200069029,62,32
62753,200033579,62,32
62754,200035442,62,32
62755,246200729,62,32
62756,246200844,62,32
62757,200069037,62,32
62758,246200729,62,32
62759,200018083,62,32
62760,200069037,62,32
62761,200033579,62,32
62762,200069235,62,32
62763,200069672,62,32
62764,200033579,62,32
62765,200069037,62,32
62766,246200844,62,32
62767,200069672,62,32
62768,200044030,62,32
62769,200090751,62,32
62770,200072460,62,32
62771,246200364,62,32
62772,200069037,62,32
62773,200018083,62,32
62774,200090751,62,32
62775,200072478,62,32
62776,200035442,62,32
62777,200035442,62,32
62778,200069482,62,32
62779,200069482,62,32
62780,200044048,62,32
62781,200044048,62,32
62782,200044048,62,32
62783,200044030,62,32
62784,200069482,62,32
62785,200069482,62,32
62786,200018083,62,32
62787,200044030,62,32
62788,246201016,62,32
62789,200018083,62,32
62790,200069235,62,32
62791,200069672,62,32
62792,200069037,62,32
62793,246200364,62,32
62794,246201016,62,32
62795,200069672,62,32
62796,200069482,62,32
62797,200069672,62,32
62798,200069482,62,32
62799,200069029,62,32
62800,200035442,62,32
62801,246200364,62,32
62802,200069482,62,32
62803,246201016,62,32
62804,200069482,62,32
62805,200069672,62,32
62806,246200380,62,32
62808,200069672,62,32
62809,200069672,62,32
62810,200033579,62,32
62811,200069037,62,32
62812,200069037,62,32
62813,200069672,62,32
62814,200069482,62,32
62815,200069029,62,32
62816,200069482,62,32
62817,200033579,62,32
62818,200069672,62,32
62819,200069037,62,32
62820,200069482,62,32
62821,200018083,62,32
62822,200069672,62,32
62823,200069235,62,32
62824,200044030,62,32
62825,200044048,62,32
62826,200069029,62,32
62827,200069037,62,32
62828,200044030,62,32
62829,200035442,62,32
62830,200035442,62,32
62831,200069672,62,32
62832,200069029,62,32
62833,200069672,62,32
62834,200044030,62,32
62835,200069672,62,32
62836,200072460,62,32
62837,246201016,62,32
62838,200069672,62,32
62839,200035442,62,32
62840,200035442,62,32
62841,200072460,62,32
62842,246200364,62,32
62843,200069235,62,32
62844,200069235,62,32
62845,200018083,62,32
62846,200072460,62,32
62847,200072460,62,32
62848,200072460,62,32
62849,200069029,62,32
62850,200044030,62,32
62851,200072460,62,32
62852,246200844,62,32
62853,200018083,62,32
62854,246200364,62,32
62855,200035442,62,32
62856,200069482,62,32
62857,200069482,62,32
62858,200044048,62,32
62859,200069672,62,32
62860,200069482,62,32
62861,246200364,62,32
62862,200069235,62,32
62863,200072460,62,32
62864,200044048,62,32
62865,200044048,62,32
62866,200069029,62,32
62867,246200380,62,32
62868,200044030,62,32
62869,200033579,62,32
62870,200069029,62,32
62871,200044030,62,32
62872,200044030,62,32
62873,200033579,62,32
62874,200069482,62,32
62875,200069037,62,32
62876,200035442,62,32
62877,200069482,62,32
62878,200069482,62,32
62879,200069482,62,32
62880,200018083,62,32
62881,200069672,62,32
62882,246201016,62,32
62883,200069672,62,32
62885,200072460,62,32
62886,200069235,62,32
62887,200069029,62,32
62888,200018083,62,32
62889,246200380,62,32
62890,200044030,62,32
62891,200069672,62,32
62892,200033579,62,32
62893,246200729,62,32
62894,246200729,62,32
62895,246200364,62,32
62896,200018083,62,32
62897,246201016,62,32
62898,246201016,62,32
62899,246200380,62,32
62900,200072460,62,32
62901,200069037,62,32
62902,200069037,62,32
62903,200069235,62,32
62904,200069037,62,32
62905,246201016,62,32
62906,246200844,62,32
62907,246200299,62,32
62908,246200729,62,32
62909,200035442,62,32
63001,200071199,63,84
63002,200070761,63,84
63003,200070761,63,84
63004,200072098,63,84
63005,200070407,63,84
63006,200070407,63,84
63007,200070407,63,84
63008,200070712,63,84
63009,200070407,63,84
63010,200070761,63,84
63011,200072080,63,84
63012,200071199,63,84
63013,200071199,63,84
63014,246300701,63,84
63015,200070712,63,84
63016,200070712,63,84
63017,200070407,63,84
63019,246300701,63,84
63020,200069169,63,84
63021,200069177,63,84
63022,200070407,63,84
63023,200070761,63,84
63024,200069169,63,84
63025,200072080,63,84
63026,200069177,63,84
63027,200070761,63,84
63028,200069169,63,84
63029,200070407,63,84
63030,200071199,63,84
63031,200070407,63,84
63032,246300701,63,84
63033,200071199,63,84
63034,200067627,63,84
63035,200072098,63,84
63036,200070407,63,84
63037,200070761,63,84
63038,246300966,63,84
63039,200070761,63,84
63040,200067627,63,84
63041,200072080,63,84
63042,246300701,63,84
63043,200072098,63,84
63044,200067627,63,84
63045,246301097,63,84
63046,200070407,63,84
63047,246300966,63,84
63048,200071215,63,84
63049,200067627,63,84
63050,200070407,63,84
63051,200070407,63,84
63052,200070407,63,84
63053,200071215,63,84
63054,200070407,63,84
63055,200071215,63,84
63056,200070761,63,84
63057,200070761,63,84
63058,246301097,63,84
63059,200069177,63,84
63060,200072080,63,84
63061,200071199,63,84
63062,200072080,63,84
63063,246300701,63,84
63064,200071215,63,84
63065,200070761,63,84
63066,200070712,63,84
63067,200072080,63,84
63069,246300701,63,84
63070,246300701,63,84
63071,200069169,63,84
63072,200070712,63,84
63073,200070407,63,84
63074,200070407,63,84
63075,246300701,63,84
63076,200070761,63,84
63077,246300966,63,84
63079,200070407,63,84
63080,200070407,63,84
63081,200070761,63,84
63082,200072098,63,84
63083,200070753,63,84
63084,200069177,63,84
63085,200071215,63,84
63086,200070761,63,84
63087,200070407,63,84
63088,200070407,63,84
63089,200070753,63,84
63090,200071199,63,84
63091,200070407,63,84
63092,200070753,63,84
63093,200072098,63,84
63094,200072080,63,84
63095,200070712,63,84
63096,200067627,63,84
63097,200070407,63,84
63098,246300966,63,84
63099,246300701,63,84
63100,200072098,63,84
63101,200072080,63,84
63102,200070712,63,84
63103,200070753,63,84
63104,200070761,63,84
63105,200070761,63,84
63106,200067627,63,84
63107,200070753,63,84
63108,200070753,63,84
63109,200070407,63,84
63110,200071215,63,84
63111,200070407,63,84
63112,200070753,63,84
63113,246300701,63,84
63114,200070407,63,84
63115,200071215,63,84
63116,200072098,63,84
63117,246300966,63,84
63118,200071215,63,84
63119,200070761,63,84
63120,200069177,63,84
63121,200070407,63,84
63122,200070407,63,84
63123,200069177,63,84
63124,246300701,63,84
63125,200070712,63,84
63126,200069177,63,84
63128,246301097,63,84
63129,200069169,63,84
63130,200072080,63,84
63131,246301097,63,84
63132,200070761,63,84
63134,200070407,63,84
63135,200072098,63,84
63136,200070761,63,84
63137,200070761,63,84
63138,200070712,63,84
63139,200070761,63,84
63140,200072080,63,84
63141,246300701,63,84
63142,200070761,63,84
63143,200071199,63,84
63144,246300966,63,84
63145,200070407,63,84
63146,200067627,63,84
63147,200070761,63,84
63148,200070753,63,84
63149,200070753,63,84
63150,200070753,63,84
63151,200070712,63,84
63152,200072080,63,84
63153,246300966,63,84
63154,200067627,63,84
63155,200067627,63,84
63156,200070407,63,84
63157,200067627,63,84
63158,200070761,63,84
63159,200071215,63,84
63160,200070407,63,84
63161,200070761,63,84
63162,200070761,63,84
63163,200069169,63,84
63164,246300701,63,84
63165,200071215,63,84
63166,200070407,63,84
63167,200072098,63,84
63168,200067627,63,84
63169,246300966,63,84
63170,200071215,63,84
63171,200072080,63,84
63172,200070407,63,84
63173,200070761,63,84
63174,200070761,63,84
63175,200071215,63,84
63176,200069169,63,84
63177,200067627,63,84
63178,200070407,63,84
63179,200070761,63,84
63180,246301097,63,84
63181,200072098,63,84
63182,200070407,63,84
63183,200069169,63,84
63184,200070712,63,84
63185,200070407,63,84
63186,200071215,63,84
63187,200072080,63,84
63188,200069177,63,84
63189,200069169,63,84
63190,200069169,63,84
63191,200071215,63,84
63192,200069169,63,84
63193,246300701,63,84
63194,246301097,63,84
63195,246301097,63,84
63196,200071199,63,84
63197,200072098,63,84
63198,200072098,63,84
63199,200070407,63,84
63200,200070753,63,84
63201,200071199,63,84
63202,200070407,63,84
63203,200070753,63,84
63204,200070753,63,84
63205,200069177,63,84
63206,200072098,63,84
63207,200070761,63,84
63208,200072098,63,84
63209,200070407,63,84
63210,200071199,63,84
63211,200070761,63,84
63212,200070753,63,84
63213,200070753,63,84
63214,200069177,63,84
63215,200070753,63,84
63216,200067627,63,84
63218,200070761,63,84
63219,200069169,63,84
63220,200070407,63,84
63221,200070761,63,84
63222,200070407,63,84
63223,200072080,63,84
63224,200070753,63,84
63225,200071215,63,84
63226,200067627,63,84
63227,200069177,63,84
63228,200071215,63,84
63229,246301097,63,84
63230,200070761,63,84
63231,200070712,63,84
63232,200071199,63,84
63233,200072080,63,84
63234,200070407,63,84
63235,200072098,63,84
63236,246300966,63,84
63237,200071215,63,84
63238,200071215,63,84
63239,200067627,63,84
63240,200071199,63,84
63241,200070407,63,84
63242,200070407,63,84
63243,200072080,63,84
63244,200070753,63,84
63245,200070753,63,84
63246,246300966,63,84
63247,246300966,63,84
63248,200069169,63,84
63249,200070712,63,84
63250,200070407,63,84
63251,200072080,63,84
63252,200067627,63,84
63253,200070712,63,84
63254,246300701,63,84
63255,200070407,63,84
63256,200070761,63,84
63257,200069169,63,84
63258,200070761,63,84
63259,200069177,63,84
63260,200070712,63,84
63261,200070407,63,84
63262,200069177,63,84
63263,246300701,63,84
63264,200069169,63,84
63265,246301097,63,84
63267,200070712,63,84
63268,200070407,63,84
63269,200070407,63,84
63270,200070407,63,84
63271,200070712,63,84
63272,246300701,63,84
63273,200067627,63,84
63274,200069169,63,84
63275,200070407,63,84
63276,246301097,63,84
63277,200070407,63,84
63278,200070753,63,84
63279,246300966,63,84
63280,200069177,63,84
63281,200072080,63,84
63282,200070407,63,84
63283,200071215,63,84
63284,246300701,63,84
63285,200071215,63,84
63286,200072098,63,84
63287,200070407,63,84
63288,200072098,63,84
63289,200071215,63,84
63290,200070753,63,84
63291,200070712,63,84
63292,200071215,63,84
63293,200072080,63,84
63294,200072098,63,84
63295,200071199,63,84
63296,246301097,63,84
63297,200067627,63,84
63298,200070712,63,84
63299,200070407,63,84
63300,200070753,63,84
63301,200070712,63,84
63302,200069177,63,84
63303,200070407,63,84
63304,200072080,63,84
63305,200069169,63,84
63306,200069177,63,84
63307,246300701,63,84
63308,246300701,63,84
63309,200070761,63,84
63310,200070712,63,84
63311,200071199,63,84
63312,200070761,63,84
63313,200070407,63,84
63314,200070761,63,84
63315,200069177,63,84
63317,200071199,63,84
63318,200072098,63,84
63319,200070761,63,84
63320,200071215,63,84
63321,200070407,63,84
63322,200070753,63,84
63323,200070761,63,84
63324,200070761,63,84
63325,200067627,63,84
63326,200069169,63,84
63327,200070753,63,84
63328,200070761,63,84
63329,200072080,63,84
63331,200070761,63,84
63332,200071199,63,84
63333,200071199,63,84
63334,200067627,63,84
63335,246300966,63,84
63336,200069169,63,84
63337,200070761,63,84
63338,200072080,63,84
63339,200071215,63,84
63340,200070407,63,84
63341,200070761,63,84
63342,200070407,63,84
63343,200070712,63,84
63344,200072098,63,84
63345,246300701,63,84
63346,246300966,63,84
63347,200071199,63,84
63348,200070407,63,84
63349,200072098,63,84
63350,200069177,63,84
63351,200071215,63,84
63352,200070407,63,84
63353,200070761,63,84
63354,200072080,63,84
63355,200070761,63,84
63356,200070407,63,84
63357,200070407,63,84
63358,200072098,63,84
63359,200071215,63,84
63360,200072080,63,84
63362,200070753,63,84
63363,200071215,63,84
63364,246301097,63,84
63365,200067627,63,84
63366,200070407,63,84
63367,200070407,63,84
63368,200067627,63,84
63369,200072080,63,84
63370,200069169,63,84
63371,200070761,63,84
63372,200070753,63,84
63373,200072080,63,84
63374,200070761,63,84
63375,200070407,63,84
63376,200070407,63,84
63377,200072080,63,84
63378,200069177,63,84
63379,200072098,63,84
63380,246300966,63,84
63381,200070753,63,84
63382,200072098,63,84
63383,246300966,63,84
63384,200070761,63,84
63385,200071215,63,84
63386,200069169,63,84
63387,200071199,63,84
63388,200072080,63,84
63389,200070407,63,84
63390,200072098,63,84
63391,200072098,63,84
63392,200070407,63,84
63393,200070712,63,84
63394,200070761,63,84
63395,200069177,63,84
63396,200069177,63,84
63397,200069169,63,84
63398,200070761,63,84
63399,200071215,63,84
63400,200071199,63,84
63401,246300966,63,84
63402,200070712,63,84
63403,200070407,63,84
63404,200070407,63,84
63405,200069177,63,84
63406,200071199,63,84
63407,200069169,63,84
63408,200072080,63,84
63409,200070407,63,84
63410,200071215,63,84
63411,200070407,63,84
63412,200070761,63,84
63413,200069177,63,84
63414,200070712,63,84
63415,200070407,63,84
63416,200071215,63,84
63417,200070753,63,84
63418,200070712,63,84
63419,200072080,63,84
63420,246301097,63,84
63421,200069169,63,84
63422,200070407,63,84
63423,200070407,63,84
63424,200070753,63,84
63425,200069177,63,84
63426,200069169,63,84
63427,200072098,63,84
63428,200072080,63,84
63429,200070407,63,84
63430,200070712,63,84
63431,200070761,63,84
63432,200071199,63,84
63433,200071215,63,84
63434,200070761,63,84
63435,200070407,63,84
63436,200071215,63,84
63437,200069169,63,84
63438,200067627,63,84
63439,200070407,63,84
63440,246300966,63,84
63441,200070761,63,84
63442,200070407,63,84
63443,200070753,63,84
63444,200070407,63,84
63445,200067627,63,84
63446,200071199,63,84
63447,200072080,63,84
63448,200070407,63,84
63449,246300966,63,84
63450,200071215,63,84
63451,200069169,63,84
63452,200070407,63,84
63453,200067627,63,84
63454,200070761,63,84
63455,200069177,63,84
63456,200070407,63,84
63457,200069177,63,84
63458,200070407,63,84
63459,200071199,63,84
63460,200071215,63,84
63461,246301097,63,84
63462,200072080,63,84
63463,200070712,63,84
63464,200072098,63,84
63465,200070761,63,84
63466,200070407,63,84
63467,200071215,63,84
63468,200070712,63,84
63469,200070712,63,84
63470,200070753,63,84
63471,200072080,63,84
63472,200069177,63,84
63473,200072098,63,84
64001,200067296,64,75
64002,200067296,64,75
64003,200039204,64,75
64004,200067288,64,75
64005,200039204,64,75
64006,200067262,64,75
64007,200067262,64,75
64008,200067106,64,75
64009,200067106,64,75
64010,200067106,64,75
64011,200067106,64,75
64012,200067106,64,75
64013,200067106,64,75
64014,200067106,64,75
64015,200067106,64,75
64016,200067106,64,75
64017,200067106,64,75
64018,200067106,64,75
64019,200067106,64,75
64021,200067296,64,75
64022,200067288,64,75
64023,246401756,64,75
64024,200067106,64,75
64025,200067288,64,75
64026,200067106,64,75
64027,200067296,64,75
64028,200067296,64,75
64029,200067262,64,75
64031,200067106,64,75
64032,200067288,64,75
64033,200067288,64,75
64034,200067106,64,75
64035,200067106,64,75
64036,200067106,64,75
64037,200067254,64,75
64038,200067106,64,75
64039,200067262,64,75
64040,200067262,64,75
64041,200067254,64,75
64042,200039204,64,75
64043,200067239,64,75
64044,200067239,64,75
64045,200067106,64,75
64046,200067106,64,75
64047,200067106,64,75
64048,200039204,64,75
64049,200067106,64,75
64050,200067106,64,75
64051,200067106,64,75
64052,200067296,64,75
64053,200067296,64,75
64054,246401756,64,75
64056,200067296,64,75
64057,200039204,64,75
64058,246401756,64,75
64059,200067254,64,75
64060,200067254,64,75
64061,200039204,64,75
64062,246400337,64,75
64063,200067239,64,75
64064,200067262,64,75
64065,200067106,64,75
64066,200067106,64,75
64067,246401756,64,75
64068,246401756,64,75
64069,246400337,64,75
64070,200067239,64,75
64071,200067288,64,75
64072,200067254,64,75
64073,200067239,64,75
64074,200067239,64,75
64075,200067288,64,75
64077,200067239,64,75
64078,200067239,64,75
64079,200067296,64,75
64080,200067254,64,75
64081,200067106,64,75
64082,200067288,64,75
64083,200067288,64,75
64084,200067239,64,75
64085,200067262,64,75
64086,200067106,64,75
64087,200039204,64,75
64088,200039204,64,75
64089,200067296,64,75
64090,200067239,64,75
64091,246401756,64,75
64092,200067106,64,75
64093,200067106,64,75
64094,200067106,64,75
64095,200067296,64,75
64096,200067288,64,75
64097,200067296,64,75
64098,200067296,64,75
64099,200067288,64,75
64100,200067106,64,75
64101,246401756,64,75
64102,200067106,64,75
64103,200067296,64,75
64104,200067262,64,75
64105,200067106,64,75
64106,200067106,64,75
64107,200067106,64,75
64108,200039204,64,75
64109,246401756,64,75
64110,246400337,64,75
64111,200072106,64,75
64112,200067288,64,75
64113,200067106,64,75
64114,200067296,64,75
64115,200067106,64,75
64116,246400337,64,75
64117,200039204,64,75
64118,200067296,64,75
64119,246401756,64,75
64120,200067106,64,75
64121,200067254,64,75
64122,200067106,64,75
64123,200067106,64,75
64124,200067106,64,75
64125,200067106,64,75
64126,200067262,64,75
64127,246400337,64,75
64128,246400337,64,75
64129,200067254,64,75
64130,200067106,64,75
64131,200039204,64,75
64132,200067254,64,75
64133,246401756,64,75
64134,200067106,64,75
64135,200039204,64,75
64136,200067262,64,75
64137,246401756,64,75
64138,246401756,64,75
64139,200067254,64,75
64140,200067106,64,75
64141,200067239,64,75
64142,200067254,64,75
64143,200067239,64,75
64144,200039204,64,75
64145,246401756,64,75
64146,200067239,64,75
64147,200067106,64,75
64148,246401756,64,75
64149,200067288,64,75
64150,200067106,64,75
64151,200067288,64,75
64152,200067296,64,75
64153,200067239,64,75
64154,200067106,64,75
64155,200067106,64,75
64156,200067262,64,75
64157,246400337,64,75
64158,200067239,64,75
64159,200067296,64,75
64160,200067106,64,75
64161,200067106,64,75
64162,200067106,64,75
64165,200039204,64,75
64166,200067106,64,75
64167,200067239,64,75
64168,200067288,64,75
64170,200067288,64,75
64171,200039204,64,75
64172,200039204,64,75
64173,200072106,64,75
64174,200072106,64,75
64175,246400337,64,75
64176,200067288,64,75
64177,200039204,64,75
64178,200067288,64,75
64179,200039204,64,75
64180,200067239,64,75
64181,200039204,64,75
64182,200067296,64,75
64183,200067239,64,75
64184,200039204,64,75
64185,200067262,64,75
64186,200067288,64,75
64187,200067106,64,75
64188,200067106,64,75
64189,200067106,64,75
64190,200067239,64,75
64191,246401756,64,75
64192,200067239,64,75
64193,200067296,64,75
64194,200067296,64,75
64195,200067239,64,75
64196,200067296,64,75
64197,200039204,64,75
64198,200067254,64,75
64199,200067239,64,75
64200,200039204,64,75
64201,200067288,64,75
64202,200067106,64,75
64203,200067239,64,75
64204,246400337,64,75
64205,200067288,64,75
64206,200067262,64,75
64207,200067262,64,75
64208,200067296,64,75
64209,200067262,64,75
64210,200067296,64,75
64211,200067296,64,75
64212,200067296,64,75
64213,200067106,64,75
64214,200067106,64,75
64215,200067288,64,75
64216,200067296,64,75
64217,200067262,64,75
64218,200067106,64,75
64219,200067262,64,75
64220,200067262,64,75
64221,200067106,64,75
64222,200067106,64,75
64223,200067262,64,75
64224,200067262,64,75
64225,200067262,64,75
64226,200067239,64,75
64227,200067296,64,75
64228,200067106,64,75
64229,200067106,64,75
64230,200067254,64,75
64231,200067106,64,75
64232,200067239,64,75
64233,200067239,64,75
64234,200067239,64,75
64235,200067106,64,75
64236,200067296,64,75
64237,200067254,64,75
64238,200067296,64,75
64239,200067296,64,75
64240,246400337,64,75
64241,200067262,64,75
64242,200067288,64,75
64243,200067239,64,75
64244,200067262,64,75
64245,200067262,64,75
64246,200067296,64,75
64247,200067106,64,75
64249,200067106,64,75
64250,200067106,64,75
64251,200067288,64,75
64252,200067262,64,75
64253,200067288,64,75
64254,200039204,64,75
64255,200067106,64,75
64256,200067106,64,75
64257,246401756,64,75
64258,200067106,64,75
64259,200067106,64,75
64260,200067106,64,75
64261,200067262,64,75
64262,200067296,64,75
64263,200067288,64,75
64264,200067106,64,75
64265,200067106,64,75
64266,200067296,64,75
64267,200067106,64,75
64268,200067106,64,75
64269,200067254,64,75
64270,246401756,64,75
64271,200067106,64,75
64272,200067106,64,75
64273,200067106,64,75
64274,200067106,64,75
64275,200067106,64,75
64276,200067262,64,75
64277,200067106,64,75
64279,200067106,64,75
64280,246400337,64,75
64281,200067288,64,75
64282,200067106,64,75
64283,200067106,64,75
64284,200067254,64,75
64285,200067106,64,75
64286,200039204,64,75
64287,200067288,64,75
64288,200039204,64,75
64289,200067106,64,75
64290,200039204,64,75
64291,200067288,64,75
64292,246401756,64,75
64293,200072106,64,75
64294,200067106,64,75
64295,200039204,64,75
64296,200039204,64,75
64297,200067106,64,75
64298,200067106,64,75
64299,200039204,64,75
64300,200039204,64,75
64301,200039204,64,75
64302,246401756,64,75
64303,200067106,64,75
64304,200067106,64,75
64305,200067288,64,75
64306,200039204,64,75
64307,200067296,64,75
64308,200067239,64,75
64309,200072106,64,75
64310,200067262,64,75
64311,200067296,64,75
64312,200039204,64,75
64313,200067106,64,75
64314,200067106,64,75
64315,200067254,64,75
64316,200067106,64,75
64317,200067106,64,75
64318,200067239,64,75
64319,200067106,64,75
64320,246400337,64,75
64321,200067239,64,75
64322,200067106,64,75
64323,200067296,64,75
64324,200067262,64,75
64325,200067262,64,75
64326,200067288,64,75
64327,200067106,64,75
64328,200067262,64,75
64329,200067254,64,75
64330,200067262,64,75
64331,200067296,64,75
64332,200067239,64,75
64334,200067288,64,75
64335,200067254,64,75
64336,200067262,64,75
64337,200067296,64,75
64338,200067296,64,75
64339,246401756,64,75
64340,200067106,64,75
64341,200067106,64,75
64342,200067106,64,75
64343,200067296,64,75
64344,200067296,64,75
64345,200067106,64,75
64346,200067296,64,75
64347,200067239,64,75
64348,200067254,64,75
64349,200039204,64,75
64350,200067106,64,75
64351,200067262,64,75
64352,200067296,64,75
64353,246400337,64,75
64354,246400337,64,75
64355,200067239,64,75
64356,200067296,64,75
64357,200067296,64,75
64358,200067296,64,75
64359,200039204,64,75
64360,200067262,64,75
64361,200067296,64,75
64362,200067106,64,75
64363,246400337,64,75
64364,200067106,64,75
64365,200067239,64,75
64366,200067239,64,75
64367,200039204,64,75
64368,200067106,64,75
64369,200067296,64,75
64370,200067296,64,75
64371,200067106,64,75
64372,200072106,64,75
64373,200067254,64,75
64374,200067239,64,75
64375,200067106,64,75
64376,200067254,64,75
64377,200067106,64,75
64378,200067106,64,75
64379,200067106,64,75
64380,200067239,64,75
64381,200067288,64,75
64382,200039204,64,75
64383,200067239,64,75
64385,200067239,64,75
64386,246401756,64,75
64387,200067239,64,75
64388,200067296,64,75
64389,200067296,64,75
64390,200067296,64,75
64391,200067106,64,75
64392,200067239,64,75
64393,200039204,64,75
64394,200067296,64,75
64395,200072106,64,75
64396,200039204,64,75
64397,200067239,64,75
64398,200072106,64,75
64399,200067239,64,75
64400,246401756,64,75
64401,200067239,64,75
64403,200067288,64,75
64404,200067106,64,75
64405,200067296,64,75
64406,200067239,64,75
64407,200067106,64,75
64408,200067239,64,75
64409,200067262,64,75
64410,200039204,64,75
64411,200067106,64,75
64412,200067288,64,75
64413,246401756,64,75
64414,200067288,64,75
64415,200067239,64,75
64416,200067288,64,75
64417,246401756,64,75
64418,200039204,64,75
64419,200067296,64,75
64420,200067288,64,75
64421,200067262,64,75
64422,200067262,64,75
64423,200067288,64,75
64424,200067106,64,75
64425,200067106,64,75
64426,200067262,64,75
64427,200067288,64,75
64428,200067288,64,75
64429,200067106,64,75
64430,200039204,64,75
64431,200039204,64,75
64432,200067106,64,75
64433,200067262,64,75
64434,200067288,64,75
64435,200067106,64,75
64436,200067106,64,75
64437,200067106,64,75
64438,200067296,64,75
64439,200067254,64,75
64440,200039204,64,75
64441,200067106,64,75
64442,200039204,64,75
64443,200039204,64,75
64444,246401756,64,75
64445,200067254,64,75
64446,200067296,64,75
64447,200067239,64,75
64448,200067254,64,75
64449,200067262,64,75
64450,200067239,64,75
64451,200072106,64,75
64452,200067296,64,75
64453,200067296,64,75
64454,200072106,64,75
64455,200067239,64,75
64456,200067239,64,75
64457,200067239,64,75
64458,200067262,64,75
64459,200067288,64,75
64460,200067262,64,75
64461,200039204,64,75
64462,200039204,64,75
64463,246400337,64,75
64464,200067239,64,75
64465,200067296,64,75
64466,200067288,64,75
64467,200067254,64,75
64468,200067106,64,75
64469,246401756,64,75
64470,200067296,64,75
64471,200039204,64,75
64472,200067296,64,75
64473,246400337,64,75
64474,200067288,64,75
64475,200067106,64,75
64476,200067106,64,75
64477,200067106,64,75
64478,200067254,64,75
64479,200039204,64,75
64480,200067288,64,75
64481,200067262,64,75
64482,200067296,64,75
64483,200067106,64,75
64484,200067106,64,75
64485,200067106,64,75
64486,200067239,64,75
64487,200067106,64,75
64488,200067296,64,75
64489,200067106,64,75
64490,200067106,64,75
64491,200039204,64,75
64492,200067106,64,75
64493,200067106,64,75
64494,200067288,64,75
64495,200067106,64,75
64496,200067106,64,75
64498,246401756,64,75
64499,200067288,64,75
64500,200039204,64,75
64501,200039204,64,75
64502,200067106,64,75
64503,200067296,64,75
64504,200067106,64,75
64505,200039204,64,75
64506,200067262,64,75
64507,200067296,64,75
64508,200067262,64,75
64509,200067106,64,75
64510,200039204,64,75
64511,200067239,64,75
64512,200039204,64,75
64513,200067288,64,75
64514,200067239,64,75
64515,200072106,64,75
64516,200067296,64,75
64517,200067296,64,75
64518,200067254,64,75
64519,200067239,64,75
64520,200067296,64,75
64521,200039204,64,75
64522,246400337,64,75
64523,200067239,64,75
64524,200067296,64,75
64525,200067254,64,75
64526,200067296,64,75
64527,200067106,64,75
64528,200067106,64,75
64529,200067288,64,75
64530,200067288,64,75
64531,200067288,64,75
64532,200067239,64,75
64533,200067106,64,75
64534,200067239,64,75
64535,200039204,64,75
64536,200067239,64,75
64537,200067106,64,75
64538,200067106,64,75
64539,200067106,64,75
64540,200067106,64,75
64542,200067262,64,75
64543,200067106,64,75
64544,200067296,64,75
64545,200067106,64,75
64546,200067106,64,75
64547,200067106,64,75
64548,200067239,64,75
64549,200067254,64,75
64550,200067254,64,75
64551,200067262,64,75
64552,200067239,64,75
64554,200039204,64,75
64555,200067288,64,75
64556,200039204,64,75
64557,200067239,64,75
64558,200067106,64,75
64559,200067106,64,75
64560,200067239,64,75
65001,200070811,65,76
65002,200069300,65,76
65003,246500573,65,76
65004,200070811,65,76
65005,200069300,65,76
65006,246500573,65,76
65007,200072106,65,76
65009,200070829,65,76
65010,200069300,65,76
65011,200069300,65,76
65012,200070829,65,76
65013,200072106,65,76
65014,200070829,65,76
65015,200070795,65,76
65016,246500482,65,76
65017,246500573,65,76
65018,246401756,65,76
65019,200069300,65,76
65020,200069300,65,76
65021,200070811,65,76
65022,200070811,65,76
65023,246500573,65,76
65024,246500482,65,76
65025,200070811,65,76
65026,200070795,65,76
65028,200070787,65,76
65029,200070811,65,76
65031,246500573,65,76
65032,200070811,65,76
65033,200069300,65,76
65034,200070787,65,76
65035,200072106,65,76
65036,200070811,65,76
65037,200070787,65,76
65038,200069300,65,76
65039,246500573,65,76
65040,200069300,65,76
65041,200070787,65,76
65042,246500482,65,76
65043,246500482,65,76
65044,200070803,65,76
65045,200070811,65,76
65046,246500573,65,76
65047,200069300,65,76
65048,200069300,65,76
65049,200072106,65,76
65050,246500573,65,76
65051,200070829,65,76
65052,200069300,65,76
65053,200070829,65,76
65054,200070787,65,76
65055,200070811,65,76
65056,200070811,65,76
65057,200069300,65,76
65058,246500573,65,76
65059,246500482,65,76
65060,246500482,65,76
65061,200072106,65,76
65062,200069300,65,76
65063,200070803,65,76
65064,246500573,65,76
65065,200069300,65,76
65066,246500573,65,76
65067,200069300,65,76
65068,200070795,65,76
65069,200070787,65,76
65070,200069300,65,76
65071,200070787,65,76
65072,200069300,65,76
65073,200072106,65,76
65074,200070795,65,76
65075,246500573,65,76
65076,200070787,65,76
65077,200070811,65,76
65078,246500482,65,76
65079,200070803,65,76
65080,200069300,65,76
65081,200070787,65,76
65082,200069300,65,76
65083,200069300,65,76
65084,200069300,65,76
65085,200070795,65,76
65086,200070803,65,76
65087,200070829,65,76
65088,200070795,65,76
65089,200070811,65,76
65090,200070795,65,76
65091,246500482,65,76
65092,246500573,65,76
65093,200070829,65,76
65094,200070829,65,76
65095,200070795,65,76
65096,200070787,65,76
65097,200070787,65,76
65098,200070811,65,76
65099,246500573,65,76
65100,200069300,65,76
65101,200070803,65,76
65102,200072106,65,76
65103,200070803,65,76
65104,200070803,65,76
65105,200070787,65,76
65106,246500573,65,76
65107,200069300,65,76
65108,200069300,65,76
65109,200070829,65,76
65110,200070795,65,76
65111,200070787,65,76
65112,200070811,65,76
65113,200070803,65,76
65114,200072106,65,76
65115,200070803,65,76
65116,246500573,65,76
65117,246500573,65,76
65118,200070803,65,76
65119,200072106,65,76
65120,200070803,65,76
65121,200072106,65,76
65123,246500482,65,76
65124,246500573,65,76
65125,200070787,65,76
65126,200070795,65,76
65127,200070787,65,76
65128,200070787,65,76
65129,200070795,65,76
65130,200072106,65,76
65131,200070803,65,76
65132,200070803,65,76
65133,200070803,65,76
65134,200070795,65,76
65135,200070787,65,76
65136,200070795,65,76
65137,200072106,65,76
65138,200070811,65,76
65139,200070829,65,76
65140,246500573,65,76
65141,246500573,65,76
65142,200070803,65,76
65143,200070787,65,76
65144,200069300,65,76
65145,200070811,65,76
65146,200069300,65,76
65147,246500482,65,76
65148,200070795,65,76
65149,200070803,65,76
65150,200070787,65,76
65151,200070803,65,76
65153,200070803,65,76
65154,200070829,65,76
65155,200070795,65,76
65156,200070803,65,76
65157,246500573,65,76
65158,200070829,65,76
65159,200070787,65,76
65160,200072106,65,76
65161,200072106,65,76
65162,200070787,65,76
65163,200070787,65,76
65164,200069300,65,76
65165,200070787,65,76
65166,200070787,65,76
65167,200070787,65,76
65168,200070811,65,76
65169,200070811,65,76
65170,200070795,65,76
65171,246500573,65,76
65172,246500573,65,76
65173,200070811,65,76
65174,200072106,65,76
65175,200070829,65,76
65176,246401756,65,76
65177,200070795,65,76
65178,200070795,65,76
65179,200070787,65,76
65180,246500573,65,76
65181,200070803,65,76
65182,200070811,65,76
65183,200070787,65,76
65184,200070787,65,76
65185,200069300,65,76
65186,200070829,65,76
65187,200070795,65,76
65189,200069300,65,76
65190,200070787,65,76
65191,200069300,65,76
65192,200070811,65,76
65193,200070829,65,76
65194,200070829,65,76
65195,246500573,65,76
65196,200072106,65,76
65197,200069300,65,76
65198,246500482,65,76
65199,246500573,65,76
65200,200069300,65,76
65201,200069300,65,76
65202,200070811,65,76
65203,200069300,65,76
65204,200070803,65,76
65205,246500573,65,76
65206,200070803,65,76
65207,200070787,65,76
65208,246500573,65,76
65209,246500573,65,76
65210,200070811,65,76
65211,246500573,65,76
65212,246500573,65,76
65213,200070795,65,76
65214,200070795,65,76
65215,200072106,65,76
65216,246500482,65,76
65217,200070829,65,76
65218,200070787,65,76
65219,200072106,65,76
65220,200069300,65,76
65221,246500482,65,76
65222,246500482,65,76
65223,200069300,65,76
65224,200070787,65,76
65225,200070803,65,76
65226,200069300,65,76
65228,246500573,65,76
65229,200070829,65,76
65230,200070829,65,76
65231,200070787,65,76
65232,200070803,65,76
65233,200069300,65,76
65234,246500573,65,76
65235,200069300,65,76
65236,200069300,65,76
65237,200069300,65,76
65238,246500482,65,76
65239,200070787,65,76
65240,200072106,65,76
65241,200070787,65,76
65242,200072106,65,76
65243,200072106,65,76
65244,200069300,65,76
65245,200070787,65,76
65247,200069300,65,76
65248,200072106,65,76
65249,200070795,65,76
65250,200070795,65,76
65251,200069300,65,76
65252,200069300,65,76
65253,200070795,65,76
65254,200072106,65,76
65255,246500573,65,76
65256,200070803,65,76
65257,200069300,65,76
65258,200070787,65,76
65259,200070803,65,76
65260,200070795,65,76
65261,200070795,65,76
65262,200072106,65,76
65263,200070795,65,76
65264,200072106,65,76
65265,200070803,65,76
65266,200070795,65,76
65267,200070811,65,76
65268,200069300,65,76
65269,200072106,65,76
65270,200070803,65,76
65271,200069300,65,76
65272,200070803,65,76
65273,200072106,65,76
65274,200070787,65,76
65275,246500482,65,76
65276,200070803,65,76
65277,200070829,65,76
65278,200070787,65,76
65279,200070787,65,76
65280,200069300,65,76
65281,200069300,65,76
65282,246500573,65,76
65283,246500573,65,76
65284,200069300,65,76
65285,200070803,65,76
65286,200069300,65,76
65287,200070829,65,76
65288,200070795,65,76
65289,200070795,65,76
65290,200070803,65,76
65291,200069300,65,76
65292,200069300,65,76
65293,200070795,65,76
65294,200070787,65,76
65295,200070811,65,76
65296,200072106,65,76
65297,200072106,65,76
65298,200070803,65,76
65299,200072106,65,76
65300,246500482,65,76
65301,200070803,65,76
65303,200070803,65,76
65304,200072106,65,76
65305,200070829,65,76
65306,200070787,65,76
65307,200070829,65,76
65308,200070795,65,76
65309,200070787,65,76
65310,246500482,65,76
65311,200072106,65,76
65313,200069300,65,76
65314,200072106,65,76
65315,200070795,65,76
65316,200070795,65,76
65317,246500573,65,76
65318,200070787,65,76
65319,200070829,65,76
65320,246500482,65,76
65321,200069300,65,76
65322,200070787,65,76
65323,200070829,65,76
65324,200070803,65,76
65325,200072106,65,76
65326,200070803,65,76
65327,200070829,65,76
65328,246500482,65,76
65329,200070829,65,76
65330,200072106,65,76
65331,200069300,65,76
65332,200070803,65,76
65333,200070803,65,76
65334,200069300,65,76
65335,246500482,65,76
65336,200070795,65,76
65337,200070803,65,76
65338,246500482,65,76
65339,200069300,65,76
65340,200069300,65,76
65341,200072106,65,76
65342,200070795,65,76
65343,200069300,65,76
65344,200069300,65,76
65345,200069300,65,76
65346,200070803,65,76
65347,200070829,65,76
65348,200069300,65,76
65349,200069300,65,76
65350,200069300,65,76
65351,200069300,65,76
65352,200070811,65,76
65353,200070803,65,76
65354,246500573,65,76
65355,200069300,65,76
65356,200070787,65,76
65357,200070803,65,76
65358,200070795,65,76
65359,200070803,65,76
65360,200069300,65,76
65361,200072106,65,76
65362,200070811,65,76
65363,200070787,65,76
65364,200072106,65,76
65366,200069300,65,76
65367,200070803,65,76
65368,200070795,65,76
65369,200070803,65,76
65370,246500482,65,76
65371,200070811,65,76
65372,200072106,65,76
65373,200070795,65,76
65374,200070795,65,76
65375,200072106,65,76
65376,200070787,65,76
65377,200070787,65,76
65378,200070803,65,76
65379,246500573,65,76
65380,200070803,65,76
65381,200070787,65,76
65382,200070829,65,76
65383,200070795,65,76
65384,246500573,65,76
65385,200070787,65,76
65386,200069300,65,76
65387,200072106,65,76
65388,246500573,65,76
65389,200070829,65,76
65390,200072106,65,76
65391,200070829,65,76
65392,200069300,65,76
65393,200070811,65,76
65394,200070829,65,76
65395,200069300,65,76
65396,200070811,65,76
65397,200072106,65,76
65398,200070829,65,76
65399,200070811,65,76
65400,200070811,65,76
65401,200069300,65,76
65402,200070829,65,76
65403,200072106,65,76
65404,200070795,65,76
65405,200070787,65,76
65406,200069300,65,76
65407,200070829,65,76
65408,246500573,65,76
65409,200072106,65,76
65410,200069300,65,76
65411,200070811,65,76
65412,200072106,65,76
65413,200070811,65,76
65414,200072106,65,76
65415,200069300,65,76
65416,200070829,65,76
65417,200069300,65,76
65418,200072106,65,76
65419,200070787,65,76
65420,200070811,65,76
65421,200069300,65,76
65422,200069300,65,76
65423,200070795,65,76
65424,200070811,65,76
65425,200072106,65,76
65426,200070803,65,76
65427,200070829,65,76
65428,200070811,65,76
65429,200072106,65,76
65430,200070803,65,76
65431,200070829,65,76
65432,200072106,65,76
65433,200069300,65,76
65435,200070811,65,76
65436,200070803,65,76
65437,200070787,65,76
65438,200072106,65,76
65439,200072106,65,76
65440,200069300,65,76
65441,200070829,65,76
65442,200070795,65,76
65443,200070803,65,76
65444,200070829,65,76
65445,200070787,65,76
65446,200072106,65,76
65447,200070803,65,76
65448,200070795,65,76
65449,200070787,65,76
65450,246500573,65,76
65451,246500482,65,76
65452,200070795,65,76
65453,200070829,65,76
65454,200072106,65,76
65455,200070829,65,76
65456,200070787,65,76
65457,200072106,65,76
65458,200070811,65,76
65459,246500482,65,76
65460,200072106,65,76
65461,200070795,65,76
65462,200072106,65,76
65463,200070811,65,76
65464,200069300,65,76
65465,246500573,65,76
65466,246500573,65,76
65467,200070811,65,76
65468,200070795,65,76
65469,200070811,65,76
65470,200069300,65,76
65471,246500573,65,76
65472,200072106,65,76
65473,200070811,65,76
65474,200070795,65,76
65475,200070795,65,76
65476,200072106,65,76
65477,200072106,65,76
65478,200070811,65,76
65479,200069300,65,76
65481,200070811,65,76
65482,200070829,65,76
66001,246600373,66,76
66002,246600282,66,76
66003,246600548,66,76
66004,246600464,66,76
66005,246600399,66,76
66006,246600423,66,76
66007,200049211,66,76
66008,200043602,66,76
66009,246600548,66,76
66010,246600464,66,76
66011,200043602,66,76
66012,200027183,66,76
66013,200049211,66,76
66014,200027183,66,76
66015,246600449,66,76
66016,200043602,66,76
66017,200027183,66,76
66018,246600548,66,76
66019,246600415,66,76
66020,246600464,66,76
66021,200027183,66,76
66022,246600415,66,76
66023,246600415,66,76
66024,246600373,66,76
66025,246600399,66,76
66026,246600449,66,76
66027,246600464,66,76
66028,200027183,66,76
66029,246600449,66,76
66030,200027183,66,76
66032,246600449,66,76
66033,246600449,66,76
66034,200049211,66,76
66035,246600423,66,76
66036,200049211,66,76
66037,200027183,66,76
66038,200027183,66,76
66039,246600423,66,76
66040,246600415,66,76
66041,200027183,66,76
66042,200027183,66,76
66043,200049211,66,76
66044,246600449,66,76
66045,200049211,66,76
66046,246600423,66,76
66047,246600464,66,76
66048,200043602,66,76
66049,246600373,66,76
66050,200070365,66,76
66051,200049211,66,76
66052,200049211,66,76
66053,200043602,66,76
66054,200049211,66,76
66055,246600415,66,76
66056,246600415,66,76
66057,200049211,66,76
66058,200027183,66,76
66059,246600282,66,76
66060,246600548,66,76
66061,246600548,66,76
66062,246600399,66,76
66063,246600373,66,76
66064,246600399,66,76
66065,200043602,66,76
66066,246600399,66,76
66067,246600399,66,76
66068,200049211,66,76
66069,200027183,66,76
66070,200049211,66,76
66071,200027183,66,76
66072,246600399,66,76
66073,200049211,66,76
66074,200049211,66,76
66075,246600464,66,76
66076,246600423,66,76
66077,246600423,66,76
66078,200049211,66,76
66079,200049211,66,76
66080,200049211,66,76
66081,246600464,66,76
66082,246600464,66,76
66083,246600423,66,76
66084,246600449,66,76
66085,200049211,66,76
66086,246600415,66,76
66088,246600415,66,76
66089,200049211,66,76
66090,200049211,66,76
66091,246600548,66,76
66092,246600423,66,76
66093,200043602,66,76
66094,246600282,66,76
66095,246600399,66,76
66096,246600423,66,76
66097,246600423,66,76
66098,246600464,66,76
66099,246600449,66,76
66100,246600399,66,76
66101,200027183,66,76
66102,200049211,66,76
66103,200049211,66,76
66104,200049211,66,76
66105,246600464,66,76
66106,246600373,66,76
66107,246600423,66,76
66108,246600415,66,76
66109,200049211,66,76
66111,246600415,66,76
66112,246600449,66,76
66113,246600548,66,76
66114,246600282,66,76
66115,200043602,66,76
66116,246600548,66,76
66117,246600464,66,76
66118,200027183,66,76
66119,200049211,66,76
66120,246600399,66,76
66121,246600415,66,76
66122,200049211,66,76
66123,200049211,66,76
66124,246600464,66,76
66125,200049211,66,76
66126,246600449,66,76
66127,200027183,66,76
66128,200049211,66,76
66129,200043602,66,76
66130,246600399,66,76
66132,246600399,66,76
66133,200043602,66,76
66134,246600449,66,76
66136,200027183,66,76
66137,246600373,66,76
66138,200027183,66,76
66139,246600423,66,76
66140,200027183,66,76
66141,200070365,66,76
66142,246600464,66,76
66143,246600423,66,76
66144,200027183,66,76
66145,200027183,66,76
66146,246600399,66,76
66147,246600399,66,76
66148,200043602,66,76
66149,200049211,66,76
66150,246600548,66,76
66151,246600423,66,76
66152,246600423,66,76
66153,246600415,66,76
66154,246600464,66,76
66155,200049211,66,76
66156,246600423,66,76
66157,246600464,66,76
66158,246600423,66,76
66159,246600464,66,76
66160,246600373,66,76
66161,200049211,66,76
66162,200049211,66,76
66164,200027183,66,76
66165,246600415,66,76
66166,200049211,66,76
66167,246600399,66,76
66168,200043602,66,76
66169,246600423,66,76
66170,246600449,66,76
66171,246600282,66,76
66172,200027183,66,76
66173,246600415,66,76
66174,200027183,66,76
66175,200043602,66,76
66176,200027183,66,76
66177,246600449,66,76
66178,246600373,66,76
66179,246600548,66,76
66180,200027183,66,76
66181,246600399,66,76
66182,200027183,66,76
66183,246600548,66,76
66184,246600423,66,76
66185,246600415,66,76
66186,200027183,66,76
66187,246600423,66,76
66188,246600464,66,76
66189,200027183,66,76
66190,200070365,66,76
66191,246600464,66,76
66192,246600464,66,76
66193,200049211,66,76
66194,246600548,66,76
66195,200027183,66,76
66196,200043602,66,76
66197,200049211,66,76
66198,246600423,66,76
66199,246600373,66,76
66201,200049211,66,76
66202,246600399,66,76
66203,246600548,66,76
66204,200049211,66,76
66205,200027183,66,76
66206,246600548,66,76
66207,246600449,66,76
66208,246600282,66,76
66209,200049211,66,76
66210,246600449,66,76
66211,246600449,66,76
66212,200027183,66,76
66213,200027183,66,76
66214,246600449,66,76
66215,200049211,66,76
66216,246600423,66,76
66217,246600449,66,76
66218,246600399,66,76
66219,200049211,66,76
66220,246600399,66,76
66221,200049211,66,76
66222,200049211,66,76
66223,200049211,66,76
66224,200027183,66,76
66225,200043602,66,76
66226,246600449,66,76
66227,200027183,66,76
66228,200027183,66,76
66230,200049211,66,76
66231,200027183,66,76
66232,246600423,66,76
66233,246600373,66,76
66234,246600423,66,76
67001,246700488,67,44
67002,200067841,67,44
67003,246700777,67,44
67004,200068112,67,44
67005,246700959,67,44
67006,200068112,67,44
67008,246701064,67,44
67009,200067841,67,44
67010,200034270,67,44
67011,200030526,67,44
67012,200040178,67,44
67013,200067841,67,44
67016,246701064,67,44
67017,200067841,67,44
67018,200068864,67,44
67019,246700967,67,44
67020,246700306,67,44
67021,200034270,67,44
67022,246700777,67,44
67023,200067874,67,44
67025,200041283,67,44
67026,246700306,67,44
67027,246700306,67,44
67028,200067924,67,44
67029,200067841,67,44
67030,200068864,67,44
67031,246701080,67,44
67032,200034270,67,44
67033,200067874,67,44
67034,200034635,67,44
67035,200067874,67,44
67036,200067841,67,44
67037,200013050,67,44
67038,246700843,67,44
67039,200067874,67,44
67040,200030526,67,44
67043,246700488,67,44
67044,200067783,67,44
67045,246700744,67,44
67046,200067874,67,44
67047,200067841,67,44
67048,200067874,67,44
67049,246700488,67,44
67050,246700306,67,44
67051,200034270,67,44
67052,246700744,67,44
67053,200030526,67,44
67054,200067924,67,44
67055,200067924,67,44
67056,200030526,67,44
67057,200067783,67,44
67058,246700959,67,44
67059,246700306,67,44
67060,200034270,67,44
67061,200067783,67,44
67062,246700777,67,44
67063,246700777,67,44
67065,246700488,67,44
67066,246700306,67,44
67067,200067874,67,44
67068,200067783,67,44
67069,200041283,67,44
67070,200067841,67,44
67071,200067841,67,44
67072,200067841,67,44
67073,246700967,67,44
67074,246700926,67,44
67075,246700926,67,44
67076,246700306,67,44
67077,200068864,67,44
67078,200068864,67,44
67079,200041283,67,44
67080,246701064,67,44
67081,200068864,67,44
67082,200041325,67,44
67083,246701098,67,44
67084,200034270,67,44
67085,200068864,67,44
67086,200067924,67,44
67087,200067874,67,44
67088,200067841,67,44
67089,200068112,67,44
67090,200067924,67,44
67091,200067841,67,44
67092,246700777,67,44
67093,200013050,67,44
67094,246700967,67,44
67095,200067841,67,44
67096,200068112,67,44
67097,200034635,67,44
67098,246701064,67,44
67099,200067841,67,44
67100,200067874,67,44
67101,246701064,67,44
67102,200034635,67,44
67103,200067783,67,44
67104,246700926,67,44
67105,200067841,67,44
67106,200041325,67,44
67107,246700959,67,44
67108,246701064,67,44
67109,200034635,67,44
67110,200013050,67,44
67111,200067841,67,44
67112,246701064,67,44
67113,200041283,67,44
67115,246700967,67,44
67116,246700967,67,44
67117,200068112,67,44
67118,246700488,67,44
67119,246700488,67,44
67120,200034270,67,44
67121,200030526,67,44
67122,200068864,67,44
67123,200067874,67,44
67124,246700488,67,44
67125,200034270,67,44
67126,200067783,67,44
67127,246701064,67,44
67128,246701064,67,44
67129,200068112,67,44
67130,200067924,67,44
67131,246700488,67,44
67132,200013050,67,44
67133,200067783,67,44
67134,200067841,67,44
67135,246700959,67,44
67136,200067841,67,44
67137,246700488,67,44
67138,200034635,67,44
67139,200068864,67,44
67140,200041325,67,44
67141,200013050,67,44
67142,200041325,67,44
67143,246700777,67,44
67144,246700306,67,44
67145,200068112,67,44
67146,200067924,67,44
67147,200013050,67,44
67148,200067783,67,44
67149,200068112,67,44
67150,200034635,67,44
67151,200041325,67,44
67152,246700488,67,44
67153,246700959,67,44
67154,200067924,67,44
67155,200034270,67,44
67156,246700843,67,44
67159,200067841,67,44
67160,200013050,67,44
67161,200068112,67,44
67162,200068112,67,44
67163,200034635,67,44
67164,200034270,67,44
67165,246700306,67,44
67166,246700959,67,44
67167,246700744,67,44
67168,246701064,67,44
67169,246700843,67,44
67172,246700744,67,44
67173,200034635,67,44
67174,246701098,67,44
67176,246701098,67,44
67177,200013050,67,44
67178,200067841,67,44
67179,200068112,67,44
67180,200067874,67,44
67181,200034635,67,44
67182,246700488,67,44
67183,200067841,67,44
67184,200040178,67,44
67185,200068112,67,44
67186,200013050,67,44
67187,200030526,67,44
67188,246701064,67,44
67189,200034270,67,44
67190,200068112,67,44
67191,200067841,67,44
67192,200067924,67,44
67194,200041325,67,44
67195,200030526,67,44
67196,200030526,67,44
67197,200067924,67,44
67198,200067783,67,44
67199,200067841,67,44
67200,200067924,67,44
67201,200067841,67,44
67202,246700959,67,44
67203,200067874,67,44
67204,246700488,67,44
67205,246700843,67,44
67206,200040178,67,44
67208,200068864,67,44
67209,246700959,67,44
67210,200034270,67,44
67212,246700488,67,44
67213,246700926,67,44
67214,200034635,67,44
67215,200067874,67,44
67216,200067924,67,44
67217,200067924,67,44
67218,246700488,67,44
67220,246700959,67,44
67221,246700926,67,44
67222,200067783,67,44
67223,246701080,67,44
67225,246700959,67,44
67226,200034635,67,44
67227,200034270,67,44
67228,200034635,67,44
67229,200068864,67,44
67230,200067874,67,44
67231,200041325,67,44
67232,200040178,67,44
67233,200067924,67,44
67234,200067841,67,44
67235,200041283,67,44
67236,200034635,67,44
67237,200041325,67,44
67238,200067874,67,44
67239,246700967,67,44
67240,200068864,67,44
67241,200067841,67,44
67242,200067783,67,44
67244,200068112,67,44
67245,200068864,67,44
67246,200067924,67,44
67247,246700488,67,44
67248,246701080,67,44
67249,200067874,67,44
67250,200067874,67,44
67252,246700843,67,44
67253,200034635,67,44
67254,200013050,67,44
67255,246700777,67,44
67256,246700488,67,44
67257,200013050,67,44
67258,200068112,67,44
67259,200013050,67,44
67260,200013050,67,44
67261,200041283,67,44
67263,200013050,67,44
67264,200041325,67,44
67265,200067783,67,44
67266,200067924,67,44
67267,246700488,67,44
67268,246700488,67,44
67269,200068112,67,44
67270,246700959,67,44
67271,200013050,67,44
67272,200068112,67,44
67273,200067783,67,44
67274,200067841,67,44
67275,200068112,67,44
67276,246700306,67,44
67277,200030526,67,44
67278,200067841,67,44
67279,200068112,67,44
67280,246700777,67,44
67281,200030526,67,44
67282,200068864,67,44
67283,200068112,67,44
67285,200067924,67,44
67286,246701080,67,44
67287,246700959,67,44
67288,200040178,67,44
67289,200067783,67,44
67290,200013050,67,44
67291,246701098,67,44
67292,246701098,67,44
67293,246700959,67,44
67295,200034270,67,44
67296,246700488,67,44
67298,200067874,67,44
67299,246700744,67,44
67300,246701064,67,44
67301,200067874,67,44
67302,200068112,67,44
67303,200013050,67,44
67304,200067874,67,44
67305,200041283,67,44
67306,246700306,67,44
67307,200067783,67,44
67308,200041283,67,44
67309,246700488,67,44
67310,246700967,67,44
67311,246700967,67,44
67312,246700959,67,44
67313,246701064,67,44
67314,246700306,67,44
67315,200041283,67,44
67317,246700777,67,44
67319,200041325,67,44
67320,246700777,67,44
67321,246700306,67,44
67322,200067783,67,44
67324,246701098,67,44
67325,246701064,67,44
67326,246700488,67,44
67327,200041283,67,44
67328,200067874,67,44
67329,246701080,67,44
67330,200041283,67,44
67331,200067874,67,44
67333,200067783,67,44
67334,200013050,67,44
67335,200068864,67,44
67336,200067924,67,44
67337,200034270,67,44
67338,200067924,67,44
67339,200040178,67,44
67340,246701098,67,44
67341,200013050,67,44
67342,246701064,67,44
67343,246700488,67,44
67344,246700926,67,44
67345,200067874,67,44
67346,200041283,67,44
67347,200067783,67,44
67348,246701080,67,44
67349,200040178,67,44
67350,246700488,67,44
67351,246700926,67,44
67352,200067783,67,44
67353,200013050,67,44
67354,200068864,67,44
67355,200067841,67,44
67356,200041325,67,44
67358,246701098,67,44
67359,200067874,67,44
67360,200030526,67,44
67361,200067874,67,44
67362,246700967,67,44
67363,246700488,67,44
67364,200067924,67,44
67365,246700488,67,44
67366,200068112,67,44
67367,200068112,67,44
67368,246700744,67,44
67369,200067841,67,44
67370,200067783,67,44
67371,200067783,67,44
67372,200067874,67,44
67373,200067783,67,44
67375,200034635,67,44
67377,246700306,67,44
67378,246700488,67,44
67379,200013050,67,44
67380,200068112,67,44
67381,200067783,67,44
67382,200034635,67,44
67383,200068864,67,44
67384,246700306,67,44
67385,200067841,67,44
67386,200067841,67,44
67387,200034270,67,44
67388,246701098,67,44
67389,246700488,67,44
67391,200068112,67,44
67392,200067783,67,44
67394,200040178,67,44
67395,200068112,67,44
67396,200067841,67,44
67397,200067924,67,44
67398,200030526,67,44
67400,246700926,67,44
67401,200067841,67,44
67403,200067783,67,44
67404,200040178,67,44
67405,200041325,67,44
67406,200034635,67,44
67407,200067874,67,44
67408,200068864,67,44
67409,200041325,67,44
67410,246700744,67,44
67411,246700744,67,44
67412,200067924,67,44
67413,200067783,67,44
67414,246700306,67,44
67415,246701098,67,44
67416,246700926,67,44
67417,200067874,67,44
67418,200041325,67,44
67420,246700306,67,44
67421,246700306,67,44
67422,200030526,67,44
67423,200068112,67,44
67424,246700306,67,44
67425,200068112,67,44
67426,246700777,67,44
67427,246700777,67,44
67428,246700744,67,44
67429,200034270,67,44
67430,246700777,67,44
67432,200041283,67,44
67433,200067924,67,44
67434,200067841,67,44
67435,200067841,67,44
67436,246700306,67,44
67437,200068112,67,44
67438,200067924,67,44
67440,200041283,67,44
67441,200067783,67,44
67442,200068864,67,44
67443,200041283,67,44
67444,246700959,67,44
67445,246700967,67,44
67446,200067783,67,44
67447,246700488,67,44
67448,246700306,67,44
67449,200067874,67,44
67450,200067874,67,44
67451,246700926,67,44
67452,200034635,67,44
67453,200030526,67,44
67454,200067783,67,44
67455,200040178,67,44
67456,200067841,67,44
67458,200067874,67,44
67459,200068112,67,44
67460,246700959,67,44
67461,200030526,67,44
67462,246700967,67,44
67463,200041283,67,44
67464,200067924,67,44
67465,200041325,67,44
67466,200041283,67,44
67467,200067841,67,44
67468,200070746,67,44
67470,246700306,67,44
67471,246700488,67,44
67472,200041325,67,44
67473,246701064,67,44
67474,200040178,67,44
67475,200067783,67,44
67476,200041325,67,44
67477,246700777,67,44
67478,200068112,67,44
67479,246700926,67,44
67480,246701064,67,44
67481,200034270,67,44
67482,246700488,67,44
67483,200067783,67,44
67484,200040178,67,44
67485,200034635,67,44
67486,200030526,67,44
67487,200040178,67,44
67488,200067841,67,44
67489,200068112,67,44
67490,246700777,67,44
67491,200067783,67,44
67492,200068864,67,44
67493,246700777,67,44
67494,200041283,67,44
67495,200034635,67,44
67497,200067874,67,44
67498,200067874,67,44
67499,246700777,67,44
67500,246700306,67,44
67501,200067924,67,44
67502,246701098,67,44
67503,200067783,67,44
67504,200034270,67,44
67505,246700967,67,44
67506,246700488,67,44
67507,246700777,67,44
67508,200067841,67,44
67509,200067841,67,44
67510,200067874,67,44
67511,200013050,67,44
67513,246700306,67,44
67514,200067841,67,44
67515,200068112,67,44
67516,246700959,67,44
67517,200068864,67,44
67519,246700488,67,44
67520,200068864,67,44
67521,200067783,67,44
67522,200067841,67,44
67523,246700843,67,44
67524,200067783,67,44
67525,200068864,67,44
67526,200067924,67,44
67527,200068112,67,44
67528,200067841,67,44
67529,246700843,67,44
67530,246700959,67,44
67531,246700306,67,44
67532,200034635,67,44
67534,246700959,67,44
67535,200067783,67,44
67536,246701098,67,44
67537,200013050,67,44
67538,200067783,67,44
67539,246700959,67,44
67540,200067874,67,44
67541,200041283,67,44
67542,200034635,67,44
67543,246700306,67,44
67544,246700926,67,44
67545,200067924,67,44
67546,200067874,67,44
67547,200030526,67,44
67548,200034635,67,44
67550,200013050,67,44
67551,246700488,67,44
67552,200067841,67,44
67553,200068112,67,44
67554,246701064,67,44
67555,200068864,67,44
67556,200068864,67,44
67557,200034270,67,44
67558,246701098,67,44
67559,200067783,67,44
68001,200066025,68,44
68002,200066033,68,44
68004,200066041,68,44
68005,246800551,68,44
68006,200066033,68,44
68007,246800726,68,44
68008,200066025,68,44
68009,200066025,68,44
68010,200066041,68,44
68011,200036465,68,44
68012,200036465,68,44
68013,200066058,68,44
68014,246800577,68,44
68015,200066009,68,44
68016,200066025,68,44
68017,200066033,68,44
68018,200066033,68,44
68019,200066025,68,44
68020,200066009,68,44
68021,200066058,68,44
68022,200066009,68,44
68023,246800577,68,44
68024,200066033,68,44
68025,200066041,68,44
68026,246800577,68,44
68027,200066041,68,44
68028,246800577,68,44
68029,246800569,68,44
68030,246800569,68,44
68032,200066009,68,44
68033,200066041,68,44
68034,200066041,68,44
68035,200066041,68,44
68036,200066025,68,44
68037,246800445,68,44
68038,246800726,68,44
68039,200066041,68,44
68040,200036465,68,44
68041,200066025,68,44
68042,200066058,68,44
68043,200066009,68,44
68044,246800551,68,44
68045,200036465,68,44
68046,200036465,68,44
68049,200066041,68,44
68050,200066033,68,44
68051,246800585,68,44
68052,200066033,68,44
68054,200066058,68,44
68055,200066009,68,44
68056,200066009,68,44
68057,200066033,68,44
68058,246800569,68,44
68059,246800676,68,44
68060,246800676,68,44
68061,200066058,68,44
68062,200066041,68,44
68063,200036465,68,44
68064,200066009,68,44
68065,200066033,68,44
68066,246800726,68,44
68067,200066041,68,44
68068,200066033,68,44
68069,200066025,68,44
68071,200066033,68,44
68072,200066009,68,44
68073,246800676,68,44
68074,200066041,68,44
68075,200066041,68,44
68076,200066025,68,44
68077,200066033,68,44
68078,246800494,68,44
68079,200066033,68,44
68080,200066041,68,44
68081,200066041,68,44
68082,246800445,68,44
68083,246800585,68,44
68084,200066009,68,44
68085,200066033,68,44
68086,200066033,68,44
68087,200066041,68,44
68088,200066009,68,44
68089,246800205,68,44
68090,200066041,68,44
68091,200066025,68,44
68092,200066041,68,44
68093,200066009,68,44
68094,200066058,68,44
68095,246800726,68,44
68096,200066041,68,44
68097,246800551,68,44
68098,200066033,68,44
68099,200066041,68,44
68100,200066033,68,44
68101,200066009,68,44
68102,246800205,68,44
68103,200066058,68,44
68104,200066025,68,44
68105,200066033,68,44
68106,246800205,68,44
68107,200066033,68,44
68109,246800585,68,44
68110,200030526,68,44
68111,246800494,68,44
68112,246800569,68,44
68113,246800577,68,44
68114,200066033,68,44
68115,246800676,68,44
68116,246800494,68,44
68117,246800585,68,44
68118,200066009,68,44
68119,200066033,68,44
68120,200066058,68,44
68121,200066058,68,44
68122,246800569,68,44
68123,246800494,68,44
68124,200066041,68,44
68125,200066033,68,44
68126,200066058,68,44
68127,200066041,68,44
68128,200066041,68,44
68129,200066009,68,44
68130,200066025,68,44
68131,200066041,68,44
68132,200066058,68,44
68134,246800726,68,44
68135,200066058,68,44
68136,200066025,68,44
68137,200066033,68,44
68138,200066041,68,44
68139,200066041,68,44
68140,200066025,68,44
68141,200066041,68,44
68142,246800585,68,44
68143,246800726,68,44
68144,200066009,68,44
68145,246800726,68,44
68146,246800726,68,44
68147,246800577,68,44
68148,200066041,68,44
68149,200066058,68,44
68150,246800494,68,44
68151,246800205,68,44
68152,200066041,68,44
68153,246800577,68,44
68154,200066009,68,44
68155,246800726,68,44
68156,246800569,68,44
68157,246800726,68,44
68158,200066041,68,44
68159,246800569,68,44
68160,200066058,68,44
68161,246800551,68,44
68162,246800551,68,44
68163,200066058,68,44
68165,200066041,68,44
68166,200066009,68,44
68167,246800676,68,44
68168,200066058,68,44
68169,200066041,68,44
68170,200066058,68,44
68171,246800205,68,44
68172,200066025,68,44
68173,246800551,68,44
68174,200066058,68,44
68175,246800551,68,44
68176,200066033,68,44
68177,246800569,68,44
68178,246800569,68,44
68179,246800676,68,44
68180,200036465,68,44
68181,200066041,68,44
68182,200066058,68,44
68183,200066058,68,44
68184,200066041,68,44
68185,246800395,68,44
68186,200066041,68,44
68187,200066041,68,44
68188,246800569,68,44
68189,200066025,68,44
68190,200066041,68,44
68191,200066041,68,44
68192,200066033,68,44
68193,246800585,68,44
68194,200066041,68,44
68195,200066009,68,44
68196,200066033,68,44
68197,200066058,68,44
68198,200066058,68,44
68199,246800205,68,44
68200,200066033,68,44
68201,246800676,68,44
68202,200066033,68,44
68203,246800569,68,44
68204,246800585,68,44
68205,246800445,68,44
68207,200066058,68,44
68208,200066058,68,44
68209,246800577,68,44
68210,246800585,68,44
68211,246800205,68,44
68212,200066041,68,44
68213,246800205,68,44
68214,200066033,68,44
68215,200066033,68,44
68216,200066033,68,44
68217,246800205,68,44
68218,200066009,68,44
68219,246800676,68,44
68221,200066041,68,44
68222,200066041,68,44
68223,246800585,68,44
68224,200066009,68,44
68225,200066025,68,44
68226,246800585,68,44
68227,246800726,68,44
68228,246800445,68,44
68229,246800569,68,44
68230,200066025,68,44
68231,200066025,68,44
68232,200066058,68,44
68234,246800445,68,44
68235,246800445,68,44
68237,246800726,68,44
68238,200066009,68,44
68239,246800676,68,44
68240,200066041,68,44
68241,246800445,68,44
68242,246800445,68,44
68243,200066041,68,44
68244,246800494,68,44
68245,200066041,68,44
68246,200066025,68,44
68247,246800205,68,44
68248,200066041,68,44
68249,246800551,68,44
68250,246800569,68,44
68251,246800494,68,44
68252,246800577,68,44
68253,200066009,68,44
68254,200066009,68,44
68255,246800494,68,44
68256,200066009,68,44
68257,200066033,68,44
68258,200066009,68,44
68259,200066041,68,44
68260,246800569,68,44
68261,200036465,68,44
68262,246800205,68,44
68263,200066058,68,44
68264,200066058,68,44
68265,200066058,68,44
68266,246800445,68,44
68267,200066009,68,44
68268,200066033,68,44
68269,246800577,68,44
68270,200066009,68,44
68271,200066009,68,44
68273,200066041,68,44
68274,246800569,68,44
68275,246800676,68,44
68276,246800569,68,44
68277,246800577,68,44
68278,200066009,68,44
68279,200036465,68,44
68280,246800577,68,44
68281,200066025,68,44
68282,200066033,68,44
68283,246800395,68,44
68284,200066041,68,44
68285,246800577,68,44
68286,200066058,68,44
68287,246800494,68,44
68288,200066041,68,44
68289,200066009,68,44
68290,200066025,68,44
68291,200066025,68,44
68292,246800205,68,44
68293,200066033,68,44
68294,246800395,68,44
68295,246800726,68,44
68296,246800577,68,44
68297,200066058,68,44
68298,246800395,68,44
68299,200066033,68,44
68300,200066009,68,44
68301,200066058,68,44
68302,200036465,68,44
68303,200066041,68,44
68304,246800676,68,44
68305,200066033,68,44
68306,200066033,68,44
68307,246800676,68,44
68308,246800676,68,44
68309,200066058,68,44
68311,246800585,68,44
68312,200066041,68,44
68313,246800676,68,44
68315,246800569,68,44
68316,246800585,68,44
68317,246800585,68,44
68318,246800569,68,44
68320,200066041,68,44
68321,200066009,68,44
68322,200036465,68,44
68323,200066009,68,44
68324,200066058,68,44
68325,200066041,68,44
68326,200066033,68,44
68327,200066058,68,44
68328,246800205,68,44
68329,246800585,68,44
68330,200066033,68,44
68331,246800726,68,44
68332,200066041,68,44
68333,200066041,68,44
68334,200036465,68,44
68335,246800577,68,44
68336,200066033,68,44
68337,200066033,68,44
68338,246800726,68,44
68340,200066033,68,44
68341,200066058,68,44
68342,200036465,68,44
68343,200066009,68,44
68344,246800205,68,44
68345,200066025,68,44
68347,200066041,68,44
68348,200036465,68,44
68349,200066058,68,44
68350,246800494,68,44
68351,200066025,68,44
68352,200066025,68,44
68353,200066058,68,44
68354,246800726,68,44
68355,200066041,68,44
68356,200066041,68,44
68357,200066058,68,44
68358,246800585,68,44
68359,200036465,68,44
68360,200066025,68,44
68361,246800676,68,44
68362,200066058,68,44
68363,200066041,68,44
68364,246800494,68,44
68365,246800726,68,44
68366,246800726,68,44
68367,200066025,68,44
68368,246800585,68,44
68370,246800205,68,44
68371,200066041,68,44
68372,200036465,68,44
68373,200066041,68,44
68374,246800726,68,44
68375,200066009,68,44
68376,200066009,68,44
68377,200066041,68,44
68378,200066033,68,44
68379,200066025,68,44
68380,200066041,68,44
68381,246800569,68,44
68382,200066058,68,44
68383,246800577,68,44
68384,200066009,68,44
68385,246800726,68,44
68386,200066009,68,44
69001,200040566,69,84
69002,200067817,69,84
69003,200046977,69,84
69004,200040574,69,84
69005,200040574,69,84
69006,200040566,69,84
69007,200077014,69,84
69008,200040566,69,84
69009,200040574,69,84
69010,246900625,69,84
69012,200067817,69,84
69013,200040590,69,84
69014,200066587,69,84
69016,200067817,69,84
69017,200040574,69,84
69018,200067817,69,84
69019,200067817,69,84
69020,200040574,69,84
69021,246900625,69,84
69022,246900625,69,84
69023,200040590,69,84
69024,200040574,69,84
69026,200040574,69,84
69027,246900757,69,84
69028,246900724,69,84
69029,200046977,69,84
69030,200066587,69,84
69031,200066587,69,84
69032,246900625,69,84
69033,200046977,69,84
69034,200046977,69,84
69035,200067817,69,84
69036,200067817,69,84
69037,200040566,69,84
69038,200066587,69,84
69039,200040574,69,84
69040,200046977,69,84
69042,200066587,69,84
69043,246900757,69,84
69044,200046977,69,84
69045,200067817,69,84
69046,200046977,69,84
69047,200040574,69,84
69049,200040574,69,84
69050,200040574,69,84
69051,246900740,69,84
69052,200040574,69,84
69053,200067817,69,84
69054,200040566,69,84
69055,200040574,69,84
69056,200040574,69,84
69057,246900625,69,84
69058,200067817,69,84
69059,200040574,69,84
69060,200040566,69,84
69061,200040590,69,84
69062,200066587,69,84
69063,200046977,69,84
69064,200077014,69,84
69065,200067817,69,84
69066,200040566,69,84
69067,246900625,69,84
69068,200046977,69,84
69069,200046977,69,84
69070,200040566,69,84
69071,200046977,69,84
69072,200046977,69,84
69074,200040590,69,84
69075,200040566,69,84
69076,246900625,69,84
69077,200067817,69,84
69078,200066587,69,84
69080,200077014,69,84
69081,200046977,69,84
69082,200067817,69,84
69083,246900625,69,84
69084,200067817,69,84
69085,200046977,69,84
69086,246900625,69,84
69087,200046977,69,84
69088,200046977,69,84
69089,200046977,69,84
69090,200040574,69,84
69091,200046977,69,84
69092,200040590,69,84
69093,200040566,69,84
69094,246900724,69,84
69095,200066587,69,84
69096,200046977,69,84
69097,200077014,69,84
69098,200066587,69,84
69099,200066587,69,84
69100,200046977,69,84
69102,200040566,69,84
69103,200067817,69,84
69104,200067817,69,84
69105,200040590,69,84
69106,200040574,69,84
69107,200040566,69,84
69108,200067817,69,84
69109,200067817,69,84
69110,200066587,69,84
69111,200040574,69,84
69112,246900625,69,84
69113,200040574,69,84
69114,200040574,69,84
69115,200040590,69,84
69116,200046977,69,84
69117,200046977,69,84
69118,200077014,69,84
69119,200077014,69,84
69120,200066587,69,84
69121,200040574,69,84
69122,200040574,69,84
69123,200046977,69,84
69124,200067817,69,84
69125,200040574,69,84
69126,200040574,69,84
69127,200046977,69,84
69130,200040566,69,84
69131,246900724,69,84
69132,200066587,69,84
69133,246900757,69,84
69134,200040574,69,84
69135,200067817,69,84
69136,246900757,69,84
69137,200040590,69,84
69138,200066587,69,84
69139,200066587,69,84
69140,200040574,69,84
69141,246900740,69,84
69142,200046977,69,84
69143,200046977,69,84
69145,200067817,69,84
69148,246900740,69,84
69149,200046977,69,84
69151,200040590,69,84
69153,200046977,69,84
69154,246900724,69,84
69155,200066587,69,84
69156,200040574,69,84
69157,200040566,69,84
69160,200040566,69,84
69161,200067817,69,84
69162,200067817,69,84
69163,200046977,69,84
69164,200040566,69,84
69165,200067817,69,84
69166,246900740,69,84
69167,200040590,69,84
69168,200046977,69,84
69169,200040566,69,84
69170,246900740,69,84
69171,246900625,69,84
69172,200040590,69,84
69173,246900625,69,84
69174,200040566,69,84
69175,246900625,69,84
69176,246900740,69,84
69177,246900625,69,84
69178,200066587,69,84
69179,246900740,69,84
69180,246900740,69,84
69181,200040566,69,84
69182,200067817,69,84
69183,200040566,69,84
69184,200066587,69,84
69186,200067817,69,84
69187,200066587,69,84
69188,200040566,69,84
69189,200077014,69,84
69190,246900724,69,84
69191,200046977,69,84
69192,200040590,69,84
69193,200077014,69,84
69194,200046977,69,84
69196,200067817,69,84
69197,200040590,69,84
69198,200067817,69,84
69199,200046977,69,84
69200,200040566,69,84
69201,200066587,69,84
69202,200046977,69,84
69203,200066587,69,84
69204,200046977,69,84
69205,200046977,69,84
69206,200067817,69,84
69207,200046977,69,84
69208,246900625,69,84
69209,200067817,69,84
69212,200040574,69,84
69214,200040566,69,84
69215,200040590,69,84
69216,246900625,69,84
69217,200040566,69,84
69218,200067817,69,84
69219,246900740,69,84
69220,200066587,69,84
69225,200040566,69,84
69227,200066587,69,84
69228,246900740,69,84
69229,200040566,69,84
69230,200040574,69,84
69231,246900625,69,84
69233,200046977,69,84
69234,200040566,69,84
69235,200077014,69,84
69236,200077014,69,84
69238,200066587,69,84
69239,200040574,69,84
69240,200040566,69,84
69241,246900740,69,84
69242,200067817,69,84
69243,200040566,69,84
69244,200046977,69,84
69245,200040574,69,84
69246,200040574,69,84
69248,200040566,69,84
69249,246900724,69,84
69250,200046977,69,84
69252,200077014,69,84
69253,200077014,69,84
69254,200040566,69,84
69255,246900724,69,84
69256,200046977,69,84
69257,200040590,69,84
69258,200067817,69,84
69259,200046977,69,84
69260,200046977,69,84
69261,200067817,69,84
69263,200066587,69,84
69264,200040590,69,84
69265,200040590,69,84
69266,200046977,69,84
69267,200067817,69,84
69268,246900757,69,84
69269,246900724,69,84
69270,246900765,69,84
69271,200046977,69,84
69272,246900765,69,84
69273,200046977,69,84
69275,200046977,69,84
69276,200046977,69,84
69277,246900575,69,84
69278,200046977,69,84
69279,200046977,69,84
69280,246900575,69,84
69281,246900765,69,84
69282,200046977,69,84
69283,200046977,69,84
69284,200046977,69,84
69285,246900575,69,84
69286,200046977,69,84
69287,246900575,69,84
69288,246900575,69,84
69289,246900575,69,84
69290,200046977,69,84
69291,246900765,69,84
69292,200046977,69,84
69293,200046977,69,84
69294,246900765,69,84
69295,246900765,69,84
69296,200046977,69,84
69297,246900765,69,84
69298,246900575,69,84
69299,246900575,69,84
70001,200041861,70,27
70002,200036150,70,27
70003,247000623,70,27
70004,200041861,70,27
70005,247000714,70,27
70006,200041721,70,27
70007,200041861,70,27
70008,200041721,70,27
70009,200036150,70,27
70010,200041721,70,27
70011,247000854,70,27
70012,200041879,70,27
70013,200041721,70,27
70014,247000664,70,27
70015,200041879,70,27
70016,247000854,70,27
70017,200041879,70,27
70018,200036549,70,27
70019,247000011,70,27
70020,247000011,70,27
70021,247000664,70,27
70022,247000698,70,27
70023,200041721,70,27
70024,200036549,70,27
70025,200036150,70,27
70026,200036549,70,27
70027,247000623,70,27
70028,247000367,70,27
70029,247000664,70,27
70030,200036549,70,27
70031,247000714,70,27
70032,200036549,70,27
70035,200036150,70,27
70036,247000706,70,27
70037,247000623,70,27
70038,200041853,70,27
70039,247000698,70,27
70040,200041861,70,27
70041,200036549,70,27
70042,247000714,70,27
70043,200036549,70,27
70044,200041879,70,27
70045,200041887,70,27
70046,247000664,70,27
70047,247000367,70,27
70048,200041887,70,27
70049,200036150,70,27
70050,200041853,70,27
70051,200041721,70,27
70052,200041721,70,27
70053,247000698,70,27
70054,200036549,70,27
70055,247000755,70,27
70056,200041879,70,27
70057,200041887,70,27
70058,247000623,70,27
70059,200041853,70,27
70060,200041887,70,27
70061,247000854,70,27
70062,247000854,70,27
70063,247000854,70,27
70064,247000722,70,27
70065,200041853,70,27
70066,200036150,70,27
70067,200041861,70,27
70069,200041721,70,27
70070,200036150,70,27
70071,247000854,70,27
70072,247000714,70,27
70074,200036150,70,27
70075,200041887,70,27
70076,247000706,70,27
70077,200041861,70,27
70078,200036150,70,27
70079,200041879,70,27
70080,200036549,70,27
70081,200041861,70,27
70082,200041853,70,27
70083,200041721,70,27
70084,247000706,70,27
70085,247000706,70,27
70086,200036150,70,27
70087,200041879,70,27
70088,247000698,70,27
70089,200036150,70,27
70090,247000367,70,27
70091,200036150,70,27
70092,200041887,70,27
70093,247000755,70,27
70094,247000755,70,27
70095,200041879,70,27
70096,247000722,70,27
70097,200041721,70,27
70098,247000755,70,27
70099,247000623,70,27
70100,200036549,70,27
70101,200036549,70,27
70102,200041887,70,27
70103,247000854,70,27
70104,247000698,70,27
70105,247000367,70,27
70106,200041879,70,27
70107,247000706,70,27
70109,247000706,70,27
70111,200041861,70,27
70112,200036150,70,27
70113,200041853,70,27
70114,200036150,70,27
70115,200041861,70,27
70116,247000722,70,27
70117,247000722,70,27
70118,247000706,70,27
70119,200041887,70,27
70120,247000821,70,27
70121,247000722,70,27
70122,247000623,70,27
70124,200036549,70,27
70125,200036549,70,27
70126,200041887,70,27
70127,247000367,70,27
70128,247000755,70,27
70129,247000698,70,27
70130,247000698,70,27
70132,200036549,70,27
70133,200041879,70,27
70134,247000011,70,27
70135,200036150,70,27
70136,247000011,70,27
70137,200041853,70,27
70138,247000367,70,27
70140,200041861,70,27
70141,200041861,70,27
70142,200041887,70,27
70143,200036150,70,27
70144,200036150,70,27
70145,247000706,70,27
70146,200041879,70,27
70147,247000722,70,27
70148,247000367,70,27
70149,247000722,70,27
70150,200041887,70,27
70151,200036549,70,27
70152,247000698,70,27
70153,200036150,70,27
70154,247000706,70,27
70155,200041861,70,27
70156,247000698,70,27
70157,247000821,70,27
70158,247000367,70,27
70159,200041853,70,27
70160,247000722,70,27
70162,200041861,70,27
70163,247000011,70,27
70164,200041861,70,27
70165,200036150,70,27
70166,247000011,70,27
70167,200041879,70,27
70168,200041721,70,27
70169,247000367,70,27
70170,200041879,70,27
70171,200041721,70,27
70172,247000755,70,27
70174,247000706,70,27
70175,200036150,70,27
70176,247000854,70,27
70177,200036150,70,27
70178,247000664,70,27
70179,247000011,70,27
70180,247000714,70,27
70181,200041887,70,27
70182,247000722,70,27
70183,247000623,70,27
70184,247000722,70,27
70185,200036549,70,27
70186,200041861,70,27
70187,247000714,70,27
70188,200041861,70,27
70189,247000706,70,27
70190,200041879,70,27
70192,200041887,70,27
70193,200041887,70,27
70194,200041721,70,27
70195,200041861,70,27
70196,200041721,70,27
70197,200041853,70,27
70198,247000623,70,27
70199,200041861,70,27
70200,200041721,70,27
70201,247000623,70,27
70202,200041721,70,27
70203,200041853,70,27
70204,247000623,70,27
70205,247000821,70,27
70206,247000722,70,27
70207,247000011,70,27
70208,200041853,70,27
70210,247000854,70,27
70211,200036549,70,27
70213,200041861,70,27
70214,200041879,70,27
70215,247000821,70,27
70216,247000755,70,27
70217,247000854,70,27
70218,200036549,70,27
70219,247000714,70,27
70220,200036549,70,27
70221,247000722,70,27
70222,247000698,70,27
70224,247000706,70,27
70225,200036549,70,27
70226,247000714,70,27
70227,247000854,70,27
70228,200041879,70,27
70229,247000664,70,27
70230,247000623,70,27
70231,247000623,70,27
70232,247000367,70,27
70233,247000854,70,27
70234,200041853,70,27
70235,200041879,70,27
70236,200041879,70,27
70237,247000623,70,27
70238,200041721,70,27
70239,247000706,70,27
70240,200041721,70,27
70242,200041721,70,27
70243,200041853,70,27
70244,200036150,70,27
70245,200041721,70,27
70247,247000623,70,27
70248,247000821,70,27
70249,200041721,70,27
70250,200041861,70,27
70251,247000623,70,27
70252,247000623,70,27
70253,247000698,70,27
70254,247000821,70,27
70255,247000698,70,27
70256,247000854,70,27
70257,247000698,70,27
70258,247000755,70,27
70259,247000664,70,27
70260,247000664,70,27
70261,247000011,70,27
70262,247000664,70,27
70263,200041861,70,27
70265,200036549,70,27
70267,200036150,70,27
70268,200041887,70,27
70269,200041721,70,27
70271,247000714,70,27
70272,200036150,70,27
70273,247000714,70,27
70274,247000623,70,27
70275,247000706,70,27
70276,247000714,70,27
70277,247000714,70,27
70278,200041879,70,27
70279,200036549,70,27
70280,200036549,70,27
70282,247000698,70,27
70283,247000854,70,27
70284,200041721,70,27
70285,247000722,70,27
70286,200041887,70,27
70287,200041721,70,27
70288,247000706,70,27
70289,200036549,70,27
70290,200041721,70,27
70291,200036150,70,27
70292,200036150,70,27
70293,200036150,70,27
70294,200041861,70,27
70295,247000854,70,27
70296,200041853,70,27
70297,247000623,70,27
70298,200036150,70,27
70299,247000623,70,27
70301,247000698,70,27
70302,200036549,70,27
70303,200041861,70,27
70304,200041861,70,27
70305,200036549,70,27
70306,247000664,70,27
70307,247000714,70,27
70308,247000854,70,27
70309,200041853,70,27
70310,247000664,70,27
70311,247000755,70,27
70312,247000722,70,27
70313,247000664,70,27
70314,247000755,70,27
70315,200041721,70,27
70316,200041853,70,27
70317,247000714,70,27
70318,247000664,70,27
70319,247000664,70,27
70320,200036150,70,27
70321,247000664,70,27
70322,200041861,70,27
70323,200041721,70,27
70324,247000367,70,27
70325,247000706,70,27
70326,247000706,70,27
70327,200041887,70,27
70328,247000854,70,27
70329,200036150,70,27
70330,247000722,70,27
70331,200036549,70,27
70332,247000714,70,27
70334,200041887,70,27
70335,200041853,70,27
70336,247000714,70,27
70337,200036150,70,27
70338,200041721,70,27
70339,247000854,70,27
70340,247000623,70,27
70341,200041879,70,27
70342,247000623,70,27
70343,200041879,70,27
70344,200041861,70,27
70347,247000714,70,27
70348,247000664,70,27
70349,247000714,70,27
70350,200036150,70,27
70351,200041861,70,27
70352,247000854,70,27
70353,200041887,70,27
70355,247000706,70,27
70356,247000706,70,27
70357,200041853,70,27
70358,247000011,70,27
70359,200036150,70,27
70360,200041721,70,27
70361,247000854,70,27
70362,200036150,70,27
70363,247000011,70,27
70364,200041861,70,27
70366,247000698,70,27
70367,247000011,70,27
70368,247000623,70,27
70369,247000623,70,27
70371,247000623,70,27
70372,200041879,70,27
70373,200036150,70,27
70374,200041887,70,27
70376,200036549,70,27
70378,247000011,70,27
70380,200041879,70,27
70381,200041853,70,27
70383,247000706,70,27
70384,247000367,70,27
70385,247000664,70,27
70386,247000367,70,27
70387,247000367,70,27
70388,247000011,70,27
70389,200036549,70,27
70390,200041861,70,27
70392,200036150,70,27
70393,247000706,70,27
70394,200036549,70,27
70395,247000714,70,27
70396,247000714,70,27
70397,200041853,70,27
70398,247000755,70,27
70399,200036150,70,27
70400,200070332,70,27
70401,247000367,70,27
70402,200036549,70,27
70403,247000664,70,27
70404,200041721,70,27
70405,247000706,70,27
70406,247000623,70,27
70407,247000706,70,27
70408,200036549,70,27
70409,247000623,70,27
70410,200041887,70,27
70411,200041721,70,27
70412,200041721,70,27
70413,247000821,70,27
70414,247000821,70,27
70415,200041879,70,27
70416,200041861,70,27
70417,247000367,70,27
70418,247000367,70,27
70419,200041721,70,27
70420,247000714,70,27
70421,200041879,70,27
70422,200036549,70,27
70423,200036150,70,27
70425,247000854,70,27
70426,200041879,70,27
70427,200041879,70,27
70428,247000011,70,27
70429,247000011,70,27
70430,200070332,70,27
70431,247000706,70,27
70432,200041861,70,27
70433,247000011,70,27
70435,247000755,70,27
70436,200036150,70,27
70437,200036150,70,27
70438,247000623,70,27
70439,247000367,70,27
70440,247000623,70,27
70441,247000706,70,27
70442,247000623,70,27
70443,200036549,70,27
70444,200036549,70,27
70445,200041861,70,27
70446,200036549,70,27
70447,247000706,70,27
70448,247000623,70,27
70449,200041853,70,27
70450,200070332,70,27
70451,247000821,70,27
70452,247000367,70,27
70453,247000854,70,27
70454,200036150,70,27
70455,247000664,70,27
70456,247000706,70,27
70457,247000367,70,27
70459,247000854,70,27
70460,247000755,70,27
70461,200036549,70,27
70462,247000714,70,27
70463,247000698,70,27
70464,247000664,70,27
70466,200036549,70,27
70467,200041721,70,27
70468,200036150,70,27
70469,247000755,70,27
70470,200041861,70,27
70471,200036549,70,27
70472,200041879,70,27
70473,247000755,70,27
70474,247000714,70,27
70476,200041879,70,27
70477,247000722,70,27
70478,200041861,70,27
70479,200036549,70,27
70480,200036549,70,27
70481,247000623,70,27
70482,247000367,70,27
70483,200041879,70,27
70484,247000714,70,27
70485,200041721,70,27
70486,200036150,70,27
70487,247000714,70,27
70488,200041879,70,27
70489,247000854,70,27
70490,200041861,70,27
70491,247000623,70,27
70492,247000367,70,27
70493,247000706,70,27
70494,200041887,70,27
70496,200036150,70,27
70498,247000854,70,27
70499,247000623,70,27
70500,200041853,70,27
70501,200041853,70,27
70502,247000623,70,27
70503,247000706,70,27
70504,247000367,70,27
70505,200036549,70,27
70506,247000722,70,27
70507,247000706,70,27
70509,200041887,70,27
70510,200036549,70,27
70511,247000623,70,27
70512,200041721,70,27
70513,247000011,70,27
70514,200036549,70,27
70515,247000664,70,27
70516,200041861,70,27
70517,200041853,70,27
70518,200041879,70,27
70519,247000706,70,27
70520,247000623,70,27
70521,247000698,70,27
70522,200041879,70,27
70523,200036549,70,27
70524,200041879,70,27
70525,247000623,70,27
70526,200041721,70,27
70527,247000698,70,27
70528,200036549,70,27
70529,200036549,70,27
70531,247000698,70,27
70532,200041853,70,27
70533,247000698,70,27
70534,200041879,70,27
70535,247000367,70,27
70536,247000367,70,27
70537,200041861,70,27
70538,247000698,70,27
70539,247000623,70,27
70540,247000698,70,27
70541,200041861,70,27
70542,200036549,70,27
70544,247000714,70,27
70545,200041879,70,27
70546,247000623,70,27
70547,247000722,70,27
70548,200036150,70,27
70549,247000698,70,27
70550,247000011,70,27
70552,247000714,70,27
70553,247000714,70,27
70554,200036150,70,27
70555,200041861,70,27
70558,200041879,70,27
70559,247000011,70,27
70560,247000706,70,27
70561,247000714,70,27
70562,247000714,70,27
70563,200041861,70,27
70564,200041861,70,27
70565,200041853,70,27
70566,200041879,70,27
70567,247000722,70,27
70568,247000623,70,27
70569,200041879,70,27
70571,200041861,70,27
70572,200036150,70,27
70573,247000854,70,27
70574,247000623,70,27
70575,247000706,70,27
70576,200036150,70,27
70577,247000664,70,27
70578,200041887,70,27
70579,247000722,70,27
70580,247000367,70,27
70581,247000664,70,27
70582,247000367,70,27
70583,200041853,70,27
71001,200071538,71,27
71002,200071538,71,27
71003,247100589,71,27
71004,200040038,71,27
71005,247100589,71,27
71006,200070548,71,27
71007,200040293,71,27
71008,200070548,71,27
71009,200070530,71,27
71010,200070530,71,27
71011,247100639,71,27
71012,247100639,71,27
71013,247100647,71,27
71014,200070530,71,27
71015,200070530,71,27
71016,200070308,71,27
71017,200071884,71,27
71018,200071538,71,27
71019,247100589,71,27
71020,200070530,71,27
71021,200071884,71,27
71022,200070548,71,27
71023,200071538,71,27
71024,247100639,71,27
71025,200071884,71,27
71026,247103765,71,27
71027,200042414,71,27
71028,247100647,71,27
71029,247100647,71,27
71030,200040293,71,27
71031,200040293,71,27
71032,200070308,71,27
71033,200040038,71,27
71034,247104094,71,27
71035,200069698,71,27
71036,247103765,71,27
71037,247104094,71,27
71038,247100290,71,27
71039,200040293,71,27
71040,247100290,71,27
71041,200070548,71,27
71042,200040293,71,27
71043,200040038,71,27
71044,200042414,71,27
71045,200042414,71,27
71046,200070530,71,27
71047,200070316,71,27
71048,247100639,71,27
71050,200071645,71,27
71051,247100589,71,27
71052,247103765,71,27
71054,200040038,71,27
71056,200071579,71,27
71057,200040293,71,27
71058,247103765,71,27
71059,247100290,71,27
71060,247103864,71,27
71061,200071538,71,27
71062,200070530,71,27
71063,200070530,71,27
71064,200071579,71,27
71065,200040293,71,27
71066,200069698,71,27
71067,247104094,71,27
71068,200040293,71,27
71069,200070308,71,27
71070,247104094,71,27
71071,247100639,71,27
71072,247104094,71,27
71073,200006682,71,27
71074,200070308,71,27
71075,200070316,71,27
71076,247100589,71,27
71077,247100639,71,27
71078,247100589,71,27
71079,200071579,71,27
71080,247103765,71,27
71081,247100589,71,27
71082,200071884,71,27
71084,200070308,71,27
71085,200006682,71,27
71086,200071884,71,27
71087,247103765,71,27
71088,200070316,71,27
71089,247103765,71,27
71090,200070308,71,27
71091,200071645,71,27
71092,200071579,71,27
71093,247100647,71,27
71094,200069698,71,27
71095,200070548,71,27
71096,200070530,71,27
71097,200071538,71,27
71098,200070530,71,27
71099,200070308,71,27
71100,200069698,71,27
71101,247100647,71,27
71102,247100589,71,27
71103,247100290,71,27
71104,200040038,71,27
71105,200070308,71,27
71106,200071884,71,27
71107,247100589,71,27
71108,200070308,71,27
71109,247100589,71,27
71110,200070548,71,27
71111,200070316,71,27
71112,200040293,71,27
71113,200070548,71,27
71115,247104094,71,27
71116,200070548,71,27
71117,247100589,71,27
71118,247100589,71,27
71119,200006682,71,27
71120,200070548,71,27
71121,247100647,71,27
71122,247100589,71,27
71123,247100639,71,27
71124,247104094,71,27
71125,200040293,71,27
71126,200070308,71,27
71127,200040293,71,27
71128,200040293,71,27
71129,200070530,71,27
71130,200040293,71,27
71132,247100290,71,27
71133,200070548,71,27
71134,200071645,71,27
71135,200069698,71,27
71136,200070316,71,27
71137,200040293,71,27
71139,247104094,71,27
71140,200070530,71,27
71141,200070548,71,27
71142,200070530,71,27
71143,200071579,71,27
71144,200070530,71,27
71145,247103765,71,27
71146,200040293,71,27
71147,200040293,71,27
71148,200070548,71,27
71149,200070530,71,27
71150,200070308,71,27
71151,200070530,71,27
71152,200070316,71,27
71153,247100290,71,27
71154,247100589,71,27
71155,200070316,71,27
71156,200069698,71,27
71157,200071579,71,27
71158,200071538,71,27
71159,247104094,71,27
71160,200070548,71,27
71161,200070316,71,27
71162,200070530,71,27
71163,200040293,71,27
71164,247103765,71,27
71165,200070530,71,27
71166,200070316,71,27
71167,200040038,71,27
71168,247100647,71,27
71169,200070308,71,27
71170,247100589,71,27
71171,247100589,71,27
71172,200070530,71,27
71173,200042414,71,27
71174,200006682,71,27
71175,200042414,71,27
71176,200071884,71,27
71177,200071579,71,27
71178,200071645,71,27
71179,200070316,71,27
71181,200040293,71,27
71182,247100589,71,27
71183,200070530,71,27
71184,200070530,71,27
71185,200070548,71,27
71186,200040038,71,27
71187,247100290,71,27
71188,200070530,71,27
71189,247100589,71,27
71190,200070530,71,27
71191,247100290,71,27
71192,200070530,71,27
71193,247103765,71,27
71194,247100589,71,27
71195,200069698,71,27
71196,200071579,71,27
71198,200071579,71,27
71199,200040293,71,27
71200,247103864,71,27
71201,247104094,71,27
71202,247100589,71,27
71203,200071884,71,27
71204,247100589,71,27
71205,200042414,71,27
71206,200071538,71,27
71207,247100647,71,27
71208,247100647,71,27
71209,200071579,71,27
71210,200070308,71,27
71212,247100290,71,27
71213,200071538,71,27
71214,247104094,71,27
71215,247100589,71,27
71216,247104094,71,27
71217,200071645,71,27
71218,200070548,71,27
71219,247103765,71,27
71220,200070316,71,27
71221,247100589,71,27
71222,247100290,71,27
71223,200070530,71,27
71224,200071884,71,27
71225,247104094,71,27
71226,200069698,71,27
71227,200070316,71,27
71228,200040038,71,27
71229,200071884,71,27
71230,200070316,71,27
71231,200040293,71,27
71232,200071884,71,27
71233,200071884,71,27
71234,200071538,71,27
71235,200070308,71,27
71236,200070308,71,27
71237,200070530,71,27
71238,247103864,71,27
71239,200070316,71,27
71240,200040293,71,27
71241,247100589,71,27
71242,200040293,71,27
71243,200071579,71,27
71244,200071538,71,27
71245,247103765,71,27
71246,200071579,71,27
71247,247104094,71,27
71248,200069698,71,27
71249,247103765,71,27
71250,200070308,71,27
71251,200070530,71,27
71252,247103765,71,27
71253,247100589,71,27
71254,247100647,71,27
71255,200070316,71,27
71256,200071538,71,27
71257,247100589,71,27
71258,200070308,71,27
71259,247103864,71,27
71261,200071538,71,27
71262,200040038,71,27
71263,200071579,71,27
71264,200040293,71,27
71266,200070530,71,27
71267,200069698,71,27
71268,200071884,71,27
71269,247100589,71,27
71270,200070308,71,27
71271,247103864,71,27
71272,247103765,71,27
71273,200070316,71,27
71274,247103765,71,27
71275,247100639,71,27
71276,200071884,71,27
71277,247104094,71,27
71278,247100290,71,27
71279,200071884,71,27
71280,200070316,71,27
71281,200070316,71,27
71282,247100290,71,27
71283,247100589,71,27
71284,200069698,71,27
71285,200071884,71,27
71286,247100290,71,27
71287,200040293,71,27
71289,200071645,71,27
71290,200040293,71,27
71291,247100639,71,27
71292,247100589,71,27
71293,200071538,71,27
71294,247100589,71,27
71295,200042414,71,27
71296,247104094,71,27
71297,200070530,71,27
71299,200070308,71,27
71300,200071579,71,27
71301,200070316,71,27
71302,247104094,71,27
71303,200071579,71,27
71305,200069698,71,27
71306,247100290,71,27
71307,247100639,71,27
71308,247103765,71,27
71309,247100290,71,27
71310,247100290,71,27
71311,200071579,71,27
71312,200040038,71,27
71313,200070530,71,27
71314,200042414,71,27
71315,200040038,71,27
71316,200071645,71,27
71317,200070316,71,27
71318,200071538,71,27
71319,200071579,71,27
71320,247100290,71,27
71321,247100290,71,27
71322,200070530,71,27
71323,200071884,71,27
71324,247104094,71,27
71325,200071884,71,27
71326,247100647,71,27
71327,200070548,71,27
71328,247103765,71,27
71329,200040038,71,27
71330,200070316,71,27
71331,200071884,71,27
71332,200071538,71,27
71333,247100589,71,27
71334,200071884,71,27
71335,200070548,71,27
71336,200071538,71,27
71337,247103864,71,27
71338,200069698,71,27
71339,200071884,71,27
71340,200071884,71,27
71341,200040038,71,27
71342,200071884,71,27
71343,200006682,71,27
71344,200040293,71,27
71345,200070308,71,27
71346,247100290,71,27
71347,247100290,71,27
71348,200070316,71,27
71349,200070530,71,27
71350,200071645,71,27
71351,247100647,71,27
71352,200042414,71,27
71353,200069698,71,27
71354,200071884,71,27
71355,200040038,71,27
71356,247100290,71,27
71357,247100647,71,27
71358,200040293,71,27
71359,200069698,71,27
71360,200070308,71,27
71361,200071884,71,27
71362,200070308,71,27
71363,247104094,71,27
71364,247100647,71,27
71365,200071538,71,27
71366,200071538,71,27
71367,200071579,71,27
71368,200070530,71,27
71369,247100589,71,27
71370,200070316,71,27
71371,200070308,71,27
71372,200070308,71,27
71373,200071538,71,27
71374,247104094,71,27
71376,200070530,71,27
71377,200069698,71,27
71378,247100589,71,27
71379,200071579,71,27
71380,200042414,71,27
71381,200040293,71,27
71382,200071884,71,27
71383,200069698,71,27
71384,247103765,71,27
71385,200070308,71,27
71386,200071579,71,27
71387,200040293,71,27
71388,200071884,71,27
71389,200070316,71,27
71390,247100290,71,27
71391,247100589,71,27
71392,247104094,71,27
71393,247103864,71,27
71394,200071884,71,27
71395,200071884,71,27
71396,247100647,71,27
71397,200040293,71,27
71398,200071538,71,27
71399,247103864,71,27
71400,200040293,71,27
71401,200071579,71,27
71402,247103765,71,27
71403,247100589,71,27
71404,247100589,71,27
71405,200040038,71,27
71406,247103864,71,27
71407,200070530,71,27
71408,200070548,71,27
71409,200070530,71,27
71410,200071579,71,27
71411,200070530,71,27
71412,247100290,71,27
71413,247100290,71,27
71414,200070530,71,27
71415,247103864,71,27
71416,200069698,71,27
71417,247104094,71,27
71419,200042414,71,27
71420,200071538,71,27
71421,200070548,71,27
71422,247104094,71,27
71423,200040038,71,27
71424,200070530,71,27
71425,247100589,71,27
71426,247104094,71,27
71427,200040293,71,27
71428,200070548,71,27
71430,247100589,71,27
71431,200070530,71,27
71433,200071884,71,27
71434,247103864,71,27
71435,247100290,71,27
71436,247100290,71,27
71437,200070548,71,27
71438,200070530,71,27
71439,200071884,71,27
71440,200070530,71,27
71441,200071645,71,27
71442,247100589,71,27
71443,247100589,71,27
71444,247100589,71,27
71445,247100589,71,27
71446,200040293,71,27
71447,247100589,71,27
71448,200070308,71,27
71449,247104094,71,27
71450,200070530,71,27
71451,200070548,71,27
71452,200040293,71,27
71453,247100639,71,27
71454,200071579,71,27
71455,247104094,71,27
71456,200040038,71,27
71457,200040038,71,27
71458,200040293,71,27
71459,247100589,71,27
71460,200070308,71,27
71461,247104094,71,27
71462,200040038,71,27
71463,200070548,71,27
71464,200070530,71,27
71465,247100290,71,27
71466,200070530,71,27
71468,247100290,71,27
71469,200071645,71,27
71470,200071645,71,27
71471,247104094,71,27
71472,200070530,71,27
71473,200070548,71,27
71474,200070316,71,27
71475,247100589,71,27
71477,247100290,71,27
71478,200070316,71,27
71479,247100290,71,27
71480,247100589,71,27
71481,200070308,71,27
71482,247100290,71,27
71483,200070548,71,27
71484,200071579,71,27
71485,247104094,71,27
71486,247100290,71,27
71487,200070308,71,27
71488,200040293,71,27
71489,200071579,71,27
71490,200071884,71,27
71491,200071884,71,27
71493,200070530,71,27
71494,200070308,71,27
71495,200040293,71,27
71496,247100589,71,27
71497,200070308,71,27
71498,247104094,71,27
71499,247100290,71,27
71500,247103864,71,27
71501,247104094,71,27
71502,247100589,71,27
71503,247104094,71,27
71504,200040038,71,27
71505,247104094,71,27
71506,200042414,71,27
71507,247103765,71,27
71508,200071538,71,27
71509,200070530,71,27
71510,247103864,71,27
71512,247103765,71,27
71513,200070308,71,27
71514,200042414,71,27
71515,247104094,71,27
71516,200042414,71,27
71517,200040038,71,27
71518,200071645,71,27
71519,200042414,71,27
71520,247100589,71,27
71521,200040293,71,27
71522,200071538,71,27
71523,200071579,71,27
71524,200040293,71,27
71525,200070308,71,27
71526,200070308,71,27
71527,200070530,71,27
71528,200071579,71,27
71529,200071884,71,27
71530,200070530,71,27
71531,200070530,71,27
71532,200040293,71,27
71533,200070548,71,27
71534,200042414,71,27
71535,200070530,71,27
71537,200070530,71,27
71538,200042414,71,27
71539,200070530,71,27
71540,247100290,71,27
71541,247100647,71,27
71542,200070316,71,27
71543,200069698,71,27
71544,200040038,71,27
71545,200071645,71,27
71546,200071645,71,27
71547,200071645,71,27
71548,200071538,71,27
71549,200069698,71,27
71550,200069698,71,27
71551,200070530,71,27
71552,200070316,71,27
71553,200070548,71,27
71554,247103864,71,27
71555,247100589,71,27
71556,200070308,71,27
71557,200071884,71,27
71558,200071579,71,27
71559,200070548,71,27
71561,200070548,71,27
71562,200071884,71,27
71563,247104094,71,27
71564,200071884,71,27
71565,200070316,71,27
71566,200040038,71,27
71567,200070308,71,27
71568,200071579,71,27
71570,200040038,71,27
71571,200071645,71,27
71572,247103765,71,27
71573,200071884,71,27
71574,200070308,71,27
71576,200069698,71,27
71577,200040038,71,27
71578,200040038,71,27
71579,247104094,71,27
71580,200071579,71,27
71581,247100639,71,27
71582,200040293,71,27
71583,200070308,71,27
71584,200069698,71,27
71585,247100589,71,27
71586,200071884,71,27
71588,200071884,71,27
71589,200070316,71,27
71590,200071884,71,27
71591,200069698,71,27
72001,247200132,72,52
72002,200072676,72,52
72003,247200132,72,52
72004,200040475,72,52
72005,200072700,72,52
72006,246100663,72,52
72007,200072684,72,52
72008,247200132,72,52
72009,247200348,72,52
72010,247200090,72,52
72011,200072700,72,52
72012,200072700,72,52
72013,200073112,72,52
72015,200072676,72,52
72016,247200090,72,52
72017,200040475,72,52
72018,200072676,72,52
72019,200040475,72,52
72020,247200686,72,52
72021,247200090,72,52
72022,247200090,72,52
72023,200068963,72,52
72024,200068963,72,52
72025,247200348,72,52
72026,200072676,72,52
72027,200070373,72,52
72028,200070373,72,52
72029,200072700,72,52
72031,247200686,72,52
72032,200072692,72,52
72034,200072700,72,52
72035,200072692,72,52
72036,200072700,72,52
72037,200072676,72,52
72038,247200686,72,52
72039,200072676,72,52
72040,247200686,72,52
72041,247200686,72,52
72042,200072684,72,52
72043,200072700,72,52
72044,247200348,72,52
72045,200040475,72,52
72046,200072684,72,52
72047,247200421,72,52
72048,200072676,72,52
72049,200073112,72,52
72050,200040475,72,52
72051,247200629,72,52
72052,200070373,72,52
72053,247200421,72,52
72054,247200132,72,52
72056,246100663,72,52
72057,247200686,72,52
72058,247200421,72,52
72059,200040475,72,52
72060,200073112,72,52
72061,247200348,72,52
72062,247200686,72,52
72064,200072692,72,52
72065,247200132,72,52
72066,200072718,72,52
72067,247200686,72,52
72068,200070373,72,52
72070,200040475,72,52
72071,200070373,72,52
72072,200073112,72,52
72073,247200132,72,52
72074,200040475,72,52
72075,247200629,72,52
72076,246100663,72,52
72077,200073112,72,52
72078,200072700,72,52
72079,200072700,72,52
72080,247200686,72,52
72083,200040475,72,52
72084,247200348,72,52
72085,200072692,72,52
72086,200072676,72,52
72087,200072692,72,52
72088,200072676,72,52
72089,200072718,72,52
72090,200072684,72,52
72091,200072676,72,52
72093,247200686,72,52
72094,200072684,72,52
72095,247200132,72,52
72096,200040475,72,52
72098,200073112,72,52
72099,200068963,72,52
72100,247200348,72,52
72101,200072676,72,52
72102,200072676,72,52
72103,200070373,72,52
72104,200072676,72,52
72105,247200686,72,52
72106,247200090,72,52
72107,200040475,72,52
72109,200072718,72,52
72110,247200348,72,52
72111,200072718,72,52
72112,200072676,72,52
72113,200072718,72,52
72114,247200686,72,52
72115,200070373,72,52
72118,200072692,72,52
72119,200072718,72,52
72120,200072700,72,52
72121,200072700,72,52
72122,247200686,72,52
72123,247200090,72,52
72124,247200447,72,52
72125,200072692,72,52
72126,200040475,72,52
72127,247200629,72,52
72128,200072692,72,52
72129,247200132,72,52
72130,247200132,72,52
72131,247200629,72,52
72132,247200686,72,52
72133,247200629,72,52
72134,200070373,72,52
72135,247200348,72,52
72136,200040475,72,52
72137,246100663,72,52
72138,200072700,72,52
72139,200072700,72,52
72141,200072700,72,52
72142,200072700,72,52
72143,200070373,72,52
72144,247200686,72,52
72145,200072718,72,52
72146,247200629,72,52
72147,200068963,72,52
72148,200072676,72,52
72149,200040475,72,52
72150,200068963,72,52
72151,247200090,72,52
72152,200072700,72,52
72153,200070373,72,52
72154,247200348,72,52
72155,247200447,72,52
72156,247200686,72,52
72157,200072718,72,52
72158,200072692,72,52
72160,200070373,72,52
72161,200070373,72,52
72163,247200348,72,52
72164,200072700,72,52
72165,200072684,72,52
72166,200040475,72,52
72167,247200090,72,52
72168,200040475,72,52
72169,247200629,72,52
72170,200072676,72,52
72171,200072676,72,52
72172,247200686,72,52
72173,200070373,72,52
72174,200072676,72,52
72175,200073112,72,52
72176,200073112,72,52
72177,200040475,72,52
72178,200072684,72,52
72179,247200629,72,52
72180,200072676,72,52
72181,247200132,72,52
72182,200073112,72,52
72183,200070373,72,52
72184,200040475,72,52
72185,247200348,72,52
72186,200072700,72,52
72187,247200447,72,52
72188,200072676,72,52
72189,200072676,72,52
72190,200072692,72,52
72191,200073112,72,52
72192,200072676,72,52
72193,247200686,72,52
72194,200072676,72,52
72195,247200629,72,52
72196,200072676,72,52
72197,200072718,72,52
72198,247200132,72,52
72199,200072700,72,52
72200,247200447,72,52
72201,200072676,72,52
72202,200072676,72,52
72204,200072692,72,52
72205,200068963,72,52
72208,247200686,72,52
72209,200072700,72,52
72210,200070373,72,52
72211,200072718,72,52
72212,200072700,72,52
72213,247200132,72,52
72214,200072676,72,52
72215,200072676,72,52
72216,200072718,72,52
72217,200068963,72,52
72218,200072718,72,52
72219,200072718,72,52
72220,200072676,72,52
72221,200070373,72,52
72222,200072676,72,52
72223,200040475,72,52
72224,200072684,72,52
72225,200072700,72,52
72226,247200348,72,52
72227,200072676,72,52
72228,247200090,72,52
72229,200072718,72,52
72230,247200629,72,52
72231,247200421,72,52
72232,247200090,72,52
72233,200072676,72,52
72234,200072718,72,52
72235,200072700,72,52
72236,247200090,72,52
72237,200040475,72,52
72238,200072676,72,52
72239,200040475,72,52
72241,200072684,72,52
72243,200073112,72,52
72244,247200090,72,52
72245,247200686,72,52
72246,247200686,72,52
72247,247200132,72,52
72248,200070373,72,52
72249,200072718,72,52
72250,200072692,72,52
72251,200072676,72,52
72252,200073112,72,52
72253,247200629,72,52
72254,200072700,72,52
72255,200072718,72,52
72256,200072718,72,52
72257,247200132,72,52
72259,200072676,72,52
72260,247200132,72,52
72261,200072718,72,52
72262,200070373,72,52
72264,247200090,72,52
72265,200072676,72,52
72266,200072700,72,52
72267,247200686,72,52
72268,247200447,72,52
72269,200072692,72,52
72270,200072676,72,52
72271,200072684,72,52
72272,200072692,72,52
72273,200072700,72,52
72274,200040475,72,52
72275,200072684,72,52
72276,200072676,72,52
72277,247200686,72,52
72278,200040475,72,52
72279,200070373,72,52
72280,247200132,72,52
72281,200072676,72,52
72282,200072700,72,52
72283,200073112,72,52
72286,200072692,72,52
72289,200068963,72,52
72290,200068963,72,52
72291,200073112,72,52
72292,247200686,72,52
72293,247200629,72,52
72294,200072700,72,52
72295,200072676,72,52
72296,247200686,72,52
72297,200072700,72,52
72299,247200421,72,52
72300,200072684,72,52
72302,247200686,72,52
72303,200072684,72,52
72305,200072700,72,52
72306,247200447,72,52
72307,200040475,72,52
72308,246100663,72,52
72309,200072700,72,52
72310,200068963,72,52
72311,200070373,72,52
72312,200040475,72,52
72313,200072676,72,52
72314,200070373,72,52
72315,200072718,72,52
72316,200072676,72,52
72317,200072676,72,52
72319,200072718,72,52
72320,247200132,72,52
72321,200072718,72,52
72322,247200686,72,52
72323,200072700,72,52
72324,200072676,72,52
72325,200070373,72,52
72326,200072676,72,52
72327,200073112,72,52
72328,247200132,72,52
72329,200072684,72,52
72330,200073112,72,52
72331,247200686,72,52
72332,200072700,72,52
72333,200072692,72,52
72334,200072718,72,52
72335,200072684,72,52
72336,247200090,72,52
72337,200072700,72,52
72338,200068963,72,52
72339,247200629,72,52
72340,200068963,72,52
72341,200072684,72,52
72342,247200686,72,52
72343,247200090,72,52
72344,247200629,72,52
72345,200072684,72,52
72346,247200629,72,52
72347,200040475,72,52
72348,200040475,72,52
72349,200068963,72,52
72350,247200447,72,52
72351,200072718,72,52
72352,200072676,72,52
72353,247200686,72,52
72354,200072676,72,52
72355,200072700,72,52
72356,200070373,72,52
72357,247200348,72,52
72358,200072684,72,52
72359,200072684,72,52
72360,247200132,72,52
72361,200072684,72,52
72362,200072700,72,52
72363,247200686,72,52
72364,200073112,72,52
72366,200072692,72,52
72367,200040475,72,52
72368,200072692,72,52
72369,200073112,72,52
72370,200072700,72,52
72372,200072676,72,52
72373,200072692,72,52
72374,200072676,72,52
72375,247200686,72,52
72376,200070373,72,52
72377,247200348,72,52
72378,247200090,72,52
72379,200040475,72,52
72380,200072700,72,52
72381,247200629,72,52
72382,200072684,72,52
72383,247200686,72,52
72385,200073112,72,52
72386,247200132,72,52
73001,247300668,73,84
73003,247300015,73,84
73004,200069110,73,84
73005,200069110,73,84
73006,247300817,73,84
73007,247300676,73,84
73008,200068674,73,84
73010,200068674,73,84
73011,200068997,73,84
73012,200070464,73,84
73013,200070464,73,84
73014,200068997,73,84
73015,200040798,73,84
73017,200041010,73,84
73018,200041010,73,84
73019,247300676,73,84
73020,200069110,73,84
73021,200041010,73,84
73022,247300668,73,84
73023,200070340,73,84
73024,247300015,73,84
73025,247300528,73,84
73026,200070340,73,84
73027,247300668,73,84
73028,247300262,73,84
73029,200069110,73,84
73030,200069110,73,84
73031,200069110,73,84
73032,200068997,73,84
73033,200040111,73,84
73034,200068997,73,84
73036,200069110,73,84
73039,247300528,73,84
73040,200070340,73,84
73041,200041010,73,84
73042,247300262,73,84
73043,200068674,73,84
73047,200070340,73,84
73048,200068997,73,84
73049,247300676,73,84
73050,200068674,73,84
73051,200068674,73,84
73052,200041010,73,84
73053,200041010,73,84
73054,247300254,73,84
73055,200040798,73,84
73057,200040798,73,84
73058,247300528,73,84
73059,200068674,73,84
73061,200068997,73,84
73063,200068997,73,84
73064,200069110,73,84
73065,200069110,73,84
73067,247300361,73,84
73068,200041010,73,84
73069,200041010,73,84
73070,247300528,73,84
73071,200040798,73,84
73072,200041010,73,84
73073,200068674,73,84
73074,247300361,73,84
73075,200041010,73,84
73076,200068674,73,84
73077,247300254,73,84
73078,247300262,73,84
73079,200041010,73,84
73081,200069110,73,84
73082,200041010,73,84
73083,247300361,73,84
73084,200041010,73,84
73085,200068674,73,84
73086,200068997,73,84
73087,200069110,73,84
73088,200068997,73,84
73089,200041010,73,84
73090,200069110,73,84
73091,200068674,73,84
73092,200040111,73,84
73094,200068997,73,84
73095,200041010,73,84
73096,200041010,73,84
73097,200069110,73,84
73098,200069110,73,84
73099,200041010,73,84
73100,247300528,73,84
73101,200069110,73,84
73103,200068674,73,84
73104,247300668,73,84
73105,200040111,73,84
73106,200069110,73,84
73107,200040111,73,84
73109,247300676,73,84
73110,200068997,73,84
73113,200040798,73,84
73114,200068997,73,84
73116,200070464,73,84
73117,200070340,73,84
73119,200070340,73,84
73120,200041010,73,84
73121,200068997,73,84
73122,247300668,73,84
73123,200068997,73,84
73124,200068997,73,84
73128,200068674,73,84
73129,200068997,73,84
73130,200068997,73,84
73131,200023299,73,84
73132,200068997,73,84
73133,200041010,73,84
73135,200070464,73,84
73137,200069110,73,84
73138,200070464,73,84
73139,200069110,73,84
73140,247300262,73,84
73141,200041010,73,84
73142,247300817,73,84
73145,247300668,73,84
73146,200069110,73,84
73147,247300262,73,84
73149,247300262,73,84
73150,247300817,73,84
73151,200041010,73,84
73152,247300668,73,84
73153,200068997,73,84
73154,200068997,73,84
73155,200068674,73,84
73156,247300262,73,84
73157,200070340,73,84
73159,200041010,73,84
73160,200069110,73,84
73161,200040798,73,84
73162,200068997,73,84
73164,200068674,73,84
73166,200041010,73,84
73168,247300676,73,84
73170,200068997,73,84
73171,200041010,73,84
73173,200070464,73,84
73175,247300676,73,84
73176,247300254,73,84
73177,200070464,73,84
73178,200069110,73,84
73179,200069110,73,84
73180,200068674,73,84
73181,200023299,73,84
73182,200068674,73,84
73183,200041010,73,84
73184,247300668,73,84
73186,200068997,73,84
73187,247300015,73,84
73188,200068997,73,84
73189,247300361,73,84
73190,200023299,73,84
73191,247300668,73,84
73192,200069110,73,84
73193,200068674,73,84
73194,247300452,73,84
73196,200068997,73,84
73197,247300817,73,84
73200,200041010,73,84
73201,200040798,73,84
73202,200068997,73,84
73204,247300528,73,84
73205,200041010,73,84
73206,200040798,73,84
73207,200041010,73,84
73208,200068674,73,84
73210,200069110,73,84
73211,200068997,73,84
73212,247300676,73,84
73213,200069110,73,84
73214,247300528,73,84
73215,200041010,73,84
73216,200068997,73,84
73217,200041010,73,84
73218,200068674,73,84
73219,247300668,73,84
73220,247300676,73,84
73221,247300361,73,84
73222,200069110,73,84
73223,200070340,73,84
73224,247300361,73,84
73225,200069110,73,84
73226,247300528,73,84
73227,200040798,73,84
73228,200069110,73,84
73229,200040111,73,84
73230,247300361,73,84
73231,247300361,73,84
73232,247300254,73,84
73233,200040111,73,84
73234,200069110,73,84
73235,247300361,73,84
73236,247300528,73,84
73237,247300676,73,84
73240,200041010,73,84
73241,200068997,73,84
73242,200070464,73,84
73243,200069110,73,84
73245,247300262,73,84
73246,200040111,73,84
73247,200041010,73,84
73248,200070464,73,84
73249,200069110,73,84
73250,200070464,73,84
73252,247300676,73,84
73253,200023299,73,84
73254,247300528,73,84
73255,247300361,73,84
73256,247300452,73,84
73257,200023299,73,84
73258,247300452,73,84
73259,247300361,73,84
73261,247300452,73,84
73262,200068997,73,84
73263,200068674,73,84
73265,200068674,73,84
73267,200070464,73,84
73268,200068997,73,84
73269,247300262,73,84
73270,200041010,73,84
73271,247300262,73,84
73272,247300676,73,84
73273,200068674,73,84
73274,200040111,73,84
73275,200040111,73,84
73276,200041010,73,84
73277,200069110,73,84
73278,247300361,73,84
73280,200070464,73,84
73281,200069110,73,84
73282,200040111,73,84
73283,200068997,73,84
73284,200023299,73,84
73285,247300254,73,84
73286,200068674,73,84
73288,200069110,73,84
73289,200041010,73,84
73290,200070340,73,84
73292,200068997,73,84
73293,200069110,73,84
73294,200069110,73,84
73296,247300254,73,84
73297,200068997,73,84
73298,200068997,73,84
73299,247300262,73,84
73300,200068674,73,84
73301,200068674,73,84
73302,200041010,73,84
73303,200068997,73,84
73304,247300254,73,84
73306,247300452,73,84
73307,247300452,73,84
73308,200068997,73,84
73309,247300528,73,84
73310,200069110,73,84
73311,200041010,73,84
73312,200068997,73,84
73313,247300262,73,84
73314,200041010,73,84
73315,200041010,73,84
73316,200041010,73,84
73317,200068997,73,84
73318,200070464,73,84
73320,200070464,73,84
73322,200070340,73,84
73323,247300254,73,84
73324,200041010,73,84
73326,200069110,73,84
73327,200068674,73,84
73328,200068674,73,84
73329,200068674,73,84
73330,247300262,73,84
74001,200071967,74,84
74002,200066793,74,84
74003,247400617,74,84
74004,200066793,74,84
74005,200067551,74,84
74006,247400112,74,84
74007,247400724,74,84
74008,200011773,74,84
74009,247400112,74,84
74010,200066793,74,84
74012,200011773,74,84
74013,200067551,74,84
74014,200033116,74,84
74015,247400583,74,84
74016,247400690,74,84
74018,247400724,74,84
74019,200066793,74,84
74020,200067551,74,84
74021,247400583,74,84
74024,200000172,74,84
74025,200067551,74,84
74026,247400567,74,84
74027,247400617,74,84
74029,200070852,74,84
74030,247400682,74,84
74031,247400690,74,84
74032,247400682,74,84
74033,200071967,74,84
74034,247400682,74,84
74035,247400740,74,84
74036,200066793,74,84
74037,247400047,74,84
74038,247400047,74,84
74040,200011773,74,84
74041,200071967,74,84
74042,200000172,74,84
74043,200067551,74,84
74044,247400690,74,84
74045,247400617,74,84
74046,247400740,74,84
74048,200067551,74,84
74049,200000172,74,84
74050,247400047,74,84
74051,247400112,74,84
74052,247400112,74,84
74053,200067551,74,84
74054,200066793,74,84
74055,200070852,74,84
74056,200023372,74,84
74057,200071967,74,84
74058,200071967,74,84
74059,247400724,74,84
74060,200066793,74,84
74061,200066793,74,84
74062,200066793,74,84
74063,200071967,74,84
74064,200034098,74,84
74065,200070852,74,84
74066,200070852,74,84
74067,200066793,74,84
74068,200070852,74,84
74069,247400690,74,84
74070,200067551,74,84
74071,200070852,74,84
74072,247400773,74,84
74073,200071967,74,84
74074,247400690,74,84
74075,200070852,74,84
74076,247400567,74,84
74077,200070852,74,84
74078,200070852,74,84
74079,247400617,74,84
74080,247400617,74,84
74081,200033116,74,84
74082,247400690,74,84
74083,200034882,74,84
74085,200034882,74,84
74086,200070852,74,84
74087,200000172,74,84
74088,247400112,74,84
74089,200034882,74,84
74090,247400724,74,84
74091,247400682,74,84
74094,200011773,74,84
74095,247400740,74,84
74096,247400112,74,84
74097,200066793,74,84
74098,247400112,74,84
74099,200034882,74,84
74100,200070852,74,84
74101,247400690,74,84
74102,247400617,74,84
74103,200034882,74,84
74104,247400773,74,84
74105,200067551,74,84
74106,200067551,74,84
74107,200070852,74,84
74108,200066793,74,84
74109,200070852,74,84
74111,200066793,74,84
74112,200066793,74,84
74114,247400682,74,84
74116,247400724,74,84
74117,247400740,74,84
74118,200011773,74,84
74119,200071967,74,84
74121,200067551,74,84
74122,247400666,74,84
74123,247400773,74,84
74124,247400690,74,84
74126,200067551,74,84
74127,200071967,74,84
74128,247400666,74,84
74129,247400682,74,84
74130,200070852,74,84
74131,200070852,74,84
74133,200011773,74,84
74134,247400682,74,84
74135,247400773,74,84
74136,247400617,74,84
74137,200066793,74,84
74138,200066793,74,84
74139,247400047,74,84
74140,247400047,74,84
74141,247400740,74,84
74142,200066793,74,84
74143,200023372,74,84
74144,247400690,74,84
74145,200011773,74,84
74146,200071967,74,84
74147,247400773,74,84
74148,200066793,74,84
74150,200067551,74,84
74151,247400740,74,84
74152,247400567,74,84
74153,200011773,74,84
74154,200071967,74,84
74155,247400682,74,84
74156,200067551,74,84
74157,200067551,74,84
74158,200011773,74,84
74159,200033116,74,84
74160,247400617,74,84
74161,247400740,74,84
74162,247400666,74,84
74163,200067551,74,84
74164,200000172,74,84
74165,247400740,74,84
74166,200071967,74,84
74167,247400773,74,84
74168,200070852,74,84
74169,200033116,74,84
74170,247400740,74,84
74171,200067551,74,84
74172,200071967,74,84
74173,200034882,74,84
74174,247400666,74,84
74175,200071967,74,84
74176,200066793,74,84
74177,247400112,74,84
74178,200070852,74,84
74179,247400567,74,84
74180,200067551,74,84
74183,200034098,74,84
74184,200070852,74,84
74185,247400583,74,84
74186,200066793,74,84
74188,247400682,74,84
74189,200033116,74,84
74190,200034098,74,84
74191,247400682,74,84
74192,247400740,74,84
74193,247400583,74,84
74194,200066793,74,84
74195,200070852,74,84
74196,200033116,74,84
74197,247400583,74,84
74198,200066793,74,84
74199,200067551,74,84
74200,200071967,74,84
74201,247400690,74,84
74202,247400567,74,84
74203,200071967,74,84
74205,247400666,74,84
74206,200067551,74,84
74208,200034882,74,84
74209,247400666,74,84
74210,200067551,74,84
74211,247400583,74,84
74212,200000172,74,84
74213,200066793,74,84
74215,200034882,74,84
74216,247400690,74,84
74218,200071967,74,84
74219,200066793,74,84
74220,247400583,74,84
74221,200033116,74,84
74222,247400682,74,84
74223,200034098,74,84
74224,247400724,74,84
74225,247400740,74,84
74226,247400047,74,84
74228,247400112,74,84
74229,200011773,74,84
74231,247400740,74,84
74232,200066793,74,84
74233,200066793,74,84
74234,247400773,74,84
74235,200070852,74,84
74236,200034882,74,84
74237,200071967,74,84
74238,247400682,74,84
74239,247400617,74,84
74240,247400666,74,84
74241,247400666,74,84
74242,200066793,74,84
74243,247400690,74,84
74244,247400724,74,84
74249,200071967,74,84
74250,247400724,74,84
74252,200033116,74,84
74253,247400724,74,84
74254,200066793,74,84
74255,247400740,74,84
74256,200034882,74,84
74257,247400567,74,84
74258,200034098,74,84
74259,247400112,74,84
74260,247400690,74,84
74261,247400047,74,84
74262,247400583,74,84
74263,200067551,74,84
74264,200033116,74,84
74265,247400617,74,84
74266,200023372,74,84
74267,200066793,74,84
74269,200070852,74,84
74271,247400682,74,84
74272,247400567,74,84
74273,200034098,74,84
74275,200066793,74,84
74276,200034098,74,84
74278,200033116,74,84
74279,200071967,74,84
74280,247400617,74,84
74281,200067551,74,84
74282,200066793,74,84
74283,247400740,74,84
74284,247400666,74,84
74285,200070852,74,84
74286,200071967,74,84
74287,247400682,74,84
74288,247400690,74,84
74289,247400740,74,84
74290,200023372,74,84
74291,200070852,74,84
74292,247400740,74,84
74293,200067551,74,84
74294,200034098,74,84
74295,247400682,74,84
74296,247400690,74,84
74297,247400740,74,84
74298,200011773,74,84
74299,200066793,74,84
74301,247400047,74,84
74302,247400617,74,84
74303,200066793,74,84
74304,247400666,74,84
74305,200011773,74,84
74306,247400112,74,84
74307,247400112,74,84
74308,200071967,74,84
74309,247400690,74,84
74310,200066793,74,84
74311,247400666,74,84
74312,200000172,74,84
74313,247400112,74,84
74314,247400690,74,84
74315,200067551,74,84
75056,200054781,75,11
76001,247600620,76,28
76002,200010700,76,28
76004,200068534,76,28
76005,200023414,76,28
76006,200069847,76,28
76007,200070449,76,28
76008,247600786,76,28
76009,200069839,76,28
76010,200069847,76,28
76011,200069821,76,28
76012,247600505,76,28
76013,200069821,76,28
76014,200084952,76,28
76015,200069839,76,28
76016,200069839,76,28
76017,200084952,76,28
76018,200068534,76,28
76019,200068534,76,28
76020,200023414,76,28
76021,247600505,76,28
76022,200010700,76,28
76023,200069847,76,28
76024,200070068,76,28
76025,200069730,76,28
76026,247600786,76,28
76028,200069722,76,28
76029,200069722,76,28
76030,247600786,76,28
76032,200069839,76,28
76033,247600505,76,28
76034,200068534,76,28
76035,200069722,76,28
76036,200068534,76,28
76038,200070449,76,28
76039,200023414,76,28
76040,200069839,76,28
76041,247600620,76,28
76042,200070068,76,28
76043,247600620,76,28
76045,200069847,76,28
76046,200070449,76,28
76047,200068534,76,28
76048,200069730,76,28
76049,247600729,76,28
76050,200068534,76,28
76051,200068534,76,28
76052,247600604,76,28
76053,247600604,76,28
76054,247600729,76,28
76055,247600620,76,28
76056,200023414,76,28
76057,247600646,76,28
76058,247600588,76,28
76059,200069722,76,28
76060,200069730,76,28
76062,200070449,76,28
76063,200068534,76,28
76064,200084952,76,28
76065,200069730,76,28
76066,200068534,76,28
76067,200069730,76,28
76068,247600505,76,28
76069,200023414,76,28
76070,200070068,76,28
76071,247600729,76,28
76072,200068534,76,28
76074,200069730,76,28
76075,200068534,76,28
76076,247600505,76,28
76077,200069847,76,28
76079,200084952,76,28
76082,200010700,76,28
76083,200069839,76,28
76084,200069839,76,28
76085,200068534,76,28
76086,200068534,76,28
76087,200069847,76,28
76088,200023414,76,28
76090,200010700,76,28
76091,200069839,76,28
76092,200010700,76,28
76093,200069730,76,28
76094,200070449,76,28
76095,200023414,76,28
76096,200068534,76,28
76097,200068534,76,28
76099,247600646,76,28
76100,200070449,76,28
76101,200069722,76,28
76103,200023414,76,28
76104,200069839,76,28
76105,200070449,76,28
76106,200070449,76,28
76107,200070449,76,28
76108,200023414,76,28
76109,200070449,76,28
76110,247600620,76,28
76111,200070449,76,28
76112,200068534,76,28
76113,200070449,76,28
76114,200010700,76,28
76115,200010700,76,28
76116,200023414,76,28
76117,200084952,76,28
76118,247600505,76,28
76119,200070068,76,28
76120,200070449,76,28
76121,200070449,76,28
76122,200070068,76,28
76123,200070449,76,28
76124,200069730,76,28
76125,200070449,76,28
76126,200070068,76,28
76128,200069839,76,28
76129,200069847,76,28
76130,200070068,76,28
76131,200023414,76,28
76132,200069847,76,28
76133,200069839,76,28
76134,200069839,76,28
76135,247600646,76,28
76136,200068534,76,28
76138,200068534,76,28
76139,200070068,76,28
76140,200069839,76,28
76141,247600505,76,28
76142,200069730,76,28
76143,247600505,76,28
76144,200069847,76,28
76146,200070449,76,28
76147,200070068,76,28
76148,247600604,76,28
76149,200069847,76,28
76151,200069839,76,28
76152,200070449,76,28
76153,200068534,76,28
76154,200069722,76,28
76155,247600729,76,28
76156,200069839,76,28
76157,200023414,76,28
76158,200069847,76,28
76159,200069839,76,28
76160,247600620,76,28
76161,200069847,76,28
76162,200068534,76,28
76163,200070449,76,28
76164,200010700,76,28
76165,200023414,76,28
76166,200069722,76,28
76167,200084952,76,28
76168,200068534,76,28
76169,200084952,76,28
76170,200068534,76,28
76171,200069730,76,28
76172,200069839,76,28
76173,200068534,76,28
76174,200069847,76,28
76175,247600604,76,28
76176,200069839,76,28
76177,200070449,76,28
76178,200023414,76,28
76179,200070449,76,28
76180,200069839,76,28
76181,200010700,76,28
76182,200010700,76,28
76183,200069821,76,28
76184,247600786,76,28
76185,200069730,76,28
76186,200069722,76,28
76187,200069821,76,28
76188,200070449,76,28
76189,200069839,76,28
76190,200069839,76,28
76192,247600588,76,28
76193,200070068,76,28
76194,200069821,76,28
76195,200069839,76,28
76196,200084952,76,28
76197,200068534,76,28
76198,200069847,76,28
76199,200069722,76,28
76200,200070068,76,28
76201,200069730,76,28
76202,247600604,76,28
76203,247600620,76,28
76204,200068534,76,28
76205,200068534,76,28
76206,200084952,76,28
76207,247600729,76,28
76208,200069730,76,28
76209,200069730,76,28
76210,247600729,76,28
76211,200069722,76,28
76212,200023414,76,28
76213,247600505,76,28
76214,200068534,76,28
76216,200023414,76,28
76217,247600786,76,28
76218,200069730,76,28
76219,200069847,76,28
76220,247600729,76,28
76221,200069839,76,28
76222,200023414,76,28
76223,247600620,76,28
76224,247600505,76,28
76225,247600620,76,28
76226,200069821,76,28
76227,200069847,76,28
76228,200069847,76,28
76229,200069730,76,28
76230,200070449,76,28
76231,200023414,76,28
76232,200069821,76,28
76233,200069722,76,28
76234,247600646,76,28
76235,247600729,76,28
76236,200010700,76,28
76237,200023414,76,28
76238,200084952,76,28
76239,200084952,76,28
76240,200069821,76,28
76241,200069839,76,28
76242,200069730,76,28
76243,200070449,76,28
76244,200070068,76,28
76245,200070449,76,28
76247,200070449,76,28
76249,200068534,76,28
76250,200084952,76,28
76251,200069847,76,28
76252,247600588,76,28
76253,200069847,76,28
76254,200084952,76,28
76255,247600588,76,28
76257,200069722,76,28
76258,200010700,76,28
76259,200069821,76,28
76260,200069730,76,28
76261,200069730,76,28
76262,200070068,76,28
76263,200069730,76,28
76264,200069847,76,28
76265,200070068,76,28
76266,247600588,76,28
76268,200084952,76,28
76269,200070068,76,28
76270,200084952,76,28
76271,200070449,76,28
76272,200069839,76,28
76273,200023414,76,28
76274,200068534,76,28
76275,200084952,76,28
76276,200069730,76,28
76278,200069722,76,28
76279,200010700,76,28
76280,247600604,76,28
76281,200010700,76,28
76282,200023414,76,28
76283,200070068,76,28
76284,200068534,76,28
76285,200070449,76,28
76286,247600604,76,28
76287,200070449,76,28
76288,247600729,76,28
76289,247600620,76,28
76290,200070449,76,28
76291,200069821,76,28
76292,200069730,76,28
76293,200069847,76,28
76294,200069839,76,28
76295,200069730,76,28
76296,200084952,76,28
76297,200069730,76,28
76298,200069821,76,28
76299,200069821,76,28
76300,200069821,76,28
76302,247600505,76,28
76303,200084952,76,28
76304,247600505,76,28
76305,200084952,76,28
76306,200068534,76,28
76307,200084952,76,28
76308,200068534,76,28
76309,200069847,76,28
76311,247600646,76,28
76312,200069730,76,28
76313,200023414,76,28
76314,200084952,76,28
76315,200069839,76,28
76316,200070449,76,28
76317,247600505,76,28
76318,200010700,76,28
76319,200023414,76,28
76320,247600604,76,28
76321,200070068,76,28
76322,200023414,76,28
76323,200070068,76,28
76324,247600786,76,28
76325,200069847,76,28
76327,200068534,76,28
76328,200070449,76,28
76329,200010700,76,28
76330,200068534,76,28
76331,200070449,76,28
76332,200069730,76,28
76333,200069722,76,28
76334,200068534,76,28
76335,200068534,76,28
76336,200069839,76,28
76338,200069730,76,28
76339,200069839,76,28
76340,200069847,76,28
76341,200084952,76,28
76342,200010700,76,28
76343,200069730,76,28
76344,200069722,76,28
76345,200069730,76,28
76346,200069839,76,28
76347,247600620,76,28
76348,247600620,76,28
76349,247600786,76,28
76350,200023414,76,28
76351,200084952,76,28
76352,200069730,76,28
76353,200069839,76,28
76354,200023414,76,28
76355,200069847,76,28
76356,200068534,76,28
76357,200084952,76,28
76359,200070449,76,28
76360,200068534,76,28
76361,200084952,76,28
76362,200010700,76,28
76363,200069722,76,28
76364,200069730,76,28
76365,200069839,76,28
76366,200023414,76,28
76367,200023414,76,28
76368,247600505,76,28
76369,200070449,76,28
76370,200069847,76,28
76371,247600729,76,28
76372,200069722,76,28
76373,200068534,76,28
76374,247600588,76,28
76375,200069839,76,28
76377,200023414,76,28
76378,200023414,76,28
76379,200068534,76,28
76380,200068534,76,28
76381,200069722,76,28
76382,200010700,76,28
76383,200068534,76,28
76384,200010700,76,28
76385,247600646,76,28
76386,200069821,76,28
76387,200069847,76,28
76388,200010700,76,28
76389,200068534,76,28
76390,200069821,76,28
76391,200023414,76,28
76392,247600604,76,28
76393,200069730,76,28
76394,247600588,76,28
76395,200068534,76,28
76396,200070449,76,28
76397,200068534,76,28
76398,200010700,76,28
76399,200070068,76,28
76400,200068534,76,28
76401,200010700,76,28
76402,200023414,76,28
76403,200069839,76,28
76404,200084952,76,28
76405,200068534,76,28
76406,200069821,76,28
76407,200069839,76,28
76408,247600505,76,28
76409,200084952,76,28
76410,200023414,76,28
76411,200069722,76,28
76412,200070449,76,28
76413,247600786,76,28
76414,247600786,76,28
76415,200070068,76,28
76416,200070068,76,28
76417,200070068,76,28
76418,200010700,76,28
76419,200066405,76,28
76420,200069730,76,28
76421,200010700,76,28
76422,247600588,76,28
76423,200069730,76,28
76424,200070068,76,28
76425,247600505,76,28
76426,200069730,76,28
76427,200070068,76,28
76428,200069839,76,28
76429,200023414,76,28
76430,200070068,76,28
76431,200069730,76,28
76432,200069730,76,28
76433,247600620,76,28
76434,200070449,76,28
76435,247600588,76,28
76436,200023414,76,28
76437,247600729,76,28
76438,247600588,76,28
76439,200010700,76,28
76440,200069730,76,28
76441,200069722,76,28
76442,247600588,76,28
76443,200070449,76,28
76445,200070068,76,28
76446,200070449,76,28
76447,200084952,76,28
76448,200023414,76,28
76449,200068534,76,28
76450,200069730,76,28
76451,200023414,76,28
76452,200070449,76,28
76453,200070449,76,28
76454,200070068,76,28
76455,200069730,76,28
76456,200069847,76,28
76457,200023414,76,28
76458,200068534,76,28
76459,200070068,76,28
76460,200069722,76,28
76461,200070068,76,28
76462,200070068,76,28
76463,200069730,76,28
76464,200023414,76,28
76465,200070068,76,28
76467,200069839,76,28
76468,200010700,76,28
76469,200069730,76,28
76470,200069839,76,28
76471,200010700,76,28
76472,247600729,76,28
76473,200010700,76,28
76474,200023414,76,28
76475,200023414,76,28
76476,200010700,76,28
76477,200084952,76,28
76478,200068534,76,28
76479,200069722,76,28
76480,200069839,76,28
76481,200084952,76,28
76482,247600786,76,28
76483,200069839,76,28
76484,200023414,76,28
76485,200068534,76,28
76486,200023414,76,28
76487,247600604,76,28
76488,200069839,76,28
76489,200084952,76,28
76490,200069839,76,28
76491,200069847,76,28
76492,200068534,76,28
76493,200069839,76,28
76494,200010700,76,28
76495,247600646,76,28
76497,200023414,76,28
76498,200023414,76,28
76499,200010700,76,28
76500,200069722,76,28
76501,200084952,76,28
76502,200070449,76,28
76503,200070449,76,28
76504,200069839,76,28
76505,200069730,76,28
76506,200070068,76,28
76507,247600588,76,28
76508,200084952,76,28
76509,200070449,76,28
76510,200069847,76,28
76511,247600604,76,28
76512,247600604,76,28
76513,200023414,76,28
76514,200023414,76,28
76515,200068534,76,28
76516,200070068,76,28
76517,200070449,76,28
76518,200010700,76,28
76519,200068534,76,28
76520,200069722,76,28
76521,200070449,76,28
76522,200084952,76,28
76523,200069722,76,28
76524,200069847,76,28
76526,247600729,76,28
76527,200069722,76,28
76528,200069722,76,28
76529,200069821,76,28
76530,200069847,76,28
76531,247600620,76,28
76532,200070068,76,28
76533,200084952,76,28
76534,200084952,76,28
76535,200069730,76,28
76536,200023414,76,28
76537,200069722,76,28
76538,200070068,76,28
76540,200023414,76,28
76541,200070449,76,28
76542,200069847,76,28
76543,200010700,76,28
76544,200069730,76,28
76545,247600786,76,28
76546,200068534,76,28
76547,200070449,76,28
76548,200070449,76,28
76549,200068534,76,28
76550,200023414,76,28
76551,200084952,76,28
76552,200084952,76,28
76553,247600604,76,28
76554,200070449,76,28
76555,200070449,76,28
76556,200010700,76,28
76557,200010700,76,28
76558,200023414,76,28
76559,200010700,76,28
76560,200023414,76,28
76561,200023414,76,28
76562,247600729,76,28
76563,200084952,76,28
76564,200069839,76,28
76565,247600786,76,28
76566,247600646,76,28
76567,200070068,76,28
76568,247600620,76,28
76569,200069839,76,28
76570,200068534,76,28
76571,200070449,76,28
76572,200068534,76,28
76573,200070449,76,28
76574,200068534,76,28
76575,200023414,76,28
76576,200010700,76,28
76577,200068534,76,28
76578,200070068,76,28
76580,200070449,76,28
76581,200070449,76,28
76582,200068534,76,28
76583,200070449,76,28
76584,200070068,76,28
76585,200010700,76,28
76586,200084952,76,28
76587,200069821,76,28
76588,200070068,76,28
76589,200068534,76,28
76590,247600729,76,28
76591,200023414,76,28
76592,200010700,76,28
76593,200010700,76,28
76594,200070449,76,28
76595,200084952,76,28
76596,200084952,76,28
76597,200069847,76,28
76598,200069722,76,28
76599,200023414,76,28
76600,200069821,76,28
76601,200069730,76,28
76602,200068534,76,28
76603,247600505,76,28
76604,200068534,76,28
76605,247600786,76,28
76606,200069722,76,28
76608,200023414,76,28
76609,200084952,76,28
76610,247600620,76,28
76611,200069847,76,28
76612,200069722,76,28
76613,200069839,76,28
76614,200023414,76,28
76615,200084952,76,28
76616,200084952,76,28
76617,200023414,76,28
76618,247600729,76,28
76619,247600729,76,28
76620,200070068,76,28
76621,200070068,76,28
76622,200010700,76,28
76623,200069730,76,28
76624,247600729,76,28
76626,200010700,76,28
76627,200010700,76,28
76628,200068534,76,28
76629,200068534,76,28
76630,247600729,76,28
76631,200023414,76,28
76632,200068534,76,28
76634,200023414,76,28
76635,247600604,76,28
76636,200023414,76,28
76637,200069821,76,28
76638,247600588,76,28
76640,200023414,76,28
76641,200069839,76,28
76642,200069839,76,28
76644,247600588,76,28
76645,200069722,76,28
76646,200069839,76,28
76647,200084952,76,28
76648,200070068,76,28
76649,200070068,76,28
76650,247600505,76,28
76651,200069839,76,28
76652,247600729,76,28
76653,200069839,76,28
76654,200068534,76,28
76655,200069839,76,28
76656,200068534,76,28
76657,200084952,76,28
76658,200084952,76,28
76660,200084952,76,28
76662,200068534,76,28
76663,200069821,76,28
76664,200069839,76,28
76665,247600729,76,28
76666,200069730,76,28
76667,247600786,76,28
76668,200069847,76,28
76669,247600505,76,28
76670,200069821,76,28
76671,247600729,76,28
76672,200069730,76,28
76673,200070449,76,28
76675,200070449,76,28
76676,200069730,76,28
76677,247600604,76,28
76678,200070068,76,28
76679,200069839,76,28
76680,200069821,76,28
76681,200023414,76,28
76682,200023414,76,28
76683,200069839,76,28
76684,200010700,76,28
76685,200069821,76,28
76686,200069821,76,28
76688,200069821,76,28
76689,200069821,76,28
76690,200068534,76,28
76691,200069730,76,28
76692,200069839,76,28
76693,200084952,76,28
76694,200068534,76,28
76695,247600505,76,28
76697,200068534,76,28
76698,200068534,76,28
76699,200069847,76,28
76700,200068534,76,28
76702,247600620,76,28
76703,247600729,76,28
76705,200023414,76,28
76706,200069821,76,28
76707,247600786,76,28
76708,200069821,76,28
76709,200023414,76,28
76710,200010700,76,28
76711,247600588,76,28
76712,200010700,76,28
76714,200084952,76,28
76715,200010700,76,28
76716,200084952,76,28
76717,200023414,76,28
76718,247600620,76,28
76719,200069821,76,28
76720,247600786,76,28
76721,200068534,76,28
76723,200068534,76,28
76724,200070068,76,28
76725,247600505,76,28
76726,200069821,76,28
76727,200010700,76,28
76728,200070449,76,28
76730,200069839,76,28
76731,200068534,76,28
76732,200069839,76,28
76733,200070068,76,28
76734,200084952,76,28
76735,200069839,76,28
76736,200069839,76,28
76737,200069847,76,28
76738,200070449,76,28
76739,200069722,76,28
76740,200070449,76,28
76741,200084952,76,28
76743,247600646,76,28
76744,200069722,76,28
76745,247600729,76,28
76746,200069839,76,28
76747,247600505,76,28
76748,200069839,76,28
76749,247600604,76,28
76750,200023414,76,28
76751,200010700,76,28
76752,200069847,76,28
76753,200023414,76,28
76754,200069821,76,28
76755,200069821,76,28
76756,200070449,76,28
76757,200069847,76,28
76758,247600620,76,28
76759,200023414,76,28
77001,200072346,77,11
77002,200090504,77,11
77003,200023240,77,11
77004,200070779,77,11
77005,200033090,77,11
77006,200072346,77,11
77007,200070779,77,11
77008,247700065,77,11
77009,200023919,77,11
77010,247700701,77,11
77011,200023919,77,11
77012,200037133,77,11
77013,200090504,77,11
77014,200072346,77,11
77015,200040251,77,11
77016,200023240,77,11
77018,247700339,77,11
77019,200040251,77,11
77020,200037133,77,11
77021,247700107,77,11
77022,200072346,77,11
77023,200072130,77,11
77024,200090504,77,11
77025,200040251,77,11
77026,200037133,77,11
77027,200023919,77,11
77029,200070779,77,11
77030,200072544,77,11
77031,200072874,77,11
77032,200037133,77,11
77033,200037133,77,11
77034,200070779,77,11
77035,247700107,77,11
77036,200037133,77,11
77037,200072346,77,11
77038,247700057,77,11
77039,247700057,77,11
77040,247700057,77,11
77041,200072346,77,11
77042,200090504,77,11
77043,200072544,77,11
77044,200070779,77,11
77045,200023919,77,11
77046,200023240,77,11
77047,200090504,77,11
77048,200072346,77,11
77049,200072130,77,11
77050,200023919,77,11
77051,200040251,77,11
77052,247700701,77,11
77053,247700644,77,11
77054,247700107,77,11
77055,200057958,77,11
77056,200023240,77,11
77057,200090504,77,11
77058,247700594,77,11
77059,247700594,77,11
77060,200023240,77,11
77061,247700107,77,11
77062,247700594,77,11
77063,200090504,77,11
77065,200072346,77,11
77066,200037133,77,11
77067,200059228,77,11
77068,200040251,77,11
77069,200072346,77,11
77070,200090504,77,11
77071,200023919,77,11
77072,200037133,77,11
77073,200037133,77,11
77075,247700594,77,11
77076,200040251,77,11
77077,200072130,77,11
77078,200090504,77,11
77079,247700032,77,11
77080,200037133,77,11
77081,200070779,77,11
77082,200070779,77,11
77083,200057958,77,11
77084,200090504,77,11
77085,247700594,77,11
77086,247700701,77,11
77087,200072874,77,11
77088,200072346,77,11
77089,247700701,77,11
77090,200037133,77,11
77091,200072874,77,11
77093,200072544,77,11
77094,200033090,77,11
77095,200033090,77,11
77096,200072346,77,11
77097,200072544,77,11
77098,247700701,77,11
77099,200023919,77,11
77100,200070779,77,11
77101,200040251,77,11
77102,200023240,77,11
77103,200070779,77,11
77104,200072874,77,11
77106,200090504,77,11
77107,200070779,77,11
77108,200057958,77,11
77109,200037133,77,11
77110,200023919,77,11
77111,247700339,77,11
77112,200023240,77,11
77113,200090504,77,11
77114,247700644,77,11
77115,247700107,77,11
77116,200072544,77,11
77117,200090504,77,11
77118,200055655,77,11
77119,247700701,77,11
77120,247700065,77,11
77121,247700594,77,11
77122,200059228,77,11
77123,200055655,77,11
77124,247700594,77,11
77125,200090504,77,11
77126,247700065,77,11
77127,200070779,77,11
77128,200090504,77,11
77129,247700065,77,11
77130,200090504,77,11
77131,200090504,77,11
77132,247700339,77,11
77133,247700107,77,11
77134,200037133,77,11
77135,200072874,77,11
77136,200070779,77,11
77137,200037133,77,11
77138,200072874,77,11
77139,200057958,77,11
77140,200040251,77,11
77141,200090504,77,11
77142,200090504,77,11
77143,200072130,77,11
77144,200072874,77,11
77145,200070779,77,11
77146,200057958,77,11
77147,247700701,77,11
77148,247700065,77,11
77150,200033090,77,11
77151,200090504,77,11
77152,247700057,77,11
77153,200055655,77,11
77154,200090504,77,11
77155,247700594,77,11
77156,200023240,77,11
77157,247700065,77,11
77158,247700107,77,11
77159,200040251,77,11
77161,247700032,77,11
77162,200072544,77,11
77163,247700065,77,11
77164,200070779,77,11
77165,200070779,77,11
77167,200040251,77,11
77168,200023919,77,11
77169,200057958,77,11
77171,247700339,77,11
77172,247700107,77,11
77173,247700065,77,11
77174,200040251,77,11
77175,200070779,77,11
77176,200090504,77,11
77177,200072874,77,11
77178,200023240,77,11
77179,200070779,77,11
77180,200023125,77,11
77181,247700594,77,11
77182,200072544,77,11
77183,200090504,77,11
77184,247700032,77,11
77185,200072346,77,11
77186,200072346,77,11
77187,200040251,77,11
77188,200070779,77,11
77190,247700701,77,11
77191,247700701,77,11
77192,200072874,77,11
77193,200072130,77,11
77194,247700107,77,11
77195,200070779,77,11
77196,200033090,77,11
77197,200037133,77,11
77198,200023240,77,11
77199,200072130,77,11
77200,200023240,77,11
77201,247700701,77,11
77202,247700032,77,11
77203,200072130,77,11
77204,247700065,77,11
77205,200072130,77,11
77206,200090504,77,11
77207,200023919,77,11
77208,200040251,77,11
77209,247700594,77,11
77210,247700107,77,11
77211,247700701,77,11
77212,200040251,77,11
77214,200055655,77,11
77215,200023125,77,11
77216,200023240,77,11
77217,200070779,77,11
77218,200040251,77,11
77219,200090504,77,11
77220,200023240,77,11
77221,247700594,77,11
77222,200070779,77,11
77223,200040251,77,11
77224,200090504,77,11
77225,200090504,77,11
77226,200072346,77,11
77227,200040251,77,11
77228,200072544,77,11
77229,200072874,77,11
77230,200023919,77,11
77231,247700065,77,11
77232,200072130,77,11
77233,200033090,77,11
77234,247700594,77,11
77235,247700065,77,11
77236,200040251,77,11
77237,247700594,77,11
77238,200090504,77,11
77239,200037133,77,11
77240,200072544,77,11
77241,200055655,77,11
77242,200040251,77,11
77243,247700594,77,11
77244,200023240,77,11
77245,247700107,77,11
77246,200037133,77,11
77247,200072544,77,11
77248,247700594,77,11
77249,200023125,77,11
77250,200072544,77,11
77251,200059228,77,11
77252,247700057,77,11
77253,247700057,77,11
77254,200072874,77,11
77255,247700057,77,11
77256,200040251,77,11
77257,247700065,77,11
77258,200057958,77,11
77259,200055655,77,11
77260,200037133,77,11
77261,200023919,77,11
77262,200037133,77,11
77263,200040251,77,11
77264,200072874,77,11
77265,200090504,77,11
77266,200070779,77,11
77267,200023919,77,11
77268,247700339,77,11
77269,247700057,77,11
77270,200090504,77,11
77271,200023919,77,11
77272,200037133,77,11
77273,200033090,77,11
77274,247700065,77,11
77275,200037133,77,11
77276,200072130,77,11
77277,200072874,77,11
77278,200090504,77,11
77279,247700107,77,11
77280,247700065,77,11
77281,200090504,77,11
77282,200055655,77,11
77283,247700065,77,11
77284,200072130,77,11
77285,247700057,77,11
77286,200040251,77,11
77287,200072544,77,11
77288,247700057,77,11
77289,200037133,77,11
77290,200090504,77,11
77291,200055655,77,11
77292,200033090,77,11
77293,247700107,77,11
77294,200055655,77,11
77295,200070779,77,11
77296,200059228,77,11
77297,200023919,77,11
77298,200040251,77,11
77300,200072130,77,11
77301,200037133,77,11
77302,200023240,77,11
77303,200072544,77,11
77304,200072544,77,11
77305,247700107,77,11
77306,247700057,77,11
77307,247700594,77,11
77308,200033090,77,11
77309,200072130,77,11
77310,200040251,77,11
77311,200040251,77,11
77312,247700032,77,11
77313,247700107,77,11
77314,200072544,77,11
77315,247700339,77,11
77316,247700032,77,11
77317,247700701,77,11
77318,200072874,77,11
77319,200037133,77,11
77320,200090504,77,11
77321,200040251,77,11
77322,200055655,77,11
77323,200055655,77,11
77325,200040251,77,11
77326,200059228,77,11
77327,247700701,77,11
77328,200023240,77,11
77329,247700032,77,11
77330,200072130,77,11
77331,200090504,77,11
77332,200033090,77,11
77333,200023240,77,11
77335,200072130,77,11
77336,200072874,77,11
77337,200057958,77,11
77338,247700107,77,11
77339,200072346,77,11
77340,247700032,77,11
77341,200040251,77,11
77342,200023919,77,11
77343,247700065,77,11
77344,200033090,77,11
77345,200072544,77,11
77347,200040251,77,11
77348,200023240,77,11
77349,200055655,77,11
77350,200023125,77,11
77352,200070779,77,11
77353,247700032,77,11
77354,200070779,77,11
77355,200040251,77,11
77356,200040251,77,11
77357,200072874,77,11
77358,200072130,77,11
77359,200072346,77,11
77360,200090504,77,11
77361,200090504,77,11
77363,200033090,77,11
77364,200033090,77,11
77365,200072874,77,11
77366,200033090,77,11
77367,247700065,77,11
77368,200037133,77,11
77369,200072130,77,11
77370,200023919,77,11
77371,200090504,77,11
77372,247700594,77,11
77373,200057958,77,11
77374,247700594,77,11
77376,200033090,77,11
77377,200072874,77,11
77378,247700057,77,11
77379,200037133,77,11
77380,247700065,77,11
77381,247700701,77,11
77382,200072130,77,11
77383,247700701,77,11
77384,200059228,77,11
77385,200072544,77,11
77386,200072346,77,11
77387,247700032,77,11
77388,200090504,77,11
77389,247700057,77,11
77390,200057958,77,11
77391,200037133,77,11
77392,200055655,77,11
77393,200072874,77,11
77394,247700057,77,11
77395,200023240,77,11
77396,200037133,77,11
77397,200090504,77,11
77398,200072544,77,11
77400,200090504,77,11
77401,200090504,77,11
77402,200072544,77,11
77403,200037133,77,11
77404,200037133,77,11
77405,200072544,77,11
77406,200072544,77,11
77407,247700057,77,11
77408,200072130,77,11
77409,247700107,77,11
77410,247700057,77,11
77411,200072544,77,11
77412,200072346,77,11
77413,247700339,77,11
77414,200037133,77,11
77415,200090504,77,11
77416,247700701,77,11
77417,200072544,77,11
77418,200037133,77,11
77419,247700032,77,11
77420,200055655,77,11
77421,200072544,77,11
77423,200072544,77,11
77424,200037133,77,11
77425,200072346,77,11
77426,200070779,77,11
77427,200033090,77,11
77428,247700701,77,11
77429,200072544,77,11
77430,200033090,77,11
77431,200023240,77,11
77432,200072544,77,11
77433,200090504,77,11
77434,200040251,77,11
77435,200072346,77,11
77436,200072544,77,11
77437,200072130,77,11
77438,247700594,77,11
77439,247700107,77,11
77440,200090504,77,11
77441,200072346,77,11
77442,200072346,77,11
77443,200090504,77,11
77444,200037133,77,11
77445,200059228,77,11
77446,200040251,77,11
77447,247700057,77,11
77448,200090504,77,11
77449,247700339,77,11
77450,247700644,77,11
77451,200090504,77,11
77452,200040251,77,11
77453,200070779,77,11
77454,200040251,77,11
77455,200070779,77,11
77456,200037133,77,11
77457,200070779,77,11
77458,200023919,77,11
77459,200037133,77,11
77460,247700065,77,11
77461,200040251,77,11
77462,200055655,77,11
77463,247700032,77,11
77464,247700594,77,11
77465,247700107,77,11
77466,200090504,77,11
77467,200040251,77,11
77468,200057958,77,11
77469,200090504,77,11
77470,200023125,77,11
77471,200072346,77,11
77472,200072544,77,11
77473,247700032,77,11
77474,200072130,77,11
77475,200072130,77,11
77476,247700065,77,11
77477,200072346,77,11
77478,200090504,77,11
77479,200057958,77,11
77480,200070779,77,11
77481,247700701,77,11
77482,247700107,77,11
77483,200072130,77,11
77484,200090504,77,11
77485,200072346,77,11
77486,200072874,77,11
77487,247700057,77,11
77489,200023919,77,11
77490,247700065,77,11
77492,200072544,77,11
77493,247700701,77,11
77494,247700032,77,11
77495,200059228,77,11
77496,247700701,77,11
77498,200072130,77,11
77500,200023919,77,11
77501,247700032,77,11
77504,247700032,77,11
77505,200072130,77,11
77506,247700032,77,11
77507,200040251,77,11
77508,247700339,77,11
77509,200040251,77,11
77510,247700339,77,11
77511,200055655,77,11
77512,200072544,77,11
77513,200072130,77,11
77514,200055655,77,11
77515,200033090,77,11
77516,247700032,77,11
77517,200033090,77,11
77518,247700057,77,11
77519,200037133,77,11
77520,200023240,77,11
77521,200090504,77,11
77522,200040251,77,11
77523,200040251,77,11
77524,200040251,77,11
77525,200033090,77,11
77526,247700065,77,11
77527,200072874,77,11
77528,247700057,77,11
77529,200090504,77,11
77530,200037133,77,11
77531,247700107,77,11
77532,200037133,77,11
77533,200072346,77,11
77534,200070779,77,11
78003,200073344,78,11
78005,200059889,78,11
78006,247800550,78,11
78007,200058519,78,11
78009,200073344,78,11
78010,200059889,78,11
78013,200034130,78,11
78015,200059889,78,11
78020,200059889,78,11
78029,200059889,78,11
78030,200073344,78,11
78031,200059889,78,11
78033,200059889,78,11
78034,247800618,78,11
78036,247800618,78,11
78043,247800584,78,11
78048,247800550,78,11
78049,200034130,78,11
78050,247800618,78,11
78053,247800618,78,11
78057,200071074,78,11
78062,247800618,78,11
78068,200071074,78,11
78070,200059889,78,11
78071,200073344,78,11
78072,247800550,78,11
78073,247800584,78,11
78076,247800550,78,11
78077,200073344,78,11
78082,200071074,78,11
78084,247800618,78,11
78087,200073344,78,11
78089,200071074,78,11
78090,200059889,78,11
78092,247800584,78,11
78096,247800550,78,11
78104,200059889,78,11
78107,200071074,78,11
78108,200073344,78,11
78113,200059889,78,11
78117,247800584,78,11
78118,200059889,78,11
78120,200073344,78,11
78123,200059889,78,11
78124,200058519,78,11
78125,200073344,78,11
78126,247800584,78,11
78128,200073344,78,11
78133,200058519,78,11
78138,200059889,78,11
78140,200059889,78,11
78143,247800584,78,11
78146,200058519,78,11
78147,200071074,78,11
78152,200034130,78,11
78158,247800584,78,11
78160,200033173,78,11
78162,200033173,78,11
78163,247800550,78,11
78164,200073344,78,11
78165,200058782,78,11
78168,200058782,78,11
78171,247800550,78,11
78172,200059889,78,11
78185,247800550,78,11
78188,200071074,78,11
78189,200034130,78,11
78190,200058519,78,11
78192,247800550,78,11
78193,200033173,78,11
78194,247800550,78,11
78196,200034130,78,11
78202,200059889,78,11
78206,200059889,78,11
78208,200058782,78,11
78209,200073344,78,11
78217,200059889,78,11
78220,200073344,78,11
78224,200058519,78,11
78227,200059889,78,11
78230,200059889,78,11
78231,200059889,78,11
78233,200034130,78,11
78234,200059889,78,11
78236,247800618,78,11
78237,247800550,78,11
78238,200059889,78,11
78239,200059889,78,11
78242,247800584,78,11
78245,200059889,78,11
78246,200059889,78,11
78255,200071074,78,11
78261,200059889,78,11
78262,247800618,78,11
78263,247800618,78,11
78264,200073344,78,11
78265,247800618,78,11
78267,200059889,78,11
78269,200073344,78,11
78276,200071074,78,11
78278,247800618,78,11
78281,200059889,78,11
78283,247800550,78,11
78285,247800550,78,11
78289,247800618,78,11
78290,200059889,78,11
78291,200059889,78,11
78296,200059889,78,11
78297,200058782,78,11
78299,200059889,78,11
78300,200059889,78,11
78302,247800550,78,11
78305,200034130,78,11
78307,200073344,78,11
78310,247800550,78,11
78311,200058519,78,11
78314,200059889,78,11
78317,200059889,78,11
78320,200071074,78,11
78321,247800618,78,11
78322,247800584,78,11
78324,200059889,78,11
78325,200059889,78,11
78327,200059889,78,11
78329,200059889,78,11
78334,200033173,78,11
78335,200059889,78,11
78337,200071074,78,11
78343,247800584,78,11
78344,200071074,78,11
78346,247800550,78,11
78349,200073344,78,11
78350,200058519,78,11
78354,200059889,78,11
78356,200058782,78,11
78358,200058519,78,11
78361,200059889,78,11
78362,200059889,78,11
78364,247800618,78,11
78366,247800618,78,11
78367,200058519,78,11
78368,200034130,78,11
78372,200058519,78,11
78380,200034130,78,11
78381,247800550,78,11
78382,249500109,78,11
78383,200058782,78,11
78384,200059889,78,11
78385,200071074,78,11
78389,247800618,78,11
78391,200059889,78,11
78396,200058519,78,11
78397,200033173,78,11
78398,247800618,78,11
78401,200059889,78,11
78402,200059889,78,11
78403,200059889,78,11
78404,247800618,78,11
78406,200033173,78,11
78407,200073344,78,11
78410,200071074,78,11
78413,247800550,78,11
78415,200034130,78,11
78416,200059889,78,11
78417,247800550,78,11
78418,200058519,78,11
78420,247800618,78,11
78423,200058782,78,11
78431,200059889,78,11
78437,200059889,78,11
78439,247800550,78,11
78440,200059889,78,11
78442,247800618,78,11
78443,247800618,78,11
78444,200071074,78,11
78451,200059889,78,11
78455,247800584,78,11
78460,200059889,78,11
78464,200073344,78,11
78465,247800550,78,11
78466,200059889,78,11
78470,200073344,78,11
78472,200073344,78,11
78474,247800550,78,11
78475,247800550,78,11
78478,200073344,78,11
78481,200058519,78,11
78484,200059889,78,11
78486,200073344,78,11
78490,200058782,78,11
78497,200073344,78,11
78498,200059889,78,11
78499,200073344,78,11
78501,200059889,78,11
78502,200058519,78,11
78505,247800550,78,11
78506,200073344,78,11
78513,247800618,78,11
78516,200073344,78,11
78517,200073344,78,11
78518,247800584,78,11
78520,247800550,78,11
78522,200073344,78,11
78528,200059889,78,11
78530,247800550,78,11
78531,200059889,78,11
78536,200059889,78,11
78537,200073344,78,11
78545,247800584,78,11
78548,200033173,78,11
78550,247800618,78,11
78551,200058519,78,11
78557,200073344,78,11
78558,200071074,78,11
78559,200071074,78,11
78561,200033173,78,11
78562,200073344,78,11
78564,200073344,78,11
78565,247800550,78,11
78567,200059889,78,11
78569,200073344,78,11
78571,200034130,78,11
78575,200033173,78,11
78576,247800618,78,11
78586,200058519,78,11
78588,247800618,78,11
78590,200033173,78,11
78591,247800550,78,11
78597,200059889,78,11
78601,200073344,78,11
78605,247800550,78,11
78606,247800550,78,11
78608,200059889,78,11
78609,200059889,78,11
78615,247800618,78,11
78616,247800618,78,11
78618,247800550,78,11
78620,247800584,78,11
78621,200058782,78,11
78623,247800618,78,11
78624,200059889,78,11
78638,200059889,78,11
78640,247800584,78,11
78642,200059889,78,11
78643,200059889,78,11
78644,200058782,78,11
78646,247800584,78,11
78647,200059889,78,11
78650,200058519,78,11
78653,247800618,78,11
78655,200073344,78,11
78668,200071074,78,11
78672,200059889,78,11
78674,200058782,78,11
78677,247800550,78,11
78681,247800618,78,11
78683,247800618,78,11
78686,247800584,78,11
78688,200058782,78,11
79001,200040244,79,75
79002,200041333,79,75
79003,200041317,79,75
79005,200041416,79,75
79007,200041333,79,75
79008,200041333,79,75
79009,200041317,79,75
79010,200041317,79,75
79012,200069748,79,75
79013,200040244,79,75
79014,247900798,79,75
79015,200069755,79,75
79016,200041416,79,75
79018,200069755,79,75
79019,200041333,79,75
79020,200041994,79,75
79022,200041416,79,75
79023,200041994,79,75
79024,200041994,79,75
79025,200041333,79,75
79029,200069748,79,75
79030,200069755,79,75
79031,200041317,79,75
79032,200069748,79,75
79034,200041317,79,75
79038,200040244,79,75
79040,200069748,79,75
79042,200041994,79,75
79046,200041317,79,75
79047,200041416,79,75
79048,200041994,79,75
79049,200040244,79,75
79050,200040244,79,75
79055,200069755,79,75
79056,247900798,79,75
79057,200069755,79,75
79058,200041317,79,75
79059,200069748,79,75
79061,200069755,79,75
79062,200040244,79,75
79063,247900798,79,75
79064,200069755,79,75
79066,200069748,79,75
79069,200040244,79,75
79070,200069748,79,75
79071,200041333,79,75
79074,200069755,79,75
79076,200040244,79,75
79077,200069748,79,75
79078,200041317,79,75
79079,200040244,79,75
79080,200041333,79,75
79081,200041317,79,75
79083,200069755,79,75
79084,200069755,79,75
79085,200069755,79,75
79086,200041994,79,75
79087,200069755,79,75
79088,200040244,79,75
79089,200041416,79,75
79090,200069755,79,75
79091,200040244,79,75
79092,200069748,79,75
79094,200040244,79,75
79095,200069755,79,75
79096,200040244,79,75
79100,200041317,79,75
79101,200069748,79,75
79102,247900798,79,75
79103,200040244,79,75
79104,200069748,79,75
79105,200041333,79,75
79106,200069755,79,75
79108,200041333,79,75
79109,200041317,79,75
79111,200069755,79,75
79112,200041317,79,75
79114,200041994,79,75
79115,200069755,79,75
79116,200040244,79,75
79117,200069748,79,75
79118,200041333,79,75
79119,200069748,79,75
79120,200041333,79,75
79121,200041333,79,75
79122,200069755,79,75
79123,200040244,79,75
79124,200041333,79,75
79125,200041317,79,75
79126,200069755,79,75
79127,200041317,79,75
79128,200041994,79,75
79129,200069755,79,75
79130,200041317,79,75
79131,200040244,79,75
79132,200040244,79,75
79133,200041317,79,75
79134,247900798,79,75
79135,200041333,79,75
79136,200069755,79,75
79137,200041317,79,75
79139,200069748,79,75
79140,200069755,79,75
79141,200041416,79,75
79142,200069755,79,75
79144,200041317,79,75
79145,200041333,79,75
79147,200040244,79,75
79148,200069755,79,75
79149,200041333,79,75
79150,200069755,79,75
79152,200069755,79,75
79153,200069755,79,75
79154,200069755,79,75
79156,200041416,79,75
79157,247900798,79,75
79158,200069755,79,75
79159,247900798,79,75
79160,200069755,79,75
79161,247900798,79,75
79162,200041317,79,75
79163,200069755,79,75
79164,200069755,79,75
79165,200041416,79,75
79166,200041317,79,75
79167,247900798,79,75
79170,200041317,79,75
79172,200069748,79,75
79174,200069755,79,75
79175,200069755,79,75
79176,200041333,79,75
79177,200069755,79,75
79179,200040244,79,75
79183,200040244,79,75
79184,200069755,79,75
79185,200069755,79,75
79189,200041994,79,75
79190,200040244,79,75
79191,200041317,79,75
79195,200040244,79,75
79196,247900798,79,75
79197,200041333,79,75
79198,200069755,79,75
79200,200069748,79,75
79201,200041994,79,75
79202,200041333,79,75
79203,247900798,79,75
79204,200069755,79,75
79207,200040244,79,75
79208,200041333,79,75
79209,247900798,79,75
79210,200040244,79,75
79213,200041333,79,75
79215,200041333,79,75
79216,200041317,79,75
79217,200069755,79,75
79218,200041333,79,75
79220,200041317,79,75
79223,200069748,79,75
79225,200041333,79,75
79226,200041333,79,75
79229,200041317,79,75
79230,200069755,79,75
79231,200041994,79,75
79235,200040244,79,75
79236,200040244,79,75
79238,200040244,79,75
79239,200041333,79,75
79241,200069748,79,75
79242,200040244,79,75
79243,200069755,79,75
79244,247900798,79,75
79246,200041994,79,75
79249,200041317,79,75
79250,247900798,79,75
79251,200069755,79,75
79252,247900798,79,75
79253,200069748,79,75
79254,200041317,79,75
79255,200041333,79,75
79256,200041333,79,75
79257,200041317,79,75
79258,247900798,79,75
79259,247900798,79,75
79263,200069748,79,75
79265,247900798,79,75
79267,200069748,79,75
79268,200041416,79,75
79269,200069748,79,75
79270,200041994,79,75
79271,200069748,79,75
79273,200041317,79,75
79274,247900798,79,75
79276,200041994,79,75
79277,247900798,79,75
79278,200041333,79,75
79280,200040244,79,75
79281,200041317,79,75
79283,200041994,79,75
79284,200069748,79,75
79285,200069748,79,75
79286,200040244,79,75
79289,200040244,79,75
79290,200069748,79,75
79293,200041317,79,75
79294,200041317,79,75
79295,200069755,79,75
79297,200069755,79,75
79298,200041317,79,75
79299,247900798,79,75
79300,247900798,79,75
79301,200069755,79,75
79302,200041994,79,75
79303,200041994,79,75
79304,200041317,79,75
79306,200041333,79,75
79307,200069755,79,75
79308,200041317,79,75
79309,200069748,79,75
79310,200069755,79,75
79311,200041333,79,75
79312,200069755,79,75
79313,200069755,79,75
79316,200041994,79,75
79319,200041994,79,75
79320,200069748,79,75
79322,200041333,79,75
79326,200041333,79,75
79329,247900798,79,75
79331,247900798,79,75
79332,200040244,79,75
79334,200041317,79,75
79335,200041317,79,75
79336,200069755,79,75
79337,200041317,79,75
79338,200069755,79,75
79339,200041333,79,75
79340,200041333,79,75
79341,200041333,79,75
79342,200041333,79,75
79343,200069755,79,75
79345,200069748,79,75
79346,200069755,79,75
79347,200041333,79,75
79348,200069755,79,75
79349,200069755,79,75
79350,200069755,79,75
79351,200041317,79,75
79352,200069755,79,75
79354,200069748,79,75
79355,200041317,79,75
79357,200069748,79,75
80001,200070993,80,32
80002,200070928,80,32
80003,248000747,80,32
80004,200070944,80,32
80005,200070951,80,32
80006,200070936,80,32
80008,200070944,80,32
80009,200070936,80,32
80010,200070969,80,32
80011,200071223,80,32
80013,200071181,80,32
80014,200037059,80,32
80015,200037059,80,32
80016,248000747,80,32
80017,200037059,80,32
80018,247600588,80,32
80019,200071181,80,32
80020,248000531,80,32
80021,248000531,80,32
80022,200071181,80,32
80023,200070977,80,32
80024,200071223,80,32
80025,200070936,80,32
80026,200071181,80,32
80027,200070977,80,32
80028,248000747,80,32
80029,200070993,80,32
80030,200070936,80,32
80031,200070969,80,32
80032,200070977,80,32
80033,200070928,80,32
80034,200070985,80,32
80035,200070969,80,32
80036,248000499,80,32
80037,200070969,80,32
80038,248000747,80,32
80039,247600588,80,32
80040,200071181,80,32
80041,200071181,80,32
80042,200070951,80,32
80043,248000747,80,32
80044,200070951,80,32
80045,248000747,80,32
80046,200071181,80,32
80047,248000747,80,32
80048,200071181,80,32
80049,200070977,80,32
80050,200071181,80,32
80051,200070993,80,32
80052,248000499,80,32
80053,200070977,80,32
80054,200037059,80,32
80055,200070951,80,32
80056,200070951,80,32
80057,248000747,80,32
80058,200070928,80,32
80059,248000747,80,32
80060,200070951,80,32
80061,200071181,80,32
80062,200071181,80,32
80063,247600588,80,32
80064,200070969,80,32
80065,248000747,80,32
80066,200070951,80,32
80067,200070928,80,32
80068,200070951,80,32
80069,248000747,80,32
80070,200070951,80,32
80071,200070951,80,32
80073,248000747,80,32
80074,200070977,80,32
80076,200070944,80,32
80077,200070951,80,32
80078,200070993,80,32
80079,200071181,80,32
80080,200070928,80,32
80081,200071181,80,32
80082,200071223,80,32
80083,200071181,80,32
80084,200071181,80,32
80085,200070951,80,32
80086,200070951,80,32
80087,200070936,80,32
80088,200037059,80,32
80089,200070951,80,32
80090,200070928,80,32
80092,248000531,80,32
80093,200071223,80,32
80094,200070969,80,32
80095,248000747,80,32
80096,200070944,80,32
80097,200070985,80,32
80098,200071181,80,32
80099,200070993,80,32
80100,200071223,80,32
80101,200070977,80,32
80102,200037059,80,32
80103,200070977,80,32
80104,200069722,80,32
80105,200070985,80,32
80106,200071181,80,32
80107,248000531,80,32
80108,200070951,80,32
80109,200070936,80,32
80110,200070993,80,32
80112,248000499,80,32
80113,200070951,80,32
80114,200071181,80,32
80115,200037059,80,32
80116,200070928,80,32
80117,200071223,80,32
80118,200070936,80,32
80119,200071181,80,32
80120,200069722,80,32
80121,200070977,80,32
80122,200070951,80,32
80123,200071223,80,32
80124,200070944,80,32
80125,200070977,80,32
80126,200069722,80,32
80127,247600588,80,32
80128,200037059,80,32
80129,248000747,80,32
80130,248000531,80,32
80131,248000531,80,32
80132,200070969,80,32
80133,200070936,80,32
80134,200071181,80,32
80135,200070993,80,32
80136,248000747,80,32
80137,200071223,80,32
80138,248000499,80,32
80139,200070985,80,32
80140,200070951,80,32
80141,200037059,80,32
80142,200071181,80,32
80143,200071181,80,32
80144,200070985,80,32
80145,200070936,80,32
80146,200070993,80,32
80147,200070936,80,32
80148,247600588,80,32
80149,200070936,80,32
80150,200037059,80,32
80151,248000747,80,32
80152,200070977,80,32
80153,248000747,80,32
80154,200037059,80,32
80155,200070936,80,32
80156,248000499,80,32
80157,200071181,80,32
80158,200070985,80,32
80159,248000499,80,32
80160,248000531,80,32
80161,200070944,80,32
80162,200070928,80,32
80163,200070993,80,32
80164,248000531,80,32
80165,200071181,80,32
80166,200071223,80,32
80167,200070936,80,32
80168,200070951,80,32
80169,200071181,80,32
80170,200070977,80,32
80171,200070993,80,32
80172,248000747,80,32
80173,248000531,80,32
80174,200070977,80,32
80176,200070977,80,32
80177,200037059,80,32
80179,200071181,80,32
80180,200071223,80,32
80181,200070969,80,32
80182,200070993,80,32
80183,200071181,80,32
80184,248000499,80,32
80185,200070977,80,32
80186,200070928,80,32
80187,200071223,80,32
80188,200070969,80,32
80189,200070928,80,32
80190,200070944,80,32
80191,200070928,80,32
80192,248000499,80,32
80193,200070969,80,32
80194,200070928,80,32
80195,248000747,80,32
80196,200070993,80,32
80197,200070985,80,32
80198,248000531,80,32
80199,200037059,80,32
80200,200070936,80,32
80201,248000747,80,32
80202,200070951,80,32
80203,248000747,80,32
80204,200037059,80,32
80205,200070993,80,32
80206,248000747,80,32
80207,200070951,80,32
80208,200070951,80,32
80210,200071181,80,32
80211,200071181,80,32
80212,248000499,80,32
80213,200070969,80,32
80214,200070969,80,32
80215,200070936,80,32
80216,248000747,80,32
80217,248000747,80,32
80218,200071181,80,32
80219,200071181,80,32
80220,200070977,80,32
80221,200070936,80,32
80222,200070936,80,32
80223,200070977,80,32
80224,200070977,80,32
80225,248000531,80,32
80226,200070985,80,32
80227,200071181,80,32
80228,200070936,80,32
80229,200071223,80,32
80230,200070985,80,32
80231,248000747,80,32
80232,200070977,80,32
80233,200070977,80,32
80234,248000499,80,32
80235,247600588,80,32
80236,200070977,80,32
80237,200070969,80,32
80238,248000747,80,32
80239,200037059,80,32
80240,200037059,80,32
80241,200071223,80,32
80242,200070969,80,32
80243,200070951,80,32
80244,200070936,80,32
80245,200070951,80,32
80246,200070969,80,32
80247,200070928,80,32
80248,200070936,80,32
80249,200070936,80,32
80250,200070936,80,32
80251,200070993,80,32
80252,200070985,80,32
80253,200070951,80,32
80256,248000531,80,32
80258,200037059,80,32
80259,200071181,80,32
80260,200070993,80,32
80261,248000531,80,32
80262,200070993,80,32
80263,200070977,80,32
80264,248000747,80,32
80265,247600588,80,32
80266,248000747,80,32
80267,200070985,80,32
80268,200070993,80,32
80269,200071181,80,32
80270,200070951,80,32
80271,200037059,80,32
80272,200070985,80,32
80273,200071181,80,32
80274,200070985,80,32
80275,200037059,80,32
80276,200071181,80,32
80278,200070977,80,32
80279,200070977,80,32
80280,200070944,80,32
80281,200070936,80,32
80282,200070993,80,32
80283,200070969,80,32
80284,200070985,80,32
80285,200071181,80,32
80287,200070993,80,32
80288,200070928,80,32
80290,200070936,80,32
80291,248000531,80,32
80292,200070977,80,32
80293,200070977,80,32
80294,200037059,80,32
80295,248000747,80,32
80296,200071223,80,32
80297,200071181,80,32
80298,200037059,80,32
80299,200070969,80,32
80300,200070985,80,32
80301,200071181,80,32
80302,200070977,80,32
80303,200070936,80,32
80304,200070928,80,32
80305,248000531,80,32
80306,200070977,80,32
80307,200037059,80,32
80308,200070944,80,32
80310,200070951,80,32
80311,200070977,80,32
80312,200037059,80,32
80313,200037059,80,32
80314,200037059,80,32
80315,200070969,80,32
80316,200070951,80,32
80317,200071181,80,32
80318,200071223,80,32
80319,200071181,80,32
80320,200070928,80,32
80321,200070969,80,32
80322,200070977,80,32
80324,200071181,80,32
80325,200070928,80,32
80326,200070977,80,32
80327,200070936,80,32
80328,200070993,80,32
80329,248000747,80,32
80330,200071181,80,32
80331,200070936,80,32
80332,200070936,80,32
80333,200070936,80,32
80334,200071181,80,32
80335,200070928,80,32
80336,200071181,80,32
80337,200070969,80,32
80338,248000499,80,32
80339,200070928,80,32
80340,200071181,80,32
80341,200071223,80,32
80342,200070928,80,32
80343,200071181,80,32
80344,200070936,80,32
80345,200070993,80,32
80346,200071223,80,32
80347,200070928,80,32
80348,200071223,80,32
80349,200070969,80,32
80350,248000499,80,32
80351,200070951,80,32
80352,200071181,80,32
80353,200070928,80,32
80354,200071181,80,32
80355,200071181,80,32
80356,200071181,80,32
80357,200071181,80,32
80358,200070969,80,32
80359,200070977,80,32
80360,200070944,80,32
80361,200071181,80,32
80362,200069722,80,32
80364,247600588,80,32
80365,200071181,80,32
80366,248000747,80,32
80367,248000747,80,32
80368,200070944,80,32
80369,200070951,80,32
80371,200070936,80,32
80372,200070993,80,32
80373,247600588,80,32
80374,200070936,80,32
80375,200071181,80,32
80376,248000499,80,32
80377,200070951,80,32
80378,200037059,80,32
80379,248000531,80,32
80380,200070936,80,32
80381,200070951,80,32
80383,200070977,80,32
80384,248000747,80,32
80385,200070993,80,32
80386,200070977,80,32
80387,248000531,80,32
80388,200070944,80,32
80390,200070969,80,32
80391,200070977,80,32
80392,200070951,80,32
80393,200070977,80,32
80395,200070977,80,32
80396,200070936,80,32
80397,200037059,80,32
80399,248000531,80,32
80400,200070928,80,32
80401,200037059,80,32
80402,200071181,80,32
80403,200070969,80,32
80404,200037059,80,32
80405,200070969,80,32
80406,200070993,80,32
80407,200070969,80,32
80408,200071223,80,32
80409,200070928,80,32
80410,200070985,80,32
80411,248000499,80,32
80412,248000499,80,32
80413,200037059,80,32
80414,200070969,80,32
80415,200070969,80,32
80416,200071223,80,32
80417,200070928,80,32
80418,200037059,80,32
80420,248000747,80,32
80421,200070977,80,32
80422,200070936,80,32
80423,200071223,80,32
80424,248000531,80,32
80425,248000747,80,32
80426,248000499,80,32
80427,200070951,80,32
80428,200037059,80,32
80429,248000499,80,32
80430,200037059,80,32
80431,248000747,80,32
80432,200070928,80,32
80433,200070977,80,32
80434,200037059,80,32
80435,200037059,80,32
80436,200071181,80,32
80437,200071181,80,32
80438,200037059,80,32
80439,200070951,80,32
80440,200070951,80,32
80442,200070985,80,32
80443,200071181,80,32
80444,200070944,80,32
80445,200070951,80,32
80446,200070993,80,32
80449,200070969,80,32
80450,200071181,80,32
80451,248000747,80,32
80452,200070969,80,32
80453,200070977,80,32
80455,200071181,80,32
80456,200071181,80,32
80458,248000499,80,32
80459,200071181,80,32
80460,200071181,80,32
80461,248000499,80,32
80462,200070936,80,32
80463,248000499,80,32
80464,200070993,80,32
80465,200070985,80,32
80466,200071223,80,32
80467,200070977,80,32
80468,248000747,80,32
80469,200070969,80,32
80470,248000747,80,32
80472,200037059,80,32
80473,200070977,80,32
80474,200070985,80,32
80475,200037059,80,32
80476,200070993,80,32
80477,200070936,80,32
80478,200070977,80,32
80479,200071181,80,32
80480,200071181,80,32
80481,200070928,80,32
80482,200070993,80,32
80484,200071181,80,32
80485,200071181,80,32
80486,200070936,80,32
80487,200037059,80,32
80488,200070993,80,32
80489,248000531,80,32
80490,200037059,80,32
80491,200070951,80,32
80493,248000747,80,32
80494,200070969,80,32
80495,200070951,80,32
80496,200070936,80,32
80497,200070936,80,32
80498,248000747,80,32
80499,200070969,80,32
80500,200069722,80,32
80501,200070936,80,32
80502,200070936,80,32
80503,200070951,80,32
80504,200070977,80,32
80505,248000747,80,32
80507,248000499,80,32
80508,200070977,80,32
80509,200070928,80,32
80511,200070977,80,32
80512,200070993,80,32
80513,248000747,80,32
80514,248000747,80,32
80515,200071181,80,32
80516,200037059,80,32
80517,200070977,80,32
80518,200069722,80,32
80519,200070985,80,32
80520,200070928,80,32
80521,200037059,80,32
80522,200071181,80,32
80523,248000747,80,32
80524,200070928,80,32
80525,200071181,80,32
80526,200070951,80,32
80527,200070944,80,32
80528,200071181,80,32
80529,200070993,80,32
80530,248000499,80,32
80531,200071181,80,32
80533,247600588,80,32
80535,200071223,80,32
80536,200037059,80,32
80537,200070936,80,32
80538,200037059,80,32
80540,248000747,80,32
80541,200070977,80,32
80542,200070985,80,32
80543,200071181,80,32
80544,200070951,80,32
80545,200070969,80,32
80546,200070944,80,32
80547,248000747,80,32
80548,200070936,80,32
80549,248000747,80,32
80550,200070951,80,32
80552,200037059,80,32
80553,200070951,80,32
80554,200071181,80,32
80555,200070985,80,32
80556,200070993,80,32
80557,200037059,80,32
80558,200071181,80,32
80559,200071181,80,32
80560,248000747,80,32
80561,200070977,80,32
80562,200070951,80,32
80563,200070951,80,32
80565,200070951,80,32
80566,200070951,80,32
80568,200070985,80,32
80569,248000499,80,32
80570,200070969,80,32
80571,200070969,80,32
80572,248000747,80,32
80573,200071181,80,32
80574,200070936,80,32
80575,200071181,80,32
80576,200070985,80,32
80577,200071181,80,32
80578,200070944,80,32
80579,200070985,80,32
80580,200070936,80,32
80582,200071181,80,32
80583,200071181,80,32
80584,200070951,80,32
80585,200070985,80,32
80586,200071181,80,32
80587,200071181,80,32
80588,200070993,80,32
80589,200070936,80,32
80590,200070936,80,32
80591,200071181,80,32
80592,200071181,80,32
80593,248000747,80,32
80595,200070969,80,32
80596,200070951,80,32
80597,200070944,80,32
80598,200070936,80,32
80599,200070936,80,32
80600,200070936,80,32
80601,200037059,80,32
80602,200070951,80,32
80603,200070944,80,32
80604,200071181,80,32
80605,200070985,80,32
80606,200071181,80,32
80607,200071181,80,32
80609,200070936,80,32
80611,200071181,80,32
80613,247600588,80,32
80614,200070951,80,32
80615,248000747,80,32
80616,200070985,80,32
80617,200070928,80,32
80618,200070993,80,32
80619,200071223,80,32
80620,200037059,80,32
80621,200070928,80,32
80622,200071223,80,32
80623,200070977,80,32
80624,200070951,80,32
80625,200070977,80,32
80626,248000531,80,32
80627,200071181,80,32
80628,200070969,80,32
80629,200037059,80,32
80630,200071181,80,32
80631,200070936,80,32
80632,248000531,80,32
80633,200070936,80,32
80634,248000499,80,32
80635,200070936,80,32
80637,200070936,80,32
80638,200070985,80,32
80639,248000531,80,32
80640,248000747,80,32
80642,200070951,80,32
80643,200071181,80,32
80644,200070928,80,32
80645,248000747,80,32
80646,200070928,80,32
80647,200070928,80,32
80648,248000747,80,32
80649,200070936,80,32
80650,248000531,80,32
80651,200071181,80,32
80652,200070969,80,32
80654,200070944,80,32
80655,200071181,80,32
80656,200071181,80,32
80657,200070969,80,32
80658,200070985,80,32
80659,248000747,80,32
80661,200070951,80,32
80662,200069722,80,32
80663,200071181,80,32
80664,200037059,80,32
80665,200070936,80,32
80666,200070951,80,32
80667,200070977,80,32
80668,248000531,80,32
80669,200070985,80,32
80670,248000531,80,32
80671,200071223,80,32
80672,248000499,80,32
80673,200071181,80,32
80674,248000531,80,32
80675,200070969,80,32
80676,200070977,80,32
80677,200037059,80,32
80678,200070977,80,32
80679,200037059,80,32
80680,200070928,80,32
80681,200070969,80,32
80682,200070928,80,32
80683,200070985,80,32
80684,200070985,80,32
80685,200070977,80,32
80686,200070951,80,32
80687,200070977,80,32
80688,200070936,80,32
80690,248000531,80,32
80691,200070993,80,32
80692,200070936,80,32
80693,248000499,80,32
80694,248000499,80,32
80695,200037059,80,32
80696,248000531,80,32
80697,200070951,80,32
80698,200071181,80,32
80699,200071181,80,32
80700,200070993,80,32
80701,200070985,80,32
80702,248000531,80,32
80703,200071181,80,32
80704,200070951,80,32
80705,248000747,80,32
80706,200071223,80,32
80707,200071181,80,32
80708,200070977,80,32
80709,200071181,80,32
80710,200069722,80,32
80711,200071223,80,32
80713,200070936,80,32
80714,247600588,80,32
80716,200070936,80,32
80717,248000531,80,32
80718,200071223,80,32
80719,200071181,80,32
80721,200070993,80,32
80722,248000531,80,32
80723,200071223,80,32
80724,248000531,80,32
80725,248000531,80,32
80726,200070985,80,32
80728,200071181,80,32
80729,200070969,80,32
80730,248000531,80,32
80732,200071181,80,32
80733,248000747,80,32
80734,200071181,80,32
80735,248000531,80,32
80736,200070993,80,32
80737,200037059,80,32
80738,200071223,80,32
80740,200070969,80,32
80741,200070928,80,32
80742,200071223,80,32
80743,248000747,80,32
80744,200071181,80,32
80746,200070951,80,32
80747,200037059,80,32
80748,200037059,80,32
80749,200070951,80,32
80750,200070985,80,32
80751,200070969,80,32
80752,248000531,80,32
80753,248000747,80,32
80754,200071181,80,32
80755,200071181,80,32
80756,248000747,80,32
80757,200071181,80,32
80758,200070969,80,32
80759,200070977,80,32
80760,200069722,80,32
80762,200037059,80,32
80763,200070936,80,32
80764,200070944,80,32
80765,200070944,80,32
80766,248000747,80,32
80767,200071181,80,32
80769,248000499,80,32
80770,200070944,80,32
80771,200070985,80,32
80773,200070951,80,32
80774,248000499,80,32
80775,200070944,80,32
80776,248000747,80,32
80777,248000747,80,32
80778,200071223,80,32
80779,200070993,80,32
80780,200070993,80,32
80781,200070928,80,32
80782,248000531,80,32
80783,200070993,80,32
80784,248000499,80,32
80785,248000499,80,32
80786,200071181,80,32
80787,200070936,80,32
80788,200071181,80,32
80789,200070928,80,32
80790,200070977,80,32
80791,248000531,80,32
80792,200070951,80,32
80793,200071223,80,32
80794,200070985,80,32
80795,200071223,80,32
80796,200071181,80,32
80797,200070969,80,32
80798,200070951,80,32
80799,248000499,80,32
80800,200071181,80,32
80801,200037059,80,32
80802,200037059,80,32
80803,200070977,80,32
80804,200070936,80,32
80805,200070977,80,32
80806,200070936,80,32
80807,248000747,80,32
80808,200070936,80,32
80809,200069722,80,32
80810,200069672,80,32
80811,200070985,80,32
80812,200037059,80,32
80813,200071181,80,32
80814,200070928,80,32
80815,200070936,80,32
80819,200070951,80,32
80820,248000499,80,32
80821,200071181,80,32
80822,200070977,80,32
80823,200070928,80,32
80824,200070928,80,32
80825,200070993,80,32
80826,247600588,80,32
80827,200070944,80,32
80828,200071181,80,32
80829,200070985,80,32
80832,200070936,80,32
80833,200070936,80,32
80834,200070944,80,32
80835,200071223,80,32
80836,200070993,80,32
81001,248100158,81,76
81002,248100430,81,76
81003,200034031,81,76
81004,248100737,81,76
81005,248100745,81,76
81006,248100158,81,76
81007,200066124,81,76
81008,200040905,81,76
81009,200034064,81,76
81010,200034031,81,76
81011,200034023,81,76
81012,200066124,81,76
81013,248100497,81,76
81014,200066553,81,76
81015,248100158,81,76
81016,243100567,81,76
81017,200034049,81,76
81018,248100737,81,76
81019,248100497,81,76
81020,200066124,81,76
81021,248100430,81,76
81022,200034023,81,76
81023,200066553,81,76
81024,200066124,81,76
81025,200034023,81,76
81026,200034031,81,76
81027,243100567,81,76
81028,200066553,81,76
81029,200066124,81,76
81030,248100158,81,76
81031,200066561,81,76
81032,243100567,81,76
81033,200040905,81,76
81034,248100430,81,76
81035,200034064,81,76
81036,248100745,81,76
81037,200066561,81,76
81038,200066124,81,76
81039,200066124,81,76
81040,200034056,81,76
81041,200066124,81,76
81042,200066561,81,76
81043,200066124,81,76
81044,200034056,81,76
81045,200034064,81,76
81046,200066124,81,76
81047,248100497,81,76
81048,200040905,81,76
81049,243100567,81,76
81050,248100158,81,76
81051,200066124,81,76
81052,248100737,81,76
81053,200066561,81,76
81054,248100158,81,76
81055,243100567,81,76
81056,200066124,81,76
81058,200034056,81,76
81059,248100737,81,76
81060,200040905,81,76
81061,200066124,81,76
81062,200066561,81,76
81063,248100737,81,76
81064,200066124,81,76
81065,248100430,81,76
81066,248100430,81,76
81067,200066124,81,76
81068,200040905,81,76
81069,200034064,81,76
81070,200066124,81,76
81071,248100497,81,76
81072,200040905,81,76
81073,248100497,81,76
81074,248100737,81,76
81075,200034056,81,76
81076,248100158,81,76
81077,200034031,81,76
81078,200034056,81,76
81079,248100737,81,76
81080,200034064,81,76
81081,248100158,81,76
81082,248100497,81,76
81083,243100567,81,76
81084,248100158,81,76
81085,200066553,81,76
81086,200066553,81,76
81087,200066124,81,76
81088,200034049,81,76
81089,248100497,81,76
81090,200066124,81,76
81092,200034056,81,76
81093,200066124,81,76
81094,248100497,81,76
81095,200034064,81,76
81096,200034031,81,76
81097,248100737,81,76
81098,200034056,81,76
81099,200066124,81,76
81100,243100567,81,76
81101,200040905,81,76
81102,200034023,81,76
81103,200066553,81,76
81104,200066124,81,76
81105,200066124,81,76
81106,200066124,81,76
81108,200066124,81,76
81109,200034056,81,76
81110,200040905,81,76
81111,200034064,81,76
81112,200066124,81,76
81114,200040905,81,76
81115,248100745,81,76
81116,200034023,81,76
81117,200066124,81,76
81118,200034056,81,76
81119,200034049,81,76
81120,248100430,81,76
81121,248100745,81,76
81122,248100497,81,76
81123,200034064,81,76
81124,200066553,81,76
81125,200066561,81,76
81126,200034023,81,76
81127,248100158,81,76
81128,200066561,81,76
81129,248100158,81,76
81130,248100430,81,76
81131,200066124,81,76
81132,200034056,81,76
81133,200034049,81,76
81134,200066553,81,76
81135,200034064,81,76
81136,200066124,81,76
81137,200066561,81,76
81138,200066124,81,76
81139,200034056,81,76
81140,200034023,81,76
81141,248100497,81,76
81142,243100567,81,76
81143,248100158,81,76
81144,248100737,81,76
81145,200066124,81,76
81146,200034064,81,76
81147,200034049,81,76
81148,200034064,81,76
81149,200066124,81,76
81150,200034023,81,76
81151,200034056,81,76
81152,200040905,81,76
81154,200034064,81,76
81156,248100737,81,76
81157,200034023,81,76
81158,200066561,81,76
81159,200034023,81,76
81160,248100158,81,76
81161,200034031,81,76
81162,248100158,81,76
81163,248100430,81,76
81164,200066124,81,76
81165,200034064,81,76
81166,200040905,81,76
81167,200034031,81,76
81168,200040905,81,76
81169,200034056,81,76
81170,200040905,81,76
81171,200066124,81,76
81172,200040905,81,76
81173,200034023,81,76
81174,200034056,81,76
81175,200066124,81,76
81176,200066124,81,76
81177,200066561,81,76
81178,200066124,81,76
81179,243100567,81,76
81180,200040905,81,76
81181,200034056,81,76
81182,200034049,81,76
81183,200034031,81,76
81184,248200107,81,76
81185,200066124,81,76
81186,200040905,81,76
81187,200034056,81,76
81188,200066553,81,76
81189,248100158,81,76
81190,200034031,81,76
81191,200034064,81,76
81192,200066553,81,76
81193,200066553,81,76
81195,248100430,81,76
81196,248100430,81,76
81197,200034064,81,76
81198,200034049,81,76
81199,248100497,81,76
81200,243100567,81,76
81201,200040905,81,76
81202,200066124,81,76
81203,200034031,81,76
81204,248100430,81,76
81205,248100158,81,76
81206,200034064,81,76
81207,200034056,81,76
81208,200066124,81,76
81209,248100430,81,76
81210,243100567,81,76
81211,200034049,81,76
81212,200034056,81,76
81213,200034056,81,76
81214,243100567,81,76
81215,200066124,81,76
81216,200034056,81,76
81217,200066124,81,76
81218,248100737,81,76
81219,248100158,81,76
81220,200066124,81,76
81221,200034031,81,76
81222,200034049,81,76
81223,248100745,81,76
81224,200034064,81,76
81225,200066124,81,76
81227,200066561,81,76
81228,200066124,81,76
81229,200034023,81,76
81230,200040905,81,76
81231,248100745,81,76
81232,248100737,81,76
81233,200034049,81,76
81234,200034064,81,76
81235,248100158,81,76
81236,200034023,81,76
81237,243100567,81,76
81238,248100430,81,76
81239,248100745,81,76
81240,200034031,81,76
81242,248100158,81,76
81243,200066124,81,76
81244,200040905,81,76
81245,200040905,81,76
81246,200066124,81,76
81247,248100497,81,76
81248,200066124,81,76
81249,200040905,81,76
81250,200034056,81,76
81251,248100158,81,76
81252,200066561,81,76
81253,248100497,81,76
81254,200040905,81,76
81255,200034023,81,76
81256,200066561,81,76
81257,248100737,81,76
81258,200034056,81,76
81259,248100497,81,76
81261,200034023,81,76
81262,200034064,81,76
81263,200034064,81,76
81264,248100497,81,76
81265,200034064,81,76
81266,200034056,81,76
81267,200066561,81,76
81268,200066553,81,76
81269,200066561,81,76
81270,248100158,81,76
81271,200034023,81,76
81272,200066124,81,76
81273,248100158,81,76
81274,248100737,81,76
81275,200034064,81,76
81276,200066124,81,76
81277,248100497,81,76
81278,248100745,81,76
81279,200066124,81,76
81280,200040905,81,76
81281,248100158,81,76
81282,200066553,81,76
81283,200066124,81,76
81284,248100737,81,76
81285,248100497,81,76
81286,200034056,81,76
81287,200034049,81,76
81288,243100567,81,76
81289,248100158,81,76
81290,200034064,81,76
81291,200040905,81,76
81292,200040905,81,76
81293,200066124,81,76
81294,200066124,81,76
81295,200034031,81,76
81297,248100737,81,76
81298,200034023,81,76
81299,200034056,81,76
81300,200066124,81,76
81302,200040905,81,76
81303,248100497,81,76
81304,200040905,81,76
81305,200066561,81,76
81306,200040905,81,76
81307,248100430,81,76
81308,248100497,81,76
81309,200034064,81,76
81310,200034023,81,76
81311,200034056,81,76
81312,248100158,81,76
81313,200066124,81,76
81314,200066553,81,76
81315,200034056,81,76
81316,200066124,81,76
81317,200034031,81,76
81318,200034023,81,76
81319,200040905,81,76
81320,200034064,81,76
81321,248100745,81,76
81322,200040905,81,76
81323,200034056,81,76
81324,200034023,81,76
81325,248100158,81,76
81326,200040905,81,76
82001,248200099,82,76
82002,200066884,82,76
82003,200066322,82,76
82004,248200065,82,76
82005,200066652,82,76
82006,248200065,82,76
82007,248200057,82,76
82008,248200016,82,76
82009,248200065,82,76
82010,248200016,82,76
82011,200067122,82,76
82012,200067122,82,76
82013,248200065,82,76
82014,200066652,82,76
82015,248200065,82,76
82016,200040418,82,76
82017,200066652,82,76
82018,200066884,82,76
82019,200066322,82,76
82020,200066652,82,76
82021,200040418,82,76
82022,200040418,82,76
82023,200066652,82,76
82024,200040418,82,76
82025,248200099,82,76
82026,200066884,82,76
82027,200066652,82,76
82028,200066652,82,76
82029,248200107,82,76
82030,200066322,82,76
82031,200066322,82,76
82032,248200016,82,76
82033,200066322,82,76
82034,248200065,82,76
82035,200066322,82,76
82036,248200065,82,76
82037,248200057,82,76
82038,248200107,82,76
82039,248200057,82,76
82040,248200057,82,76
82041,248200107,82,76
82042,200040418,82,76
82043,200066652,82,76
82044,248200099,82,76
82045,200066322,82,76
82046,200066322,82,76
82047,248200065,82,76
82048,200066652,82,76
82049,248200016,82,76
82050,248200016,82,76
82051,200066322,82,76
82052,248200099,82,76
82053,248200065,82,76
82054,248200016,82,76
82055,248200065,82,76
82056,248200107,82,76
82057,200066652,82,76
82058,200066322,82,76
82059,248200065,82,76
82060,200040418,82,76
82061,248200107,82,76
82062,200066652,82,76
82063,200066322,82,76
82064,248200065,82,76
82065,248200016,82,76
82066,200066884,82,76
82067,248200065,82,76
82068,248200065,82,76
82069,248200107,82,76
82070,248200065,82,76
82071,248200065,82,76
82072,248200016,82,76
82073,248200016,82,76
82074,248200065,82,76
82075,200066652,82,76
82076,200067122,82,76
82077,200067122,82,76
82078,248200057,82,76
82079,200066652,82,76
82080,200067122,82,76
82081,200066322,82,76
82082,248200107,82,76
82083,248200065,82,76
82084,200040418,82,76
82085,248200099,82,76
82086,200066322,82,76
82087,200067122,82,76
82088,248200107,82,76
82089,248200016,82,76
82090,248200099,82,76
82091,248200065,82,76
82092,248200057,82,76
82093,248200065,82,76
82094,200040418,82,76
82095,248200057,82,76
82096,200066322,82,76
82097,248200065,82,76
82098,248200099,82,76
82099,200066322,82,76
82100,248200107,82,76
82101,248200016,82,76
82102,248200016,82,76
82103,248200065,82,76
82104,248200065,82,76
82105,200066652,82,76
82106,248200065,82,76
82107,248200065,82,76
82108,200067122,82,76
82109,248200016,82,76
82110,248200057,82,76
82111,200040418,82,76
82112,200066322,82,76
82113,248200057,82,76
82114,200066652,82,76
82115,200066884,82,76
82116,200040418,82,76
82117,200040418,82,76
82118,200066322,82,76
82119,248200057,82,76
82120,200067122,82,76
82121,248200099,82,76
82122,200040418,82,76
82123,200066652,82,76
82124,248200099,82,76
82125,200066652,82,76
82126,248200057,82,76
82127,200066322,82,76
82128,248200057,82,76
82129,248200065,82,76
82130,248200016,82,76
82131,248200057,82,76
82132,200066884,82,76
82133,248200107,82,76
82134,200066884,82,76
82135,200066652,82,76
82136,200066652,82,76
82137,248200107,82,76
82138,248200016,82,76
82139,248200016,82,76
82140,200067122,82,76
82141,248200016,82,76
82142,200066652,82,76
82143,248200065,82,76
82144,200067122,82,76
82145,200066884,82,76
82146,248200065,82,76
82147,248200107,82,76
82148,248200057,82,76
82149,248200057,82,76
82150,248200099,82,76
82151,200040418,82,76
82152,200066322,82,76
82153,200040418,82,76
82154,200040418,82,76
82155,248200107,82,76
82156,200066322,82,76
82157,200040418,82,76
82158,248200016,82,76
82159,248200057,82,76
82160,248200016,82,76
82161,200066884,82,76
82162,248200057,82,76
82163,248200065,82,76
82164,200040418,82,76
82165,248200016,82,76
82166,248200016,82,76
82167,248200099,82,76
82168,200040418,82,76
82169,200066322,82,76
82170,248200016,82,76
82171,200066322,82,76
82172,248200107,82,76
82173,200066652,82,76
82174,248200057,82,76
82175,248200016,82,76
82176,200066884,82,76
82177,200040418,82,76
82178,200066652,82,76
82179,248200057,82,76
82180,248200065,82,76
82181,248200016,82,76
82182,200040418,82,76
82183,200040418,82,76
82184,200066884,82,76
82185,200040418,82,76
82186,248200016,82,76
82187,248200107,82,76
82188,200066652,82,76
82189,200067122,82,76
82190,200066652,82,76
82191,248200107,82,76
82192,200066884,82,76
82193,248200065,82,76
82194,200066652,82,76
82195,248200099,82,76
83001,200035319,83,93
83002,200040210,83,93
83003,248300493,83,93
83004,248300493,83,93
83005,200040210,83,93
83006,200040202,83,93
83007,200040210,83,93
83008,200004802,83,93
83009,248300394,83,93
83010,248300493,83,93
83011,248300493,83,93
83012,200040202,83,93
83013,248300493,83,93
83014,200040210,83,93
83015,200040210,83,93
83016,248300394,83,93
83017,248300410,83,93
83018,248300550,83,93
83019,200027100,83,93
83020,200040210,83,93
83021,200068104,83,93
83022,200040210,83,93
83023,200068104,83,93
83025,200040202,83,93
83026,248300550,83,93
83027,248300394,83,93
83028,248300493,83,93
83029,200004802,83,93
83030,200068104,83,93
83031,248300550,83,93
83032,200068104,83,93
83033,248300550,83,93
83034,248300543,83,93
83035,248300394,83,93
83036,200036077,83,93
83037,200068104,83,93
83038,248300493,83,93
83039,200068104,83,93
83040,200040210,83,93
83041,248300493,83,93
83042,200036077,83,93
83043,200027100,83,93
83044,248300493,83,93
83045,200068104,83,93
83046,200068104,83,93
83047,248300543,83,93
83048,200036077,83,93
83049,200027100,83,93
83050,248300493,83,93
83051,200068104,83,93
83052,200040202,83,93
83053,248300394,83,93
83054,248300410,83,93
83055,200004802,83,93
83056,248300493,83,93
83057,248300550,83,93
83058,248300493,83,93
83059,200068104,83,93
83060,200040202,83,93
83061,200035319,83,93
83062,248300543,83,93
83063,200036077,83,93
83064,200068104,83,93
83065,200036077,83,93
83066,200040202,83,93
83067,248300550,83,93
83068,200036077,83,93
83069,248300543,83,93
83070,200027100,83,93
83071,200027100,83,93
83072,248300493,83,93
83073,248300550,83,93
83074,200040210,83,93
83075,248300550,83,93
83076,200068104,83,93
83077,200068104,83,93
83078,200040210,83,93
83079,200036077,83,93
83080,200004802,83,93
83081,200004802,83,93
83082,248300493,83,93
83083,200068104,83,93
83084,200040202,83,93
83085,248300493,83,93
83086,248300493,83,93
83087,200068104,83,93
83088,200068104,83,93
83089,200068104,83,93
83090,248300543,83,93
83091,200027100,83,93
83092,248300550,83,93
83093,200068104,83,93
83094,200036077,83,93
83095,200040202,83,93
83096,200068104,83,93
83097,200068104,83,93
83098,248300543,83,93
83099,200035319,83,93
83100,248300550,83,93
83101,200036077,83,93
83102,200040210,83,93
83103,248300543,83,93
83104,200040202,83,93
83105,248300394,83,93
83106,200068104,83,93
83107,200035319,83,93
83108,200068104,83,93
83109,248300493,83,93
83110,200068104,83,93
83111,200068104,83,93
83112,248300394,83,93
83113,200040202,83,93
83114,200040202,83,93
83115,200036077,83,93
83116,200068104,83,93
83117,200004802,83,93
83118,200035319,83,93
83119,200036077,83,93
83120,200054807,83,93
83121,248300493,83,93
83122,200040210,83,93
83123,248300394,83,93
83124,200004802,83,93
83125,200040202,83,93
83126,248300543,83,93
83127,248300394,83,93
83128,248300493,83,93
83129,248300543,83,93
83130,248300410,83,93
83131,248300410,83,93
83132,248300410,83,93
83133,200004802,83,93
83134,248300493,83,93
83135,200040202,83,93
83136,248300550,83,93
83137,248300543,83,93
83138,200004802,83,93
83139,200040210,83,93
83140,200068104,83,93
83141,248300493,83,93
83142,200040210,83,93
83143,200068104,83,93
83144,248300543,83,93
83145,200040202,83,93
83146,200040202,83,93
83147,200040210,83,93
83148,248300493,83,93
83149,200040210,83,93
83150,200034700,83,93
83151,200068104,83,93
83152,200036077,83,93
83153,248300543,83,93
83154,248300493,83,93
84001,248400293,84,93
84002,248400285,84,93
84003,200040624,84,93
84004,248400053,84,93
84005,200035723,84,93
84006,200040624,84,93
84007,248400251,84,93
84008,248400053,84,93
84009,248400285,84,93
84010,248400285,84,93
84011,248400053,84,93
84012,248400053,84,93
84013,200040442,84,93
84014,248400285,84,93
84015,248400053,84,93
84016,248400293,84,93
84017,248400053,84,93
84018,200035723,84,93
84019,200000628,84,93
84020,200040624,84,93
84021,248400335,84,93
84022,248400335,84,93
84023,200040624,84,93
84024,248400285,84,93
84025,200040442,84,93
84026,248400285,84,93
84027,248400236,84,93
84028,248400335,84,93
84029,248400160,84,93
84030,248400053,84,93
84031,248400053,84,93
84032,200040624,84,93
84033,200040624,84,93
84034,248400251,84,93
84035,200040442,84,93
84036,248400319,84,93
84037,248400236,84,93
84038,200040442,84,93
84039,248400236,84,93
84040,248400335,84,93
84041,248400053,84,93
84042,248400285,84,93
84043,248400251,84,93
84044,248400335,84,93
84045,248400335,84,93
84046,248400053,84,93
84047,200040624,84,93
84048,200040624,84,93
84049,248400053,84,93
84050,200040442,84,93
84051,200040624,84,93
84052,248400285,84,93
84053,200040681,84,93
84054,248400319,84,93
84055,248400251,84,93
84056,248400236,84,93
84057,200040624,84,93
84058,200040624,84,93
84059,248400053,84,93
84060,200040624,84,93
84061,248400160,84,93
84062,200040442,84,93
84063,200000628,84,93
84064,200000628,84,93
84065,200040442,84,93
84066,200040624,84,93
84067,248400053,84,93
84068,200040442,84,93
84069,248400053,84,93
84070,200035723,84,93
84071,200040442,84,93
84072,248400053,84,93
84073,200040624,84,93
84074,200040442,84,93
84075,200035723,84,93
84076,248400285,84,93
84077,248400053,84,93
84078,200000628,84,93
84079,200035723,84,93
84080,248400293,84,93
84081,248400251,84,93
84082,200035723,84,93
84083,200000628,84,93
84084,248400285,84,93
84085,200040624,84,93
84086,200040442,84,93
84087,248400236,84,93
84088,248400293,84,93
84089,200054807,84,93
84090,248400285,84,93
84091,248400160,84,93
84092,248400251,84,93
84093,200040442,84,93
84094,248400335,84,93
84095,200040442,84,93
84096,248400335,84,93
84097,200040681,84,93
84098,248400335,84,93
84099,200040442,84,93
84100,248400053,84,93
84101,248400053,84,93
84102,200040624,84,93
84103,200040624,84,93
84104,248400335,84,93
84105,200040624,84,93
84106,248400160,84,93
84107,200035723,84,93
84108,248400053,84,93
84109,248400053,84,93
84110,248400335,84,93
84111,248400335,84,93
84112,200040624,84,93
84113,248400285,84,93
84114,200040624,84,93
84115,248400053,84,93
84116,248400335,84,93
84117,248400335,84,93
84118,200040624,84,93
84119,248400251,84,93
84120,200035723,84,93
84121,248400285,84,93
84122,248400053,84,93
84123,200035723,84,93
84124,248400319,84,93
84125,248400335,84,93
84126,248400335,84,93
84127,248400160,84,93
84128,200040624,84,93
84129,248400293,84,93
84130,248400053,84,93
84131,200040442,84,93
84132,248400319,84,93
84133,248400285,84,93
84134,248400160,84,93
84135,248400160,84,93
84136,248400053,84,93
84137,248400335,84,93
84138,200040681,84,93
84139,248400319,84,93
84140,200040442,84,93
84141,248400251,84,93
84142,248400251,84,93
84143,248400053,84,93
84144,200040624,84,93
84145,200040624,84,93
84146,248400335,84,93
84147,248400285,84,93
84148,200035723,84,93
84149,248400160,84,93
84150,200040681,84,93
84151,248400285,84,93
85001,200073260,85,52
85002,200023778,85,52
85003,200072882,85,52
85004,200071900,85,52
85005,248500415,85,52
85006,200072882,85,52
85008,248500589,85,52
85009,200071934,85,52
85010,200071900,85,52
85011,248500191,85,52
85012,248500258,85,52
85013,200071918,85,52
85014,248500415,85,52
85015,200072882,85,52
85016,248500530,85,52
85017,248500621,85,52
85018,200071629,85,52
85019,200072882,85,52
85020,248500563,85,52
85022,200071900,85,52
85023,200073260,85,52
85024,200071629,85,52
85025,200070233,85,52
85026,200071900,85,52
85028,248500563,85,52
85029,200071629,85,52
85031,248500464,85,52
85033,200071934,85,52
85034,248500340,85,52
85035,200023778,85,52
85036,200073260,85,52
85038,200071918,85,52
85039,200070233,85,52
85040,200073260,85,52
85042,200073260,85,52
85045,200023778,85,52
85046,248500589,85,52
85047,200071629,85,52
85049,200073260,85,52
85050,200071900,85,52
85051,248500340,85,52
85054,248500530,85,52
85055,200072882,85,52
85056,200073260,85,52
85058,200073260,85,52
85059,248500415,85,52
85061,200073260,85,52
85062,200071629,85,52
85064,200071918,85,52
85065,200071918,85,52
85066,248500464,85,52
85067,248500415,85,52
85070,200023778,85,52
85071,200023778,85,52
85072,200071918,85,52
85073,200073260,85,52
85074,200073260,85,52
85076,200070233,85,52
85077,200071900,85,52
85078,248500563,85,52
85080,200071934,85,52
85081,248500589,85,52
85082,248500621,85,52
85083,248500191,85,52
85084,200071918,85,52
85086,200072882,85,52
85087,248500563,85,52
85088,200023778,85,52
85089,248500589,85,52
85090,248500464,85,52
85092,200071934,85,52
85093,248500589,85,52
85094,200071934,85,52
85095,200071629,85,52
85096,200071629,85,52
85097,248500662,85,52
85098,200072882,85,52
85099,248500530,85,52
85100,200023778,85,52
85101,200071900,85,52
85102,200072882,85,52
85103,200071900,85,52
85104,200073260,85,52
85105,200073260,85,52
85106,248500191,85,52
85108,200070233,85,52
85109,248500621,85,52
85110,200071934,85,52
85111,200073260,85,52
85112,200071165,85,52
85113,,85,52
85114,200071900,85,52
85115,200073260,85,52
85116,200071900,85,52
85117,200073260,85,52
85118,248500589,85,52
85119,248500662,85,52
85120,200023778,85,52
85121,200071934,85,52
85123,248500563,85,52
85125,248500415,85,52
85126,200071934,85,52
85127,200071900,85,52
85128,200073260,85,52
85129,200072882,85,52
85130,200072882,85,52
85131,200073260,85,52
85132,248500563,85,52
85133,248500563,85,52
85134,248500662,85,52
85135,200073260,85,52
85136,248500415,85,52
85137,200071934,85,52
85138,248500530,85,52
85139,248500563,85,52
85140,248500464,85,52
85141,248500415,85,52
85142,200071918,85,52
85143,200071934,85,52
85144,248500621,85,52
85145,248500464,85,52
85146,200070233,85,52
85147,248500464,85,52
85148,200071934,85,52
85149,200073260,85,52
85151,248500662,85,52
85152,248500530,85,52
85153,248500621,85,52
85154,248500415,85,52
85155,248500589,85,52
85156,200071900,85,52
85157,200073260,85,52
85158,200071934,85,52
85159,200073260,85,52
85160,248500589,85,52
85161,248500530,85,52
85162,248500563,85,52
85163,248500191,85,52
85164,248500258,85,52
85165,200071918,85,52
85167,200071934,85,52
85169,200072882,85,52
85171,200073260,85,52
85172,248500258,85,52
85174,200071934,85,52
85175,200073260,85,52
85176,200071934,85,52
85177,200071934,85,52
85178,200072882,85,52
85179,200071900,85,52
85181,200071934,85,52
85182,248500464,85,52
85184,248500563,85,52
85185,200073260,85,52
85186,200071918,85,52
85187,248500464,85,52
85188,200073260,85,52
85189,200023778,85,52
85190,200070233,85,52
85191,248500589,85,52
85192,248500340,85,52
85193,200073260,85,52
85194,200071165,85,52
85196,200071918,85,52
85197,200070233,85,52
85198,248500662,85,52
85199,200073260,85,52
85200,200071900,85,52
85201,200071900,85,52
85202,248500340,85,52
85204,200071629,85,52
85205,200071934,85,52
85206,200071900,85,52
85207,200073260,85,52
85208,200072882,85,52
85209,200073260,85,52
85210,200072882,85,52
85211,248500530,85,52
85212,200071918,85,52
85213,248500589,85,52
85214,200071165,85,52
85215,200071918,85,52
85216,200073260,85,52
85218,248500530,85,52
85220,248500340,85,52
85221,200071629,85,52
85222,200023778,85,52
85223,200073260,85,52
85226,200023778,85,52
85227,248500563,85,52
85229,248500415,85,52
85231,200071900,85,52
85232,248500340,85,52
85234,248500258,85,52
85235,200073260,85,52
85236,248500530,85,52
85237,200071934,85,52
85238,248500662,85,52
85239,200023778,85,52
85240,248500662,85,52
85242,248500621,85,52
85243,200023778,85,52
85244,200071934,85,52
85245,200071934,85,52
85246,248500340,85,52
85247,248500662,85,52
85248,200073260,85,52
85250,200071165,85,52
85251,248500415,85,52
85252,248500415,85,52
85254,248500464,85,52
85255,200073260,85,52
85256,200071934,85,52
85259,248500621,85,52
85260,200072882,85,52
85261,200073260,85,52
85262,200070233,85,52
85264,248500415,85,52
85265,248500563,85,52
85266,248500340,85,52
85267,200073260,85,52
85268,200023778,85,52
85269,248500563,85,52
85273,200071629,85,52
85274,200071934,85,52
85276,248500340,85,52
85277,200071900,85,52
85278,200071900,85,52
85280,200071629,85,52
85281,200071934,85,52
85282,248500340,85,52
85284,248500258,85,52
85285,248500589,85,52
85286,200073260,85,52
85287,248500464,85,52
85288,200071900,85,52
85289,248500415,85,52
85290,200073260,85,52
85291,248500589,85,52
85292,248500415,85,52
85293,248500662,85,52
85294,200073260,85,52
85295,200070233,85,52
85296,248500662,85,52
85297,200073260,85,52
85298,200071165,85,52
85300,248500589,85,52
85301,248500621,85,52
85302,248500662,85,52
85303,248500563,85,52
85304,200073260,85,52
85305,200071934,85,52
85306,248500563,85,52
86001,200070043,86,75
86002,200069763,86,75
86003,200070035,86,75
86004,248600413,86,75
86005,248600447,86,75
86006,200070043,86,75
86007,248600413,86,75
86008,248600447,86,75
86009,248600413,86,75
86010,200043628,86,75
86011,200070043,86,75
86012,200070035,86,75
86013,248600447,86,75
86014,248600413,86,75
86015,200070043,86,75
86016,200069763,86,75
86017,200069763,86,75
86018,248600447,86,75
86019,200069854,86,75
86020,248600413,86,75
86022,248600447,86,75
86023,248600447,86,75
86024,200069854,86,75
86025,200070043,86,75
86026,248600447,86,75
86027,200069854,86,75
86028,200069854,86,75
86029,200070035,86,75
86031,200069854,86,75
86032,248600413,86,75
86034,200070043,86,75
86035,200070043,86,75
86036,248600447,86,75
86037,200070043,86,75
86038,200070035,86,75
86039,200070035,86,75
86040,200070043,86,75
86041,200069854,86,75
86042,248600413,86,75
86044,248600447,86,75
86045,200069854,86,75
86046,248600413,86,75
86047,248600413,86,75
86048,200069763,86,75
86049,248600447,86,75
86050,200069763,86,75
86051,200070035,86,75
86052,200070035,86,75
86053,200069763,86,75
86054,200070035,86,75
86055,200070035,86,75
86058,200069854,86,75
86059,200070043,86,75
86061,200070035,86,75
86062,200069854,86,75
86063,200070035,86,75
86064,200070035,86,75
86065,200043628,86,75
86066,248600413,86,75
86068,200070035,86,75
86069,248600447,86,75
86070,200069854,86,75
86072,248600413,86,75
86073,200069763,86,75
86074,200069763,86,75
86075,200069763,86,75
86076,200069763,86,75
86077,200070043,86,75
86078,200070035,86,75
86079,248600447,86,75
86080,200069854,86,75
86081,248600413,86,75
86082,200070035,86,75
86083,200069854,86,75
86084,200070043,86,75
86085,200069763,86,75
86086,248600413,86,75
86087,248600447,86,75
86088,200069854,86,75
86089,200069763,86,75
86090,248600447,86,75
86091,200069854,86,75
86092,248600413,86,75
86093,248600447,86,75
86094,200043628,86,75
86095,200069854,86,75
86096,248600413,86,75
86097,200070035,86,75
86098,200070043,86,75
86099,200043628,86,75
86100,200069854,86,75
86102,200069763,86,75
86103,200070035,86,75
86104,200070035,86,75
86105,200043628,86,75
86106,248600447,86,75
86107,200070043,86,75
86108,248600447,86,75
86109,248600447,86,75
86110,200070043,86,75
86111,248600413,86,75
86112,200070043,86,75
86113,200043628,86,75
86114,200069854,86,75
86115,200069854,86,75
86116,200069854,86,75
86117,200070043,86,75
86118,200070043,86,75
86119,200070035,86,75
86120,200070043,86,75
86121,200069763,86,75
86122,200070043,86,75
86123,200069763,86,75
86124,200069854,86,75
86125,248600413,86,75
86126,200070043,86,75
86127,248600413,86,75
86128,248600413,86,75
86129,248600413,86,75
86130,248600413,86,75
86131,200070043,86,75
86132,200070043,86,75
86133,200069854,86,75
86134,200070035,86,75
86135,200069854,86,75
86136,200070035,86,75
86137,248600447,86,75
86138,200070043,86,75
86139,200069854,86,75
86140,200070043,86,75
86141,200070035,86,75
86142,200069763,86,75
86143,248600413,86,75
86144,200069763,86,75
86145,200043628,86,75
86147,200043628,86,75
86148,200043628,86,75
86149,248600447,86,75
86150,200069763,86,75
86151,248600447,86,75
86152,200070043,86,75
86153,200070043,86,75
86154,248600447,86,75
86156,248600447,86,75
86157,200069854,86,75
86158,200069854,86,75
86159,200070043,86,75
86160,200069763,86,75
86161,248600447,86,75
86162,248600413,86,75
86163,200069854,86,75
86164,248600413,86,75
86165,200070043,86,75
86167,248600447,86,75
86169,248600447,86,75
86170,200070043,86,75
86171,200070043,86,75
86172,200070043,86,75
86173,248600447,86,75
86174,248600413,86,75
86175,200070043,86,75
86176,200070043,86,75
86177,200069763,86,75
86178,200043628,86,75
86180,200043628,86,75
86181,248600447,86,75
86182,248600413,86,75
86183,248600413,86,75
86184,248600413,86,75
86186,248600413,86,75
86187,200070043,86,75
86189,200070035,86,75
86190,200070043,86,75
86191,200070043,86,75
86192,200070043,86,75
86193,248600413,86,75
86194,200069854,86,75
86195,248600413,86,75
86196,248600447,86,75
86197,248600447,86,75
86198,200069854,86,75
86200,200070043,86,75
86201,248600447,86,75
86202,200069854,86,75
86203,200070043,86,75
86204,200069763,86,75
86205,248600447,86,75
86206,248600447,86,75
86207,248600413,86,75
86209,200043628,86,75
86210,248600447,86,75
86211,200070035,86,75
86213,200069854,86,75
86214,200069854,86,75
86217,248600413,86,75
86218,248600447,86,75
86220,200070035,86,75
86221,248600413,86,75
86222,200069854,86,75
86223,200070043,86,75
86224,248600413,86,75
86225,248600447,86,75
86226,200069854,86,75
86227,248600447,86,75
86228,200070043,86,75
86229,248600447,86,75
86230,200070043,86,75
86233,200070043,86,75
86234,200070043,86,75
86235,200070035,86,75
86236,200070043,86,75
86237,200070035,86,75
86239,200069854,86,75
86241,248600413,86,75
86242,200070035,86,75
86244,200069854,86,75
86245,248600413,86,75
86246,200070043,86,75
86247,200070035,86,75
86248,200070035,86,75
86249,248600447,86,75
86250,248600447,86,75
86252,248600447,86,75
86253,200069854,86,75
86254,200070043,86,75
86255,200070035,86,75
86256,200069854,86,75
86257,248600413,86,75
86258,248600413,86,75
86260,248600413,86,75
86261,200069854,86,75
86262,200070043,86,75
86263,200043628,86,75
86264,200070035,86,75
86265,248600413,86,75
86266,200070035,86,75
86268,200069854,86,75
86269,248600447,86,75
86270,200070043,86,75
86271,200069763,86,75
86272,248600413,86,75
86273,200070043,86,75
86274,248600447,86,75
86275,248600413,86,75
86276,200070043,86,75
86279,248600413,86,75
86280,248600413,86,75
86281,200069763,86,75
86284,200043628,86,75
86285,200070043,86,75
86286,248600447,86,75
86287,248600447,86,75
86288,248600413,86,75
86289,200070043,86,75
86290,200043628,86,75
86291,200070043,86,75
86292,200069763,86,75
86293,200043628,86,75
86294,200069763,86,75
86295,200070035,86,75
86296,200070035,86,75
86297,200069854,86,75
86298,248600413,86,75
86299,200069763,86,75
86300,200069763,86,75
87001,248719288,87,75
87002,200066512,87,75
87003,200071942,87,75
87004,248719353,87,75
87005,248719312,87,75
87006,200071942,87,75
87007,248719262,87,75
87008,200071942,87,75
87009,248719353,87,75
87011,200071942,87,75
87012,200071942,87,75
87013,200066512,87,75
87014,200066512,87,75
87015,248719288,87,75
87016,200066512,87,75
87017,200071942,87,75
87018,200071942,87,75
87019,248719312,87,75
87020,248719312,87,75
87021,248719288,87,75
87022,200066512,87,75
87023,200066512,87,75
87024,248719353,87,75
87025,248719288,87,75
87027,200070506,87,75
87028,200071942,87,75
87029,200070506,87,75
87030,200059400,87,75
87031,248700189,87,75
87032,200070506,87,75
87033,200066512,87,75
87034,200066520,87,75
87035,248719361,87,75
87036,200066520,87,75
87037,200066520,87,75
87038,248719312,87,75
87039,200040814,87,75
87040,248719338,87,75
87041,248719262,87,75
87042,248719361,87,75
87043,248719353,87,75
87044,200059400,87,75
87045,200071942,87,75
87046,200066520,87,75
87047,200066512,87,75
87048,248719312,87,75
87049,248700189,87,75
87050,248719312,87,75
87051,248719338,87,75
87052,200071942,87,75
87053,200071942,87,75
87054,200066520,87,75
87056,200071942,87,75
87057,200071942,87,75
87058,248719353,87,75
87059,200071942,87,75
87060,200070506,87,75
87061,200071942,87,75
87062,248719361,87,75
87063,248719312,87,75
87064,248719353,87,75
87065,248719312,87,75
87066,200070506,87,75
87067,200066512,87,75
87068,200066512,87,75
87069,200071942,87,75
87070,248719361,87,75
87071,248700189,87,75
87072,200040814,87,75
87073,200066520,87,75
87074,200071942,87,75
87075,248719312,87,75
87076,200066512,87,75
87077,200070506,87,75
87078,200059400,87,75
87079,200066512,87,75
87080,200071942,87,75
87081,248719288,87,75
87082,248700189,87,75
87083,200066512,87,75
87084,200070506,87,75
87085,248719312,87,75
87086,248719338,87,75
87087,200071942,87,75
87088,200040814,87,75
87089,200071942,87,75
87090,200071942,87,75
87091,200066520,87,75
87092,200066520,87,75
87093,248719338,87,75
87094,200070506,87,75
87095,200040814,87,75
87096,248700189,87,75
87097,200071942,87,75
87099,248719361,87,75
87100,200071942,87,75
87101,200071942,87,75
87103,200066512,87,75
87104,248719353,87,75
87105,248719338,87,75
87106,200070506,87,75
87107,200066512,87,75
87108,200071942,87,75
87109,200071942,87,75
87110,200059400,87,75
87111,200066520,87,75
87112,200070506,87,75
87113,248719312,87,75
87114,248719312,87,75
87115,200066520,87,75
87116,200071942,87,75
87117,248719353,87,75
87118,248719312,87,75
87119,200040814,87,75
87120,200040814,87,75
87121,248719262,87,75
87122,200066512,87,75
87123,248719353,87,75
87124,200070506,87,75
87125,248719312,87,75
87126,200059400,87,75
87127,248700189,87,75
87128,248719262,87,75
87129,248719361,87,75
87130,248719338,87,75
87131,200059400,87,75
87132,248719353,87,75
87133,248719262,87,75
87134,248719353,87,75
87135,200066520,87,75
87137,200066520,87,75
87138,248719361,87,75
87139,200071942,87,75
87140,200059400,87,75
87141,200066520,87,75
87142,248719361,87,75
87143,248719312,87,75
87144,200040814,87,75
87145,200071942,87,75
87146,200040814,87,75
87147,248719338,87,75
87148,200040814,87,75
87149,200071942,87,75
87150,200070506,87,75
87151,200070506,87,75
87152,200066512,87,75
87153,248719353,87,75
87154,200059400,87,75
87155,200071942,87,75
87156,248719312,87,75
87157,200066512,87,75
87158,200066520,87,75
87159,200066512,87,75
87160,200071942,87,75
87161,248719361,87,75
87162,200066520,87,75
87163,200071942,87,75
87164,200059400,87,75
87165,200071942,87,75
87166,248719288,87,75
87167,248719361,87,75
87168,200066520,87,75
87169,200070506,87,75
87170,248719338,87,75
87172,200071942,87,75
87174,248719361,87,75
87176,200070506,87,75
87177,248719288,87,75
87178,200066512,87,75
87179,200071942,87,75
87180,248719262,87,75
87181,200066512,87,75
87182,200071942,87,75
87183,200066512,87,75
87185,200059400,87,75
87186,200040814,87,75
87187,248700189,87,75
87188,248719288,87,75
87189,200059400,87,75
87190,248719361,87,75
87191,248719288,87,75
87192,248719312,87,75
87193,248719338,87,75
87194,248719338,87,75
87195,200071942,87,75
87197,200066512,87,75
87198,200066512,87,75
87199,200059400,87,75
87200,200071942,87,75
87201,248719312,87,75
87202,248719312,87,75
87203,200040814,87,75
87204,200059400,87,75
87205,248719312,87,75
87206,200071942,87,75
88001,200068369,88,44
88002,200068369,88,44
88003,200068682,88,44
88004,200068773,88,44
88005,200071066,88,44
88006,200068369,88,44
88007,200068773,88,44
88008,200005957,88,44
88009,200071066,88,44
88010,200068559,88,44
88011,200068757,88,44
88012,200068757,88,44
88013,200068559,88,44
88014,200071066,88,44
88015,200068559,88,44
88016,200068773,88,44
88017,200068682,88,44
88019,200068559,88,44
88020,200068559,88,44
88021,200005957,88,44
88022,200068682,88,44
88023,200068369,88,44
88024,200068369,88,44
88025,200068559,88,44
88026,200068757,88,44
88027,200068757,88,44
88028,200068757,88,44
88029,200068757,88,44
88030,200068369,88,44
88031,200068559,88,44
88032,200071066,88,44
88033,200071066,88,44
88035,200071066,88,44
88036,200068559,88,44
88037,200096634,88,44
88038,200068369,88,44
88039,200068369,88,44
88040,200068757,88,44
88041,200068369,88,44
88042,200005957,88,44
88043,200068682,88,44
88044,200068559,88,44
88045,200068682,88,44
88046,200042000,88,44
88047,200068369,88,44
88048,200068757,88,44
88049,200068773,88,44
88050,200042000,88,44
88051,200068682,88,44
88052,200068773,88,44
88053,200071066,88,44
88054,200071066,88,44
88055,200068369,88,44
88056,200068369,88,44
88057,200071066,88,44
88058,200068369,88,44
88059,200071066,88,44
88060,200068369,88,44
88061,200068773,88,44
88062,200068773,88,44
88063,200068369,88,44
88064,200071066,88,44
88065,200068773,88,44
88066,200068369,88,44
88068,200071066,88,44
88069,200068369,88,44
88070,200068369,88,44
88071,200068369,88,44
88073,200068757,88,44
88074,200068559,88,44
88075,200096634,88,44
88076,200042000,88,44
88077,200005957,88,44
88078,200042000,88,44
88079,200068682,88,44
88080,200005957,88,44
88081,200033868,88,44
88082,200071066,88,44
88083,200068559,88,44
88084,200068757,88,44
88085,200096642,88,44
88086,200042000,88,44
88087,200068757,88,44
88088,200068757,88,44
88089,200071066,88,44
88090,200068757,88,44
88091,200042000,88,44
88092,200068757,88,44
88093,200071066,88,44
88094,200068757,88,44
88095,200068559,88,44
88096,200068773,88,44
88097,200068369,88,44
88098,200068757,88,44
88099,200068757,88,44
88100,200068369,88,44
88101,200042000,88,44
88102,200068559,88,44
88103,200068369,88,44
88104,200068559,88,44
88105,200068773,88,44
88106,200071066,88,44
88107,200068559,88,44
88108,200068757,88,44
88109,200096634,88,44
88110,200005957,88,44
88111,200071066,88,44
88113,200071066,88,44
88114,200068682,88,44
88115,200071066,88,44
88116,200096634,88,44
88117,200068559,88,44
88118,200068559,88,44
88119,200068682,88,44
88120,200071066,88,44
88121,200068757,88,44
88122,200068369,88,44
88123,200068773,88,44
88124,200068773,88,44
88125,200068559,88,44
88126,200068757,88,44
88127,200005957,88,44
88128,200071066,88,44
88129,200068369,88,44
88130,200042000,88,44
88131,200042000,88,44
88132,200068757,88,44
88133,200068757,88,44
88134,200068757,88,44
88135,200042000,88,44
88136,200068757,88,44
88137,200068559,88,44
88138,200068773,88,44
88139,200068369,88,44
88140,200068773,88,44
88141,200068682,88,44
88142,200068757,88,44
88143,200068757,88,44
88144,200068682,88,44
88145,200042000,88,44
88146,200068682,88,44
88147,200068369,88,44
88148,200068377,88,44
88149,200068773,88,44
88150,200068559,88,44
88151,200068369,88,44
88152,200068757,88,44
88153,200005957,88,44
88154,200068559,88,44
88155,200068369,88,44
88156,200005957,88,44
88157,200068757,88,44
88158,200068377,88,44
88159,200071066,88,44
88160,200068757,88,44
88161,200068773,88,44
88162,200068773,88,44
88163,200068757,88,44
88164,200068682,88,44
88165,200071066,88,44
88166,200068369,88,44
88167,200042000,88,44
88168,200005957,88,44
88169,200042000,88,44
88170,200033868,88,44
88171,200068773,88,44
88172,200042000,88,44
88173,200068757,88,44
88174,200068757,88,44
88175,200042000,88,44
88176,200068757,88,44
88177,200096634,88,44
88178,200068757,88,44
88179,200068773,88,44
88180,200068773,88,44
88181,200071066,88,44
88182,200071066,88,44
88183,200068559,88,44
88184,200042000,88,44
88185,200068369,88,44
88186,200068369,88,44
88187,200068773,88,44
88188,200033868,88,44
88189,200068559,88,44
88190,200068757,88,44
88192,200068369,88,44
88193,200071066,88,44
88194,200068682,88,44
88195,200068682,88,44
88196,200096642,88,44
88197,200096634,88,44
88198,200071066,88,44
88199,200068773,88,44
88200,200068757,88,44
88201,200068757,88,44
88202,200068369,88,44
88203,200042000,88,44
88205,200068377,88,44
88206,200068559,88,44
88208,200068773,88,44
88209,200068757,88,44
88210,200068369,88,44
88212,200068559,88,44
88213,200071066,88,44
88214,200068773,88,44
88215,200071066,88,44
88216,200042000,88,44
88218,200096642,88,44
88219,200068559,88,44
88220,200068773,88,44
88221,200068757,88,44
88222,200042000,88,44
88223,200068369,88,44
88224,200068757,88,44
88225,200068757,88,44
88226,200068369,88,44
88227,200068682,88,44
88228,200068757,88,44
88229,200068559,88,44
88230,200005957,88,44
88231,200068682,88,44
88232,200068559,88,44
88233,200068369,88,44
88236,200068757,88,44
88237,200068369,88,44
88238,200068773,88,44
88239,200068757,88,44
88240,200042000,88,44
88241,200068682,88,44
88242,200068559,88,44
88243,200005957,88,44
88244,200071066,88,44
88245,200071066,88,44
88246,200068369,88,44
88247,200068757,88,44
88248,200068773,88,44
88249,200068559,88,44
88250,200068757,88,44
88251,200005957,88,44
88252,200068773,88,44
88253,200068757,88,44
88254,200068369,88,44
88255,200068559,88,44
88256,200042000,88,44
88257,200068369,88,44
88258,200068773,88,44
88259,200068559,88,44
88260,200068757,88,44
88261,200042000,88,44
88262,200042000,88,44
88263,200042000,88,44
88264,200068369,88,44
88265,200068559,88,44
88266,200042000,88,44
88267,200068773,88,44
88268,200071066,88,44
88269,200096642,88,44
88270,200068559,88,44
88271,200068773,88,44
88272,200068773,88,44
88273,200068757,88,44
88274,200068559,88,44
88275,200071066,88,44
88276,200071066,88,44
88277,200071066,88,44
88278,200068559,88,44
88279,200068369,88,44
88280,200068369,88,44
88281,200068369,88,44
88283,200068682,88,44
88284,200071066,88,44
88285,200068682,88,44
88286,200068369,88,44
88287,200068773,88,44
88288,200068369,88,44
88289,200068773,88,44
88290,200068559,88,44
88291,200068773,88,44
88292,200068369,88,44
88293,200068559,88,44
88294,200068757,88,44
88295,200068369,88,44
88296,200068682,88,44
88297,200042000,88,44
88298,200005957,88,44
88299,200068559,88,44
88300,200071066,88,44
88301,200005957,88,44
88302,200033868,88,44
88303,200068559,88,44
88304,200068369,88,44
88305,200068559,88,44
88306,200071066,88,44
88307,200068773,88,44
88308,200068559,88,44
88309,200068682,88,44
88310,200068773,88,44
88311,200068757,88,44
88312,200068559,88,44
88313,200068757,88,44
88314,200068773,88,44
88315,200071066,88,44
88316,200068682,88,44
88317,200071066,88,44
88318,200005957,88,44
88319,200071066,88,44
88320,200071066,88,44
88321,200068559,88,44
88322,200042000,88,44
88324,200068559,88,44
88325,200068682,88,44
88326,200071066,88,44
88327,200068757,88,44
88328,200071066,88,44
88330,200068773,88,44
88331,200042000,88,44
88332,200068682,88,44
88333,200005957,88,44
88334,200068369,88,44
88335,200068682,88,44
88336,200068559,88,44
88338,200005957,88,44
88340,200068757,88,44
88341,200071066,88,44
88342,200068757,88,44
88343,200068682,88,44
88344,200068559,88,44
88345,200071066,88,44
88346,200071066,88,44
88347,200068369,88,44
88348,200042000,88,44
88349,200071066,88,44
88350,200068559,88,44
88351,200068377,88,44
88352,200068559,88,44
88353,200068773,88,44
88354,200068369,88,44
88355,200068757,88,44
88356,200071066,88,44
88357,200068369,88,44
88358,200068757,88,44
88359,200042000,88,44
88360,200068773,88,44
88361,200071066,88,44
88362,200071066,88,44
88363,200068559,88,44
88364,200068369,88,44
88365,200068369,88,44
88366,200068559,88,44
88367,200005957,88,44
88368,200068369,88,44
88369,200033868,88,44
88370,200068369,88,44
88371,200068757,88,44
88372,200071066,88,44
88373,200071066,88,44
88374,200068369,88,44
88375,200071066,88,44
88376,200068559,88,44
88377,200068773,88,44
88378,200068369,88,44
88379,200068757,88,44
88380,200096642,88,44
88381,200068773,88,44
88382,200068369,88,44
88383,200068377,88,44
88385,200068682,88,44
88386,200071066,88,44
88387,200068559,88,44
88388,200068757,88,44
88389,200068369,88,44
88390,200068773,88,44
88391,200096634,88,44
88394,200068773,88,44
88395,200005957,88,44
88398,200071066,88,44
88399,200042000,88,44
88400,200068369,88,44
88401,200068559,88,44
88402,200005957,88,44
88403,200068682,88,44
88404,200068773,88,44
88406,200068757,88,44
88407,200068559,88,44
88408,200033868,88,44
88409,200068377,88,44
88410,200005957,88,44
88411,200068773,88,44
88412,200005957,88,44
88413,200071066,88,44
88415,200068377,88,44
88416,200005957,88,44
88417,200005957,88,44
88418,200005957,88,44
88419,200071066,88,44
88421,200068773,88,44
88423,200071066,88,44
88424,200071066,88,44
88425,200005957,88,44
88426,200033868,88,44
88427,200068559,88,44
88428,200071066,88,44
88429,200068377,88,44
88430,200068682,88,44
88431,200068559,88,44
88432,200005957,88,44
88433,200068369,88,44
88434,200068682,88,44
88435,200071066,88,44
88436,200071066,88,44
88437,200068369,88,44
88438,200071066,88,44
88439,200068757,88,44
88440,200068682,88,44
88441,200068773,88,44
88442,200096634,88,44
88443,200068559,88,44
88444,200071066,88,44
88445,200071066,88,44
88446,200068682,88,44
88447,200096634,88,44
88448,200068682,88,44
88449,200068757,88,44
88450,200068773,88,44
88451,200071066,88,44
88452,200068773,88,44
88453,200068559,88,44
88454,200068757,88,44
88455,200068773,88,44
88456,200068773,88,44
88457,200068559,88,44
88458,200068757,88,44
88459,200068559,88,44
88460,200068559,88,44
88461,200068682,88,44
88462,200096634,88,44
88463,200071066,88,44
88464,200096634,88,44
88465,200068757,88,44
88466,200068682,88,44
88467,200096634,88,44
88468,200033868,88,44
88469,200068369,88,44
88470,200096642,88,44
88471,200068773,88,44
88472,200068682,88,44
88473,200068773,88,44
88474,200068559,88,44
88475,200068773,88,44
88476,200068369,88,44
88477,200068559,88,44
88478,200068559,88,44
88479,200068757,88,44
88480,200068757,88,44
88481,200068757,88,44
88482,200068682,88,44
88483,200068757,88,44
88484,200068757,88,44
88485,200068682,88,44
88486,200096634,88,44
88487,200068377,88,44
88488,200068682,88,44
88489,200068369,88,44
88490,200068682,88,44
88491,200068773,88,44
88492,200096642,88,44
88493,200068369,88,44
88494,200068369,88,44
88495,200068757,88,44
88496,200068682,88,44
88497,200068757,88,44
88498,200068377,88,44
88499,200068369,88,44
88500,200096634,88,44
88501,200071066,88,44
88502,200042000,88,44
88503,200071066,88,44
88504,245400510,88,44
88505,200071066,88,44
88506,200071066,88,44
88507,200068369,88,44
88508,200068369,88,44
88509,200068757,88,44
88510,200068773,88,44
88511,200068559,88,44
88512,200042000,88,44
88513,200068757,88,44
88514,200068559,88,44
88515,200068773,88,44
88516,200068682,88,44
88517,200068773,88,44
88518,200068682,88,44
88519,200071066,88,44
88520,200068757,88,44
88521,200005957,88,44
88522,200068369,88,44
88523,200068559,88,44
88524,200068682,88,44
88525,200068369,88,44
88526,200071066,88,44
88527,200005957,88,44
88528,200042000,88,44
88529,200068369,88,44
88530,200068757,88,44
88531,200096642,88,44
88532,200068757,88,44
89002,200067080,89,27
89003,248900524,89,27
89004,200039642,89,27
89005,200039642,89,27
89006,200039642,89,27
89007,200067130,89,27
89008,200039709,89,27
89009,200039758,89,27
89010,200039709,89,27
89011,200039758,89,27
89012,200039709,89,27
89013,200067114,89,27
89014,248900664,89,27
89015,200039758,89,27
89016,200039642,89,27
89017,200039642,89,27
89018,248900334,89,27
89019,200039642,89,27
89020,200039758,89,27
89021,200039758,89,27
89022,200039758,89,27
89023,200067114,89,27
89024,200067114,89,27
89025,200039758,89,27
89027,248900664,89,27
89028,200039642,89,27
89029,248900383,89,27
89030,200067080,89,27
89031,200067304,89,27
89032,200039758,89,27
89033,200067130,89,27
89034,200067080,89,27
89035,200067304,89,27
89036,248900748,89,27
89037,248900938,89,27
89038,200039642,89,27
89039,200067080,89,27
89040,200067080,89,27
89041,200067304,89,27
89042,200039709,89,27
89043,200039709,89,27
89044,200039758,89,27
89045,200067114,89,27
89046,200067130,89,27
89048,248900664,89,27
89049,200039758,89,27
89050,248900383,89,27
89051,248900334,89,27
89053,200067114,89,27
89054,248900748,89,27
89055,200067304,89,27
89056,248900938,89,27
89057,200039758,89,27
89058,200039758,89,27
89059,248900938,89,27
89060,248900748,89,27
89061,200067304,89,27
89062,200067080,89,27
89063,248900938,89,27
89064,200039709,89,27
89065,248900664,89,27
89066,248900664,89,27
89067,248900938,89,27
89068,200067080,89,27
89069,200067304,89,27
89071,200039758,89,27
89072,200067130,89,27
89073,200067130,89,27
89074,248900896,89,27
89075,248900938,89,27
89076,200067304,89,27
89077,200067114,89,27
89079,248900938,89,27
89080,248900896,89,27
89081,200067080,89,27
89083,200067114,89,27
89084,200067130,89,27
89085,248900383,89,27
89086,200067130,89,27
89087,200039642,89,27
89088,248900524,89,27
89089,200039758,89,27
89091,200039758,89,27
89092,200039709,89,27
89093,248900896,89,27
89094,248900748,89,27
89095,200067080,89,27
89096,200067304,89,27
89098,200039642,89,27
89099,248900383,89,27
89100,248900748,89,27
89101,200067304,89,27
89102,200067114,89,27
89104,200067080,89,27
89105,248900383,89,27
89108,200067114,89,27
89111,248900664,89,27
89112,200039642,89,27
89113,248900334,89,27
89115,248900896,89,27
89116,248900748,89,27
89117,200067130,89,27
89118,200067114,89,27
89119,200067429,89,27
89120,248900664,89,27
89122,248900664,89,27
89123,200067080,89,27
89124,248900896,89,27
89125,200067130,89,27
89126,248900748,89,27
89127,248900334,89,27
89128,200039709,89,27
89129,200067429,89,27
89130,200067080,89,27
89131,200039642,89,27
89132,200039642,89,27
89133,248900938,89,27
89134,200039758,89,27
89136,248900896,89,27
89137,200039642,89,27
89139,200067130,89,27
89141,200039709,89,27
89142,248900334,89,27
89143,248900748,89,27
89144,248900748,89,27
89145,200039758,89,27
89146,200039758,89,27
89147,200067130,89,27
89148,200067130,89,27
89149,200039642,89,27
89150,200067130,89,27
89151,248900748,89,27
89152,248900383,89,27
89153,200039642,89,27
89154,200067114,89,27
89155,200067114,89,27
89156,200067304,89,27
89158,200067130,89,27
89159,200039758,89,27
89160,248900334,89,27
89161,200039709,89,27
89162,248900896,89,27
89163,248900524,89,27
89164,200067429,89,27
89165,248900664,89,27
89167,248900524,89,27
89168,200067080,89,27
89169,200039642,89,27
89170,200039758,89,27
89171,248900664,89,27
89172,248900334,89,27
89173,200067130,89,27
89175,200067080,89,27
89176,200039758,89,27
89177,200067130,89,27
89179,200067130,89,27
89180,248900748,89,27
89181,248900664,89,27
89182,200067130,89,27
89183,200039709,89,27
89184,200039642,89,27
89186,200067304,89,27
89187,200039642,89,27
89188,200039758,89,27
89189,248900896,89,27
89190,200039758,89,27
89191,200039642,89,27
89194,200039709,89,27
89195,248900334,89,27
89196,248900524,89,27
89197,200039709,89,27
89198,200067114,89,27
89199,200067114,89,27
89200,200067304,89,27
89201,200067304,89,27
89202,200067114,89,27
89203,200039758,89,27
89204,200039709,89,27
89205,200067304,89,27
89206,248900938,89,27
89207,200039709,89,27
89208,200039709,89,27
89209,248900748,89,27
89210,200039642,89,27
89211,200039642,89,27
89212,200067114,89,27
89214,248900664,89,27
89215,200067130,89,27
89216,200067130,89,27
89217,200067130,89,27
89218,248900383,89,27
89219,200067304,89,27
89220,200067130,89,27
89221,200067130,89,27
89222,200067130,89,27
89223,200039642,89,27
89224,200067080,89,27
89225,200039758,89,27
89226,200067080,89,27
89227,200067080,89,27
89228,200067114,89,27
89229,248900748,89,27
89230,248900938,89,27
89232,200039758,89,27
89233,200067080,89,27
89234,200067429,89,27
89235,200039758,89,27
89236,248900334,89,27
89237,200067080,89,27
89238,200067080,89,27
89239,248900334,89,27
89240,248900334,89,27
89242,200067080,89,27
89244,200039709,89,27
89245,248900334,89,27
89246,200039709,89,27
89247,200039642,89,27
89248,200039758,89,27
89249,200067304,89,27
89250,200067080,89,27
89251,248900524,89,27
89252,200067130,89,27
89253,200039758,89,27
89254,200067130,89,27
89255,248900896,89,27
89256,200067130,89,27
89257,248900383,89,27
89259,200039709,89,27
89261,248900664,89,27
89262,200039642,89,27
89263,200067114,89,27
89264,248900748,89,27
89265,200067114,89,27
89266,200039758,89,27
89267,200039709,89,27
89268,200067304,89,27
89270,200067130,89,27
89271,200039709,89,27
89272,200067130,89,27
89273,200067130,89,27
89274,248900748,89,27
89276,200067304,89,27
89277,200067080,89,27
89278,248900334,89,27
89279,200039709,89,27
89280,200039642,89,27
89281,248900524,89,27
89282,200067304,89,27
89283,200067130,89,27
89284,200039642,89,27
89285,248900896,89,27
89286,200067130,89,27
89287,248900334,89,27
89288,200067304,89,27
89289,248900938,89,27
89290,200039709,89,27
89291,248900334,89,27
89292,200067304,89,27
89295,200067114,89,27
89296,200039642,89,27
89297,200039758,89,27
89298,248900748,89,27
89299,200039642,89,27
89300,200039709,89,27
89302,248900896,89,27
89303,200067080,89,27
89304,248900524,89,27
89306,200039758,89,27
89307,200067080,89,27
89308,248900664,89,27
89309,248900896,89,27
89310,248900664,89,27
89311,200067130,89,27
89312,200039709,89,27
89313,248900938,89,27
89314,200067080,89,27
89315,200067080,89,27
89316,200039758,89,27
89318,200039758,89,27
89319,200067114,89,27
89320,200039642,89,27
89321,200039642,89,27
89323,200039642,89,27
89324,200067130,89,27
89325,200067130,89,27
89326,248900334,89,27
89327,248900334,89,27
89328,200067080,89,27
89329,200039642,89,27
89331,200067130,89,27
89332,248900748,89,27
89333,200039709,89,27
89334,248900524,89,27
89335,248900938,89,27
89336,200039758,89,27
89337,200067114,89,27
89338,248900334,89,27
89339,200039709,89,27
89341,200067080,89,27
89342,248900334,89,27
89344,200067130,89,27
89345,200067304,89,27
89346,200067114,89,27
89347,200039758,89,27
89348,248900938,89,27
89349,200039758,89,27
89350,200067668,89,27
89351,200039758,89,27
89352,200067130,89,27
89353,248900938,89,27
89354,248900334,89,27
89355,200039642,89,27
89359,248900664,89,27
89360,248900524,89,27
89361,248900524,89,27
89362,200039758,89,27
89363,200067080,89,27
89364,200039758,89,27
89365,200067130,89,27
89367,200067130,89,27
89368,200067130,89,27
89369,248900896,89,27
89370,248900748,89,27
89371,200039709,89,27
89373,248900334,89,27
89374,200039642,89,27
89375,200039709,89,27
89376,200039709,89,27
89377,200039709,89,27
89378,200039758,89,27
89379,200039709,89,27
89380,248900748,89,27
89382,200067304,89,27
89383,200067130,89,27
89384,248900524,89,27
89385,200039642,89,27
89386,200039642,89,27
89387,248900334,89,27
89388,248900938,89,27
89390,248900896,89,27
89391,248900896,89,27
89392,200039758,89,27
89393,200039642,89,27
89394,200067080,89,27
89395,248900664,89,27
89397,248900524,89,27
89398,200067304,89,27
89399,248900334,89,27
89400,200067130,89,27
89402,200067304,89,27
89403,200039642,89,27
89404,248900748,89,27
89405,200067130,89,27
89406,200039709,89,27
89407,200039642,89,27
89408,200067130,89,27
89409,200039758,89,27
89410,200039758,89,27
89411,248900664,89,27
89412,200039709,89,27
89413,200039642,89,27
89414,248900896,89,27
89415,200039758,89,27
89416,200067130,89,27
89417,200039642,89,27
89418,200039642,89,27
89419,200067130,89,27
89420,200067130,89,27
89422,200039642,89,27
89423,200039642,89,27
89424,200067080,89,27
89425,200067304,89,27
89426,200067130,89,27
89427,200067114,89,27
89428,248900748,89,27
89430,200067080,89,27
89431,200039709,89,27
89432,248900664,89,27
89433,200039758,89,27
89434,248900664,89,27
89436,200067304,89,27
89437,200067080,89,27
89438,200067114,89,27
89439,200067304,89,27
89440,248900938,89,27
89441,200067080,89,27
89442,248900748,89,27
89443,248900334,89,27
89445,200039642,89,27
89446,200039758,89,27
89447,200039642,89,27
89449,248900896,89,27
89450,248900748,89,27
89451,248900664,89,27
89452,248900938,89,27
89453,200067114,89,27
89456,248900896,89,27
89458,248900896,89,27
89459,248900748,89,27
89460,248900896,89,27
89461,248900664,89,27
89462,200067130,89,27
89463,200067114,89,27
89464,248900334,89,27
89465,248900896,89,27
89466,248900748,89,27
89467,248900748,89,27
89468,248900938,89,27
89469,248900896,89,27
89470,200039642,89,27
89471,248900334,89,27
89472,200067130,89,27
89474,200067304,89,27
89475,200039642,89,27
89477,200067080,89,27
89478,200067114,89,27
89479,200067114,89,27
89480,248900896,89,27
89481,200039642,89,27
89482,200039642,89,27
89483,248900334,89,27
89485,200039758,89,27
89486,200039642,89,27
90001,200069052,90,27
90002,200069052,90,27
90003,200069060,90,27
90004,200069052,90,27
90005,200069060,90,27
90006,200069060,90,27
90007,200069052,90,27
90008,200069052,90,27
90009,249000241,90,27
90010,200069052,90,27
90011,200069052,90,27
90012,200069052,90,27
90013,200069052,90,27
90014,249000241,90,27
90015,200069052,90,27
90016,200069060,90,27
90017,200069052,90,27
90018,249000241,90,27
90019,249000241,90,27
90020,200069052,90,27
90021,200069052,90,27
90022,200069052,90,27
90023,200069060,90,27
90024,249000241,90,27
90025,249000241,90,27
90026,200069052,90,27
90027,249000241,90,27
90028,249000241,90,27
90029,200069052,90,27
90030,249000241,90,27
90031,200069052,90,27
90032,200069052,90,27
90033,249000241,90,27
90034,200069052,90,27
90035,200069052,90,27
90036,200069052,90,27
90037,200069052,90,27
90039,200069052,90,27
90041,200069060,90,27
90042,200069052,90,27
90043,249000241,90,27
90044,200069060,90,27
90045,249000241,90,27
90046,249000241,90,27
90047,200069052,90,27
90048,200069052,90,27
90049,200069052,90,27
90050,200069052,90,27
90051,249000241,90,27
90052,200069060,90,27
90053,249000241,90,27
90054,200069060,90,27
90055,249000241,90,27
90056,249000241,90,27
90057,200069060,90,27
90058,200069060,90,27
90059,200069052,90,27
90060,200069052,90,27
90061,200069060,90,27
90062,200069052,90,27
90063,249000241,90,27
90064,249000241,90,27
90065,200069060,90,27
90066,200069060,90,27
90067,200069052,90,27
90068,200069052,90,27
90069,200069052,90,27
90070,249000241,90,27
90071,200069052,90,27
90072,200069052,90,27
90074,200069052,90,27
90075,200069052,90,27
90076,200069052,90,27
90077,200069052,90,27
90078,200069060,90,27
90079,200069060,90,27
90080,200069052,90,27
90081,249000241,90,27
90082,200069052,90,27
90083,249000241,90,27
90084,200069052,90,27
90085,200069060,90,27
90086,200069060,90,27
90087,200069052,90,27
90088,200069060,90,27
90089,200069060,90,27
90090,249000241,90,27
90091,200069060,90,27
90093,200069052,90,27
90094,200069052,90,27
90095,249000241,90,27
90096,249000241,90,27
90097,200069052,90,27
90098,200069052,90,27
90099,200069052,90,27
90100,200069052,90,27
90101,249000241,90,27
90102,200069060,90,27
90103,200069052,90,27
90104,200069052,90,27
90105,249000241,90,27
91001,200017846,91,11
91016,200017846,91,11
91017,249100074,91,11
91021,200057859,91,11
91022,200017846,91,11
91027,200054781,91,11
91035,200017846,91,11
91037,249100546,91,11
91038,249100553,91,11
91041,200057859,91,11
91044,200056232,91,11
91045,249100546,91,11
91047,249100546,91,11
91064,247800584,91,11
91067,200017846,91,11
91069,249100157,91,11
91075,200017846,91,11
91079,200017846,91,11
91080,249100553,91,11
91081,200017846,91,11
91085,249100553,91,11
91086,200059228,91,11
91093,249100074,91,11
91095,249100553,91,11
91097,200058477,91,11
91098,200017846,91,11
91099,249100157,91,11
91100,200017846,91,11
91103,200057859,91,11
91105,200057859,91,11
91106,249100595,91,11
91109,200017846,91,11
91111,249100074,91,11
91112,200017846,91,11
91114,200058477,91,11
91115,200057859,91,11
91121,249100157,91,11
91122,200056232,91,11
91129,249100546,91,11
91130,200017846,91,11
91131,200017846,91,11
91132,249100553,91,11
91135,249100546,91,11
91136,200056232,91,11
91137,200017846,91,11
91145,200017846,91,11
91148,249100553,91,11
91156,200057859,91,11
91159,249100546,91,11
91161,200056232,91,11
91174,200059228,91,11
91175,249100595,91,11
91179,200059228,91,11
91180,249100157,91,11
91184,249100157,91,11
91186,249100074,91,11
91191,200058477,91,11
91195,249100157,91,11
91198,249100546,91,11
91200,249100595,91,11
91201,200058477,91,11
91204,249100546,91,11
91207,200057859,91,11
91215,200058477,91,11
91216,200056232,91,11
91223,200017846,91,11
91225,200059228,91,11
91226,249100553,91,11
91228,200059228,91,11
91232,249100546,91,11
91235,200057859,91,11
91240,200017846,91,11
91243,249100074,91,11
91244,249100546,91,11
91247,249100595,91,11
91248,200017846,91,11
91249,249100074,91,11
91272,200056232,91,11
91273,249100157,91,11
91274,249100074,91,11
91275,200056232,91,11
91284,249100595,91,11
91286,200059228,91,11
91292,200057859,91,11
91293,249100546,91,11
91294,200017846,91,11
91312,200056232,91,11
91315,249100546,91,11
91318,249100553,91,11
91319,249100074,91,11
91326,200054781,91,11
91330,249100553,91,11
91332,249100546,91,11
91333,200057859,91,11
91338,249100074,91,11
91339,200056232,91,11
91340,200059228,91,11
91345,200056232,91,11
91347,200057859,91,11
91359,249100157,91,11
91363,200056232,91,11
91374,200017846,91,11
91376,200057859,91,11
91377,200056232,91,11
91378,249100553,91,11
91386,249100546,91,11
91390,200017846,91,11
91393,200017846,91,11
91399,200017846,91,11
91405,249100157,91,11
91408,249100157,91,11
91411,249100074,91,11
91412,249100157,91,11
91414,200017846,91,11
91421,200058477,91,11
91425,200056232,91,11
91432,200054781,91,11
91433,200017846,91,11
91434,200057859,91,11
91435,200059228,91,11
91441,249100546,91,11
91457,200057859,91,11
91458,200056232,91,11
91461,200057859,91,11
91463,249100157,91,11
91468,249100546,91,11
91469,200017846,91,11
91471,200056232,91,11
91473,249100546,91,11
91477,200056232,91,11
91479,200054781,91,11
91482,249100074,91,11
91494,200057859,91,11
91495,200017846,91,11
91507,249100157,91,11
91508,200017846,91,11
91511,200017846,91,11
91514,200058477,91,11
91519,249100595,91,11
91521,200059228,91,11
91525,249100595,91,11
91526,200017846,91,11
91533,200017846,91,11
91534,200056232,91,11
91538,200056232,91,11
91540,249100595,91,11
91544,200017846,91,11
91546,249100595,91,11
91547,200017846,91,11
91549,200057859,91,11
91552,200057859,91,11
91553,200059228,91,11
91556,200017846,91,11
91560,249100074,91,11
91568,249100074,91,11
91570,200057859,91,11
91573,200059228,91,11
91577,200059228,91,11
91578,249100553,91,11
91579,249100546,91,11
91581,249100553,91,11
91587,200056232,91,11
91589,200054781,91,11
91593,249100595,91,11
91599,249100157,91,11
91600,200059228,91,11
91602,249100553,91,11
91613,200017846,91,11
91617,200059228,91,11
91619,249100553,91,11
91629,200017846,91,11
91630,249100595,91,11
91631,247700644,91,11
91634,249100074,91,11
91635,200056232,91,11
91639,249100546,91,11
91645,200056232,91,11
91648,249100546,91,11
91649,249100546,91,11
91654,249100157,91,11
91657,200058477,91,11
91659,200059228,91,11
91661,200056232,91,11
91662,249100553,91,11
91665,200056232,91,11
91666,200056232,91,11
91667,200057859,91,11
91671,249100553,91,11
91679,200056232,91,11
91685,200057859,91,11
91687,200054781,91,11
91689,200056232,91,11
91691,200058477,91,11
91692,200056232,91,11
92002,200054781,92,11
92004,200054781,92,11
92007,200054781,92,11
92009,200054781,92,11
92012,200054781,92,11
92014,200054781,92,11
92019,200054781,92,11
92020,200054781,92,11
92022,200054781,92,11
92023,200054781,92,11
92024,200054781,92,11
92025,200054781,92,11
92026,200054781,92,11
92032,200054781,92,11
92033,200054781,92,11
92035,200054781,92,11
92036,200054781,92,11
92040,200054781,92,11
92044,200054781,92,11
92046,200054781,92,11
92047,200054781,92,11
92048,200054781,92,11
92049,200054781,92,11
92050,200054781,92,11
92051,200054781,92,11
92060,200054781,92,11
92062,200054781,92,11
92063,200054781,92,11
92064,200054781,92,11
92071,200054781,92,11
92072,200054781,92,11
92073,200054781,92,11
92075,200054781,92,11
92076,200054781,92,11
92077,200054781,92,11
92078,200054781,92,11
93001,200054781,93,11
93005,200054781,93,11
93006,200054781,93,11
93007,200054781,93,11
93008,200054781,93,11
93010,200054781,93,11
93013,200054781,93,11
93014,200054781,93,11
93015,200054781,93,11
93027,200054781,93,11
93029,200054781,93,11
93030,200054781,93,11
93031,200054781,93,11
93032,200054781,93,11
93033,200054781,93,11
93039,200054781,93,11
93045,200054781,93,11
93046,200054781,93,11
93047,200054781,93,11
93048,200054781,93,11
93049,200054781,93,11
93050,200054781,93,11
93051,200054781,93,11
93053,200054781,93,11
93055,200054781,93,11
93057,200054781,93,11
93061,200054781,93,11
93062,200054781,93,11
93063,200054781,93,11
93064,200054781,93,11
93066,200054781,93,11
93070,200054781,93,11
93071,200054781,93,11
93072,200054781,93,11
93073,200054781,93,11
93074,200054781,93,11
93077,200054781,93,11
93078,200054781,93,11
93079,200054781,93,11
94001,200054781,94,11
94002,200054781,94,11
94003,200054781,94,11
94004,200054781,94,11
94011,200054781,94,11
94015,200054781,94,11
94016,200054781,94,11
94017,200054781,94,11
94018,200054781,94,11
94019,200054781,94,11
94021,200054781,94,11
94022,200054781,94,11
94028,200054781,94,11
94033,200054781,94,11
94034,200054781,94,11
94037,200054781,94,11
94038,200054781,94,11
94041,200054781,94,11
94042,200054781,94,11
94043,200054781,94,11
94044,200054781,94,11
94046,200054781,94,11
94047,200054781,94,11
94048,200054781,94,11
94052,200054781,94,11
94053,200054781,94,11
94054,200054781,94,11
94055,200054781,94,11
94056,200054781,94,11
94058,200054781,94,11
94059,200054781,94,11
94060,200054781,94,11
94065,200054781,94,11
94067,200054781,94,11
94068,200054781,94,11
94069,200054781,94,11
94070,200054781,94,11
94071,200054781,94,11
94073,200054781,94,11
94074,200054781,94,11
94075,200054781,94,11
94076,200054781,94,11
94077,200054781,94,11
94078,200054781,94,11
94079,200054781,94,11
94080,200054781,94,11
94081,200054781,94,11
95002,200035970,95,11
95008,249500513,95,11
95011,249500513,95,11
95012,249500513,95,11
95014,200056380,95,11
95018,200054781,95,11
95019,200055655,95,11
95023,249500430,95,11
95024,249500513,95,11
95026,200073013,95,11
95028,200056380,95,11
95039,249500430,95,11
95040,200035970,95,11
95042,200073013,95,11
95046,249500513,95,11
95051,200058485,95,11
95052,249500489,95,11
95054,200035970,95,11
95055,200073013,95,11
95056,200073013,95,11
95058,249500489,95,11
95059,200035970,95,11
95060,200058485,95,11
95061,249500455,95,11
95063,200058519,95,11
95074,249500109,95,11
95078,200035970,95,11
95088,200055655,95,11
95091,200056380,95,11
95094,200055655,95,11
95101,249500513,95,11
95102,200035970,95,11
95110,200035970,95,11
95116,249500489,95,11
95119,249500513,95,11
95120,249500430,95,11
95127,249500109,95,11
95134,249500489,95,11
95139,249500513,95,11
95141,249500513,95,11
95142,200035970,95,11
95144,200073013,95,11
95149,200073013,95,11
95150,249500513,95,11
95151,249500455,95,11
95154,200055655,95,11
95157,249500513,95,11
95166,200035970,95,11
95169,200035970,95,11
95170,200035970,95,11
95176,200058485,95,11
95177,200035970,95,11
95181,200035970,95,11
95183,249500109,95,11
95197,200056380,95,11
95199,200056380,95,11
95203,200058485,95,11
95205,200055655,95,11
95210,200056380,95,11
95211,249500430,95,11
95212,200055655,95,11
95213,249500430,95,11
95214,200073013,95,11
95218,249500109,95,11
95219,200058485,95,11
95229,200056380,95,11
95241,200055655,95,11
95250,200055655,95,11
95252,200058485,95,11
95253,200035970,95,11
95254,200035970,95,11
95256,200058485,95,11
95257,200058485,95,11
95258,249500430,95,11
95268,200055655,95,11
95270,249500513,95,11
95271,249500430,95,11
95277,200055655,95,11
95280,200055655,95,11
95287,200035970,95,11
95288,200056380,95,11
95295,200035970,95,11
95298,200035970,95,11
95301,249500513,95,11
95303,200035970,95,11
95304,249500430,95,11
95306,200058485,95,11
95308,249500430,95,11
95309,249500513,95,11
95313,249500455,95,11
95316,200073013,95,11
95323,249500109,95,11
95328,249500430,95,11
95331,200073013,95,11
95341,249500430,95,11
95348,200035970,95,11
95351,200055655,95,11
95352,200073013,95,11
95353,200073013,95,11
95355,249500513,95,11
95365,200073013,95,11
95369,200056380,95,11
95370,200035970,95,11
95371,200055655,95,11
95379,249500513,95,11
95387,249500430,95,11
95388,249500109,95,11
95392,249500455,95,11
95394,249500455,95,11
95395,200055655,95,11
95409,200056380,95,11
95422,200035970,95,11
95424,200058485,95,11
95426,200056380,95,11
95427,200056380,95,11
95428,200056380,95,11
95429,249500513,95,11
95430,200073013,95,11
95436,249500489,95,11
95438,200035970,95,11
95445,249500455,95,11
95446,249500430,95,11
95447,200035970,95,11
95450,249500109,95,11
95452,249500489,95,11
95456,249500489,95,11
95459,200035970,95,11
95462,249500513,95,11
95476,249500109,95,11
95480,249500455,95,11
95483,200035970,95,11
95487,249500489,95,11
95488,200058485,95,11
95489,200056380,95,11
95491,200058485,95,11
95492,200055655,95,11
95493,200073013,95,11
95500,249500109,95,11
95504,249500455,95,11
95509,200055655,95,11
95510,249500109,95,11
95523,249500513,95,11
95527,200055655,95,11
95529,249500489,95,11
95535,200035970,95,11
95539,200056380,95,11
95541,249500513,95,11
95543,249500513,95,11
95554,249500513,95,11
95555,200056380,95,11
95563,200058485,95,11
95566,200073013,95,11
95572,249500109,95,11
95574,200056380,95,11
95580,200055655,95,11
95582,200058485,95,11
95584,200035970,95,11
95585,200055655,95,11
95592,200035970,95,11
95594,200073013,95,11
95598,200056380,95,11
95604,200055655,95,11
95607,200058485,95,11
95610,200035970,95,11
95611,200035970,95,11
95612,200055655,95,11
95625,200035970,95,11
95627,249500430,95,11
95628,249500430,95,11
95633,200055655,95,11
95637,249500109,95,11
95641,200055655,95,11
95651,249500513,95,11
95652,200073013,95,11
95656,249500513,95,11
95658,200035970,95,11
95660,200073013,95,11
95675,200055655,95,11
95676,249500513,95,11
95678,249500455,95,11
95680,200055655,95,11
95682,200073013,95,11
95690,249500513,95,11
97101,200018653,971,01
97102,200044691,971,01
97103,200018653,971,01
97104,249710070,971,01
97105,249710070,971,01
97106,249710070,971,01
97107,249710070,971,01
97108,249710047,971,01
97109,249710070,971,01
97110,200041507,971,01
97111,249710062,971,01
97112,249710047,971,01
97113,200041507,971,01
97114,249710062,971,01
97115,249710062,971,01
97116,200044691,971,01
97117,200044691,971,01
97118,249710062,971,01
97119,200044691,971,01
97120,200018653,971,01
97121,249710062,971,01
97122,200044691,971,01
97124,249710070,971,01
97125,200041507,971,01
97126,249710047,971,01
97128,200041507,971,01
97129,249710062,971,01
97130,249710070,971,01
97131,249710070,971,01
97132,249710070,971,01
97133,249710070,971,01
97134,249710070,971,01
97201,200041788,972,02
97202,249720053,972,02
97203,200041788,972,02
97204,200041788,972,02
97205,200041788,972,02
97206,249720053,972,02
97207,249720053,972,02
97208,200041788,972,02
97209,249720061,972,02
97210,249720053,972,02
97211,200041788,972,02
97212,200041788,972,02
97213,249720061,972,02
97214,200041788,972,02
97215,200041788,972,02
97216,200041788,972,02
97217,249720053,972,02
97218,200041788,972,02
97219,200041788,972,02
97220,249720053,972,02
97221,249720053,972,02
97222,200041788,972,02
97223,249720053,972,02
97224,249720061,972,02
97225,200041788,972,02
97226,249720053,972,02
97227,249720053,972,02
97228,200041788,972,02
97229,249720061,972,02
97230,200041788,972,02
97231,249720053,972,02
97232,249720053,972,02
97233,200041788,972,02
97234,200041788,972,02
97301,249730052,973,03
97302,249730045,973,03
97303,200027548,973,03
97304,200027548,973,03
97305,249730045,973,03
97306,249730037,973,03
97307,249730045,973,03
97308,249730052,973,03
97309,249730045,973,03
97310,249730045,973,03
97311,249730037,973,03
97312,200027548,973,03
97313,249730045,973,03
97314,249730052,973,03
97352,249730037,973,03
97353,249730037,973,03
97356,249730052,973,03
97357,249730037,973,03
97358,200027548,973,03
97360,249730037,973,03
97361,249730037,973,03
97362,249730037,973,03
97401,249740077,974,04
97402,249740093,974,04
97403,249740085,974,04
97404,249740077,974,04
97405,249740077,974,04
97406,249740093,974,04
97407,249740101,974,04
97408,249740101,974,04
97409,249740093,974,04
97410,249740093,974,04
97411,249740119,974,04
97412,249740085,974,04
97413,249740101,974,04
97414,249740077,974,04
97415,249740101,974,04
97416,249740077,974,04
97417,249740085,974,04
97418,249740119,974,04
97419,249740093,974,04
97420,249740119,974,04
97421,249740093,974,04
97422,249740085,974,04
97423,249740101,974,04
97424,249740077,974,04
97501,,975,975
97502,,975,975
97601,200060465,976,06
97602,200060465,976,06
97603,200060473,976,06
97604,200060473,976,06
97605,200059871,976,06
97606,200060473,976,06
97607,200060457,976,06
97608,200050532,976,06
97609,200060473,976,06
97610,200060465,976,06
97611,200060457,976,06
97612,200060465,976,06
97613,200059871,976,06
97614,200059871,976,06
97615,200050532,976,06
97616,200059871,976,06
97617,200059871,976,06
97701,,977,977
97801,,978,978
98411,,984,984
98412,,984,984
98413,,984,984
98414,,984,984
98415,,984,984
98611,,986,986
98612,,986,986
98613,,986,986
98711,,987,987
98712,,987,987
98713,,987,987
98714,,987,987
98715,,987,987
98716,,987,987
98717,,987,987
98718,,987,987
98719,,987,987
98720,,987,987
98721,,987,987
98722,,987,987
98723,,987,987
98724,,987,987
98725,,987,987
98726,,987,987
98727,,987,987
98728,,987,987
98729,,987,987
98730,,987,987
98731,,987,987
98732,,987,987
98733,,987,987
98734,,987,987
98735,,987,987
98736,,987,987
98737,,987,987
98738,,987,987
98739,,987,987
98740,,987,987
98741,,987,987
98742,,987,987
98743,,987,987
98744,,987,987
98745,,987,987
98746,,987,987
98747,,987,987
98748,,987,987
98749,,987,987
98750,,987,987
98751,,987,987
98752,,987,987
98753,,987,987
98754,,987,987
98755,,987,987
98756,,987,987
98757,,987,987
98758,,987,987
98801,,988,988
98802,,988,988
98803,,988,988
98804,,988,988
98805,,988,988
98806,,988,988
98807,,988,988
98808,,988,988
98809,,988,988
98810,,988,988
98811,,988,988
98812,,988,988
98813,,988,988
98814,,988,988
98815,,988,988
98816,,988,988
98817,,988,988
98818,,988,988
98819,,988,988
98820,,988,988
98821,,988,988
98822,,988,988
98823,,988,988
98824,,988,988
98825,,988,988
98826,,988,988
98827,,988,988
98828,,988,988
98829,,988,988
98830,,988,988
98831,,988,988
98832,,988,988
98833,,988,988
98901,,989,989
