"DEPARTEMENT_CODE";"DEPARTEMENT_LIBELLE";"REGION_CODE";"REGION_LIBELLE";"ANNEE";"CARBUREACTEUR";"FOD";"FOL";"GAZOLE";"GNR";"GPL";"SUPER_ETH_E85";"SUPER_SANS_PLOMB_95";"SUPER_SANS_PLOMB_95_E10";"SUPER_SANS_PLOMB_98";"SUPER_SANS_PLOMB";"SUPER_PLOMBE"
"01";"Ain";"84";"Auvergne-Rhône-Alpes";"2005";;93955;26354;341044;0;;;;;;101334.9;2263.66
"02";"Aisne";"32";"Hauts-de-France";"2005";;118927;71065;303269;0;;;;;;79069;2508.6
"03";"Allier";"84";"Auvergne-Rhône-Alpes";"2005";;103514;6271;212365;0;;;;;;62416.78;3366.26
"04";"Alpes-de-Haute-Provence";"93";"Provence-Alpes-Côte d'Azur";"2005";;36833;17806;90712;0;;;;;;32114.52;766.64
"05";"Hautes-Alpes";"93";"Provence-Alpes-Côte d'Azur";"2005";;38889;1251;83579;0;;;;;;28524.04;711.14
"06";"Alpes-Maritimes";"93";"Provence-Alpes-Côte d'Azur";"2005";;73071;1493;370795;0;;;;;;263132.2;3786.58
"07";"Ardèche";"84";"Auvergne-Rhône-Alpes";"2005";;31517;15391;109695;0;;;;;;46873.08;1810.78
"08";"Ardennes";"44";"Grand Est";"2005";;57556;4937;117982;0;;;;;;34480.3;708.92
"09";"Ariège";"76";"Occitanie";"2005";;16163;931;73272;0;;;;;;22132.66;1138.12
"10";"Aube";"44";"Grand Est";"2005";;63695;3305;193735;0;;;;;;51683.08;1341.62
"11";"Aude";"76";"Occitanie";"2005";;72391;6767;250905;0;;;;;;65430.06;3614.9
"12";"Aveyron";"76";"Occitanie";"2005";;82015;2214;184136;0;;;;;;41391.9;2680.28
"13";"Bouches-du-Rhône";"93";"Provence-Alpes-Côte d'Azur";"2005";;310169;156523;964790;0;;;;;;357575.4;5636.58
"14";"Calvados";"28";"Normandie";"2005";;229116;14543;458802;0;;;;;;126554.8;4963.92
"15";"Cantal";"84";"Auvergne-Rhône-Alpes";"2005";;39361;14561;81746;0;;;;;;22471.58;1180.3
"16";"Charente";"75";"Nouvelle-Aquitaine";"2005";;81515;27923;274811;0;;;;;;79618.08;4565.06
"17";"Charente-Maritime";"75";"Nouvelle-Aquitaine";"2005";;126599;17766;401689;0;;;;;;119663.2;4392.64
"18";"Cher";"24";"Centre-Val de Loire";"2005";;87500;5325;205253;0;;;;;;58759.7;1893.66
"19";"Corrèze";"75";"Nouvelle-Aquitaine";"2005";;49598;5231;161664;0;;;;;;45037.14;2999.96
"21";"Côte-d'Or";"27";"Bourgogne-Franche-Comté";"2005";;145937;9835;357738;0;;;;;;109807.9;2494.54
"22";"Côtes-d'Armor";"53";"Bretagne";"2005";;146950;18971;337418;0;;;;;;92309.08;4996.48
"23";"Creuse";"75";"Nouvelle-Aquitaine";"2005";;50792;834;73142;0;;;;;;19697.32;784.4
"24";"Dordogne";"75";"Nouvelle-Aquitaine";"2005";;81247;3238;196361;0;;;;;;57109.5;4351.2
"25";"Doubs";"27";"Bourgogne-Franche-Comté";"2005";;175669;23149;296542;0;;;;;;82214.74;2174.86
"26";"Drôme";"84";"Auvergne-Rhône-Alpes";"2005";;122951;8638;452310;0;;;;;;107323.7;3235.28
"27";"Eure";"28";"Normandie";"2005";;96686;29011;316386;0;;;;;;97401.02;4411.14
"28";"Eure-et-Loir";"24";"Centre-Val de Loire";"2005";;80117;2318;288634;0;;;;;;87738.84;3151.66
"29";"Finistère";"53";"Bretagne";"2005";;165680;32555;531537;0;;;;;;142763.8;8062.3
"2A";"Corse-du-Sud";"94";"Corse";"2005";;27636;0;63211;0;;;;;;33732.9;2555.96
"2B";"Haute-Corse";"94";"Corse";"2005";;76823;484;71916;0;;;;;;37828.06;905.76
"30";"Gard";"76";"Occitanie";"2005";;103570;6832;326134;0;;;;;;123328.4;3836.16
"31";"Haute-Garonne";"76";"Occitanie";"2005";;90203;8858;616139;0;;;;;;210792;5703.18
"32";"Gers";"76";"Occitanie";"2005";;43795;616;104712;0;;;;;;26080.56;1523.66
"33";"Gironde";"75";"Nouvelle-Aquitaine";"2005";;188688;44233;803637;0;;;;;;263439.3;10788.46
"34";"Hérault";"76";"Occitanie";"2005";;181735;11803;551111;0;;;;;;204869;6779.14
"35";"Ille-et-Vilaine";"53";"Bretagne";"2005";;607842;34111;699888;0;;;;;;175219.4;6241.16
"36";"Indre";"24";"Centre-Val de Loire";"2005";;66636;1455;136689;0;;;;;;39516;1693.12
"37";"Indre-et-Loire";"24";"Centre-Val de Loire";"2005";;139870;5409;313801;0;;;;;;110191.9;4141.04
"38";"Isère";"84";"Auvergne-Rhône-Alpes";"2005";;151001;64479;562140;0;;;;;;203559.9;5663.96
"39";"Jura";"27";"Bourgogne-Franche-Comté";"2005";;73699;5015;154558;0;;;;;;46741.36;1387.5
"40";"Landes";"75";"Nouvelle-Aquitaine";"2005";;73000;38051;239503;0;;;;;;69803.46;2856.4
"41";"Loir-et-Cher";"24";"Centre-Val de Loire";"2005";;72259;1698;191207;0;;;;;;63820.56;2451.62
"42";"Loire";"84";"Auvergne-Rhône-Alpes";"2005";;726519;39349;346627;0;;;;;;110379.1;5094.16
"43";"Haute-Loire";"84";"Auvergne-Rhône-Alpes";"2005";;68036;6475;134979;0;;;;;;32863.4;1392.68
"44";"Loire-Atlantique";"52";"Pays de la Loire";"2005";;783215;35265;665962;0;;;;;;218228.2;7975.72
"45";"Loiret";"24";"Centre-Val de Loire";"2005";;272590;28046;383859;0;;;;;;124399.2;3804.34
"46";"Lot";"76";"Occitanie";"2005";;33511;6469;103763;0;;;;;;33436.9;1620.6
"47";"Lot-et-Garonne";"75";"Nouvelle-Aquitaine";"2005";;743894;3826;204902;0;;;;;;45522.58;6116.1
"48";"Lozère";"76";"Occitanie";"2005";;46594;2681;58455;0;;;;;;15224.02;569.06
"49";"Maine-et-Loire";"52";"Pays de la Loire";"2005";;66676;20630;361872;0;;;;;;113297.7;5032
"50";"Manche";"28";"Normandie";"2005";;144136;39128;314605;0;;;;;;82412.32;3961.96
"51";"Marne";"44";"Grand Est";"2005";;219477;86974;412860;0;;;;;;96051.26;1723.46
"52";"Haute-Marne";"44";"Grand Est";"2005";;48800;3761;165913;0;;;;;;37819.18;1057.46
"53";"Mayenne";"52";"Pays de la Loire";"2005";;50781;17219;167960;0;;;;;;39146.74;1619.12
"54";"Meurthe-et-Moselle";"44";"Grand Est";"2005";;676263;9522;275136;0;;;;;;102376;2308.06
"55";"Meuse";"44";"Grand Est";"2005";;68250;7738;102858;0;;;;;;24855.12;801.42
"56";"Morbihan";"53";"Bretagne";"2005";;129800;28436;432782;0;;;;;;118309.7;4036.7
"57";"Moselle";"44";"Grand Est";"2005";;237748;46682;420471;0;;;;;;142299;3347.76
"58";"Nièvre";"27";"Bourgogne-Franche-Comté";"2005";;75761;1659;104183;0;;;;;;40924.22;2134.9
"59";"Nord";"32";"Hauts-de-France";"2005";;885157;200139;907968;0;;;;;;315190.4;8100.78
"60";"Oise";"32";"Hauts-de-France";"2005";;115882;21375;396316;0;;;;;;123683.6;3230.1
"61";"Orne";"28";"Normandie";"2005";;98760;11533;154367;0;;;;;;36642.58;2007.62
"62";"Pas-de-Calais";"32";"Hauts-de-France";"2005";;206536;51991;876810;0;;;;;;206135.1;4845.52
"63";"Puy-de-Dôme";"84";"Auvergne-Rhône-Alpes";"2005";;115403;27375;338013;0;;;;;;116667.7;5680.98
"64";"Pyrénées-Atlantiques";"75";"Nouvelle-Aquitaine";"2005";;71809;2971;286343;0;;;;;;97468.36;3952.34
"65";"Hautes-Pyrénées";"76";"Occitanie";"2005";;33154;974;110191;0;;;;;;36585.6;1864.06
"66";"Pyrénées-Orientales";"76";"Occitanie";"2005";;66124;10840;197467;0;;;;;;73459.06;3133.16
"67";"Bas-Rhin";"44";"Grand Est";"2005";;364939;58704;531476;0;;;;;;209396.3;5046.8
"68";"Haut-Rhin";"44";"Grand Est";"2005";;247409;32470;389147;0;;;;;;134987.8;3884.26
"69";"Rhône";"84";"Auvergne-Rhône-Alpes";"2005";;885182;51542;850580;0;;;;;;282387.7;6094.64
"70";"Haute-Saône";"27";"Bourgogne-Franche-Comté";"2005";;76731;10635;139688;0;;;;;;32901.88;1248.38
"71";"Saône-et-Loire";"27";"Bourgogne-Franche-Comté";"2005";;145058;42710;402508;0;;;;;;115457.8;4237.98
"72";"Sarthe";"52";"Pays de la Loire";"2005";;73882;32641;324063;0;;;;;;98702.68;4691.6
"73";"Savoie";"84";"Auvergne-Rhône-Alpes";"2005";;108621;66489;289042;0;;;;;;82552.18;2274.76
"74";"Haute-Savoie";"84";"Auvergne-Rhône-Alpes";"2005";;150272;8516;360961;0;;;;;;124327.4;2513.78
"75";"Paris";"11";"Île-de-France";"2005";;153766;51273;192419;0;;;;;;160522.3;1798.94
"76";"Seine-Maritime";"28";"Normandie";"2005";;258427;79378;708446;0;;;;;;205232.3;7883.96
"77";"Seine-et-Marne";"11";"Île-de-France";"2005";;138507;28580;649425;0;;;;;;247760.1;3469.86
"78";"Yvelines";"11";"Île-de-France";"2005";;233581;1859;509761;0;;;;;;297580.6;3985.64
"79";"Deux-Sèvres";"75";"Nouvelle-Aquitaine";"2005";;112701;24623;263725;0;;;;;;58789.3;3071.74
"80";"Somme";"32";"Hauts-de-France";"2005";;115915;58266;325773;0;;;;;;90183.8;3669.66
"81";"Tarn";"76";"Occitanie";"2005";;92890;3961;192258;0;;;;;;55013.82;3705.92
"82";"Tarn-et-Garonne";"76";"Occitanie";"2005";;46540;947;149768;0;;;;;;32995.86;2046.1
"83";"Var";"93";"Provence-Alpes-Côte d'Azur";"2005";;171834;9398;491477;0;;;;;;244371.7;4197.28
"84";"Vaucluse";"93";"Provence-Alpes-Côte d'Azur";"2005";;160490;15464;357775;0;;;;;;118950.6;3046.58
"85";"Vendée";"52";"Pays de la Loire";"2005";;153082;9247;459574;0;;;;;;121576.8;5577.38
"86";"Vienne";"75";"Nouvelle-Aquitaine";"2005";;120493;5259;254086;0;;;;;;71157.66;3620.82
"87";"Haute-Vienne";"75";"Nouvelle-Aquitaine";"2005";;70698;3616;197633;0;;;;;;65279.84;2246.64
"88";"Vosges";"44";"Grand Est";"2005";;73985;36589;239988;0;;;;;;61889.9;1929.18
"89";"Yonne";"27";"Bourgogne-Franche-Comté";"2005";;116324;10405;255291;0;;;;;;75065.6;2583.34
"90";"Territoire de Belfort";"27";"Bourgogne-Franche-Comté";"2005";;24726;1380;56105;0;;;;;;20436.58;395.16
"91";"Essonne";"11";"Île-de-France";"2005";;122832;13120;499665;0;;;;;;240100.4;2793.5
"92";"Hauts-de-Seine";"11";"Île-de-France";"2005";;590970;58084;398733;0;;;;;;219633.5;1925.48
"93";"Seine-Saint-Denis";"11";"Île-de-France";"2005";;46498;4004;347646;0;;;;;;170253.3;1676.84
"94";"Val-de-Marne";"11";"Île-de-France";"2005";;190912;10042;348182;0;;;;;;180725.8;2562.62
"95";"Val-d'Oise";"11";"Île-de-France";"2005";;42050;9703;373515;0;;;;;;186292.8;2166.72
"XX";"Département fictif";"76";"Occitanie";"2005";;;;;;287525;;;;;;
"XX";"Département fictif";"28";"Normandie";"2005";;;;;;175612;;;;;;
"XX";"Département fictif";"75";"Nouvelle-Aquitaine";"2005";;;;;;397351;;;;;;
"XX";"Département fictif";"XX";"Région fictive";"2005";6124560;;;;;;;;;;;
"XX";"Département fictif";"44";"Grand Est";"2005";;;;;;197060;;;;;;
"XX";"Département fictif";"52";"Pays de la Loire";"2005";;;;;;211858;;;;;;
"XX";"Département fictif";"24";"Centre-Val de Loire";"2005";;;;;;150726;;;;;;
"XX";"Département fictif";"32";"Hauts-de-France";"2005";;;;;;209272;;;;;;
"XX";"Département fictif";"93";"Provence-Alpes-Côte d'Azur";"2005";;;;;;186206;;;;;;
"XX";"Département fictif";"94";"Corse";"2005";;;;;;50656;;;;;;
"XX";"Département fictif";"53";"Bretagne";"2005";;;;;;226014;;;;;;
"XX";"Département fictif";"27";"Bourgogne-Franche-Comté";"2005";;;;;;155575;;;;;;
"XX";"Département fictif";"11";"Île-de-France";"2005";;;;;;115132;;;;;;
"XX";"Département fictif";"84";"Auvergne-Rhône-Alpes";"2005";;;;;;346667;;;;;;
"01";"Ain";"84";"Auvergne-Rhône-Alpes";"2006";;139758;25134;347205;0;;;;;;96581.84;923.52
"02";"Aisne";"32";"Hauts-de-France";"2006";;148537;67642;308215;0;;;;;;76858.62;383.32
"03";"Allier";"84";"Auvergne-Rhône-Alpes";"2006";;105961;5949;208544;0;;;;;;60360.32;1182.52
"04";"Alpes-de-Haute-Provence";"93";"Provence-Alpes-Côte d'Azur";"2006";;42701;13693;86251;0;;;;;;30907.58;134.68
"05";"Hautes-Alpes";"93";"Provence-Alpes-Côte d'Azur";"2006";;41252;1135;81064;0;;;;;;27685.62;115.44
"06";"Alpes-Maritimes";"93";"Provence-Alpes-Côte d'Azur";"2006";;77630;997;384734;0;;;;;;252561.3;429.94
"07";"Ardèche";"84";"Auvergne-Rhône-Alpes";"2006";;39352;16838;115120;0;;;;;;45045.28;528.36
"08";"Ardennes";"44";"Grand Est";"2006";;59523;4458;117452;0;;;;;;32979.58;33.3
"09";"Ariège";"76";"Occitanie";"2006";;27834;1047;70386;0;;;;;;20452.86;293.04
"10";"Aube";"44";"Grand Est";"2006";;67103;2357;194803;0;;;;;;50770.66;76.22
"11";"Aude";"76";"Occitanie";"2006";;69065;7155;246860;0;;;;;;60111.68;1840.38
"12";"Aveyron";"76";"Occitanie";"2006";;91663;5133;160421;0;;;;;;39276.24;1225.44
"13";"Bouches-du-Rhône";"93";"Provence-Alpes-Côte d'Azur";"2006";;292360;177202;961742;0;;;;;;342953.7;574.24
"14";"Calvados";"28";"Normandie";"2006";;269318;12083;464168;0;;;;;;124544.2;1112.22
"15";"Cantal";"84";"Auvergne-Rhône-Alpes";"2006";;45575;16858;87880;0;;;;;;21405.98;579.42
"16";"Charente";"75";"Nouvelle-Aquitaine";"2006";;89923;27403;263507;0;;;;;;68874.02;1296.48
"17";"Charente-Maritime";"75";"Nouvelle-Aquitaine";"2006";;108252;18218;417379;0;;;;;;119925.1;651.2
"18";"Cher";"24";"Centre-Val de Loire";"2006";;90097;5429;215019;0;;;;;;57270.82;145.78
"19";"Corrèze";"75";"Nouvelle-Aquitaine";"2006";;73840;3548;166784;0;;;;;;44852.88;1331.26
"21";"Côte-d'Or";"27";"Bourgogne-Franche-Comté";"2006";;135571;9443;363146;0;;;;;;104974.9;625.3
"22";"Côtes-d'Armor";"53";"Bretagne";"2006";;147926;16791;366940;0;;;;;;93236.3;2146.74
"23";"Creuse";"75";"Nouvelle-Aquitaine";"2006";;44253;1167;73910;0;;;;;;19681.04;130.98
"24";"Dordogne";"75";"Nouvelle-Aquitaine";"2006";;121386;1546;207967;0;;;;;;58309.78;1803.38
"25";"Doubs";"27";"Bourgogne-Franche-Comté";"2006";;170449;23548;306822;0;;;;;;77199.76;851
"26";"Drôme";"84";"Auvergne-Rhône-Alpes";"2006";;114972;7276;440387;0;;;;;;102709;909.46
"27";"Eure";"28";"Normandie";"2006";;107771;21975;327543;0;;;;;;96461.22;1674.62
"28";"Eure-et-Loir";"24";"Centre-Val de Loire";"2006";;125100;2554;288972;0;;;;;;84374.8;801.42
"29";"Finistère";"53";"Bretagne";"2006";;178886;27816;559196;0;;;;;;140897.5;3629.7
"2A";"Corse-du-Sud";"94";"Corse";"2006";;23946;0;67761;0;;;;;;35345.36;124.32
"2B";"Haute-Corse";"94";"Corse";"2006";;55578;509;74381;0;;;;;;36681.06;-99
"30";"Gard";"76";"Occitanie";"2006";;98713;4337;342576;0;;;;;;119615.1;870.98
"31";"Haute-Garonne";"76";"Occitanie";"2006";;113829;7257;627048;0;;;;;;200827.1;1958.78
"32";"Gers";"76";"Occitanie";"2006";;82806;639;105707;0;;;;;;25504.84;621.6
"33";"Gironde";"75";"Nouvelle-Aquitaine";"2006";;233167;34047;821303;0;;;;;;253811.1;5288.04
"34";"Hérault";"76";"Occitanie";"2006";;180962;13310;578645;0;;;;;;195783.3;3082.84
"35";"Ille-et-Vilaine";"53";"Bretagne";"2006";;540342;27809;615761;0;;;;;;154548.3;668.96
"36";"Indre";"24";"Centre-Val de Loire";"2006";;69361;1333;142482;0;;;;;;39452.36;42.92
"37";"Indre-et-Loire";"24";"Centre-Val de Loire";"2006";;150236;5764;326501;0;;;;;;108424.1;139.12
"38";"Isère";"84";"Auvergne-Rhône-Alpes";"2006";;189298;41973;590357;0;;;;;;194925.6;2470.12
"39";"Jura";"27";"Bourgogne-Franche-Comté";"2006";;103063;3007;175835;0;;;;;;45491.5;500.98
"40";"Landes";"75";"Nouvelle-Aquitaine";"2006";;89332;33839;243273;0;;;;;;66998.12;856.92
"41";"Loir-et-Cher";"24";"Centre-Val de Loire";"2006";;98825;2507;200545;0;;;;;;63625.2;104.34
"42";"Loire";"84";"Auvergne-Rhône-Alpes";"2006";;500831;42897;376675;0;;;;;;109847.8;1604.32
"43";"Haute-Loire";"84";"Auvergne-Rhône-Alpes";"2006";;67257;4779;125756;0;;;;;;31190.26;663.04
"44";"Loire-Atlantique";"52";"Pays de la Loire";"2006";;625983;32827;696602;0;;;;;;217228.5;470.64
"45";"Loiret";"24";"Centre-Val de Loire";"2006";;270999;32993;378277;0;;;;;;116290.3;228.66
"46";"Lot";"76";"Occitanie";"2006";;54061;6860;109416;0;;;;;;32662.86;389.98
"47";"Lot-et-Garonne";"75";"Nouvelle-Aquitaine";"2006";;311547;2957;218949;0;;;;;;48546.96;1548.08
"48";"Lozère";"76";"Occitanie";"2006";;39985;2725;59778;0;;;;;;15747.2;159.1
"49";"Maine-et-Loire";"52";"Pays de la Loire";"2006";;91851;21796;370350;0;;;;;;112392.7;184.26
"50";"Manche";"28";"Normandie";"2006";;155195;34489;321367;0;;;;;;82132.6;666.74
"51";"Marne";"44";"Grand Est";"2006";;209953;83716;413097;0;;;;;;90993.36;16.28
"52";"Haute-Marne";"44";"Grand Est";"2006";;52063;4709;166388;0;;;;;;36441.3;126.54
"53";"Mayenne";"52";"Pays de la Loire";"2006";;55080;19601;180625;0;;;;;;41215.04;-99
"54";"Meurthe-et-Moselle";"44";"Grand Est";"2006";;621204;8972;338433;0;;;;;;88505.48;352.98
"55";"Meuse";"44";"Grand Est";"2006";;53183;8967;99800;0;;;;;;24097.36;74
"56";"Morbihan";"53";"Bretagne";"2006";;131440;21129;465282;0;;;;;;119858.5;967.18
"57";"Moselle";"44";"Grand Est";"2006";;233994;20438;426905;0;;;;;;136329.5;947.94
"58";"Nièvre";"27";"Bourgogne-Franche-Comté";"2006";;72702;2269;111412;0;;;;;;40856.14;303.4
"59";"Nord";"32";"Hauts-de-France";"2006";;565708;184985;958418;0;;;;;;305590.4;1706.44
"60";"Oise";"32";"Hauts-de-France";"2006";;137063;20545;408942;0;;;;;;120466.8;872.46
"61";"Orne";"28";"Normandie";"2006";;97770;8762;171849;0;;;;;;41388.2;519.48
"62";"Pas-de-Calais";"32";"Hauts-de-France";"2006";;225971;41086;858076;0;;;;;;196390.1;1072.26
"63";"Puy-de-Dôme";"84";"Auvergne-Rhône-Alpes";"2006";;118218;26173;368675;0;;;;;;114610.5;1991.34
"64";"Pyrénées-Atlantiques";"75";"Nouvelle-Aquitaine";"2006";;81190;2738;292080;0;;;;;;93897.12;1121.84
"65";"Hautes-Pyrénées";"76";"Occitanie";"2006";;50402;1125;111401;0;;;;;;35403.82;666.74
"66";"Pyrénées-Orientales";"76";"Occitanie";"2006";;59272;6937;207276;0;;;;;;71427.76;1434.12
"67";"Bas-Rhin";"44";"Grand Est";"2006";;375679;70552;555947;0;;;;;;194156;2104.56
"68";"Haut-Rhin";"44";"Grand Est";"2006";;236831;17418;388964;0;;;;;;129027.1;1813
"69";"Rhône";"84";"Auvergne-Rhône-Alpes";"2006";;470311;38867;876180;0;;;;;;264609.2;1921.04
"70";"Haute-Saône";"27";"Bourgogne-Franche-Comté";"2006";;74255;8834;144326;0;;;;;;34617.94;238.28
"71";"Saône-et-Loire";"27";"Bourgogne-Franche-Comté";"2006";;141927;44886;408883;0;;;;;;110172.7;1939.54
"72";"Sarthe";"52";"Pays de la Loire";"2006";;87104;21272;331330;0;;;;;;99863.74;1371.96
"73";"Savoie";"84";"Auvergne-Rhône-Alpes";"2006";;155330;60404;292914;0;;;;;;78340.84;818.44
"74";"Haute-Savoie";"84";"Auvergne-Rhône-Alpes";"2006";;218142;6923;374263;0;;;;;;120040.6;533.54
"75";"Paris";"11";"Île-de-France";"2006";;29063;53903;303299;0;;;;;;150806.8;50.32
"76";"Seine-Maritime";"28";"Normandie";"2006";;322169;142629;740793;0;;;;;;200210;2557.44
"77";"Seine-et-Marne";"11";"Île-de-France";"2006";;180292;49645;670685;0;;;;;;237062.7;181.3
"78";"Yvelines";"11";"Île-de-France";"2006";;200802;1715;517926;0;;;;;;278964.5;797.72
"79";"Deux-Sèvres";"75";"Nouvelle-Aquitaine";"2006";;109963;23199;281487;0;;;;;;65578.06;300.44
"80";"Somme";"32";"Hauts-de-France";"2006";;146953;63587;329602;0;;;;;;85879.22;1258.74
"81";"Tarn";"76";"Occitanie";"2006";;120993;3262;186895;0;;;;;;51272.38;1703.48
"82";"Tarn-et-Garonne";"76";"Occitanie";"2006";;53182;1088;157354;0;;;;;;34786.66;864.32
"83";"Var";"93";"Provence-Alpes-Côte d'Azur";"2006";;124446;5307;514917;0;;;;;;237686.5;596.44
"84";"Vaucluse";"93";"Provence-Alpes-Côte d'Azur";"2006";;151139;12168;364548;0;;;;;;111660.1;461.02
"85";"Vendée";"52";"Pays de la Loire";"2006";;185839;10113;499668;0;;;;;;124446.5;73.26
"86";"Vienne";"75";"Nouvelle-Aquitaine";"2006";;122900;4722;248280;0;;;;;;68250.2;438.08
"87";"Haute-Vienne";"75";"Nouvelle-Aquitaine";"2006";;77545;4038;206918;0;;;;;;65171.8;491.36
"88";"Vosges";"44";"Grand Est";"2006";;72511;34663;242368;0;;;;;;62433.06;625.3
"89";"Yonne";"27";"Bourgogne-Franche-Comté";"2006";;109655;6841;252092;0;;;;;;69794.58;369.26
"90";"Territoire de Belfort";"27";"Bourgogne-Franche-Comté";"2006";;25111;468;54815;0;;;;;;19742.46;176.86
"91";"Essonne";"11";"Île-de-France";"2006";;120161;9187;524546;0;;;;;;226714.5;183.52
"92";"Hauts-de-Seine";"11";"Île-de-France";"2006";;412646;60581;316414;0;;;;;;189864;63.64
"93";"Seine-Saint-Denis";"11";"Île-de-France";"2006";;42624;2922;357919;0;;;;;;159455.2;26.64
"94";"Val-de-Marne";"11";"Île-de-France";"2006";;174199;26354;374412;0;;;;;;177381.7;375.92
"95";"Val-d'Oise";"11";"Île-de-France";"2006";;79974;2940;392536;0;;;;;;175394.1;245.68
"XX";"Département fictif";"28";"Normandie";"2006";;;;;;174952;;;;;;
"XX";"Département fictif";"44";"Grand Est";"2006";;;;;;187527;;;;;;
"XX";"Département fictif";"53";"Bretagne";"2006";;;;;;209651;;;;;;
"XX";"Département fictif";"52";"Pays de la Loire";"2006";;;;;;203961;;;;;;
"XX";"Département fictif";"27";"Bourgogne-Franche-Comté";"2006";;;;;;146320;;;;;;
"XX";"Département fictif";"84";"Auvergne-Rhône-Alpes";"2006";;;;;;322546;;;;;;
"XX";"Département fictif";"XX";"Région fictive";"2006";6370080;;;;;17762;;;;;;
"XX";"Département fictif";"93";"Provence-Alpes-Côte d'Azur";"2006";;;;;;168189;;;;;;
"XX";"Département fictif";"32";"Hauts-de-France";"2006";;;;;;201341;;;;;;
"XX";"Département fictif";"75";"Nouvelle-Aquitaine";"2006";;;;;;374863;;;;;;
"XX";"Département fictif";"24";"Centre-Val de Loire";"2006";;;;;;143401;;;;;;
"XX";"Département fictif";"11";"Île-de-France";"2006";;;;;;111528;;;;;;
"XX";"Département fictif";"76";"Occitanie";"2006";;;;;;255840;;;;;;
"XX";"Département fictif";"94";"Corse";"2006";;;;;;44725;;;;;;
"01";"Ain";"84";"Auvergne-Rhône-Alpes";"2007";;114011;27252;356038;0;;;;;;93663.28;318.94
"02";"Aisne";"32";"Hauts-de-France";"2007";;137340;55187;321623;0;;;;;;73612.98;0
"03";"Allier";"84";"Auvergne-Rhône-Alpes";"2007";;96319;4154;219333;0;;;;;;59153.38;68.08
"04";"Alpes-de-Haute-Provence";"93";"Provence-Alpes-Côte d'Azur";"2007";;35933;15585;89943;0;;;;;;30223.08;0
"05";"Hautes-Alpes";"93";"Provence-Alpes-Côte d'Azur";"2007";;33365;1578;84824;0;;;;;;26300.34;0
"06";"Alpes-Maritimes";"93";"Provence-Alpes-Côte d'Azur";"2007";;81780;837;422688;0;;;;;;243961;0
"07";"Ardèche";"84";"Auvergne-Rhône-Alpes";"2007";;26573;16002;120234;0;;;;;;44209.08;87.32
"08";"Ardennes";"44";"Grand Est";"2007";;48941;4298;124134;0;;;;;;31145.12;14.8
"09";"Ariège";"76";"Occitanie";"2007";;21761;1034;74312;0;;;;;;20725.92;217.56
"10";"Aube";"44";"Grand Est";"2007";;72662;7421;202841;0;;;;;;48276.86;0
"11";"Aude";"76";"Occitanie";"2007";;66638;6944;260295;0;;;;;;59049.78;1179.56
"12";"Aveyron";"76";"Occitanie";"2007";;81060;2892;159646;0;;;;;;36438.34;577.2
"13";"Bouches-du-Rhône";"93";"Provence-Alpes-Côte d'Azur";"2007";;254774;135101;1054706;0;;;;;;333412.2;34.04
"14";"Calvados";"28";"Normandie";"2007";;253958;11045;481295;0;;;;;;118689.3;253.82
"15";"Cantal";"84";"Auvergne-Rhône-Alpes";"2007";;49740;17685;84852;0;;;;;;20213.84;273.06
"16";"Charente";"75";"Nouvelle-Aquitaine";"2007";;84940;27173;287736;0;;;;;;71708.96;245.68
"17";"Charente-Maritime";"75";"Nouvelle-Aquitaine";"2007";;104262;19400;444538;0;;;;;;117995.2;186.48
"18";"Cher";"24";"Centre-Val de Loire";"2007";;84539;4859;219494;0;;;;;;54265.68;0
"19";"Corrèze";"75";"Nouvelle-Aquitaine";"2007";;66900;3119;170582;0;;;;;;43574.16;351.5
"21";"Côte-d'Or";"27";"Bourgogne-Franche-Comté";"2007";;121804;8160;376497;0;;;;;;100356.6;26.64
"22";"Côtes-d'Armor";"53";"Bretagne";"2007";;134475;18401;385347;0;;;;;;91188.72;233.1
"23";"Creuse";"75";"Nouvelle-Aquitaine";"2007";;41783;1102;74524;0;;;;;;18876.66;51.06
"24";"Dordogne";"75";"Nouvelle-Aquitaine";"2007";;99964;1622;206577;0;;;;;;54587.58;605.32
"25";"Doubs";"27";"Bourgogne-Franche-Comté";"2007";;152371;21309;318130;0;;;;;;73304.4;54.76
"26";"Drôme";"84";"Auvergne-Rhône-Alpes";"2007";;105223;5468;466770;0;;;;;;99276.18;82.14
"27";"Eure";"28";"Normandie";"2007";;97473;17577;344266;0;;;;;;93656.62;286.38
"28";"Eure-et-Loir";"24";"Centre-Val de Loire";"2007";;117075;1585;294807;0;;;;;;80966.36;119.88
"29";"Finistère";"53";"Bretagne";"2007";;164730;26267;574430;0;;;;;;136522.6;613.46
"2A";"Corse-du-Sud";"94";"Corse";"2007";;15447;0;52895;0;;;;;;26421.7;107.3
"2B";"Haute-Corse";"94";"Corse";"2007";;56074;751;96230;0;;;;;;45418.98;0
"30";"Gard";"76";"Occitanie";"2007";;88834;8133;350601;0;;;;;;115487.4;190.18
"31";"Haute-Garonne";"76";"Occitanie";"2007";;100928;7636;648855;0;;;;;;191724.4;976.06
"32";"Gers";"76";"Occitanie";"2007";;67982;744;104736;0;;;;;;23675.56;231.62
"33";"Gironde";"75";"Nouvelle-Aquitaine";"2007";;242715;35330;848546;0;;;;;;243036.7;1354.2
"34";"Hérault";"76";"Occitanie";"2007";;175347;10403;613293;0;;;;;;191762.9;1817.44
"35";"Ille-et-Vilaine";"53";"Bretagne";"2007";;490050;28465;635894;0;;;;;;147782.4;95.46
"36";"Indre";"24";"Centre-Val de Loire";"2007";;62935;984;146752;0;;;;;;38060.42;67.34
"37";"Indre-et-Loire";"24";"Centre-Val de Loire";"2007";;149552;4935;340253;0;;;;;;101237.9;0
"38";"Isère";"84";"Auvergne-Rhône-Alpes";"2007";;148289;35457;601790;0;;;;;;188105.8;657.12
"39";"Jura";"27";"Bourgogne-Franche-Comté";"2007";;87578;2934;181683;0;;;;;;43397.3;0
"40";"Landes";"75";"Nouvelle-Aquitaine";"2007";;69812;42451;253952;0;;;;;;64580.54;250.12
"41";"Loir-et-Cher";"24";"Centre-Val de Loire";"2007";;84495;2392;203457;0;;;;;;61004.12;0
"42";"Loire";"84";"Auvergne-Rhône-Alpes";"2007";;459845;35124;383941;0;;;;;;105361.2;159.1
"43";"Haute-Loire";"84";"Auvergne-Rhône-Alpes";"2007";;60745;5384;126414;0;;;;;;30381.44;1.48
"44";"Loire-Atlantique";"52";"Pays de la Loire";"2007";;547211;26872;718273;0;;;;;;208498;76.96
"45";"Loiret";"24";"Centre-Val de Loire";"2007";;258473;27929;407872;0;;;;;;117705.1;0
"46";"Lot";"76";"Occitanie";"2007";;45195;6834;110282;0;;;;;;31949.5;173.16
"47";"Lot-et-Garonne";"75";"Nouvelle-Aquitaine";"2007";;407851;2554;222004;0;;;;;;45168.12;343.36
"48";"Lozère";"76";"Occitanie";"2007";;38777;2905;61118;0;;;;;;14618.7;102.86
"49";"Maine-et-Loire";"52";"Pays de la Loire";"2007";;95579;22843;393414;0;;;;;;108330.8;0
"50";"Manche";"28";"Normandie";"2007";;141559;33316;327748;0;;;;;;79994.74;187.22
"51";"Marne";"44";"Grand Est";"2007";;196817;82292;438605;0;;;;;;85897.72;0
"52";"Haute-Marne";"44";"Grand Est";"2007";;47130;5702;180599;0;;;;;;34865.84;33.3
"53";"Mayenne";"52";"Pays de la Loire";"2007";;49405;15964;194054;0;;;;;;39627;0
"54";"Meurthe-et-Moselle";"44";"Grand Est";"2007";;536402;7561;340586;0;;;;;;84039.58;56.24
"55";"Meuse";"44";"Grand Est";"2007";;46653;11817;104074;0;;;;;;23001.42;12.58
"56";"Morbihan";"53";"Bretagne";"2007";;124153;26091;484852;0;;;;;;116127.5;128.76
"57";"Moselle";"44";"Grand Est";"2007";;193690;22588;448464;0;;;;;;133826.8;73.26
"58";"Nièvre";"27";"Bourgogne-Franche-Comté";"2007";;69511;1608;121575;0;;;;;;40160.54;10.36
"59";"Nord";"32";"Hauts-de-France";"2007";;443874;196795;969151;0;;;;;;291562.2;0
"60";"Oise";"32";"Hauts-de-France";"2007";;125305;17983;419081;0;;;;;;115612.4;106.56
"61";"Orne";"28";"Normandie";"2007";;90964;9809;179659;0;;;;;;40848;113.96
"62";"Pas-de-Calais";"32";"Hauts-de-France";"2007";;211651;40432;923550;0;;;;;;186915.9;0
"63";"Puy-de-Dôme";"84";"Auvergne-Rhône-Alpes";"2007";;115254;23817;355663;0;;;;;;109583.6;265.66
"64";"Pyrénées-Atlantiques";"75";"Nouvelle-Aquitaine";"2007";;72243;2707;293077;0;;;;;;87503.52;150.96
"65";"Hautes-Pyrénées";"76";"Occitanie";"2007";;40407;792;113804;0;;;;;;33888.3;378.14
"66";"Pyrénées-Orientales";"76";"Occitanie";"2007";;54208;6344;211395;0;;;;;;69356.5;779.22
"67";"Bas-Rhin";"44";"Grand Est";"2007";;318500;52894;618094;0;;;;;;196699.4;166.5
"68";"Haut-Rhin";"44";"Grand Est";"2007";;156034;16407;371034;0;;;;;;122085.9;199.06
"69";"Rhône";"84";"Auvergne-Rhône-Alpes";"2007";;407364;35049;885926;0;;;;;;248839.8;267.88
"70";"Haute-Saône";"27";"Bourgogne-Franche-Comté";"2007";;75261;7542;149877;0;;;;;;31405.6;5.92
"71";"Saône-et-Loire";"27";"Bourgogne-Franche-Comté";"2007";;121057;47563;429410;0;;;;;;107849.1;290.82
"72";"Sarthe";"52";"Pays de la Loire";"2007";;78406;17925;344134;0;;;;;;97230.08;227.18
"73";"Savoie";"84";"Auvergne-Rhône-Alpes";"2007";;120183;47634;309854;0;;;;;;76368;381.84
"74";"Haute-Savoie";"84";"Auvergne-Rhône-Alpes";"2007";;163131;5746;391757;0;;;;;;118192.1;280.46
"75";"Paris";"11";"Île-de-France";"2007";;24559;45959;189377;0;;;;;;145754.1;6.66
"76";"Seine-Maritime";"28";"Normandie";"2007";;294096;124060;762345;0;;;;;;189033;303.4
"77";"Seine-et-Marne";"11";"Île-de-France";"2007";;147994;29775;685744;0;;;;;;226982.4;2.22
"78";"Yvelines";"11";"Île-de-France";"2007";;104325;1147;528481;0;;;;;;263955;56.24
"79";"Deux-Sèvres";"75";"Nouvelle-Aquitaine";"2007";;103644;23612;282680;0;;;;;;58318.66;45.14
"80";"Somme";"32";"Hauts-de-France";"2007";;135185;48950;357924;0;;;;;;84083.98;194.62
"81";"Tarn";"76";"Occitanie";"2007";;94060;2100;196392;0;;;;;;51902.12;1022.68
"82";"Tarn-et-Garonne";"76";"Occitanie";"2007";;45222;955;158438;0;;;;;;32492.66;617.16
"83";"Var";"93";"Provence-Alpes-Côte d'Azur";"2007";;101888;3158;553722;0;;;;;;226953.6;3.7
"84";"Vaucluse";"93";"Provence-Alpes-Côte d'Azur";"2007";;133910;12326;375946;0;;;;;;108777.8;0
"85";"Vendée";"52";"Pays de la Loire";"2007";;178753;10524;517684;0;;;;;;121573.1;0
"86";"Vienne";"75";"Nouvelle-Aquitaine";"2007";;112237;4618;264532;0;;;;;;67879.46;204.98
"87";"Haute-Vienne";"75";"Nouvelle-Aquitaine";"2007";;66591;3317;210615;0;;;;;;62372.38;99.9
"88";"Vosges";"44";"Grand Est";"2007";;65687;29365;240655;0;;;;;;57999.72;71.04
"89";"Yonne";"27";"Bourgogne-Franche-Comté";"2007";;89796;4668;265757;0;;;;;;68563.96;0
"90";"Territoire de Belfort";"27";"Bourgogne-Franche-Comté";"2007";;20141;179;53048;0;;;;;;16820.94;7.4
"91";"Essonne";"11";"Île-de-France";"2007";;98538;1948;529422;0;;;;;;216461.8;0
"92";"Hauts-de-Seine";"11";"Île-de-France";"2007";;319742;46935;286996;0;;;;;;171019.9;13.32
"93";"Seine-Saint-Denis";"11";"Île-de-France";"2007";;50985;2290;384912;0;;;;;;154233;0
"94";"Val-de-Marne";"11";"Île-de-France";"2007";;149404;11111;374878;0;;;;;;163191.5;51.8
"95";"Val-d'Oise";"11";"Île-de-France";"2007";;80933;2111;409988;0;;;;;;170015.7;6.66
"XX";"Département fictif";"27";"Bourgogne-Franche-Comté";"2007";;;;;;144415;;;;;;
"XX";"Département fictif";"28";"Normandie";"2007";;;;;;181409;;;;;;
"XX";"Département fictif";"32";"Hauts-de-France";"2007";;;;;;225967;;;;;;
"XX";"Département fictif";"52";"Pays de la Loire";"2007";;;;;;182455;;;;;;
"XX";"Département fictif";"24";"Centre-Val de Loire";"2007";;;;;;138738;;;;;;
"XX";"Département fictif";"76";"Occitanie";"2007";;;;;;223143;;;;;;
"XX";"Département fictif";"11";"Île-de-France";"2007";;;;;;125225;;;;;;
"XX";"Département fictif";"93";"Provence-Alpes-Côte d'Azur";"2007";;;;;;139476;;;;;;
"XX";"Département fictif";"XX";"Région fictive";"2007";6573600;;;;;21588;;;;;;
"XX";"Département fictif";"84";"Auvergne-Rhône-Alpes";"2007";;;;;;287504;;;;;;
"XX";"Département fictif";"94";"Corse";"2007";;;;;;38520;;;;;;
"XX";"Département fictif";"53";"Bretagne";"2007";;;;;;184666;;;;;;
"XX";"Département fictif";"75";"Nouvelle-Aquitaine";"2007";;;;;;347038;;;;;;
"XX";"Département fictif";"44";"Grand Est";"2007";;;;;;210019;;;;;;
"01";"Ain";"84";"Auvergne-Rhône-Alpes";"2009";;102326;24222;350160;0;;;66415.27282;1980.70398;15727.73682;84123.94;0
"02";"Aisne";"32";"Hauts-de-France";"2009";;121667;18481;307728;0;;;45419.13819;4767.460582;14935.42742;65122.22;0
"03";"Allier";"84";"Auvergne-Rhône-Alpes";"2009";;99336;4330;217851;0;;;40281.99129;345.43422;11964.22289;52591.8;0
"04";"Alpes-de-Haute-Provence";"93";"Provence-Alpes-Côte d'Azur";"2009";;32352;727;91437;0;;;22022.97633;197.18632;5264.671063;27485.08;0
"05";"Hautes-Alpes";"93";"Provence-Alpes-Côte d'Azur";"2009";;36538;1305;86742;0;;;19119.09168;146.12928;4258.442478;23523.86;0
"06";"Alpes-Maritimes";"93";"Provence-Alpes-Côte d'Azur";"2009";;83005;2481;416844;0;;;155204.9443;20398.40636;41118.68419;216722.3;0
"07";"Ardèche";"84";"Auvergne-Rhône-Alpes";"2009";;31148;12072;124465;0;;;31774.17297;0;7910.694374;39684.72;0
"08";"Ardennes";"44";"Grand Est";"2009";;51035;2610;120121;0;;;19993.01951;1149.22;6388.982399;27530.96;0
"09";"Ariège";"76";"Occitanie";"2009";;11998;1623;72347;0;;;14926.31478;90.28;3650.044826;18666.5;0
"10";"Aube";"44";"Grand Est";"2009";;66322;207;203523;0;;;32771.4535;1312.2531;8836.09378;42920;0
"11";"Aude";"76";"Occitanie";"2009";;57943;6423;251851;0;;;43827.90528;496.762;9228.872821;53553.8;0
"12";"Aveyron";"76";"Occitanie";"2009";;71496;2276;158396;0;;;27892.74039;510.51046;5741.175056;34144.34;0
"13";"Bouches-du-Rhône";"93";"Provence-Alpes-Côte d'Azur";"2009";;292295;303260;1047218;0;;;238241.5023;9704.656725;45922.81424;293868.8;0
"14";"Calvados";"28";"Normandie";"2009";;253993;8654;462156;0;;;82677.85774;2331.59718;22170.20597;107179.4;0
"15";"Cantal";"84";"Auvergne-Rhône-Alpes";"2009";;45262;16444;82107;0;;;14470.49037;0;3782.221049;18252.84;0
"16";"Charente";"75";"Nouvelle-Aquitaine";"2009";;78823;29449;279997;0;;;51222.89633;521.33074;11604.20231;63348.44;0
"17";"Charente-Maritime";"75";"Nouvelle-Aquitaine";"2009";;109190;13262;416499;0;;;80551.57293;2824.30324;21363.575;104739.6;0
"18";"Cher";"24";"Centre-Val de Loire";"2009";;89109;3335;212623;0;;;36733.01834;1339.77074;9900.713704;47973.46;0
"19";"Corrèze";"75";"Nouvelle-Aquitaine";"2009";;46912;3624;168680;0;;;30733.13628;154.66;7726.199669;38613.94;0
"21";"Côte-d'Or";"27";"Bourgogne-Franche-Comté";"2009";;123847;4658;356361;0;;;69425.78374;2310.57822;17024.87855;88761.52;0
"22";"Côtes-d'Armor";"53";"Bretagne";"2009";;134483;17931;374753;0;;;64745.37298;1670.92;14755.95804;81172.08;0
"23";"Creuse";"75";"Nouvelle-Aquitaine";"2009";;45925;1116;72368;0;;;12142.42004;406.25704;3850.925146;16399.88;0
"24";"Dordogne";"75";"Nouvelle-Aquitaine";"2009";;84728;700;208820;0;;;41637.72994;320.42074;9067.229185;51025.22;0
"25";"Doubs";"27";"Bourgogne-Franche-Comté";"2009";;164250;21505;303625;0;;;51454.56886;746.68146;10539.61246;62740.9;0
"26";"Drôme";"84";"Auvergne-Rhône-Alpes";"2009";;116502;4217;443430;0;;;70758.79623;2064.08126;15791.07303;88614.26;0
"27";"Eure";"28";"Normandie";"2009";;100821;8909;340014;0;;;61766.93068;2735.44848;18886.97559;83389.12;0
"28";"Eure-et-Loir";"24";"Centre-Val de Loire";"2009";;84411;2194;292881;0;;;53326.31064;3116.12002;14378.3255;70820.96;0
"29";"Finistère";"53";"Bretagne";"2009";;205028;17655;478045;0;;;94915.0388;1795.99332;24562.47088;121273.4;0
"2A";"Corse-du-Sud";"94";"Corse";"2009";;23776;0;74583;0;;;33279.95932;0;0;33280.02;0
"2B";"Haute-Corse";"94";"Corse";"2009";;43248;694;83077;0;;;34389.502;0;0;34389.28;0
"30";"Gard";"76";"Occitanie";"2009";;95452;3742;359359;0;;;84494.79411;3130.58406;18316.13907;105941.4;0
"31";"Haute-Garonne";"76";"Occitanie";"2009";;82864;4726;648565;0;;;144714.2939;1367.53036;25981.67455;172063.3;0
"32";"Gers";"76";"Occitanie";"2009";;46738;752;109458;0;;;18669.22567;165.68082;3872.365084;22707.64;0
"33";"Gironde";"75";"Nouvelle-Aquitaine";"2009";;191877;25527;826079;0;;;181865.6028;2904.82634;35964.00466;220734.6;0
"34";"Hérault";"76";"Occitanie";"2009";;206118;7426;608162;0;;;141179.8894;4936.6362;28070.61628;174187.1;0
"35";"Ille-et-Vilaine";"53";"Bretagne";"2009";;508062;22358;620703;0;;;99510.76539;11466.29704;25915.18371;136892.6;0
"36";"Indre";"24";"Centre-Val de Loire";"2009";;57174;1413;145362;0;;;24373.79438;1690.89926;7384.565773;33449.48;0
"37";"Indre-et-Loire";"24";"Centre-Val de Loire";"2009";;126170;2535;327039;0;;;68314.16229;3678.83378;17216.83398;89209.96;0
"38";"Isère";"84";"Auvergne-Rhône-Alpes";"2009";;125074;26931;607672;0;;;133482.199;5568.03824;29705.91535;168756.3;0
"39";"Jura";"27";"Bourgogne-Franche-Comté";"2009";;82366;3426;183243;0;;;30209.65538;317.3046;7678.30986;38205.46;0
"40";"Landes";"75";"Nouvelle-Aquitaine";"2009";;72554;25661;261050;0;;;52408.72226;342.61926;9948.153627;62699.46;0
"41";"Loir-et-Cher";"24";"Centre-Val de Loire";"2009";;69320;1161;200466;0;;;39485.79558;2183.21164;10841.45387;52510.4;0
"42";"Loire";"84";"Auvergne-Rhône-Alpes";"2009";;490338;35109;375550;0;;;71331.06389;3012.1515;18214.17344;92557.72;0
"43";"Haute-Loire";"84";"Auvergne-Rhône-Alpes";"2009";;63189;5469;122869;0;;;22161.77854;119.88;4573.230655;26854.6;0
"44";"Loire-Atlantique";"52";"Pays de la Loire";"2009";;641957;21861;699688;0;;;153500.063;494.31556;31216.47581;185210.9;0
"45";"Loiret";"24";"Centre-Val de Loire";"2009";;487995;21932;400750;0;;;77836.57571;5242.11412;19819.09378;102897.7;0
"46";"Lot";"76";"Occitanie";"2009";;34539;7116;111192;0;;;22832.34852;555.66674;5069.265361;28457.44;0
"47";"Lot-et-Garonne";"75";"Nouvelle-Aquitaine";"2009";;630295;1604;225047;0;;;41319.81569;206.46;7067.534481;48593.58;0
"48";"Lozère";"76";"Occitanie";"2009";;45176;2443;58478;0;;;10771.58203;0;2213.016722;12984.78;0
"49";"Maine-et-Loire";"52";"Pays de la Loire";"2009";;75277;17140;405072;0;;;76168.40702;770.07952;18980.94377;95919.54;0
"50";"Manche";"28";"Normandie";"2009";;133291;19175;308757;0;;;55175.05718;1188.69752;13986.9585;70351.06;0
"51";"Marne";"44";"Grand Est";"2009";;215055;74428;415664;0;;;55755.83211;4404.622073;14922.21353;75082.62;0
"52";"Haute-Marne";"44";"Grand Est";"2009";;53706;4935;165695;0;;;24202.95569;91.7563;6633.692165;30928.3;0
"53";"Mayenne";"52";"Pays de la Loire";"2009";;57426;13784;196409;0;;;25753.30091;1420.05778;7589.63022;34762.98;0
"54";"Meurthe-et-Moselle";"44";"Grand Est";"2009";;617401;4938;339751;0;;;63405.94389;647.08264;14885.91373;78938.76;0
"55";"Meuse";"44";"Grand Est";"2009";;49961;7573;103275;0;;;15814.00524;92.5;4859.643201;20765.88;0
"56";"Morbihan";"53";"Bretagne";"2009";;133886;21754;445209;0;;;82058.53721;731.12;19001.75446;101791.4;0
"57";"Moselle";"44";"Grand Est";"2009";;202794;51299;434290;0;;;92488.87808;135.3809502;23118.31444;115742.7;0
"58";"Nièvre";"27";"Bourgogne-Franche-Comté";"2009";;72737;1338;115802;0;;;26569.08914;524.07022;8562.400651;35655.42;0
"59";"Nord";"32";"Hauts-de-France";"2009";;694388;150621;934891;0;;;161696.4517;26888.66812;64969.4304;253554.3;0
"60";"Oise";"32";"Hauts-de-France";"2009";;125672;12826;408404;0;;;70046.14169;11784.85372;21196.72903;103028;0
"61";"Orne";"28";"Normandie";"2009";;96037;6592;174808;0;;;27410.00851;365.77904;7648.402688;35424.54;0
"62";"Pas-de-Calais";"32";"Hauts-de-France";"2009";;177580;32819;850096;0;;;103757.1326;11175.65242;45381.83712;160314.3;0
"63";"Puy-de-Dôme";"84";"Auvergne-Rhône-Alpes";"2009";;113915;15019;362827;0;;;78013.27258;200.61622;20360.05026;98573.92;0
"64";"Pyrénées-Atlantiques";"75";"Nouvelle-Aquitaine";"2009";;68272;2413;289208;0;;;65637.0565;301.92;11146.54264;77085.8;0
"65";"Hautes-Pyrénées";"76";"Occitanie";"2009";;29926;725;116097;0;;;24888.33476;61.42148;6051.697358;31001.56;0
"66";"Pyrénées-Orientales";"76";"Occitanie";"2009";;51661;3736;214150;0;;;51476.98665;112.64576;11283.07431;62872.62;0
"67";"Bas-Rhin";"44";"Grand Est";"2009";;320955;26805;571322;0;;;129954.7277;1391.9474;35543.44133;166890;0
"68";"Haut-Rhin";"44";"Grand Est";"2009";;170630;15758;378500;0;;;84715.05414;947.24514;21167.63135;106830.1;0
"69";"Rhône";"84";"Auvergne-Rhône-Alpes";"2009";;654573;17596;925005;0;;;178272.3733;9089.55912;35171.3774;222533.5;0
"70";"Haute-Saône";"27";"Bourgogne-Franche-Comté";"2009";;79333;6176;146429;0;;;22887.91646;133.93778;5116.405261;28138.5;0
"71";"Saône-et-Loire";"27";"Bourgogne-Franche-Comté";"2009";;121266;40830;411677;0;;;74106.36527;2276.78316;19944.24123;96327.28;0
"72";"Sarthe";"52";"Pays de la Loire";"2009";;70872;9385;356197;0;;;67731.71379;1702.6364;18977.56891;88412.24;0
"73";"Savoie";"84";"Auvergne-Rhône-Alpes";"2009";;98137;30489;300455;0;;;54078.04691;869.27652;13167.27914;68114.78;0
"74";"Haute-Savoie";"84";"Auvergne-Rhône-Alpes";"2009";;135231;4794;389277;0;;;82327.85218;1601.01368;20159.5197;104088.4;0
"75";"Paris";"11";"Île-de-France";"2009";;17842;44918;244344;0;;;59015.54866;35023.90474;30963.30519;125003;0
"76";"Seine-Maritime";"28";"Normandie";"2009";;201911;109664;695421;0;;;113992.8147;10005.33946;39689.49533;163688;0
"77";"Seine-et-Marne";"11";"Île-de-France";"2009";;149001;22662;674211;0;;;148032.6381;14722.80024;37987.83984;200743.5;0
"78";"Yvelines";"11";"Île-de-France";"2009";;106993;1451;530796;0;;;134903.0087;46259.53934;50246.0833;231408.4;0
"79";"Deux-Sèvres";"75";"Nouvelle-Aquitaine";"2009";;107854;24357;275775;0;;;40780.29338;1140.43842;9151.336278;51071.84;0
"80";"Somme";"32";"Hauts-de-France";"2009";;125195;40708;339702;0;;;48278.11123;6674.96428;18105.66322;73058.72;0
"81";"Tarn";"76";"Occitanie";"2009";;61178;11462;203836;0;;;39952.5379;438.894;7823.725151;48215.44;0
"82";"Tarn-et-Garonne";"76";"Occitanie";"2009";;35388;847;162261;0;;;24006.51745;528.212;5503.583367;30038.08;0
"83";"Var";"93";"Provence-Alpes-Côte d'Azur";"2009";;135899;3251;540833;0;;;163690.524;6319.56966;36859.0275;206869.2;0
"84";"Vaucluse";"93";"Provence-Alpes-Côte d'Azur";"2009";;113117;10048;368040;0;;;79961.0767;1365.44282;15478.36813;96804.58;0
"85";"Vendée";"52";"Pays de la Loire";"2009";;185703;8294;515349;0;;;87234.47439;1453.38738;19548.23997;108236.1;0
"86";"Vienne";"75";"Nouvelle-Aquitaine";"2009";;110353;4023;258774;0;;;48420.27166;725.792;11902.83974;61049.26;0
"87";"Haute-Vienne";"75";"Nouvelle-Aquitaine";"2009";;65147;2633;207178;0;;;45023.13299;254.26252;10631.31537;55908.48;0
"88";"Vosges";"44";"Grand Est";"2009";;66717;21479;233394;0;;;40272.81517;751.37306;10784.24228;51808.14;0
"89";"Yonne";"27";"Bourgogne-Franche-Comté";"2009";;91626;2922;255135;0;;;45927.27555;2359.38344;14053.59577;62340.56;0
"90";"Territoire de Belfort";"27";"Bourgogne-Franche-Comté";"2009";;21860;512;52505;0;;;12061.4092;92.50148;2200.295672;14354.52;0
"91";"Essonne";"11";"Île-de-France";"2009";;99699;1447;538497;0;;;135452.4599;22775.80732;35824.66373;194053.2;0
"92";"Hauts-de-Seine";"11";"Île-de-France";"2009";;206422;32860;263930;0;;;66848.42281;45861.92624;34810.93555;147521.2;0
"93";"Seine-Saint-Denis";"11";"Île-de-France";"2009";;69450;2061;390055;0;;;79201.33525;29856.51427;27228.876;136286.5;0
"94";"Val-de-Marne";"11";"Île-de-France";"2009";;155870;11950;370932;0;;;91935.24562;23810.70768;29068.67828;144814.3;0
"95";"Val-d'Oise";"11";"Île-de-France";"2009";;59463;1882;429511;0;;;88656.75223;33175.05174;31154.50745;152986.1;0
"XX";"Département fictif";"11";"Île-de-France";"2009";;;;;;95267;;;;;;
"XX";"Département fictif";"32";"Hauts-de-France";"2009";;;;;;165897;;;;;;
"XX";"Département fictif";"28";"Normandie";"2009";;;;;;152224;;;;;;
"XX";"Département fictif";"84";"Auvergne-Rhône-Alpes";"2009";;;;;;291105;;;;;;
"XX";"Département fictif";"53";"Bretagne";"2009";;;;;;192063;;;;;;
"XX";"Département fictif";"24";"Centre-Val de Loire";"2009";;;;;;129817;;;;;;
"XX";"Département fictif";"76";"Occitanie";"2009";;;;;;233100;;;;;;
"XX";"Département fictif";"XX";"Région fictive";"2009";6047963.2;;;;;22704;;;;;;
"XX";"Département fictif";"44";"Grand Est";"2009";;;;;;163714;;;;;;
"XX";"Département fictif";"93";"Provence-Alpes-Côte d'Azur";"2009";;;;;;151609;;;;;;
"XX";"Département fictif";"27";"Bourgogne-Franche-Comté";"2009";;;;;;129720;;;;;;
"XX";"Département fictif";"75";"Nouvelle-Aquitaine";"2009";;;;;;343336;;;;;;
"XX";"Département fictif";"52";"Pays de la Loire";"2009";;;;;;188907;;;;;;
"XX";"Département fictif";"94";"Corse";"2009";;;;;;34978;;;;;;
"01";"Ain";"84";"Auvergne-Rhône-Alpes";"2010";;93254;27843;356181;0;;;59623.03271;4820.81806;14071.07324;78514.74;0
"02";"Aisne";"32";"Hauts-de-France";"2010";;104678;15536;313076;0;;;35298.63164;9126.024966;14582.92751;59007.6;0
"03";"Allier";"84";"Auvergne-Rhône-Alpes";"2010";;95833;4473;220894;0;;;31801.02966;6947.54624;9756.063157;48504.78;0
"04";"Alpes-de-Haute-Provence";"93";"Provence-Alpes-Côte d'Azur";"2010";;30097;532;94128;0;;;20432.51972;332.01136;4745.873764;25510.76;0
"05";"Hautes-Alpes";"93";"Provence-Alpes-Côte d'Azur";"2010";;37386;958;87199;0;;;17339.12047;241.462;3683.634393;21263.9;0
"06";"Alpes-Maritimes";"93";"Provence-Alpes-Côte d'Azur";"2010";;84388;5621;418333;0;;;143045.9748;23276.5742;40863.22391;207185.9;0
"07";"Ardèche";"84";"Auvergne-Rhône-Alpes";"2010";;29752;9774;128079;0;;;29528.58829;555.2987091;6886.460161;36970.4;0
"08";"Ardennes";"44";"Grand Est";"2010";;51314;2577;126211;0;;;17482.46958;1697.619418;6011.528942;25191.82;0
"09";"Ariège";"76";"Occitanie";"2010";;12005;1630;72721;0;;;14022.32015;181.30148;2929.068274;17132.48;0
"10";"Aube";"44";"Grand Est";"2010";;60315;155;204342;0;;;22250.11941;7421.82767;9438.55803;39110.48;0
"11";"Aude";"76";"Occitanie";"2010";;53798;5810;259978;0;;;40327.03861;1368.27998;7860.381116;49555.58;0
"12";"Aveyron";"76";"Occitanie";"2010";;65470;2109;159058;0;;;23913.25574;1907.73213;4830.781351;30651.54;0
"13";"Bouches-du-Rhône";"93";"Provence-Alpes-Côte d'Azur";"2010";;294708;265022;1078255;0;;;219452.0774;16079.57618;42310.26299;277841.9;0
"14";"Calvados";"28";"Normandie";"2010";;224631;8437;459390;0;;;71104.82273;7268.12238;20598.02645;98971.3;0
"15";"Cantal";"84";"Auvergne-Rhône-Alpes";"2010";;43990;17531;79339;0;;;13161.82915;58.016;2885.956034;16106.1;0
"16";"Charente";"75";"Nouvelle-Aquitaine";"2010";;79115;23872;294547;0;;;43963.4164;2439.81342;10064.25455;56467.18;0
"17";"Charente-Maritime";"75";"Nouvelle-Aquitaine";"2010";;111602;12504;429386;0;;;64341.42923;11461.2746;21577.20142;97379.56;0
"18";"Cher";"24";"Centre-Val de Loire";"2010";;79948;554;215234;0;;;27760.1485;7417.469885;9695.987581;44873.6;0
"19";"Corrèze";"75";"Nouvelle-Aquitaine";"2010";;50235;3510;168702;0;;;26619.63463;1986.752;6797.927783;35404.56;0
"21";"Côte-d'Or";"27";"Bourgogne-Franche-Comté";"2010";;115293;4444;367861;0;;;63141.41128;3405.55918;15104.05907;81650.86;0
"22";"Côtes-d'Armor";"53";"Bretagne";"2010";;118182;13054;369149;0;;;57097.40777;2238.670477;13993.9479;73330.3;0
"23";"Creuse";"75";"Nouvelle-Aquitaine";"2010";;43591;1075;72403;0;;;10774.18431;672.3075174;3372.761531;14819.24;0
"24";"Dordogne";"75";"Nouvelle-Aquitaine";"2010";;84279;451;215000;0;;;38760.13603;1668.279291;8352.462094;48780.8;0
"25";"Doubs";"27";"Bourgogne-Franche-Comté";"2010";;142865;10180;311217;0;;;49742.04169;1438.0642;9184.147602;60364.02;0
"26";"Drôme";"84";"Auvergne-Rhône-Alpes";"2010";;111830;4259;474667;0;;;59858.25778;8833.535414;14311.15333;83002.84;0
"27";"Eure";"28";"Normandie";"2010";;92547;10176;347617;0;;;55711.01903;3768.008518;16822.41207;76301.4;0
"28";"Eure-et-Loir";"24";"Centre-Val de Loire";"2010";;81791;2308;308321;0;;;38240.82274;12117.68698;14300.35482;64658.98;0
"29";"Finistère";"53";"Bretagne";"2010";;203598;12377;474794;0;;;83942.81811;5695.570267;21514.52837;111153.2;0
"2A";"Corse-du-Sud";"94";"Corse";"2010";;22532;0;73745;0;;;29150.78078;0;0;29150.82;0
"2B";"Haute-Corse";"94";"Corse";"2010";;43834;287;86733;0;;;35338.034;0;0;35337.96;0
"30";"Gard";"76";"Occitanie";"2010";;89588;2843;366926;0;;;76473.57003;5353.34352;15882.89648;97709.6;0
"31";"Haute-Garonne";"76";"Occitanie";"2010";;73570;2762;658904;0;;;133855.6181;3971.20778;22053.51684;159880.7;0
"32";"Gers";"76";"Occitanie";"2010";;44314;785;107530;0;;;17109.53493;359.5525506;3076.514621;20545.36;0
"33";"Gironde";"75";"Nouvelle-Aquitaine";"2010";;172572;26465;832276;0;;;127857.9419;40714.36642;38320.0166;206892.2;0
"34";"Hérault";"76";"Occitanie";"2010";;204398;6823;649296;0;;;116593.9797;21186.41265;27246.39862;165026.7;0
"35";"Ille-et-Vilaine";"53";"Bretagne";"2010";;477424;14773;609631;0;;;81748.25096;17587.62915;26454.14568;125790.4;0
"36";"Indre";"24";"Centre-Val de Loire";"2010";;61116;492;154130;0;;;19636.2366;4363.489237;7133.244103;31133.28;0
"37";"Indre-et-Loire";"24";"Centre-Val de Loire";"2010";;118327;2016;339947;0;;;55935.52875;12616.95143;17303.23294;85855.54;0
"38";"Isère";"84";"Auvergne-Rhône-Alpes";"2010";;117446;28188;621314;0;;;116785.787;14147.98677;26021.30473;156954.7;0
"39";"Jura";"27";"Bourgogne-Franche-Comté";"2010";;73632;2505;184670;0;;;27001.68095;1402.78544;6649.489497;35053.8;0
"40";"Landes";"75";"Nouvelle-Aquitaine";"2010";;68637;24225;255304;0;;;42477.14097;3477.553394;8554.541525;54509.14;0
"41";"Loir-et-Cher";"24";"Centre-Val de Loire";"2010";;64675;1576;204704;0;;;29977.47485;8012.939321;10595.77798;48586.18;0
"42";"Loire";"84";"Auvergne-Rhône-Alpes";"2010";;456117;27531;380968;0;;;63384.52227;5672.24134;15649.50788;84706.32;0
"43";"Haute-Loire";"84";"Auvergne-Rhône-Alpes";"2010";;61717;5805;126536;0;;;19455.59481;1254.46132;4051.881579;24761.88;0
"44";"Loire-Atlantique";"52";"Pays de la Loire";"2010";;576548;21812;702107;0;;;123578.6655;20215.37957;30264.42179;174058.4;0
"45";"Loiret";"24";"Centre-Val de Loire";"2010";;469034;26433;408017;0;;;61093.03612;17097.21645;18914.24573;97104.28;0
"46";"Lot";"76";"Occitanie";"2010";;30064;8143;110003;0;;;19923.84441;1611.72;4588.081123;26123.48;0
"47";"Lot-et-Garonne";"75";"Nouvelle-Aquitaine";"2010";;578579;856;230665;0;;;36119.0728;2472.671756;6520.25815;45111.88;0
"48";"Lozère";"76";"Occitanie";"2010";;36582;2329;55131;0;;;9340.47515;5.93332;1902.231142;11248.74;0
"49";"Maine-et-Loire";"52";"Pays de la Loire";"2010";;73785;19517;415721;0;;;62229.49613;8082.82354;18562.67712;88874.74;0
"50";"Manche";"28";"Normandie";"2010";;127838;18042;315343;0;;;48105.70758;3902.02359;12085.17911;64092.88;0
"51";"Marne";"44";"Grand Est";"2010";;200718;66200;426148;0;;;40658.65621;13735.71302;14694.91603;69089.36;0
"52";"Haute-Marne";"44";"Grand Est";"2010";;48107;3849;172783;0;;;21958.16055;623.1271249;5744.11783;28325.72;0
"53";"Mayenne";"52";"Pays de la Loire";"2010";;52609;14228;199068;0;;;22161.12581;2288.867086;7128.468331;31578.76;0
"54";"Meurthe-et-Moselle";"44";"Grand Est";"2010";;561519;3497;345500;0;;;60043.57922;1152.874268;13133.50105;74330.04;0
"55";"Meuse";"44";"Grand Est";"2010";;45834;5818;103873;0;;;14065.28009;384.395889;4371.756753;18821.16;0
"56";"Morbihan";"53";"Bretagne";"2010";;118673;13578;441373;0;;;72777.31385;3872.162109;17131.24206;93780.94;0
"57";"Moselle";"44";"Grand Est";"2010";;189986;1669;443636;0;;;85276.90047;476.3256158;20564.92499;106318;0
"58";"Nièvre";"27";"Bourgogne-Franche-Comté";"2010";;69430;1905;117707;0;;;22510.40724;2297.270262;7740.972254;32548.9;0
"59";"Nord";"32";"Hauts-de-France";"2010";;673293;101453;975490;0;;;121753.7268;44646.54328;63703.90047;230104.5;0
"60";"Oise";"32";"Hauts-de-France";"2010";;115808;15748;418597;0;;;54034.03068;19068.79416;21489.12738;94591.98;0
"61";"Orne";"28";"Normandie";"2010";;89842;6795;176168;0;;;24672.24579;957.15966;6695.897618;32325.42;0
"62";"Pas-de-Calais";"32";"Hauts-de-France";"2010";;164471;24520;894110;0;;;77408.08808;24160.20646;44200.42348;145768.9;0
"63";"Puy-de-Dôme";"84";"Auvergne-Rhône-Alpes";"2010";;117508;15116;360600;0;;;66759.30915;3987.94806;18263.17078;89010.16;0
"64";"Pyrénées-Atlantiques";"75";"Nouvelle-Aquitaine";"2010";;66979;4053;281621;0;;;52045.85304;6504.554707;10947.25488;69497.84;0
"65";"Hautes-Pyrénées";"76";"Occitanie";"2010";;26793;302;114966;0;;;22770.16225;140.452;5055.710139;27966.08;0
"66";"Pyrénées-Orientales";"76";"Occitanie";"2010";;47634;2605;222887;0;;;48756.92614;872.61318;9875.961509;59505.62;0
"67";"Bas-Rhin";"44";"Grand Est";"2010";;276364;10353;591067;0;;;110664.8597;11380.7936;32822.63634;154867.9;0
"68";"Haut-Rhin";"44";"Grand Est";"2010";;166149;14167;398305;0;;;78884.68605;2618.767271;18217.62688;99720.92;0
"69";"Rhône";"84";"Auvergne-Rhône-Alpes";"2010";;573635;23697;917969;0;;;151413.8252;24395.5948;32586.42053;208395.8;0
"70";"Haute-Saône";"27";"Bourgogne-Franche-Comté";"2010";;68971;5710;146667;0;;;21215.32091;232.286;4535.383771;25982.88;0
"71";"Saône-et-Loire";"27";"Bourgogne-Franche-Comté";"2010";;115144;34008;421261;0;;;65379.66675;5830.33938;17656.49966;88866.6;0
"72";"Sarthe";"52";"Pays de la Loire";"2010";;67765;4211;367725;0;;;52886.04336;11023.76225;19357.68331;83267.76;0
"73";"Savoie";"84";"Auvergne-Rhône-Alpes";"2010";;96919;31795;307520;0;;;49089.64865;2928.3946;11386.95875;63404.68;0
"74";"Haute-Savoie";"84";"Auvergne-Rhône-Alpes";"2010";;132737;4116;407109;0;;;76660.13767;4126.1512;18095.47764;98881.76;0
"75";"Paris";"11";"Île-de-France";"2010";;20016;55024;257274;0;;;25935.07617;56332.20348;34944.04249;117211.6;0
"76";"Seine-Maritime";"28";"Normandie";"2010";;191172;105120;697024;0;;;97727.67011;16674.46728;35560.86983;149963.2;0
"77";"Seine-et-Marne";"11";"Île-de-France";"2010";;158005;26339;691796;0;;;100523.0078;46476.38612;40749.10293;187748.4;0
"78";"Yvelines";"11";"Île-de-France";"2010";;99206;1204;540504;0;;;84730.55979;75179.36611;54374.24572;214284;0
"79";"Deux-Sèvres";"75";"Nouvelle-Aquitaine";"2010";;106580;22417;283293;0;;;33269.76383;4594.376011;9009.845379;46873.82;0
"80";"Somme";"32";"Hauts-de-France";"2010";;117064;42986;357883;0;;;39550.40977;9750.757437;18051.02869;67351.84;0
"81";"Tarn";"76";"Occitanie";"2010";;54753;8058;208954;0;;;37680.0956;963.2691;6196.357336;44839.56;0
"82";"Tarn-et-Garonne";"76";"Occitanie";"2010";;34541;328;162440;0;;;21630.74226;1326.06013;4747.89696;27704.86;0
"83";"Var";"93";"Provence-Alpes-Côte d'Azur";"2010";;127270;2837;542047;0;;;147095.8789;9851.6829;33642.9351;190590.7;0
"84";"Vaucluse";"93";"Provence-Alpes-Côte d'Azur";"2010";;101915;8448;370565;0;;;73745.33476;2232.57334;13390.75808;89368.32;0
"85";"Vendée";"52";"Pays de la Loire";"2010";;193297;5236;549503;0;;;81588.02405;6327.634737;18154.6322;106070.1;0
"86";"Vienne";"75";"Nouvelle-Aquitaine";"2010";;106125;4099;271411;0;;;42161.67774;2937.137563;11312.19436;56410.94;0
"87";"Haute-Vienne";"75";"Nouvelle-Aquitaine";"2010";;67365;1217;206119;0;;;38264.03822;3263.69452;9743.774285;51271.64;0
"88";"Vosges";"44";"Grand Est";"2010";;61719;16705;237192;0;;;35144.14066;2293.608499;9423.826672;46861.24;0
"89";"Yonne";"27";"Bourgogne-Franche-Comté";"2010";;73101;1805;258615;0;;;33586.85217;9763.774614;13851.88176;57202.74;0
"90";"Territoire de Belfort";"27";"Bourgogne-Franche-Comté";"2010";;19401;281;54836;0;;;11455.68318;179.968;2001.415;13636.72;0
"91";"Essonne";"11";"Île-de-France";"2010";;92474;971;551489;0;;;80948.69236;61748.45701;39968.02241;182665.3;0
"92";"Hauts-de-Seine";"11";"Île-de-France";"2010";;194801;20635;270645;0;;;32156.6047;70295.26859;39385.48955;141837.3;0
"93";"Seine-Saint-Denis";"11";"Île-de-France";"2010";;68607;542;394741;0;;;38689.76322;55615.94564;32611.72647;126917.4;0
"94";"Val-de-Marne";"11";"Île-de-France";"2010";;168198;11541;370463;0;;;40517.16356;59693.68622;33906.60909;134117.6;0
"95";"Val-d'Oise";"11";"Île-de-France";"2010";;46871;2343;440140;0;;;50939.24243;56471.87406;36608.24686;144019.5;0
"XX";"Département fictif";"28";"Normandie";"2010";;;;;;161521;;;;;;
"XX";"Département fictif";"44";"Grand Est";"2010";;;;;;169682;;;;;;
"XX";"Département fictif";"53";"Bretagne";"2010";;;;;;199102;;;;;;
"XX";"Département fictif";"32";"Hauts-de-France";"2010";;;;;;174985;;;;;;
"XX";"Département fictif";"24";"Centre-Val de Loire";"2010";;;;;;137033;;;;;;
"XX";"Département fictif";"27";"Bourgogne-Franche-Comté";"2010";;;;;;135029;;;;;;
"XX";"Département fictif";"52";"Pays de la Loire";"2010";;;;;;198416;;;;;;
"XX";"Département fictif";"11";"Île-de-France";"2010";;;;;;97789;;;;;;
"XX";"Département fictif";"94";"Corse";"2010";;;;;;34569;;;;;;
"XX";"Département fictif";"75";"Nouvelle-Aquitaine";"2010";;;;;;360776;;;;;;
"XX";"Département fictif";"XX";"Région fictive";"2010";6127744.8;;;;;22742;;;;;;
"XX";"Département fictif";"84";"Auvergne-Rhône-Alpes";"2010";;;;;;300339;;;;;;
"XX";"Département fictif";"76";"Occitanie";"2010";;;;;;243505;;;;;;
"XX";"Département fictif";"93";"Provence-Alpes-Côte d'Azur";"2010";;;;;;154188;;;;;;
"01";"Ain";"84";"Auvergne-Rhône-Alpes";"2011";;101277;29219;370424;0;;;56091.26;9130.12;12438.66;77660.04;0
"02";"Aisne";"32";"Hauts-de-France";"2011";;105203;13548;314369;0;;;34072.56;8074.88;12836.78;54984.22;0
"03";"Allier";"84";"Auvergne-Rhône-Alpes";"2011";;79967;3601;222259;0;;;30437.68;7010.02;7676.76;45124.46;0
"04";"Alpes-de-Haute-Provence";"93";"Provence-Alpes-Côte d'Azur";"2011";;30927;594;96575;0;;;20012.56;552.78;4078.14;24643.48;0
"05";"Hautes-Alpes";"93";"Provence-Alpes-Côte d'Azur";"2011";;38289;1659;88859;0;;;16277.23758;786.1131;3189.795974;20253.06;0
"06";"Alpes-Maritimes";"93";"Provence-Alpes-Côte d'Azur";"2011";;132782;2334;436204;0;;;133766.1237;27034.24174;37365.40801;198166.1;0
"07";"Ardèche";"84";"Auvergne-Rhône-Alpes";"2011";;31194;9328;132814;0;;;27834.36;2120.84;5925.92;35881.12;0
"08";"Ardennes";"44";"Grand Est";"2011";;44335;2622;125760;0;;;15648.04;2922.26;5222.18;23792.48;0
"09";"Ariège";"76";"Occitanie";"2011";;13613;1926;73358;0;;;13367.36;392.94;2305.1;16065.4;0
"10";"Aube";"44";"Grand Est";"2011";;58468;152;205949;0;;;19554.5;8644.68;8287.26;36486.44;0
"11";"Aude";"76";"Occitanie";"2011";;43801;5685;258647;0;;;37512.08;1568.8;6238.94;45319.82;0
"12";"Aveyron";"76";"Occitanie";"2011";;59839;1980;153535;0;;;21322.36;2379.1;3893.88;27595.34;0
"13";"Bouches-du-Rhône";"93";"Provence-Alpes-Côte d'Azur";"2011";;284376;251195;1054443;0;;;195730.1523;29710.4525;36190.61517;261630.7;0
"14";"Calvados";"28";"Normandie";"2011";;178422;6067;463640;0;;;67737.38;8977.68;18256.54;94971.6;0
"15";"Cantal";"84";"Auvergne-Rhône-Alpes";"2011";;39979;11227;77551;0;;;13061;565.36;2118.62;15744.98;0
"16";"Charente";"75";"Nouvelle-Aquitaine";"2011";;68537;24120;297867;0;;;39424.83496;3062.072901;9257.42737;51744.5;0
"17";"Charente-Maritime";"75";"Nouvelle-Aquitaine";"2011";;92887;9778;420162;0;;;56961.611;14227.27312;19972.05396;91160.6;0
"18";"Cher";"24";"Centre-Val de Loire";"2011";;71660;201;213453;0;;;24055.18;8074.14;8282.82;40412.14;0
"19";"Corrèze";"75";"Nouvelle-Aquitaine";"2011";;51520;3250;171512;0;;;25604;2370.22;5797.9;33772.12;0
"21";"Côte-d'Or";"27";"Bourgogne-Franche-Comté";"2011";;105215;5276;364263;0;;;50085.42;11819.28;14098.48;76003.18;0
"22";"Côtes-d'Armor";"53";"Bretagne";"2011";;90888;11422;361485;0;;;53937.12;3922.74;11649.08;69508.94;0
"23";"Creuse";"75";"Nouvelle-Aquitaine";"2011";;40422;733;72688;0;;;10359.26;870.24;2653.64;13883.14;0
"24";"Dordogne";"75";"Nouvelle-Aquitaine";"2011";;79569;322;220098;0;;;36920.08;2205.94;7083.28;46209.3;0
"25";"Doubs";"27";"Bourgogne-Franche-Comté";"2011";;143219;6630;329604;0;;;47217.18;4812.96;8968.06;60998.2;0
"26";"Drôme";"84";"Auvergne-Rhône-Alpes";"2011";;108369;4430;448159;0;;;48008.98;16701.8;13308.9;78019.68;0
"27";"Eure";"28";"Normandie";"2011";;77566;11224;348321;0;;;48376.76;8615.82;14886.58;71879.16;0
"28";"Eure-et-Loir";"24";"Centre-Val de Loire";"2011";;80719;3215;307401;0;;;29809.42;16994.1;13523.5;60327.02;0
"29";"Finistère";"53";"Bretagne";"2011";;174774;10063;482758;0;;;78567.28;8778.62;18255.06;105601;0
"2A";"Corse-du-Sud";"94";"Corse";"2011";;13097;0;62094;0;;;25253.98;0;0;25253.98;0
"2B";"Haute-Corse";"94";"Corse";"2011";;50153;0;93815;0;;;34462.54;6.66;0;34469.2;0
"30";"Gard";"76";"Occitanie";"2011";;80538;2169;361811;0;;;69924.82;7701.18;12647.34;90273.34;0
"31";"Haute-Garonne";"76";"Occitanie";"2011";;83298;1774;664186;0;;;105089.6276;25400.62183;19712.05413;150202.2;0
"32";"Gers";"76";"Occitanie";"2011";;45207;687;110379;0;;;16652.51378;452.58326;2689.7076;19795;0
"33";"Gironde";"75";"Nouvelle-Aquitaine";"2011";;164625;17737;828896;0;;;117262.62;42517.44;34850.3;194630.4;0
"34";"Hérault";"76";"Occitanie";"2011";;201412;4801;668337;0;;;106492.66;26479.42;24127.7;157099.8;0
"35";"Ille-et-Vilaine";"53";"Bretagne";"2011";;389939;12204;628203;0;;;71807.38;22908.18;23860.56;118576.1;0
"36";"Indre";"24";"Centre-Val de Loire";"2011";;57068;762;150452;0;;;17608.90726;4484.481972;5790.879124;27884.68;0
"37";"Indre-et-Loire";"24";"Centre-Val de Loire";"2011";;102984;3060;350842;0;;;50503.44674;13803.79942;15326.60472;79634.36;0
"38";"Isère";"84";"Auvergne-Rhône-Alpes";"2011";;127126;17055;630058;0;;;99149.36028;25269.48023;23551.82198;147971.1;0
"39";"Jura";"27";"Bourgogne-Franche-Comté";"2011";;62794;2132;185232;0;;;24788.71092;2852.886668;6030.559002;33671.48;0
"40";"Landes";"75";"Nouvelle-Aquitaine";"2011";;67603;19133;260041;0;;;41316.42;4257.22;7738.92;53312.56;0
"41";"Loir-et-Cher";"24";"Centre-Val de Loire";"2011";;61370;1189;203803;0;;;27471.76;8959.18;8911.82;45342.76;0
"42";"Loire";"84";"Auvergne-Rhône-Alpes";"2011";;368351;24503;392492;0;;;56314.50542;10989.02417;14055.25121;81359.3;0
"43";"Haute-Loire";"84";"Auvergne-Rhône-Alpes";"2011";;60093;5933;128860;0;;;17942.04;2324.34;3403.26;23669.64;0
"44";"Loire-Atlantique";"52";"Pays de la Loire";"2011";;463403;17897;719444;0;;;117205.64;24658.28;26640;168503.9;0
"45";"Loiret";"24";"Centre-Val de Loire";"2011";;367147;26190;412589;0;;;46924.14;24328.98;18172.18;89425.3;0
"46";"Lot";"76";"Occitanie";"2011";;27187;7547;107401;0;;;17916.48262;2350.764689;3732.925688;23999.68;0
"47";"Lot-et-Garonne";"75";"Nouvelle-Aquitaine";"2011";;457317;1046;233266;0;;;29205.58;2464.94;7365.96;39036.48;0
"48";"Lozère";"76";"Occitanie";"2011";;34328;2229;53824;0;;;6845.74;1250.6;1684.24;9780.58;0
"49";"Maine-et-Loire";"52";"Pays de la Loire";"2011";;77659;16330;428112;0;;;60116.12;8027.52;15281;83424.64;0
"50";"Manche";"28";"Normandie";"2011";;125659;19875;319080;0;;;46559.32;4440.74;10135.04;61135.1;0
"51";"Marne";"44";"Grand Est";"2011";;185216;70836;429948;0;;;35913.53262;15514.72245;13026.46759;64454.74;0
"52";"Haute-Marne";"44";"Grand Est";"2011";;44586;4923;166039;0;;;18960.94555;2924.791283;4819.090782;26704.38;0
"53";"Mayenne";"52";"Pays de la Loire";"2011";;53482;14678;208004;0;;;21585.06;2534.5;5901.5;30021.06;0
"54";"Meurthe-et-Moselle";"44";"Grand Est";"2011";;483460;2433;357934;0;;;43109.44;10582;12019.08;65710.52;0
"55";"Meuse";"44";"Grand Est";"2011";;41340;6661;99060;0;;;13019.56;849.52;3591.96;17461.04;0
"56";"Morbihan";"53";"Bretagne";"2011";;94697;13994;435782;0;;;69372.04;5717.98;14522.5;89612.52;0
"57";"Moselle";"44";"Grand Est";"2011";;182128;10572;450589;0;;;68851.82;11374.54;18305.38;98531.74;0
"58";"Nièvre";"27";"Bourgogne-Franche-Comté";"2011";;67709;1161;116512;0;;;21646.48;2290.3;6355.12;30291.9;0
"59";"Nord";"32";"Hauts-de-France";"2011";;553671;94282;997134;0;;;105312.36;52152.98;56564.86;214030.2;0
"60";"Oise";"32";"Hauts-de-France";"2011";;102547;15476;418980;0;;;50032.14;19820.16;18719.78;88572.08;0
"61";"Orne";"28";"Normandie";"2011";;83918;5167;174932;0;;;21853.68;2789.06;5609.2;30251.94;0
"62";"Pas-de-Calais";"32";"Hauts-de-France";"2011";;175230;25833;900370;0;;;69992.16;27945.36;38169.94;136107.5;0
"63";"Puy-de-Dôme";"84";"Auvergne-Rhône-Alpes";"2011";;119721;20578;367276;0;;;54735.58;13534.6;16499.78;84769.96;0
"64";"Pyrénées-Atlantiques";"75";"Nouvelle-Aquitaine";"2011";;66813;2012;285601;0;;;50334.06;9375.8;10738.14;70448;0
"65";"Hautes-Pyrénées";"76";"Occitanie";"2011";;26892;631;118510;0;;;21039.15534;1584.784;4361.93074;26986.32;0
"66";"Pyrénées-Orientales";"76";"Occitanie";"2011";;66042;1539;227193;0;;;46953;1061.16;7971.28;55985.44;0
"67";"Bas-Rhin";"44";"Grand Est";"2011";;237604;3921;606440;0;;;100135.32;14558.02;28806.72;143500.1;0
"68";"Haut-Rhin";"44";"Grand Est";"2011";;135497;11724;417577;0;;;71360.42;8052.68;16320.7;95733.8;0
"69";"Rhône";"84";"Auvergne-Rhône-Alpes";"2011";;519047;19223;920946;0;;;110811.5963;54051.15291;31546.4227;196408.6;0
"70";"Haute-Saône";"27";"Bourgogne-Franche-Comté";"2011";;57211;4501;147986;0;;;20230.52478;760.128;3884.28442;24875.1;0
"71";"Saône-et-Loire";"27";"Bourgogne-Franche-Comté";"2011";;97739;26343;412089;0;;;55135.92;12261.06;15075.28;82472.26;0
"72";"Sarthe";"52";"Pays de la Loire";"2011";;66950;2947;367116;0;;;45084.5;13200.12;15847.1;74131.72;0
"73";"Savoie";"84";"Auvergne-Rhône-Alpes";"2011";;91280;30041;325327;0;;;46945.25845;4360.94015;9643.822721;60950.1;0
"74";"Haute-Savoie";"84";"Auvergne-Rhône-Alpes";"2011";;119238;4028;419580;0;;;81105.61098;5783.874232;16408.94412;103298.1;0
"75";"Paris";"11";"Île-de-France";"2011";;41789;21223;192520;0;;;21520.39658;52088.31584;34118.02264;107727;0
"76";"Seine-Maritime";"28";"Normandie";"2011";;187762;29357;706431;0;;;88464.04;24095.14;31428.54;143987.7;0
"77";"Seine-et-Marne";"11";"Île-de-France";"2011";;124227;17655;720198;0;;;92651.30958;48342.03072;37354.87321;178348.1;0
"78";"Yvelines";"11";"Île-de-France";"2011";;88297;1116;549276;0;;;75613.82382;78728.99084;49345.77815;203688.7;0
"79";"Deux-Sèvres";"75";"Nouvelle-Aquitaine";"2011";;98164;21857;292718;0;;;32169.28;4562.1;7455.5;44186.88;0
"80";"Somme";"32";"Hauts-de-France";"2011";;107389;38188;348458;0;;;36905.28;10268.98;15050.12;62224.38;0
"81";"Tarn";"76";"Occitanie";"2011";;53522;7617;197607;0;;;33359.90226;2530.67716;4901.79478;40792.5;0
"82";"Tarn-et-Garonne";"76";"Occitanie";"2011";;35313;473;164467;0;;;19876.50878;1976.89742;3897.03314;25749.78;0
"83";"Var";"93";"Provence-Alpes-Côte d'Azur";"2011";;101533;2564;554863;0;;;138421.3987;14918.41938;29558.44255;182898.4;0
"84";"Vaucluse";"93";"Provence-Alpes-Côte d'Azur";"2011";;85501;7100;376420;0;;;68393.76;4798.9;11498.12;84690.78;0
"85";"Vendée";"52";"Pays de la Loire";"2011";;174667;4082;548512;0;;;74451.4;7508.04;15229.2;97188.64;0
"86";"Vienne";"75";"Nouvelle-Aquitaine";"2011";;108160;4266;278786;0;;;41104.04;3011.06;9463.12;53578.22;0
"87";"Haute-Vienne";"75";"Nouvelle-Aquitaine";"2011";;64560;1341;204260;0;;;37229.4;3681.5;7916.52;48827.42;0
"88";"Vosges";"44";"Grand Est";"2011";;61591;11460;237080;0;;;32282.5;3845.78;8223.62;44351.9;0
"89";"Yonne";"27";"Bourgogne-Franche-Comté";"2011";;64997;1274;253067;0;;;31449.26;10100.26;12203.34;53752.86;0
"90";"Territoire de Belfort";"27";"Bourgogne-Franche-Comté";"2011";;17233;784;55930;0;;;10219.4;1931.4;1863.32;14014.12;0
"91";"Essonne";"11";"Île-de-France";"2011";;85525;202;571482;0;;;72149.48126;63371.52171;38034.03541;173554.4;0
"92";"Hauts-de-Seine";"11";"Île-de-France";"2011";;143611;3415;276903;0;;;16218.47824;72672.9945;38809.95575;127701.8;0
"93";"Seine-Saint-Denis";"11";"Île-de-France";"2011";;54331;1782;381225;0;;;31610.30274;55192.05436;30361.82927;117164.2;0
"94";"Val-de-Marne";"11";"Île-de-France";"2011";;124662;8824;379873;0;;;35298.48136;59851.10802;32043.27592;127193.4;0
"95";"Val-d'Oise";"11";"Île-de-France";"2011";;70279;2105;458170;0;;;45391.88224;56753.24929;33788.68863;135933.6;0
"XX";"Département fictif";"44";"Grand Est";"2011";;;;;;150919;;;;;;
"XX";"Département fictif";"XX";"Région fictive";"2011";6431271.2;;;;;12900;;;;;;
"XX";"Département fictif";"24";"Centre-Val de Loire";"2011";;;;;;113873;;;;;;
"XX";"Département fictif";"28";"Normandie";"2011";;;;;;138929;;;;;;
"XX";"Département fictif";"75";"Nouvelle-Aquitaine";"2011";;;;;;310168;;;;;;
"XX";"Département fictif";"11";"Île-de-France";"2011";;;;;;87941;;;;;;
"XX";"Département fictif";"27";"Bourgogne-Franche-Comté";"2011";;;;;;119790;;;;;;
"XX";"Département fictif";"53";"Bretagne";"2011";;;;;;174044;;;;;;
"XX";"Département fictif";"76";"Occitanie";"2011";;;;;;209978;;;;;;
"XX";"Département fictif";"52";"Pays de la Loire";"2011";;;;;;173872;;;;;;
"XX";"Département fictif";"32";"Hauts-de-France";"2011";;;;;;154600;;;;;;
"XX";"Département fictif";"84";"Auvergne-Rhône-Alpes";"2011";;;;;;265719;;;;;;
"XX";"Département fictif";"94";"Corse";"2011";;;;;;33519;;;;;;
"XX";"Département fictif";"93";"Provence-Alpes-Côte d'Azur";"2011";;;;;;137567;;;;;;
"01";"Ain";"84";"Auvergne-Rhône-Alpes";"2012";;74626;21946;383875;29371;;;52460.08;12648.82;10635.28;75744.18;0
"02";"Aisne";"32";"Hauts-de-France";"2012";;66068;9196;312719;27848;;;30413.26;10002.58;10991.22;51407.06;0
"03";"Allier";"84";"Auvergne-Rhône-Alpes";"2012";;54121;2057;218909;32035;;;30179.42;5163.72;6723.64;42066.78;0
"04";"Alpes-de-Haute-Provence";"93";"Provence-Alpes-Côte d'Azur";"2012";;23151;667;98614;7249;;;14775.58;4701.96;3985.64;23463.18;0
"05";"Hautes-Alpes";"93";"Provence-Alpes-Côte d'Azur";"2012";;34417;720;88131;7346;;;11817.06;4535.46;3275.24;19627.76;0
"06";"Alpes-Maritimes";"93";"Provence-Alpes-Côte d'Azur";"2012";;94726;2546;459314;22071;;;71378.18;77834.68;42199.98;191412.8;0
"07";"Ardèche";"84";"Auvergne-Rhône-Alpes";"2012";;25861;8799;135488;3966;;;26620.02;2590;4898.8;34108.82;0
"08";"Ardennes";"44";"Grand Est";"2012";;32796;654;129442;11518;;;14712.68;3540.9;4575.42;22829;0
"09";"Ariège";"76";"Occitanie";"2012";;7505;1756;72192;3556;;;12323.22;1146.26;1764.9;15234.38;0
"10";"Aube";"44";"Grand Est";"2012";;31128;78;210005;29054;;;19233.34;10077.32;7571.68;36882.34;0
"11";"Aude";"76";"Occitanie";"2012";;19203;1620;262078;13407;;;31900.66;6065.04;5950.34;43916.04;0
"12";"Aveyron";"76";"Occitanie";"2012";;30663;1545;149614;18680;;;19433.14;3134.64;3330.74;25898.52;0
"13";"Bouches-du-Rhône";"93";"Provence-Alpes-Côte d'Azur";"2012";;170326;194938;1065453;74288;;;126468.22;82205.86;35530.36;244204.4;0
"14";"Calvados";"28";"Normandie";"2012";;117379;5126;451664;83717;;;58877.36;14250.92;15554.06;88682.34;0
"15";"Cantal";"84";"Auvergne-Rhône-Alpes";"2012";;26803;10112;79300;13251;;;12002.06;1218.78;1757.5;14978.34;0
"16";"Charente";"75";"Nouvelle-Aquitaine";"2012";;37309;19533;294338;33328;;;32676.92;4995.74;7910.6;45583.26;0
"17";"Charente-Maritime";"75";"Nouvelle-Aquitaine";"2012";;57083;8620;442073;32598;;;49138.96;21733.06;19633.68;90505.7;0
"18";"Cher";"24";"Centre-Val de Loire";"2012";;45957;104;193861;22308;;;22356.88;8791.94;7018.9;38167.72;0
"19";"Corrèze";"75";"Nouvelle-Aquitaine";"2012";;35109;2888;167594;15453;;;21369.72;5126.72;4978.72;31475.16;0
"21";"Côte-d'Or";"27";"Bourgogne-Franche-Comté";"2012";;70323;4020;360580;39280;;;38790.06;19428.7;12736.14;70954.9;0
"22";"Côtes-d'Armor";"53";"Bretagne";"2012";;58750;10147;366999;45749;;;49754.64;6430.6;10041.8;66227.04;0
"23";"Creuse";"75";"Nouvelle-Aquitaine";"2012";;26776;638;70267;13028;;;9876.78;922.78;2059.42;12858.98;0
"24";"Dordogne";"75";"Nouvelle-Aquitaine";"2012";;55975;851;222377;24302;;;34175.42;4442.96;6201.94;44820.32;0
"25";"Doubs";"27";"Bourgogne-Franche-Comté";"2012";;116275;7620;321160;33087;;;43635.58;7925.4;8233.98;59794.96;0
"26";"Drôme";"84";"Auvergne-Rhône-Alpes";"2012";;68655;4497;441699;27789;;;41896.58;20677.82;11976.16;74550.56;0
"27";"Eure";"28";"Normandie";"2012";;50064;7878;350375;13886;;;40435.82;13416.94;13661.88;67514.64;0
"28";"Eure-et-Loir";"24";"Centre-Val de Loire";"2012";;52413;2989;301216;26491;;;27174.28;18818.94;11983.56;57976.78;0
"29";"Finistère";"53";"Bretagne";"2012";;125876;8887;498874;28501;;;74416.62;11172.52;15164.08;100753.2;0
"2A";"Corse-du-Sud";"94";"Corse";"2012";;10017;0;66382;5680;;;26168.62;0;0;26168.62;0
"2B";"Haute-Corse";"94";"Corse";"2012";;43031;336;103605;6215;;;32821.22;0;0;32821.22;0
"30";"Gard";"76";"Occitanie";"2012";;57605;1776;370033;22463;;;57496.52;17375.2;11605.42;86477.14;0
"31";"Haute-Garonne";"76";"Occitanie";"2012";;40022;1892;664198;32933;;;81622.74;43830.94;18687.22;144140.9;0
"32";"Gers";"76";"Occitanie";"2012";;19499;1083;109351;23957;;;15413.46;1004.18;2298.44;18716.08;0
"33";"Gironde";"75";"Nouvelle-Aquitaine";"2012";;78159;11752;827798;65223;;;105515.12;48682.38;31121.44;185318.9;0
"34";"Hérault";"76";"Occitanie";"2012";;146804;3720;675333;91211;;;87991.18;36082.4;21725.66;145799.2;0
"35";"Ille-et-Vilaine";"53";"Bretagne";"2012";;254795;10046;636271;176990;;;61002.64;29477.16;21287.58;111767.4;0
"36";"Indre";"24";"Centre-Val de Loire";"2012";;29304;75;144162;19828;;;16980.78;5180;5006.1;27166.88;0
"37";"Indre-et-Loire";"24";"Centre-Val de Loire";"2012";;64095;2589;340821;41771;;;45971.76;15440.84;13792.12;75204.72;0
"38";"Isère";"84";"Auvergne-Rhône-Alpes";"2012";;92228;17040;632138;28089;;;83557.84;34754.1;21098.14;139410.1;0
"39";"Jura";"27";"Bourgogne-Franche-Comté";"2012";;47290;1983;185924;13492;;;23002.9;3870.2;5179.26;32052.36;0
"40";"Landes";"75";"Nouvelle-Aquitaine";"2012";;27382;18488;264313;36217;;;37800.68;5516.7;6721.42;50038.8;0
"41";"Loir-et-Cher";"24";"Centre-Val de Loire";"2012";;39164;1262;201698;19676;;;25237.7;10314.12;7932.8;43484.62;0
"42";"Loire";"84";"Auvergne-Rhône-Alpes";"2012";;276595;16312;398606;88519;;;47645.64;16416.16;12498.6;76560.4;0
"43";"Haute-Loire";"84";"Auvergne-Rhône-Alpes";"2012";;45822;3095;124592;16167;;;15905.56;3608.24;2959.26;22473.06;0
"44";"Loire-Atlantique";"52";"Pays de la Loire";"2012";;287510;13420;735035;233307;;;102228.78;34950.2;24658.28;161837.3;0
"45";"Loiret";"24";"Centre-Val de Loire";"2012";;270637;20684;431880;146778;;;35732.38;30708.52;18051.56;84492.46;0
"46";"Lot";"76";"Occitanie";"2012";;18047;7860;107581;7453;;;16445.02;3190.88;3385.5;23021.4;0
"47";"Lot-et-Garonne";"75";"Nouvelle-Aquitaine";"2012";;313422;1295;230781;191441;;;25265.08;3098.38;6520.14;34883.6;0
"48";"Lozère";"76";"Occitanie";"2012";;27749;1830;53661;6131;;;5548.52;2692.86;1480.74;9722.12;0
"49";"Maine-et-Loire";"52";"Pays de la Loire";"2012";;47098;12507;435197;28175;;;56645.52;9574.86;12995.88;79216.26;0
"50";"Manche";"28";"Normandie";"2012";;59347;19765;315466;57298;;;42305.8;6141.26;8376.8;56823.86;0
"51";"Marne";"44";"Grand Est";"2012";;99462;57956;422690;90681;;;29872.32;18767.14;11498.12;60137.58;0
"52";"Haute-Marne";"44";"Grand Est";"2012";;28803;2560;158430;17035;;;14576.52;5790.5;4394.12;24761.14;0
"53";"Mayenne";"52";"Pays de la Loire";"2012";;25714;13246;207285;25997;;;20455.08;2953.34;4906.94;28315.36;0
"54";"Meurthe-et-Moselle";"44";"Grand Est";"2012";;331281;7199;348965;220060;;;31549.16;17967.2;11499.6;61015.96;0
"55";"Meuse";"44";"Grand Est";"2012";;26806;5947;106387;13591;;;11040.06;2216.3;3037.7;16294.06;0
"56";"Morbihan";"53";"Bretagne";"2012";;58322;9069;443181;32433;;;63361.76;10064.74;12062.74;85489.24;0
"57";"Moselle";"44";"Grand Est";"2012";;131185;18316;470029;51938;;;56689.18;21016;15659.14;93364.32;0
"58";"Nièvre";"27";"Bourgogne-Franche-Comté";"2012";;37234;1110;112240;23012;;;19565.6;3311.5;5342.8;28219.9;0
"59";"Nord";"32";"Hauts-de-France";"2012";;355469;33804;1048703;217048;;;94461.74;59014.26;49480.84;202956.8;0
"60";"Oise";"32";"Hauts-de-France";"2012";;64840;16911;425974;39008;;;44298.62;23357.36;16194.16;83850.14;0
"61";"Orne";"28";"Normandie";"2012";;48723;5358;169147;32383;;;18119.64;4639.8;4950.6;27710.04;0
"62";"Pas-de-Calais";"32";"Hauts-de-France";"2012";;94145;16326;944018;77041;;;64464.36;30812.86;32622.9;127900.1;0
"63";"Puy-de-Dôme";"84";"Auvergne-Rhône-Alpes";"2012";;77505;13549;370854;33645;;;45114.84;19943.74;14941.34;79999.92;0
"64";"Pyrénées-Atlantiques";"75";"Nouvelle-Aquitaine";"2012";;29436;1244;287474;27279;;;44271.98;13744.02;9725.08;67741.08;0
"65";"Hautes-Pyrénées";"76";"Occitanie";"2012";;15450;877;117988;10906;;;19094.22;2362.82;3758.46;25215.5;0
"66";"Pyrénées-Orientales";"76";"Occitanie";"2012";;23800;1546;236859;13574;;;42567.76;5331.7;6743.62;54643.08;0
"67";"Bas-Rhin";"44";"Grand Est";"2012";;194374;5393;598775;45705;;;90856.46;18560.68;25477.46;134894.6;0
"68";"Haut-Rhin";"44";"Grand Est";"2012";;110173;8691;420363;25315;;;63566.74;13929.76;14589.84;92086.34;0
"69";"Rhône";"84";"Auvergne-Rhône-Alpes";"2012";;373574;23706;920714;128754;;;86195.2;68799.28;30015.14;185009.6;0
"70";"Haute-Saône";"27";"Bourgogne-Franche-Comté";"2012";;41055;3730;143103;15283;;;18650.22;1699.78;3172.38;23522.38;0
"71";"Saône-et-Loire";"27";"Bourgogne-Franche-Comté";"2012";;70361;24267;417738;31543;;;47895.02;17207.96;13206.78;78309.76;0
"72";"Sarthe";"52";"Pays de la Loire";"2012";;42389;2306;365326;16836;;;44704.14;13724.04;13515.36;71943.54;0
"73";"Savoie";"84";"Auvergne-Rhône-Alpes";"2012";;61371;24729;354784;17452;;;38674.62;11125.16;8629.88;58429.66;0
"74";"Haute-Savoie";"84";"Auvergne-Rhône-Alpes";"2012";;94467;3331;441164;23155;;;70375.48;18263.94;15440.1;104079.5;0
"75";"Paris";"11";"Île-de-France";"2012";;6163;28322;172171;75485;;;14162.86;51676.42;32187.78;98027.06;0
"76";"Seine-Maritime";"28";"Normandie";"2012";;118203;28178;715664;69861;;;78594.66;29471.98;27886.16;135952.8;0
"77";"Seine-et-Marne";"11";"Île-de-France";"2012";;87707;14513;729111;31385;;;78515.48;56496.04;35000.52;170012;0
"78";"Yvelines";"11";"Île-de-France";"2012";;70939;730;595009;13211;;;67208.28;79428.64;44424.42;191061.3;0
"79";"Deux-Sèvres";"75";"Nouvelle-Aquitaine";"2012";;56307;22789;295028;35475;;;29801.28;5763.86;6257.44;41822.58;0
"80";"Somme";"32";"Hauts-de-France";"2012";;67994;36672;348384;44961;;;34195.4;11199.16;12901.9;58296.46;0
"81";"Tarn";"76";"Occitanie";"2012";;31065;7155;190948;16526;;;30476.9;4343.06;4118.1;38938.06;0
"82";"Tarn-et-Garonne";"76";"Occitanie";"2012";;21226;152;166702;13550;;;17351.52;3725.9;3488.36;24565.78;0
"83";"Var";"93";"Provence-Alpes-Côte d'Azur";"2012";;72016;2274;551416;22990;;;92209.92;50747.72;29086.44;172044.1;0
"84";"Vaucluse";"93";"Provence-Alpes-Côte d'Azur";"2012";;67351;6173;376099;21239;;;44348.94;23753.26;11546.96;79649.16;0
"85";"Vendée";"52";"Pays de la Loire";"2012";;96414;3671;546315;83260;;;69108.6;12094.56;14975.38;96178.54;0
"86";"Vienne";"75";"Nouvelle-Aquitaine";"2012";;67681;3847;282657;44888;;;36643.32;5709.84;8351.64;50704.8;0
"87";"Haute-Vienne";"75";"Nouvelle-Aquitaine";"2012";;43272;2364;202729;22811;;;34011.88;5907.42;6492.76;46412.06;0
"88";"Vosges";"44";"Grand Est";"2012";;49551;8675;233861;17461;;;28942.14;5686.16;6926.4;41554.7;0
"89";"Yonne";"27";"Bourgogne-Franche-Comté";"2012";;37516;913;246449;22726;;;27767.02;11201.38;10632.32;49600.72;0
"90";"Territoire de Belfort";"27";"Bourgogne-Franche-Comté";"2012";;15077;471;58004;2842;;;8692.78;3610.46;1520.7;13823.94;0
"91";"Essonne";"11";"Île-de-France";"2012";;62046;216;570225;17371;;;65339.04;66580.76;34381.88;166301.7;0
"92";"Hauts-de-Seine";"11";"Île-de-France";"2012";;125605;27400;276675;25582;;;12694.7;71181.34;37004.44;120880.5;0
"93";"Seine-Saint-Denis";"11";"Île-de-France";"2012";;27654;1457;376189;12161;;;28222.12;54407.76;26300.34;108930.2;0
"94";"Val-de-Marne";"11";"Île-de-France";"2012";;108713;6229;415429;26843;;;30120.96;61106.24;29639.22;120866.4;0
"95";"Val-d'Oise";"11";"Île-de-France";"2012";;58833;1964;458782;29876;;;40975.28;55670.2;30300.04;126945.5;0
"XX";"Département fictif";"32";"Hauts-de-France";"2012";;;;;;147899;;;;;;
"XX";"Département fictif";"52";"Pays de la Loire";"2012";;;;;;180753;;;;;;
"XX";"Département fictif";"11";"Île-de-France";"2012";;;;;;87582;;;;;;
"XX";"Département fictif";"27";"Bourgogne-Franche-Comté";"2012";;;;;;123163;;;;;;
"XX";"Département fictif";"44";"Grand Est";"2012";;;;;;148972;;;;;;
"XX";"Département fictif";"76";"Occitanie";"2012";;;;;;216081;;;;;;
"XX";"Département fictif";"53";"Bretagne";"2012";;;;;;175182;;;;;;
"XX";"Département fictif";"XX";"Région fictive";"2012";6312989.6;;;;;12496;;;;;;
"XX";"Département fictif";"24";"Centre-Val de Loire";"2012";;;;;;119657;;;;;;
"XX";"Département fictif";"93";"Provence-Alpes-Côte d'Azur";"2012";;;;;;130086;;;;;;
"XX";"Département fictif";"28";"Normandie";"2012";;;;;;139304;;;;;;
"XX";"Département fictif";"75";"Nouvelle-Aquitaine";"2012";;;;;;327249;;;;;;
"XX";"Département fictif";"84";"Auvergne-Rhône-Alpes";"2012";;;;;;265531;;;;;;
"XX";"Département fictif";"94";"Corse";"2012";;;;;;31531;;;;;;
"01";"Ain";"84";"Auvergne-Rhône-Alpes";"2013";;79974;11247;390338;31930;;;48559.54;15468.22;10770.7;74798.46;0
"02";"Aisne";"32";"Hauts-de-France";"2013";;69116;5048;304298;33055;;;26279.62;12157.46;10178.7;48615.78;0
"03";"Allier";"84";"Auvergne-Rhône-Alpes";"2013";;57907;1905;224147;38265;;;28111.12;5856.36;6568.24;40535.72;0
"04";"Alpes-de-Haute-Provence";"93";"Provence-Alpes-Côte d'Azur";"2013";;23831;407;99824;7786;;;12564.46;5963.66;4309.76;22837.88;0
"05";"Hautes-Alpes";"93";"Provence-Alpes-Côte d'Azur";"2013";;35238;377;91445;7694;;;10192.76;5811.22;3367;19370.98;0
"06";"Alpes-Maritimes";"93";"Provence-Alpes-Côte d'Azur";"2013";;89613;1497;459825;19995;;;59885.24;81935.76;45433.78;187254.8;0
"07";"Ardèche";"84";"Auvergne-Rhône-Alpes";"2013";;30443;4759;136627;5307;;;24414.82;4136.6;4262.4;32813.82;0
"08";"Ardennes";"44";"Grand Est";"2013";;33820;801;132440;12889;;;13684.82;4304.58;4309.76;22299.16;0
"09";"Ariège";"76";"Occitanie";"2013";;8505;1486;72798;4797;;;11790.42;1531.8;1601.36;14923.58;0
"10";"Aube";"44";"Grand Est";"2013";;31132;367;205020;29914;;;14691.22;11297.58;6889.4;32878.2;0
"11";"Aude";"76";"Occitanie";"2013";;22636;658;267187;20801;;;28198.44;8859.28;6046.54;43104.26;0
"12";"Aveyron";"76";"Occitanie";"2013";;39537;371;158189;22935;;;18689.44;4083.32;3466.16;26238.92;0
"13";"Bouches-du-Rhône";"93";"Provence-Alpes-Côte d'Azur";"2013";;159719;157558;1018633;76780;;;105529.92;91814.76;35934.4;233279.1;0
"14";"Calvados";"28";"Normandie";"2013";;93277;4908;416431;69104;;;44072.92;24624.98;16891.98;85589.88;0
"15";"Cantal";"84";"Auvergne-Rhône-Alpes";"2013";;28133;9738;80769;13122;;;10428.08;2225.92;1642.8;14296.8;0
"16";"Charente";"75";"Nouvelle-Aquitaine";"2013";;38282;17889;301545;42240;;;29543.02;5955.52;7627.18;43125.72;0
"17";"Charente-Maritime";"75";"Nouvelle-Aquitaine";"2013";;58066;7250;449596;37705;;;43141.26;25865.22;20519.46;89525.94;0
"18";"Cher";"24";"Centre-Val de Loire";"2013";;44947;0;183768;22343;;;20128.74;9198.2;6708.84;36035.78;0
"19";"Corrèze";"75";"Nouvelle-Aquitaine";"2013";;35259;2752;163307;14264;;;18724.96;6526.06;5160.02;30411.04;0
"21";"Côte-d'Or";"27";"Bourgogne-Franche-Comté";"2013";;76448;2474;357098;44033;;;34497.32;20561.64;12296.58;67355.54;0
"22";"Côtes-d'Armor";"53";"Bretagne";"2013";;63750;9502;354344;40296;;;42117.84;11661.66;10207.56;63987.06;0
"23";"Creuse";"75";"Nouvelle-Aquitaine";"2013";;31628;0;69784;15755;;;9395.78;1067.82;1848.52;12312.12;0
"24";"Dordogne";"75";"Nouvelle-Aquitaine";"2013";;61469;188;222438;27310;;;32033.86;5814.18;6201.94;44049.98;0
"25";"Doubs";"27";"Bourgogne-Franche-Comté";"2013";;121265;5685;328895;33665;;;40963.44;9052.42;8054.9;58070.76;0
"26";"Drôme";"84";"Auvergne-Rhône-Alpes";"2013";;77882;3273;456843;29385;;;36908.98;24371.16;11934.72;73214.86;0
"27";"Eure";"28";"Normandie";"2013";;50008;3797;337661;26838;;;30684.84;19445.72;14870.3;65000.86;0
"28";"Eure-et-Loir";"24";"Centre-Val de Loire";"2013";;47773;655;295662;25458;;;23832.44;19587.06;12267.72;55687.22;0
"29";"Finistère";"53";"Bretagne";"2013";;126643;7934;490265;41185;;;68099.98;15251.4;13994.14;97345.52;0
"2A";"Corse-du-Sud";"94";"Corse";"2013";;8811;0;59929;4984;;;23352.92;0;0;23352.92;0
"2B";"Haute-Corse";"94";"Corse";"2013";;31281;0;111805;6995;;;34448.48;0;0;34448.48;0
"30";"Gard";"76";"Occitanie";"2013";;58509;861;370336;24475;;;52403.84;20546.84;10976.42;83927.1;0
"31";"Haute-Garonne";"76";"Occitanie";"2013";;42428;513;664416;37998;;;70058.76;51424.82;19629.98;141113.6;0
"32";"Gers";"76";"Occitanie";"2013";;18905;284;106647;27376;;;12879.7;2733.56;2408.7;18021.96;0
"33";"Gironde";"75";"Nouvelle-Aquitaine";"2013";;77556;7944;845794;92922;;;94352.22;54338.94;31717.14;180408.3;0
"34";"Hérault";"76";"Occitanie";"2013";;132075;3053;672727;87288;;;75532.54;43601.54;21699.76;140833.8;0
"35";"Ille-et-Vilaine";"53";"Bretagne";"2013";;254843;7144;628009;190646;;;53449.46;33859.44;20849.5;108158.4;0
"36";"Indre";"24";"Centre-Val de Loire";"2013";;30452;27;143273;22010;;;15237.34;5743.14;5082.32;26062.8;0
"37";"Indre-et-Loire";"24";"Centre-Val de Loire";"2013";;61126;1312;335377;45077;;;43039.88;15594.02;13601.2;72235.1;0
"38";"Isère";"84";"Auvergne-Rhône-Alpes";"2013";;99779;6160;628690;31162;;;76890.44;37712.62;20435.84;135038.9;0
"39";"Jura";"27";"Bourgogne-Franche-Comté";"2013";;49847;1253;182516;14825;;;20509.1;4729.34;5044.58;30283.02;0
"40";"Landes";"75";"Nouvelle-Aquitaine";"2013";;27693;10038;270634;44975;;;31538.06;11326.44;7060.34;49924.84;0
"41";"Loir-et-Cher";"24";"Centre-Val de Loire";"2013";;41154;1456;201324;20614;;;23136.1;10848.4;7700.44;41684.94;0
"42";"Loire";"84";"Auvergne-Rhône-Alpes";"2013";;367828;9670;425400;105441;;;47511.7;17893.94;12459.38;77865.02;0
"43";"Haute-Loire";"84";"Auvergne-Rhône-Alpes";"2013";;47928;984;122040;18176;;;13491.68;5419.76;2700.26;21611.7;0
"44";"Loire-Atlantique";"52";"Pays de la Loire";"2013";;285250;11642;739546;257043;;;85259.84;45806.74;26338.08;157404.7;0
"45";"Loiret";"24";"Centre-Val de Loire";"2013";;276318;16243;432239;147008;;;32608.84;30882.42;17898.38;81389.64;0
"46";"Lot";"76";"Occitanie";"2013";;19851;8432;104911;8111;;;14809.62;4030.78;3547.56;22387.96;0
"47";"Lot-et-Garonne";"75";"Nouvelle-Aquitaine";"2013";;299000;2024;237006;186807;;;24212.06;4761.16;5863.02;34836.24;0
"48";"Lozère";"76";"Occitanie";"2013";;27316;1985;52300;6388;;;4667.18;3056.2;1479.26;9202.64;0
"49";"Maine-et-Loire";"52";"Pays de la Loire";"2013";;51302;11831;429163;34644;;;50772.14;12936.68;13001.06;76709.88;0
"50";"Manche";"28";"Normandie";"2013";;90959;18978;297914;58109;;;37000.74;9167.12;8145.18;54313.04;0
"51";"Marne";"44";"Grand Est";"2013";;101863;45720;420326;94051;;;26537.14;20076.94;11213.22;57827.3;0
"52";"Haute-Marne";"44";"Grand Est";"2013";;29017;1608;159515;17583;;;9902.68;8772.7;4666.44;23341.82;0
"53";"Mayenne";"52";"Pays de la Loire";"2013";;28946;11314;207407;32627;;;18860.38;3858.36;4736;27454.74;0
"54";"Meurthe-et-Moselle";"44";"Grand Est";"2013";;322082;2089;372344;209743;;;32323.2;20691.88;11036.36;64051.44;0
"55";"Meuse";"44";"Grand Est";"2013";;27656;8314;105354;14029;;;10172.04;2678.8;2874.16;15725;0
"56";"Morbihan";"53";"Bretagne";"2013";;62895;8363;437457;45466;;;58018.22;13237.86;11891.8;83147.88;0
"57";"Moselle";"44";"Grand Est";"2013";;138414;8387;467340;45385;;;45984.34;27114.34;15096.74;88195.42;0
"58";"Nièvre";"27";"Bourgogne-Franche-Comté";"2013";;35594;1094;112105;23521;;;16695.88;5054.2;5071.22;26821.3;0
"59";"Nord";"32";"Hauts-de-France";"2013";;353365;13902;1054252;227998;;;79777.18;67943.84;46595.58;194316.6;0
"60";"Oise";"32";"Hauts-de-France";"2013";;68456;14040;426669;41407;;;38135.9;25581.8;15821.2;79538.9;0
"61";"Orne";"28";"Normandie";"2013";;51452;5048;163162;30547;;;16560.46;5156.32;4971.32;26688.1;0
"62";"Pas-de-Calais";"32";"Hauts-de-France";"2013";;90220;2436;931630;82234;;;57130.22;34692.68;31700.86;123523.8;0
"63";"Puy-de-Dôme";"84";"Auvergne-Rhône-Alpes";"2013";;83115;4184;381626;41614;;;37161.32;25982.14;14891.76;78035.22;0
"64";"Pyrénées-Atlantiques";"75";"Nouvelle-Aquitaine";"2013";;27771;737;313845;27735;;;41931.36;17307.12;9898.98;69137.46;0
"65";"Hautes-Pyrénées";"76";"Occitanie";"2013";;15478;233;115829;11039;;;17748.16;2910.42;3517.22;24175.8;0
"66";"Pyrénées-Orientales";"76";"Occitanie";"2013";;25985;1282;244833;14752;;;37603.1;10492.46;6076.14;54171.7;0
"67";"Bas-Rhin";"44";"Grand Est";"2013";;204869;4335;585413;68239;;;76665.48;23882.76;25355.36;125903.6;0
"68";"Haut-Rhin";"44";"Grand Est";"2013";;116698;11752;419848;26089;;;55743.46;17799.96;13994.14;87537.56;0
"69";"Rhône";"84";"Auvergne-Rhône-Alpes";"2013";;276044;8146;893648;103628;;;74775.52;72860.4;28470.02;176105.9;0
"70";"Haute-Saône";"27";"Bourgogne-Franche-Comté";"2013";;42980;3056;140541;15733;;;17146.54;2030.56;2788.32;21965.42;0
"71";"Saône-et-Loire";"27";"Bourgogne-Franche-Comté";"2013";;86422;16753;422119;44148;;;43605.98;19018.74;12651.04;75275.76;0
"72";"Sarthe";"52";"Pays de la Loire";"2013";;43997;2048;369164;23039;;;42169.64;14420.38;13297.8;69887.82;0
"73";"Savoie";"84";"Auvergne-Rhône-Alpes";"2013";;62101;15050;343503;18789;;;33921.6;15173.7;8476.7;57572;0
"74";"Haute-Savoie";"84";"Auvergne-Rhône-Alpes";"2013";;94091;1235;456582;26594;;;66717.66;21569.52;15059;103346.2;0
"75";"Paris";"11";"Île-de-France";"2013";;10437;26485;196485;115698;;;11908.82;48147.36;31081.48;91137.66;0
"76";"Seine-Maritime";"28";"Normandie";"2013";;106385;43004;699135;69920;;;60359.58;41309.76;28088.92;129758.3;0
"77";"Seine-et-Marne";"11";"Île-de-France";"2013";;94862;2337;749397;31049;;;68352.32;59355.4;36200.8;163908.5;0
"78";"Yvelines";"11";"Île-de-France";"2013";;80341;594;604638;14021;;;56538.96;81710.8;45134.08;183383.8;0
"79";"Deux-Sèvres";"75";"Nouvelle-Aquitaine";"2013";;59506;19741;294081;39988;;;27150.6;7693.04;6540.86;41384.5;0
"80";"Somme";"32";"Hauts-de-France";"2013";;69024;29759;343392;46212;;;27019.62;15206.26;12919.66;55145.54;0
"81";"Tarn";"76";"Occitanie";"2013";;33142;6081;202027;22576;;;28437.46;5546.3;4166.2;38149.96;0
"82";"Tarn-et-Garonne";"76";"Occitanie";"2013";;20485;259;165008;12817;;;14172.48;6338.1;3751.06;24261.64;0
"83";"Var";"93";"Provence-Alpes-Côte d'Azur";"2013";;67243;3435;552624;23653;;;82122.24;55266.9;29882.68;167271.8;0
"84";"Vaucluse";"93";"Provence-Alpes-Côte d'Azur";"2013";;71108;2819;383855;21975;;;35781.96;30992.68;12035.36;78810;0
"85";"Vendée";"52";"Pays de la Loire";"2013";;105061;2559;538382;95565;;;61852.9;16940.82;16394.7;95188.42;0
"86";"Vienne";"75";"Nouvelle-Aquitaine";"2013";;73615;3354;291961;62475;;;33724.02;7414.8;8388.64;49527.46;0
"87";"Haute-Vienne";"75";"Nouvelle-Aquitaine";"2013";;45950;2012;203445;20317;;;30311.14;8124.46;6461.68;44897.28;0
"88";"Vosges";"44";"Grand Est";"2013";;51218;3767;225699;22371;;;24724.14;7846.96;6711.06;39282.16;0
"89";"Yonne";"27";"Bourgogne-Franche-Comté";"2013";;37649;825;244759;25236;;;24260.9;13056.56;10241.6;47559.06;0
"90";"Territoire de Belfort";"27";"Bourgogne-Franche-Comté";"2013";;15420;1312;59019;3248;;;7670.84;4001.92;1522.92;13195.68;0
"91";"Essonne";"11";"Île-de-France";"2013";;61404;502;560631;17578;;;56448.68;69955.16;34607.58;161011.4;0
"92";"Hauts-de-Seine";"11";"Île-de-France";"2013";;118803;4222;247349;15486;;;9819.06;70063.94;36082.4;115965.4;0
"93";"Seine-Saint-Denis";"11";"Île-de-France";"2013";;26052;0;347013;1380;;;22320.62;56557.46;25442.68;104320.8;0
"94";"Val-de-Marne";"11";"Île-de-France";"2013";;109654;1529;415366;27973;;;25789;59234.78;29013.18;114037;0
"95";"Val-d'Oise";"11";"Île-de-France";"2013";;65167;1849;538013;37711;;;35858.18;72545.9;34489.18;142893.3;0
"XX";"Département fictif";"93";"Provence-Alpes-Côte d'Azur";"2013";;;;;;131244;;;;;;
"XX";"Département fictif";"XX";"Région fictive";"2013";6263711.2;;100000;;;12206;;;;;;
"XX";"Département fictif";"11";"Île-de-France";"2013";;;;;;84633;;;;;;
"XX";"Département fictif";"28";"Normandie";"2013";;;;;;139656;;;;;;
"XX";"Département fictif";"44";"Grand Est";"2013";;;;;;148075;;;;;;
"XX";"Département fictif";"27";"Bourgogne-Franche-Comté";"2013";;;;;;119861;;;;;;
"XX";"Département fictif";"75";"Nouvelle-Aquitaine";"2013";;;;;;316942;;;;;;
"XX";"Département fictif";"84";"Auvergne-Rhône-Alpes";"2013";;;;;;273301;;;;;;
"XX";"Département fictif";"24";"Centre-Val de Loire";"2013";;;;;;121601;;;;;;
"XX";"Département fictif";"53";"Bretagne";"2013";;;;;;162480;;;;;;
"XX";"Département fictif";"76";"Occitanie";"2013";;;;;;208101;;;;;;
"XX";"Département fictif";"32";"Hauts-de-France";"2013";;;;;;148003;;;;;;
"XX";"Département fictif";"52";"Pays de la Loire";"2013";;;;;;177267;;;;;;
"XX";"Département fictif";"94";"Corse";"2013";;;;;;31150;;;;;;
"01";"Ain";"84";"Auvergne-Rhône-Alpes";"2014";;69413;9110;399076;31416;;;46760.14194;16823.97548;11401.15854;74984.94;0
"02";"Aisne";"32";"Hauts-de-France";"2014";;57425;1950;309954;34245;;;24061.4441;13804.38106;10910.1419;48775.62;0
"03";"Allier";"84";"Auvergne-Rhône-Alpes";"2014";;47471;867;224177;38400;;;25657.2874;7802.32986;7180.8527;40640.8;0
"04";"Alpes-de-Haute-Provence";"93";"Provence-Alpes-Côte d'Azur";"2014";;22777;716;107180;9233;;;12397.08458;6104.57154;4383.93242;22885.24;0
"05";"Hautes-Alpes";"93";"Provence-Alpes-Côte d'Azur";"2014";;29245;814;87785;8951;;;9017.71104;6304.02004;3862.40854;19184.5;0
"06";"Alpes-Maritimes";"93";"Provence-Alpes-Côte d'Azur";"2014";;72974;1556;458383;12280;;;53831.63818;82488.83452;47958.85462;184279.2;0
"07";"Ardèche";"84";"Auvergne-Rhône-Alpes";"2014";;26407;3136;133570;5842;;;23120.01536;4786.24304;4345.46722;32251.42;0
"08";"Ardennes";"44";"Grand Est";"2014";;32525;1436;134034;14859;;;12599.76466;5410.37384;4424.46518;22434.58;0
"09";"Ariège";"76";"Occitanie";"2014";;9136;1726;70872;7035;;;11435.96592;1632.44296;1650.50858;14718.6;0
"10";"Aube";"44";"Grand Est";"2014";;24894;342;204449;32988;;;13102.50882;12039.39078;7329.18718;32471.2;0
"11";"Aude";"76";"Occitanie";"2014";;20092;773;273799;27109;;;26606.31446;10031.04558;6588.51008;43225.62;0
"12";"Aveyron";"76";"Occitanie";"2014";;35482;371;157489;25472;;;17550.86638;4706.40296;3861.3274;26118.3;0
"13";"Bouches-du-Rhône";"93";"Provence-Alpes-Côte d'Azur";"2014";;131728;99097;1015509;73398;;;95626.01308;97194.84416;39779.16694;232599.8;0
"14";"Calvados";"28";"Normandie";"2014";;79097;3824;433243;70865;;;41917.62486;26791.0895;18427.9203;87136.48;0
"15";"Cantal";"84";"Auvergne-Rhône-Alpes";"2014";;25879;6430;80618;14531;;;9790.9807;2298.8692;1711.55192;13801.74;0
"16";"Charente";"75";"Nouvelle-Aquitaine";"2014";;31663;16562;296295;37842;;;27400.31818;6060.99294;7776.59192;41237.98;0
"17";"Charente-Maritime";"75";"Nouvelle-Aquitaine";"2014";;56078;3659;490009;39083;;;38916.77464;35220.22748;25713.06342;99850.42;0
"18";"Cher";"24";"Centre-Val de Loire";"2014";;36107;0;178777;24106;;;18978.83994;9103.21138;6784.01734;34865.84;0
"19";"Corrèze";"75";"Nouvelle-Aquitaine";"2014";;29812;1867;160992;15900;;;16765.12032;7853.23298;5679.5518;30297.82;0
"21";"Côte-d'Or";"27";"Bourgogne-Franche-Comté";"2014";;61340;3332;355088;47901;;;32655.81964;21456.36512;13354.96204;67467.28;0
"22";"Côtes-d'Armor";"53";"Bretagne";"2014";;53911;13546;367337;43418;;;40177.46306;13297.1007;11153.90974;64628.64;0
"23";"Creuse";"75";"Nouvelle-Aquitaine";"2014";;26919;491;71276;16611;;;9441.00066;1116.58822;1881.06816;12438.66;0
"24";"Dordogne";"75";"Nouvelle-Aquitaine";"2014";;53369;215;217572;30887;;;28216.48268;7304.50892;6337.75368;41858.84;0
"25";"Doubs";"27";"Bourgogne-Franche-Comté";"2014";;102946;3517;312243;32873;;;39866.17318;9935.97408;8265.82812;58067.8;0
"26";"Drôme";"84";"Auvergne-Rhône-Alpes";"2014";;62378;3190;456108;33133;;;34768.57144;25421.43608;12439.76852;72629.52;0
"27";"Eure";"28";"Normandie";"2014";;51174;6584;345422;33499;;;27801.19986;21453.63674;16390.60188;65645.4;0
"28";"Eure-et-Loir";"24";"Centre-Val de Loire";"2014";;39751;190;296195;27021;;;23701.32754;19252.95;12983.80764;55938.08;0
"29";"Finistère";"53";"Bretagne";"2014";;114113;5678;482479;42340;;;66246.73214;17349.71662;14221.7492;97818.38;0
"2A";"Corse-du-Sud";"94";"Corse";"2014";;8488;0;61348;4291;;;23548.946;0;0;23549.02;0
"2B";"Haute-Corse";"94";"Corse";"2014";;29932;0;110902;7428;;;33205.428;0;0;33205.28;0
"30";"Gard";"76";"Occitanie";"2014";;49271;925;373306;31329;;;49000.74502;22079.82474;11229.71608;82310.2;0
"31";"Haute-Garonne";"76";"Occitanie";"2014";;36413;29;661810;36240;;;64857.18752;54658.05168;22143.79626;141658.9;0
"32";"Gers";"76";"Occitanie";"2014";;16890;229;98657;27920;;;11291.74214;3342.50378;2469.71448;17103.62;0
"33";"Gironde";"75";"Nouvelle-Aquitaine";"2014";;67818;5828;841606;85221;;;88769.81614;57365.00868;34013.42216;180148.6;0
"34";"Hérault";"76";"Occitanie";"2014";;100866;2425;664094;80895;;;72515.07604;44670.67794;23058.51026;140244.1;0
"35";"Ille-et-Vilaine";"53";"Bretagne";"2014";;84964;4906;637380;73635;;;51457.78774;36012.48036;21497.17982;108967.2;0
"36";"Indre";"24";"Centre-Val de Loire";"2014";;25735;25;141105;22385;;;14397.73008;5614.78996;5195.79308;25208.1;0
"37";"Indre-et-Loire";"24";"Centre-Val de Loire";"2014";;49249;1240;334022;48243;;;41437.58612;16299.57078;14288.83094;72025.68;0
"38";"Isère";"84";"Auvergne-Rhône-Alpes";"2014";;85717;8755;630436;39932;;;73227.94098;40393.54972;22573.03548;136194.8;0
"39";"Jura";"27";"Bourgogne-Franche-Comté";"2014";;41889;1168;184680;14944;;;19098.56676;6362.44008;5233.29258;30694.46;0
"40";"Landes";"75";"Nouvelle-Aquitaine";"2014";;21531;2282;270330;42681;;;30322.95558;12859.0429;7531.31966;50713.68;0
"41";"Loir-et-Cher";"24";"Centre-Val de Loire";"2014";;35094;1104;197400;22904;;;21745.84424;11469.04762;8015.37438;41230.58;0
"42";"Loire";"84";"Auvergne-Rhône-Alpes";"2014";;316914;9556;457204;109535;;;50542.28934;18321.05542;13304.18694;82167.38;0
"43";"Haute-Loire";"84";"Auvergne-Rhône-Alpes";"2014";;41905;1144;127533;19119;;;13317.8947;5813.49254;2835.8946;21967.64;0
"44";"Loire-Atlantique";"52";"Pays de la Loire";"2014";;342623;12260;787345;367282;;;73366.68062;54316.15318;29798.22454;157480.9;0
"45";"Loiret";"24";"Centre-Val de Loire";"2014";;198300;3614;437406;142173;;;32259.69764;31009.04436;19134.4871;82403.44;0
"46";"Lot";"76";"Occitanie";"2014";;18400;8670;101515;9078;;;13064.22714;5054.99846;3845.62534;21964.68;0
"47";"Lot-et-Garonne";"75";"Nouvelle-Aquitaine";"2014";;238130;868;235485;182990;;;21796.87094;5941.96764;5808.65664;33547.16;0
"48";"Lozère";"76";"Occitanie";"2014";;21747;1959;51710;7049;;;3778.5584;3009.80274;1328.99116;8117.06;0
"49";"Maine-et-Loire";"52";"Pays de la Loire";"2014";;45802;10712;425019;35113;;;42614.04996;18884.06148;14742.07798;76239.98;0
"50";"Manche";"28";"Normandie";"2014";;77532;17912;300169;57892;;;36439.37748;9971.9218;8429.97344;54841.4;0
"51";"Marne";"44";"Grand Est";"2014";;79400;40925;423309;100586;;;25083.18504;20940.09894;12033.48484;58056.7;0
"52";"Haute-Marne";"44";"Grand Est";"2014";;23603;1415;167271;17221;;;8767.1611;9609.38766;5127.40302;23503.88;0
"53";"Mayenne";"52";"Pays de la Loire";"2014";;26650;10731;205327;33973;;;17312.37178;4918.15026;5076.93798;27307.48;0
"54";"Meurthe-et-Moselle";"44";"Grand Est";"2014";;257441;1210;369737;213882;;;31187.5109;22022.69674;11636.7997;64846.94;0
"55";"Meuse";"44";"Grand Est";"2014";;22670;2843;104784;12969;;;9908.93818;2857.95548;2908.79496;15675.42;0
"56";"Morbihan";"53";"Bretagne";"2014";;55946;6308;438470;42089;;;54906.85004;16034.59454;12787.77572;83729.52;0
"57";"Moselle";"44";"Grand Est";"2014";;111289;9085;467096;52841;;;41679.94204;30536.32866;15274.7322;87490.94;0
"58";"Nièvre";"27";"Bourgogne-Franche-Comté";"2014";;28433;1461;115064;23467;;;16106.4737;5594.02852;5381.45538;27081.78;0
"59";"Nord";"32";"Hauts-de-France";"2014";;292391;10175;1132593;250221;;;78438.2203;76937.76448;50527.52486;205903.5;0
"60";"Oise";"32";"Hauts-de-France";"2014";;52258;9467;427770;39732;;;35633.98664;26809.6043;16951.92666;79395.34;0
"61";"Orne";"28";"Normandie";"2014";;43279;5086;161726;32345;;;15225.98692;5663.25774;5314.19382;26203.4;0
"62";"Pas-de-Calais";"32";"Hauts-de-France";"2014";;77958;8263;936329;77413;;;54469.1578;37009.31142;33366.8146;124845.4;0
"63";"Puy-de-Dôme";"84";"Auvergne-Rhône-Alpes";"2014";;71463;3244;389632;48172;;;32036.03412;30406.75762;16243.31524;78686.42;0
"64";"Pyrénées-Atlantiques";"75";"Nouvelle-Aquitaine";"2014";;22807;770;317542;28556;;;40462.65166;19515.55824;10915.87246;70894.22;0
"65";"Hautes-Pyrénées";"76";"Occitanie";"2014";;16603;469;114080;14443;;;16095.92426;4329.20794;3471.91276;23896.82;0
"66";"Pyrénées-Orientales";"76";"Occitanie";"2014";;20937;1288;249537;15350;;;35940.67594;12460.12;6571.3369;54972.38;0
"67";"Bas-Rhin";"44";"Grand Est";"2014";;159396;6698;570220;47529;;;67910.8027;28610.25444;26560.61206;123082;0
"68";"Haut-Rhin";"44";"Grand Est";"2014";;97220;6791;422036;29003;;;51569.15922;20931.0739;15402.7633;87903.12;0
"69";"Rhône";"84";"Auvergne-Rhône-Alpes";"2014";;198474;7647;898112;100490;;;71542.0715;74188.83394;29736.06676;175467.3;0
"70";"Haute-Saône";"27";"Bourgogne-Franche-Comté";"2014";;32349;2515;144586;16680;;;16733.52084;2561.98434;3028.4537;22324.32;0
"71";"Saône-et-Loire";"27";"Bourgogne-Franche-Comté";"2014";;71327;7971;421007;44017;;;39230.15058;21932.90514;13572.9949;74736.3;0
"72";"Sarthe";"52";"Pays de la Loire";"2014";;37178;1880;377155;26767;;;39381.04398;16175.97006;14262.1495;69819;0
"73";"Savoie";"84";"Auvergne-Rhône-Alpes";"2014";;53635;14345;357159;20441;;;31767.18768;17443.92898;9186.42216;58397.84;0
"74";"Haute-Savoie";"84";"Auvergne-Rhône-Alpes";"2014";;91999;1323;469723;27160;;;60731.31382;26557.71496;16171.93558;103460.9;0
"75";"Paris";"11";"Île-de-France";"2014";;9477;18804;172845;94839;;;9389.0941;45247.522;30861.17756;85498.12;0
"76";"Seine-Maritime";"28";"Normandie";"2014";;85863;18311;727609;75942;;;57507.76208;45758.04282;30140.6181;133406.5;0
"77";"Seine-et-Marne";"11";"Île-de-France";"2014";;68082;2272;738220;36126;;;64956.20396;61190.9811;39437.1345;165584.6;0
"78";"Yvelines";"11";"Île-de-France";"2014";;60585;359;587246;13932;;;52291.37554;82534.70416;47370.77144;182196.9;0
"79";"Deux-Sèvres";"75";"Nouvelle-Aquitaine";"2014";;47811;22175;292670;39777;;;25079.7581;9053.15186;6981.31614;41114.4;0
"80";"Somme";"32";"Hauts-de-France";"2014";;53861;25388;350786;45599;;;22679.64876;19010.304;14211.42176;55901.08;0
"81";"Tarn";"76";"Occitanie";"2014";;32188;4386;208106;31315;;;27090.38028;6099.08888;4475.12484;37664.52;0
"82";"Tarn-et-Garonne";"76";"Occitanie";"2014";;17954;308;162700;13012;;;12874.07156;7290.07226;4111.03596;24274.96;0
"83";"Var";"93";"Provence-Alpes-Côte d'Azur";"2014";;55688;1543;551074;22199;;;75365.02028;56603.79806;32652.12852;164621.1;0
"84";"Vaucluse";"93";"Provence-Alpes-Côte d'Azur";"2014";;59035;2985;399741;23683;;;34987.23848;32246.52934;13485.56316;80719.2;0
"85";"Vendée";"52";"Pays de la Loire";"2014";;97374;1315;532133;107501;;;54596.97282;22013.6347;18846.89424;95457.78;0
"86";"Vienne";"75";"Nouvelle-Aquitaine";"2014";;62134;3523;288860;63543;;;30461.19646;8512.5012;8468.52818;47442.14;0
"87";"Haute-Vienne";"75";"Nouvelle-Aquitaine";"2014";;37435;1776;195505;24555;;;25560.9209;7841.86658;5954.37078;39356.9;0
"88";"Vosges";"44";"Grand Est";"2014";;51266;1606;224821;26293;;;23599.80768;8604.14576;7261.26998;39464.94;0
"89";"Yonne";"27";"Bourgogne-Franche-Comté";"2014";;31831;924;244575;25128;;;23029.57552;13407.35552;11075.38908;47512.44;0
"90";"Territoire de Belfort";"27";"Bourgogne-Franche-Comté";"2014";;12833;480;60634;5166;;;7589.74858;4244.95672;1610.26664;13445.06;0
"91";"Essonne";"11";"Île-de-France";"2014";;51189;542;560187;18041;;;51350.19174;72620.5475;37144.02768;161115;0
"92";"Hauts-de-Seine";"11";"Île-de-France";"2014";;112770;4261;269147;29710;;;8726.31754;68432.33472;36869.30194;114028.1;0
"93";"Seine-Saint-Denis";"11";"Île-de-France";"2014";;23253;0;374008;1257;;;19889.23678;55938.88734;25435.82908;101263.8;0
"94";"Val-de-Marne";"11";"Île-de-France";"2014";;78785;28;456896;27219;;;23240.25944;60680.77478;30433.79574;114355.2;0
"95";"Val-d'Oise";"11";"Île-de-France";"2014";;52763;1042;564776;30414;;;31530.61634;77647.5007;37852.56732;147030.6;0
"XX";"Département fictif";"53";"Bretagne";"2014";;;;;;147452;;;;;;
"XX";"Département fictif";"11";"Île-de-France";"2014";;;;;;74288;;;;;;
"XX";"Département fictif";"27";"Bourgogne-Franche-Comté";"2014";;;;;;102592;;;;;;
"XX";"Département fictif";"76";"Occitanie";"2014";;;;;;178432;;;;;;
"XX";"Département fictif";"75";"Nouvelle-Aquitaine";"2014";;;;;;284813;;;;;;
"XX";"Département fictif";"28";"Normandie";"2014";;;;;;120395;;;;;;
"XX";"Département fictif";"52";"Pays de la Loire";"2014";;;;;;154510;;;;;;
"XX";"Département fictif";"94";"Corse";"2014";;;;;;28596;;;;;;
"XX";"Département fictif";"44";"Grand Est";"2014";;;;;;126473;;;;;;
"XX";"Département fictif";"93";"Provence-Alpes-Côte d'Azur";"2014";;;;;;115126;;;;;;
"XX";"Département fictif";"XX";"Région fictive";"2014";6242615.2;;50000;;;11257;;;;;;
"XX";"Département fictif";"84";"Auvergne-Rhône-Alpes";"2014";;;;;;233152;;;;;;
"XX";"Département fictif";"32";"Hauts-de-France";"2014";;;;;;123413;;;;;;
"XX";"Département fictif";"24";"Centre-Val de Loire";"2014";;;;;;102513;;;;;;
"01";"Ain";"84";"Auvergne-Rhône-Alpes";"2015";;72690.85291;15576.042;414546.5734;31444.44472;;;50861.13314;19620.26158;13179.30306;83660.69778;0
"02";"Aisne";"32";"Hauts-de-France";"2015";;58530.24405;1971.42;318791.75;34284.62572;;;21703.7745;15353.8493;11569.84598;48627.46978;0
"03";"Allier";"84";"Auvergne-Rhône-Alpes";"2015";;46837.17883;521;235506.381;38091.37402;;;22377.36024;10324.60432;8138.47412;40840.43868;0
"04";"Alpes-de-Haute-Provence";"93";"Provence-Alpes-Côte d'Azur";"2015";;22929.11556;595;105541.2069;9180.83669;;;10826.79126;7397.72894;5102.67222;23327.19242;0
"05";"Hautes-Alpes";"93";"Provence-Alpes-Côte d'Azur";"2015";;24761.8462;704;92630.87697;5340.139795;;;9230.73558;6530.92624;3966.75224;19728.41406;0
"06";"Alpes-Maritimes";"93";"Provence-Alpes-Côte d'Azur";"2015";;84776.7882;1231;465980.7692;16622.18635;;;51966.37938;81718.25328;53271.51886;186956.1515;0
"07";"Ardèche";"84";"Auvergne-Rhône-Alpes";"2015";;29118.20399;2566.651;137352.0157;6592.955425;;;23019.94072;5298.4925;4682.67634;33001.10956;0
"08";"Ardennes";"44";"Grand Est";"2015";;34564.56276;782;131897.2129;14866.24815;;;11612.13698;5831.34726;4560.63924;22004.12348;0
"09";"Ariège";"76";"Occitanie";"2015";;9679.475;1300.377;70365.12185;7388.42903;;;10866.59068;2017.78242;1664.6522;14549.0253;0
"10";"Aube";"44";"Grand Est";"2015";;26736.85372;506;206132.1447;30367.12052;;;12646.97814;12437.49006;7629.5924;32714.0606;0
"11";"Aude";"76";"Occitanie";"2015";;20766.72;811.399;276926.6169;28983.48627;;;25247.46134;11413.27456;6953.99534;43614.73124;0
"12";"Aveyron";"76";"Occitanie";"2015";;34933.99761;0;156703.9699;24418.45026;;;16961.67542;4794.98318;4031.80564;25788.46424;0
"13";"Bouches-du-Rhône";"93";"Provence-Alpes-Côte d'Azur";"2015";;136381.9843;95511;1048783.251;74406.18117;;;92879.61778;99435.51236;44852.17108;237167.3012;0
"14";"Calvados";"28";"Normandie";"2015";;79494.88164;3705.24;430509.0078;68784.68395;;;41521.12398;27448.04744;19464.67954;88433.85096;0
"15";"Cantal";"84";"Auvergne-Rhône-Alpes";"2015";;23127.30947;5818.424;76432.47149;16201.89912;;;9549.74514;2267.0529;1772.90014;13589.69818;0
"16";"Charente";"75";"Nouvelle-Aquitaine";"2015";;33466.98635;19414;298519.5265;34601.81884;;;25578.05042;7038.3953;8295.5369;40911.98262;0
"17";"Charente-Maritime";"75";"Nouvelle-Aquitaine";"2015";;59059.98638;3166.778;485295.0319;41693.61663;;;35606.34986;37215.21642;27118.56096;99940.12724;0
"18";"Cher";"24";"Centre-Val de Loire";"2015";;37986.13338;0;190319.8742;24805.08532;;;18314.41392;9321.85844;7072.31912;34708.59148;0
"19";"Corrèze";"75";"Nouvelle-Aquitaine";"2015";;30691.80608;1425.74;165170.1735;16697.08001;;;16007.62376;8387.55368;6086.01086;30481.1883;0
"21";"Côte-d'Or";"27";"Bourgogne-Franche-Comté";"2015";;65384.11425;2118.691;359995.0204;46064.08344;;;29379.23432;24916.34538;14419.714;68715.2937;0
"22";"Côtes-d'Armor";"53";"Bretagne";"2015";;56043.77493;10262.48;373411.7462;41082.43754;;;39036.8056;14346.65454;11825.17114;65208.63128;0
"23";"Creuse";"75";"Nouvelle-Aquitaine";"2015";;29491.09657;885;90812.16347;18087.32161;;;12584.9358;2498.59742;3756.47458;18840.0078;0
"24";"Dordogne";"75";"Nouvelle-Aquitaine";"2015";;56186.6281;194;218225.2502;29737.93466;;;27055.05268;7942.62128;6678.57844;41676.2524;0
"25";"Doubs";"27";"Bourgogne-Franche-Comté";"2015";;105834.1122;1556.64;319624.0806;31739.934;;;40838.8832;11717.54702;9570.08996;62126.52018;0
"26";"Drôme";"84";"Auvergne-Rhône-Alpes";"2015";;63577.30737;3439.016;453971.9525;33642.72532;;;33936.09808;26688.91622;13565.78064;74190.79494;0
"27";"Eure";"28";"Normandie";"2015";;47902.99508;6097;350463.0262;31431.31549;;;26092.5961;22575.09934;17428.8019;66096.49734;0
"28";"Eure-et-Loir";"24";"Centre-Val de Loire";"2015";;41420.20916;485;306670.4892;28152.8742;;;21886.64108;20503.56628;14068.96658;56459.17394;0
"29";"Finistère";"53";"Bretagne";"2015";;123187.3102;6120;476664.1413;48046.41687;;;64892.48182;19493.76302;14709.37368;99095.61852;0
"2A";"Corse-du-Sud";"94";"Corse";"2015";;6911.255;0;60908.073;4806.093;;;22068.798;0;0;22068.798;0
"2B";"Haute-Corse";"94";"Corse";"2015";;19801.73;0;100741.08;7166.7215;;;32953.606;0;0;32953.606;0
"30";"Gard";"76";"Occitanie";"2015";;51837.55928;1486;382092.7953;33437.48482;;;48394.47264;23267.47072;11804.27502;83466.21838;0
"31";"Haute-Garonne";"76";"Occitanie";"2015";;35760.41183;609.4;660439.0633;37345.623;;;63005.2169;56749.527;24724.64468;144479.3886;0
"32";"Gers";"76";"Occitanie";"2015";;16997.24091;204;98285.38258;30283.07526;;;11015.19378;3376.5682;2544.39602;16936.158;0
"33";"Gironde";"75";"Nouvelle-Aquitaine";"2015";;63125.02957;5375.859;859248.2054;80376.1122;;;86798.37844;64500.06056;38620.09014;189918.5291;0
"34";"Hérault";"76";"Occitanie";"2015";;105605.3943;2676.68;686905.2183;90305.75267;;;70626.42288;46751.83396;25491.92478;142870.1816;0
"35";"Ille-et-Vilaine";"53";"Bretagne";"2015";;50171.87078;5351.56;641437.3516;61117.14406;;;44409.31364;43107.51452;22767.9759;110284.8041;0
"36";"Indre";"24";"Centre-Val de Loire";"2015";;26551.34326;0;143038.0693;23318.90556;;;13770.21304;5947.00038;5533.11024;25250.32366;0
"37";"Indre-et-Loire";"24";"Centre-Val de Loire";"2015";;48730.51625;877;333660.7136;40664.71209;;;39709.75346;18309.82148;15150.70154;73170.27648;0
"38";"Isère";"84";"Auvergne-Rhône-Alpes";"2015";;91369.51285;7155.096;638527.7984;39469.29603;;;70985.9356;42631.6257;24842.1811;138459.7424;0
"39";"Jura";"27";"Bourgogne-Franche-Comté";"2015";;43760.61073;954;187928.6604;14335.89206;;;18829.05358;7539.26726;5704.54752;32072.86836;0
"40";"Landes";"75";"Nouvelle-Aquitaine";"2015";;19211.52877;2942.415;271243.9802;33716.64954;;;29524.16036;13976.33412;7945.27048;51445.76496;0
"41";"Loir-et-Cher";"24";"Centre-Val de Loire";"2015";;34971.32379;1148.16;200058.7931;23345.29072;;;20648.69212;11711.36506;8231.91096;40591.96814;0
"42";"Loire";"84";"Auvergne-Rhône-Alpes";"2015";;69851.8743;17967.184;396069.7701;50805.49234;;;40961.3273;19836.22244;12291.4962;73089.04594;0
"43";"Haute-Loire";"84";"Auvergne-Rhône-Alpes";"2015";;43908.41475;972;131767.2911;18350.61631;;;13042.574;5553.2116;3319.42244;21915.20804;0
"44";"Loire-Atlantique";"52";"Pays de la Loire";"2015";;396284.1834;12056.46;787105.9882;361504.5176;;;62059.4562;63321.75042;33205.76988;158586.9765;0
"45";"Loiret";"24";"Centre-Val de Loire";"2015";;194609.6508;787.76;426705.8491;129914.4603;;;30097.92602;32340.90672;20337.383;82776.21574;0
"46";"Lot";"76";"Occitanie";"2015";;19042.07331;8339.629;101668.1563;8256.70545;;;12777.43718;5074.97994;3998.32508;21850.7422;0
"47";"Lot-et-Garonne";"75";"Nouvelle-Aquitaine";"2015";;241336.9847;720.536;236538.314;173976.2204;;;21067.87622;6337.3637;6083.59846;33488.83838;0
"48";"Lozère";"76";"Occitanie";"2015";;24132.07531;1871;55379.46035;8094.667855;;;4021.61806;3160.07232;1539.9659;8721.65628;0
"49";"Maine-et-Loire";"52";"Pays de la Loire";"2015";;45583.52331;5551.84;428877.6173;35220.14553;;;35001.73656;24898.98868;17301.08012;77201.80536;0
"50";"Manche";"28";"Normandie";"2015";;72590.02413;18564.22;306261.3902;56884.97787;;;35442.42654;10529.60578;8761.9478;54733.98012;0
"51";"Marne";"44";"Grand Est";"2015";;81438.29038;24433;429495.3011;96001.72688;;;23692.23886;22153.861;12559.92232;58406.02218;0
"52";"Haute-Marne";"44";"Grand Est";"2015";;24979.89254;1442;172520.5056;17982.84474;;;8268.3937;9905.12126;5129.08948;23302.60444;0
"53";"Mayenne";"52";"Pays de la Loire";"2015";;33974.06662;8552.4;202368.0867;47808.9746;;;13401.84696;8450.59946;6072.95208;27925.3985;0
"54";"Meurthe-et-Moselle";"44";"Grand Est";"2015";;245628.1676;968;375419.2515;214212.3504;;;28991.78586;24898.04814;12455.36254;66345.19654;0
"55";"Meuse";"44";"Grand Est";"2015";;23670.56504;1611;104548.1832;14053.8491;;;9623.76956;2791.576;2937.50104;15352.8466;0
"56";"Morbihan";"53";"Bretagne";"2015";;53785.09585;3148.22;443251.739;43722.95136;;;52130.58094;18906.9482;14038.79678;85076.32592;0
"57";"Moselle";"44";"Grand Est";"2015";;125070.8422;9250;467149.0557;47576.96985;;;38974.17866;33184.40904;16206.67192;88365.25962;0
"58";"Nièvre";"27";"Bourgogne-Franche-Comté";"2015";;29857.6187;1317.405;118433.1986;24073.27211;;;15696.73274;5682.09666;5511.58586;26890.41526;0
"59";"Nord";"32";"Hauts-de-France";"2015";;304362.6034;4040;1109449.058;240792.7025;;;70659.7917;80943.06702;50934.37316;202537.2319;0
"60";"Oise";"32";"Hauts-de-France";"2015";;50833.47705;7366;442057.3275;37108.75187;;;33398.7641;28638.14652;18331.12164;80368.03226;0
"61";"Orne";"28";"Normandie";"2015";;42811.96472;4382;165703.002;31207.81939;;;14564.4062;5779.7108;5412.66266;25756.77966;0
"62";"Pas-de-Calais";"32";"Hauts-de-France";"2015";;77621.94928;7177;933761.1088;78119.18986;;;51446.56268;40393.4365;33830.01464;125670.0138;0
"63";"Puy-de-Dôme";"84";"Auvergne-Rhône-Alpes";"2015";;73428.76268;2904;398839.2171;49160.73355;;;30571.96336;31554.377;17711.6743;79838.01466;0
"64";"Pyrénées-Atlantiques";"75";"Nouvelle-Aquitaine";"2015";;24724.7;793.675;324300.1549;33304.32403;;;40583.57506;20419.89226;12121.91114;73125.37846;0
"65";"Hautes-Pyrénées";"76";"Occitanie";"2015";;18016.96917;372.473;115945.595;15922.63838;;;15459.60196;4909.27396;3620.49662;23989.37254;0
"66";"Pyrénées-Orientales";"76";"Occitanie";"2015";;19990.165;2006.44;262221.0812;16397.84022;;;35824.45968;12323.0128;7149.87112;55297.3436;0
"67";"Bas-Rhin";"44";"Grand Est";"2015";;179027.2288;4860;576297.3717;58876.32595;;;62456.65934;31754.13926;29809.95132;124020.7499;0
"68";"Haut-Rhin";"44";"Grand Est";"2015";;93910.77852;6884.53;431328.3406;29202.51011;;;49827.90148;25864.27206;17711.19996;93403.3735;0
"69";"Rhône";"84";"Auvergne-Rhône-Alpes";"2015";;461630.4113;6462;991703.5874;171289.577;;;78700.83446;76027.97666;34498.79852;189227.6096;0
"70";"Haute-Saône";"27";"Bourgogne-Franche-Comté";"2015";;34871.37212;3177;150543.7474;16570.04144;;;15826.83584;3256.62308;3179.4174;22262.87632;0
"71";"Saône-et-Loire";"27";"Bourgogne-Franche-Comté";"2015";;76218.59525;15464;425842.1619;46417.09556;;;38076.62452;22320.22484;14199.06376;74595.91312;0
"72";"Sarthe";"52";"Pays de la Loire";"2015";;50452.10658;1885;368312.8905;24834.07485;;;36320.70146;18757.55108;14866.24184;69944.49438;0
"73";"Savoie";"84";"Auvergne-Rhône-Alpes";"2015";;54418.36504;9944.606;349691.2757;19487.84039;;;31409.88312;18222.31352;10074.89872;59707.09536;0
"74";"Haute-Savoie";"84";"Auvergne-Rhône-Alpes";"2015";;83721.87161;1387.742;475173.769;20312.97403;;;63402.58802;34505.95136;19416.95842;117325.4978;0
"75";"Paris";"11";"Île-de-France";"2015";;7039.69331;13367;165372.2209;45911.3035;;;8123.54684;42915.19;31200.3906;82239.12744;0
"76";"Seine-Maritime";"28";"Normandie";"2015";;93798.08932;17805.9;733861.1202;72042.51577;;;53425.7615;48846.8672;31449.21264;133721.8413;0
"77";"Seine-et-Marne";"11";"Île-de-France";"2015";;81750.01257;1280;739372.2588;33632.75458;;;61015.62922;63663.01104;42481.81862;167160.4589;0
"78";"Yvelines";"11";"Île-de-France";"2015";;64186.0572;126;553543.4229;14389.11245;;;50669.59598;81724.19104;50198.43354;182592.2206;0
"79";"Deux-Sèvres";"75";"Nouvelle-Aquitaine";"2015";;49916.67317;18903;291114.7482;41441.83407;;;23964.13706;10094.98972;7669.4118;41728.53858;0
"80";"Somme";"32";"Hauts-de-France";"2015";;56491.59536;30787;356873.0757;44735.8406;;;19499.3996;21558.90692;14957.21152;56015.51804;0
"81";"Tarn";"76";"Occitanie";"2015";;32774.85192;3520.897;219039.1589;28151.24428;;;26421.66818;6700.5631;4771.41862;37893.6499;0
"82";"Tarn-et-Garonne";"76";"Occitanie";"2015";;20183.67423;625.178;163868.4294;15705.75548;;;12710.2844;7317.71866;4469.10938;24497.11244;0
"83";"Var";"93";"Provence-Alpes-Côte d'Azur";"2015";;59490.5519;1371.473;573585.553;23879.25903;;;75444.81744;57579.95056;36964.4874;169989.2554;0
"84";"Vaucluse";"93";"Provence-Alpes-Côte d'Azur";"2015";;59864.94267;3682.104;398702.5911;22658.98001;;;33066.51668;32861.39904;14783.6349;80711.55062;0
"85";"Vendée";"52";"Pays de la Loire";"2015";;86484.12;1253;523923.7159;83208.00885;;;51010.38374;24009.48056;18813.5491;93833.4134;0
"86";"Vienne";"75";"Nouvelle-Aquitaine";"2015";;61629.05424;3250;284308.3033;50742.13504;;;28005.11722;9703.55044;9063.9788;46772.64646;0
"87";"Haute-Vienne";"75";"Nouvelle-Aquitaine";"2015";;40586.25584;1356;193246.2853;26615.62166;;;24891.62716;8972.60508;6706.31512;40570.54736;0
"88";"Vosges";"44";"Grand Est";"2015";;54396.36716;1056.542;224417.2035;26663.64335;;;21334.40868;9856.03484;7809.13638;38999.5799;0
"89";"Yonne";"27";"Bourgogne-Franche-Comté";"2015";;28386.90888;617.175;248784.0433;17498.15312;;;22083.06816;13793.47642;11558.58984;47435.13442;0
"90";"Territoire de Belfort";"27";"Bourgogne-Franche-Comté";"2015";;13201.435;334.548;60110.22299;3179.60485;;;8245.78152;4643.76418;1856.80652;14746.35222;0
"91";"Essonne";"11";"Île-de-France";"2015";;40934.03165;641;557556.0204;8979.7403;;;49618.45854;73227.6879;40412.1326;163258.279;0
"92";"Hauts-de-Seine";"11";"Île-de-France";"2015";;137862.595;4050;280886.8173;34100.46814;;;8149.6015;68360.94692;38061.74016;114572.2886;0
"93";"Seine-Saint-Denis";"11";"Île-de-France";"2015";;24526.125;370;374850.3276;36143.50022;;;18308.47098;56588.62806;26600.47364;101497.5727;0
"94";"Val-de-Marne";"11";"Île-de-France";"2015";;76945.70085;56;460237.4126;24321.01244;;;23264.96212;61138.49882;31611.26968;116014.7306;0
"95";"Val-d'Oise";"11";"Île-de-France";"2015";;65123.15037;0;573043.608;38398.71915;;;29576.40954;78797.6013;40894.80056;149268.8114;0
"XX";"Département fictif";"11";"Île-de-France";"2015";;;;;;74547;;;;;;
"XX";"Département fictif";"28";"Normandie";"2015";;;;;;115939;;;;;;
"XX";"Département fictif";"24";"Centre-Val de Loire";"2015";;;;;;102422;;;;;;
"XX";"Département fictif";"44";"Grand Est";"2015";;;;;;124023;;;;;;
"XX";"Département fictif";"76";"Occitanie";"2015";;;;;;177925;;;;;;
"XX";"Département fictif";"94";"Corse";"2015";;;;;;26792;;;;;;
"XX";"Département fictif";"53";"Bretagne";"2015";;;;;;147325;;;;;;
"XX";"Département fictif";"27";"Bourgogne-Franche-Comté";"2015";;;;;;104203;;;;;;
"XX";"Département fictif";"52";"Pays de la Loire";"2015";;;;;;152578;;;;;;
"XX";"Département fictif";"XX";"Région fictive";"2015";6541881;;50000;;;11300;;;;;;
"XX";"Département fictif";"32";"Hauts-de-France";"2015";;;;;;124104;;;;;;
"XX";"Département fictif";"84";"Auvergne-Rhône-Alpes";"2015";;;;;;237738;;;;;;
"XX";"Département fictif";"93";"Provence-Alpes-Côte d'Azur";"2015";;;;;;117429;;;;;;
"XX";"Département fictif";"75";"Nouvelle-Aquitaine";"2015";;;;;;286020;;;;;;
"01";"Ain";"84";"Auvergne-Rhône-Alpes";"2016";;56928;14894;399199;31266;22732;392;49842;22304;14865;87403;0
"02";"Aisne";"32";"Hauts-de-France";"2016";;77051;1993;309502;45292;17409;1402;20800;16752;12363;51317;0
"03";"Allier";"84";"Auvergne-Rhône-Alpes";"2016";;48168;46;232894;36091;14346;0;21462;11305;8868;41635;0
"04";"Alpes-de-Haute-Provence";"93";"Provence-Alpes-Côte d'Azur";"2016";;23429;628;101835;9110;10434;90;9463;8592;5661;23806;0
"05";"Hautes-Alpes";"93";"Provence-Alpes-Côte d'Azur";"2016";;28859;771;91400;8362;8278;177;8216;7625;4487;20505;0
"06";"Alpes-Maritimes";"93";"Provence-Alpes-Côte d'Azur";"2016";;41913;1488;447013;9479;18287;1009;50488;82188;57060;190744;0
"07";"Ardèche";"84";"Auvergne-Rhône-Alpes";"2016";;38723;1818;138799;9899;13512;149;21884;6764;5373;34171;0
"08";"Ardennes";"44";"Grand Est";"2016";;36184;1379;138985;28348;8152;422;11207;6467;4833;22929;0
"09";"Ariège";"76";"Occitanie";"2016";;12132;1397;76439;9440;7723;105;10431;2870;2044;15450;0
"10";"Aube";"44";"Grand Est";"2016";;35402;107;200694;43207;10350;744;12920;12669;8253;34586;0
"11";"Aude";"76";"Occitanie";"2016";;19804;446;274742;29075;10093;1027;23263;13934;8096;46321;0
"12";"Aveyron";"76";"Occitanie";"2016";;41706;0;167415;29028;9263;236;17355;5738;4565;27893;0
"13";"Bouches-du-Rhône";"93";"Provence-Alpes-Côte d'Azur";"2016";;138348;34774;1055263;93411;31076;3592;91077;102910;49785;247363;0
"14";"Calvados";"28";"Normandie";"2016";;90382;4016;427766;72733;25954;747;41281;29237;20296;91560;0
"15";"Cantal";"84";"Auvergne-Rhône-Alpes";"2016";;24405;4953;77456;14199;9898;0;9860;2406;2130;14396;0
"16";"Charente";"75";"Nouvelle-Aquitaine";"2016";;39536;20474;295695;41914;22083;459;25052;7246;8414;41171;0
"17";"Charente-Maritime";"75";"Nouvelle-Aquitaine";"2016";;68685;2521;486892;52017;38541;736;33361;40166;28840;103103;0
"18";"Cher";"24";"Centre-Val de Loire";"2016";;37795;0;194534;24994;12877;190;17745;9899;7629;35463;0
"19";"Corrèze";"75";"Nouvelle-Aquitaine";"2016";;37274;2304;170624;20638;11090;181;16078;9070;6590;31920;0
"21";"Côte-d'Or";"27";"Bourgogne-Franche-Comté";"2016";;72672;1362;357378;53251;12867;868;26863;29090;16250;73070;0
"22";"Côtes-d'Armor";"53";"Bretagne";"2016";;69696;7820;378370;57351;40323;660;33805;19763;13595;67824;0
"23";"Creuse";"75";"Nouvelle-Aquitaine";"2016";;30958;688;78960;19295;7112;80;10737;1894;3199;15910;0
"24";"Dordogne";"75";"Nouvelle-Aquitaine";"2016";;69427;234;224055;36220;24182;452;26777;9176;7495;43899;0
"25";"Doubs";"27";"Bourgogne-Franche-Comté";"2016";;106514;1518;333567;37327;21875;365;40765;13601;10367;65097;0
"26";"Drôme";"84";"Auvergne-Rhône-Alpes";"2016";;73641;3404;450653;37169;18918;671;32178;29831;15203;77883;0
"27";"Eure";"28";"Normandie";"2016";;62767;4694;353291;40217;24206;812;24476;24783;19352;69423;0
"28";"Eure-et-Loir";"24";"Centre-Val de Loire";"2016";;51451;337;298866;37355;19400;443;20151;21658;15129;57382;0
"29";"Finistère";"53";"Bretagne";"2016";;157134;2586;482546;64208;35265;618;63354;23369;15968;103310;0
"2A";"Corse-du-Sud";"94";"Corse";"2016";;5142;0;63767;3939;18595;0;22411;0;0;22411;0
"2B";"Haute-Corse";"94";"Corse";"2016";;8037;0;110728;1791;5827;0;39677;0;0;39677;0
"30";"Gard";"76";"Occitanie";"2016";;51699;1011;378443;28541;17256;1157;47328;25180;12927;86592;0
"31";"Haute-Garonne";"76";"Occitanie";"2016";;40919;502;671743;42086;23411;1992;62278;59491;27503;151263;0
"32";"Gers";"76";"Occitanie";"2016";;27689;150;104154;37676;15842;327;11425;3763;2791;18307;0
"33";"Gironde";"75";"Nouvelle-Aquitaine";"2016";;69027;4619;864473;89273;34417;2797;81060;71866;42297;198020;0
"34";"Hérault";"76";"Occitanie";"2016";;105077;5216;676339;89894;19267;2007;65830;52275;27363;147475;0
"35";"Ille-et-Vilaine";"53";"Bretagne";"2016";;67388;5407;647300;80977;31374;1004;38930;49164;26230;115328;0
"36";"Indre";"24";"Centre-Val de Loire";"2016";;28676;0;152489;25450;9354;76;12151;8076;6224;26527;0
"37";"Indre-et-Loire";"24";"Centre-Val de Loire";"2016";;59579;694;330748;46592;16876;569;36703;21970;16650;75893;0
"38";"Isère";"84";"Auvergne-Rhône-Alpes";"2016";;107765;6717;640436;36481;37874;1159;70266;45342;27356;144123;0
"39";"Jura";"27";"Bourgogne-Franche-Comté";"2016";;50464;1128;183437;16565;14310;198;18589;8416;5821;33023;0
"40";"Landes";"75";"Nouvelle-Aquitaine";"2016";;21809;1692;273676;35384;29852;259;29768;15303;8649;53978;0
"41";"Loir-et-Cher";"24";"Centre-Val de Loire";"2016";;41290;786;216661;27789;18505;531;20254;14694;9484;44964;0
"42";"Loire";"84";"Auvergne-Rhône-Alpes";"2016";;62297;20893;389445;25599;17447;878;39479;22307;13292;75957;0
"43";"Haute-Loire";"84";"Auvergne-Rhône-Alpes";"2016";;45447;287;135054;19275;8543;107;12541;7377;3914;23939;0
"44";"Loire-Atlantique";"52";"Pays de la Loire";"2016";;152866;4519;799701;183465;28965;1069;61192;66798;36378;165437;0
"45";"Loiret";"24";"Centre-Val de Loire";"2016";;134780;560;443720;78590;25142;1064;26845;36001;22058;85968;0
"46";"Lot";"76";"Occitanie";"2016";;27173;8006;105114;11708;15513;100;12951;5500;4534;23086;0
"47";"Lot-et-Garonne";"75";"Nouvelle-Aquitaine";"2016";;82276;562;258806;67473;24273;329;23573;6800;5810;36512;0
"48";"Lozère";"76";"Occitanie";"2016";;20910;1618;52728;7434;5606;105;3795;3156;1685;8742;0
"49";"Maine-et-Loire";"52";"Pays de la Loire";"2016";;61328;4056;444480;53150;40388;448;28962;30549;19874;79833;0
"50";"Manche";"28";"Normandie";"2016";;72208;20058;309708;61421;21131;546;34468;12607;10013;57635;0
"51";"Marne";"44";"Grand Est";"2016";;73591;10152;427774;83188;15165;1424;23380;23844;13725;62372;0
"52";"Haute-Marne";"44";"Grand Est";"2016";;32694;1642;170679;24998;8539;228;7973;10826;5506;24534;0
"53";"Mayenne";"52";"Pays de la Loire";"2016";;35814;6123;202270;47056;17371;25;12369;9911;6481;28786;0
"54";"Meurthe-et-Moselle";"44";"Grand Est";"2016";;102365;1416;341816;75673;9850;363;22502;26493;12092;61450;0
"55";"Meuse";"44";"Grand Est";"2016";;30437;1870;105653;25414;8387;179;9768;2896;3489;16332;0
"56";"Morbihan";"53";"Bretagne";"2016";;65019;3532;451051;52358;41451;372;51513;21290;15719;88893;0
"57";"Moselle";"44";"Grand Est";"2016";;169297;5918;450629;52909;13129;697;37529;34732;17050;90008;0
"58";"Nièvre";"27";"Bourgogne-Franche-Comté";"2016";;29826;1392;119417;23251;9055;0;15561;6161;5746;27467;0
"59";"Nord";"32";"Hauts-de-France";"2016";;224541;2671;1053587;168651;32034;5469;61305;88083;52436;207292;0
"60";"Oise";"32";"Hauts-de-France";"2016";;73960;11024;444459;49219;24878;1181;32207;30952;19882;84223;0
"61";"Orne";"28";"Normandie";"2016";;49129;2855;167448;34745;19249;279;14897;6151;5861;27189;0
"62";"Pas-de-Calais";"32";"Hauts-de-France";"2016";;98781;1158;917813;97945;27166;1677;47561;45533;36551;131321;0
"63";"Puy-de-Dôme";"84";"Auvergne-Rhône-Alpes";"2016";;77909;2886;392183;49680;17807;1483;27621;34121;19017;82242;0
"64";"Pyrénées-Atlantiques";"75";"Nouvelle-Aquitaine";"2016";;28038;1239;315726;41674;23078;713;39789;21824;13567;75894;0
"65";"Hautes-Pyrénées";"76";"Occitanie";"2016";;18506;335;123913;16464;11417;166;15881;5267;4008;25323;0
"66";"Pyrénées-Orientales";"76";"Occitanie";"2016";;20056;976;269983;18747;13232;1106;33671;14686;8112;57576;0
"67";"Bas-Rhin";"44";"Grand Est";"2016";;196383;3727;566719;67858;21841;1226;59832;34100;32884;128042;0
"68";"Haut-Rhin";"44";"Grand Est";"2016";;104779;8165;431078;36003;14342;670;48867;27738;19049;96324;0
"69";"Rhône";"84";"Auvergne-Rhône-Alpes";"2016";;155704;7483;896383;120108;31952;1477;66251;80705;35617;184050;0
"70";"Haute-Saône";"27";"Bourgogne-Franche-Comté";"2016";;41455;2860;152463;21422;14114;76;15367;4158;3553;23155;0
"71";"Saône-et-Loire";"27";"Bourgogne-Franche-Comté";"2016";;76880;17787;425854;47699;14873;505;37721;23637;15172;77035;0
"72";"Sarthe";"52";"Pays de la Loire";"2016";;70351;1749;373975;42782;30009;288;33708;22110;16824;72930;0
"73";"Savoie";"84";"Auvergne-Rhône-Alpes";"2016";;75148;9074;342377;26301;18442;486;31461;19447;11570;62963;0
"74";"Haute-Savoie";"84";"Auvergne-Rhône-Alpes";"2016";;135536;1559;480955;33302;25745;712;60893;39509;21992;123106;0
"75";"Paris";"11";"Île-de-France";"2016";;20277;0;147124;7472;1422;1071;9251;41764;31159;83245;0
"76";"Seine-Maritime";"28";"Normandie";"2016";;107274;19417;691408;88924;28191;1565;49075;51077;33324;135040;0
"77";"Seine-et-Marne";"11";"Île-de-France";"2016";;85046;1121;742086;46887;23512;2116;59601;66787;46121;174624;0
"78";"Yvelines";"11";"Île-de-France";"2016";;72374;282;556203;17211;13912;1928;49125;84508;53985;189546;0
"79";"Deux-Sèvres";"75";"Nouvelle-Aquitaine";"2016";;55475;16047;294524;48858;25020;367;23322;11157;8222;43068;0
"80";"Somme";"32";"Hauts-de-France";"2016";;72530;33094;358819;57896;19252;1201;18916;22945;15991;59053;0
"81";"Tarn";"76";"Occitanie";"2016";;42762;3958;228161;34425;12958;919;25447;8027;5468;39861;0
"82";"Tarn-et-Garonne";"76";"Occitanie";"2016";;23408;375;170990;21012;9906;426;12906;7695;5041;26068;0
"83";"Var";"93";"Provence-Alpes-Côte d'Azur";"2016";;56896;1618;571498;21219;28849;2290;72256;59496;40124;174166;0
"84";"Vaucluse";"93";"Provence-Alpes-Côte d'Azur";"2016";;56172;3540;369143;21928;16712;1540;27947;33698;15553;78737;0
"85";"Vendée";"52";"Pays de la Loire";"2016";;94837;1175;538569;96235;40624;588;50192;26246;20831;97856;0
"86";"Vienne";"75";"Nouvelle-Aquitaine";"2016";;73028;2452;283577;54092;22238;437;22394;14990;10761;48582;0
"87";"Haute-Vienne";"75";"Nouvelle-Aquitaine";"2016";;51184;2249;201434;30461;11855;234;25418;9615;7406;42674;0
"88";"Vosges";"44";"Grand Est";"2016";;67889;976;228491;29912;13801;79;19851;11780;8829;40540;0
"89";"Yonne";"27";"Bourgogne-Franche-Comté";"2016";;45307;611;247947;27658;14823;208;22305;14597;12441;49551;0
"90";"Territoire de Belfort";"27";"Bourgogne-Franche-Comté";"2016";;13978;354;60725;3601;3570;57;7607;4976;2389;15029;0
"91";"Essonne";"11";"Île-de-France";"2016";;47629;745;575555;15842;9675;1378;48523;75352;43460;168714;0
"92";"Hauts-de-Seine";"11";"Île-de-France";"2016";;126507;2317;280936;36899;2338;886;7755;69244;36795;114679;0
"93";"Seine-Saint-Denis";"11";"Île-de-France";"2016";;30790;1076;384106;69083;6679;360;17058;57360;27614;102393;0
"94";"Val-de-Marne";"11";"Île-de-France";"2016";;79989;0;489026;23672;4196;737;20767;63230;32981;117714;0
"95";"Val-d'Oise";"11";"Île-de-France";"2016";;77713;586;581554;43667;10728;1933;26797;81076;43373;153179;0
"XX";"Département fictif";"XX";"Région fictive";"2016";6477764.8;;;;;11257;;;;;;
"01";"Ain";"84";"Auvergne-Rhône-Alpes";"2017";;81117;7913;405342;33067;22171;642;49727;24968;15559;90897;
"02";"Aisne";"32";"Hauts-de-France";"2017";;68331;1148;306881;49834;17611;1581;19927;18366;12816;52690;
"03";"Allier";"84";"Auvergne-Rhône-Alpes";"2017";;49093;285;238932;37322;13648;67;21214;12495;9502;43278;
"04";"Alpes-de-Haute-Provence";"93";"Provence-Alpes-Côte d'Azur";"2017";;23630;582;101771;9322;10054;139;9066;9538;6147;24890;
"05";"Hautes-Alpes";"93";"Provence-Alpes-Côte d'Azur";"2017";;27879;221;93038;9248;8689;204;7400;9033;5020;21656;
"06";"Alpes-Maritimes";"93";"Provence-Alpes-Côte d'Azur";"2017";;40384;1928;448364;8671;17468;1151;42143;92301;61754;197349;
"07";"Ardèche";"84";"Auvergne-Rhône-Alpes";"2017";;39330;1905;138127;10328;13178;218;20764;9184;6058;36224;
"08";"Ardennes";"44";"Grand Est";"2017";;38486;843;138256;27138;8193;460;10554;7557;5117;23688;
"09";"Ariège";"76";"Occitanie";"2017";;13453;1007;78093;9438;7721;168;10660;3322;2172;16322;
"10";"Aube";"44";"Grand Est";"2017";;36358;50;201211;46851;10640;748;11949;13826;8887;35410;
"11";"Aude";"76";"Occitanie";"2017";;20693;178;268394;28275;10010;1052;19012;18905;9359;48327;
"12";"Aveyron";"76";"Occitanie";"2017";;41143;95;165076;30487;9578;287;15385;7909;4938;28518;
"13";"Bouches-du-Rhône";"93";"Provence-Alpes-Côte d'Azur";"2017";;141826;29937;1077915;98277;30526;4324;77933;122452;55831;260540;
"14";"Calvados";"28";"Normandie";"2017";;84248;3965;431600;77403;25771;895;41828;31159;21454;95335;
"15";"Cantal";"84";"Auvergne-Rhône-Alpes";"2017";;26019;5386;75396;15536;10635;0;9137;3431;2466;15035;
"16";"Charente";"75";"Nouvelle-Aquitaine";"2017";;39207;10731;292824;44337;20289;569;25157;8834;9249;43808;
"17";"Charente-Maritime";"75";"Nouvelle-Aquitaine";"2017";;67876;2078;469459;53172;37151;933;31117;41717;29528;103294;
"18";"Cher";"24";"Centre-Val de Loire";"2017";;38694;27;201089;26284;12574;242;15881;12725;8318;37167;
"19";"Corrèze";"75";"Nouvelle-Aquitaine";"2017";;36942;1500;171871;21714;11108;205;14959;11353;7467;33984;
"21";"Côte-d'Or";"27";"Bourgogne-Franche-Comté";"2017";;74488;2260;363351;58371;12487;1160;22973;33453;18557;76143;
"22";"Côtes-d'Armor";"53";"Bretagne";"2017";;68166;6321;380879;60637;41681;742;30379;25115;15248;71483;
"23";"Creuse";"75";"Nouvelle-Aquitaine";"2017";;30601;644;83296;19482;7265;68;10959;2842;3410;17279;
"24";"Dordogne";"75";"Nouvelle-Aquitaine";"2017";;70983;219;227948;37256;24080;557;27310;10445;8189;46502;
"25";"Doubs";"27";"Bourgogne-Franche-Comté";"2017";;106507;1126;342389;33862;22531;407;40301;17766;13281;71755;
"26";"Drôme";"84";"Auvergne-Rhône-Alpes";"2017";;70561;3910;444355;38563;18794;976;28419;34912;16568;80874;
"27";"Eure";"28";"Normandie";"2017";;66127;1762;354950;44992;23364;1113;23520;26928;20580;72142;
"28";"Eure-et-Loir";"24";"Centre-Val de Loire";"2017";;51888;734;301412;40252;17877;568;18568;24056;16111;59303;
"29";"Finistère";"53";"Bretagne";"2017";;155712;2300;481169;70408;34555;766;59032;30724;18245;108768;
"2A";"Corse-du-Sud";"94";"Corse";"2017";;6859;0;61532;6651;17654;0;24315;0;0;24315;
"2B";"Haute-Corse";"94";"Corse";"2017";;6207;0;116237;1920;6116;0;41337;0;0;41337;
"30";"Gard";"76";"Occitanie";"2017";;52649;1103;376940;30843;16927;1524;44249;29956;14310;90039;
"31";"Haute-Garonne";"76";"Occitanie";"2017";;43070;24;668735;41812;22798;2770;57994;67003;31363;159130;
"32";"Gers";"76";"Occitanie";"2017";;27785;178;105465;35690;15233;317;11510;3997;3070;18894;
"33";"Gironde";"75";"Nouvelle-Aquitaine";"2017";;66214;4672;871462;82909;34105;3873;75641;81956;46038;207509;
"34";"Hérault";"76";"Occitanie";"2017";;106206;1571;686337;92399;17841;2591;63747;59034;29897;155270;
"35";"Ille-et-Vilaine";"53";"Bretagne";"2017";;67531;4782;658137;81660;31815;1171;35417;56437;28917;121942;
"36";"Indre";"24";"Centre-Val de Loire";"2017";;29799;0;154239;27192;9726;136;11108;9215;6765;27224;
"37";"Indre-et-Loire";"24";"Centre-Val de Loire";"2017";;57343;640;332016;47927;18068;667;31163;27804;18868;78503;
"38";"Isère";"84";"Auvergne-Rhône-Alpes";"2017";;115888;7461;652600;39358;38236;1441;66734;53766;29899;151840;
"39";"Jura";"27";"Bourgogne-Franche-Comté";"2017";;51601;1464;191970;17790;13706;294;17636;11685;6836;36451;
"40";"Landes";"75";"Nouvelle-Aquitaine";"2017";;21568;859;276156;38817;30517;434;30246;17213;9160;57052;
"41";"Loir-et-Cher";"24";"Centre-Val de Loire";"2017";;41854;1123;219040;29507;17936;764;19208;16190;10325;46487;
"42";"Loire";"84";"Auvergne-Rhône-Alpes";"2017";;64910;14839;390336;27521;17624;1047;36719;26636;14696;79098;
"43";"Haute-Loire";"84";"Auvergne-Rhône-Alpes";"2017";;46794;641;136203;19181;8849;124;11897;8954;4547;25523;
"44";"Loire-Atlantique";"52";"Pays de la Loire";"2017";;152332;3255;809175;173189;28495;1287;55742;77089;41030;175148;
"45";"Loiret";"24";"Centre-Val de Loire";"2017";;131673;12529;440511;83435;24361;1203;23174;39307;23145;86830;
"46";"Lot";"76";"Occitanie";"2017";;27706;7946;104823;11927;15995;160;12577;6408;4955;24100;
"47";"Lot-et-Garonne";"75";"Nouvelle-Aquitaine";"2017";;82326;444;255615;63549;24464;465;23004;8575;6436;38480;
"48";"Lozère";"76";"Occitanie";"2017";;22565;1462;50871;7346;5721;85;4170;3574;1896;9725;
"49";"Maine-et-Loire";"52";"Pays de la Loire";"2017";;62670;3616;452152;54506;40754;565;24465;35386;22758;83174;
"50";"Manche";"28";"Normandie";"2017";;75565;18028;310674;64831;20412;697;32615;15410;11357;60079;
"51";"Marne";"44";"Grand Est";"2017";;76189;4180;442908;84640;14976;1534;20726;27430;15353;65042;
"52";"Haute-Marne";"44";"Grand Est";"2017";;33172;650;166946;25510;8688;312;6875;12140;5739;25066;
"53";"Mayenne";"52";"Pays de la Loire";"2017";;34528;5881;204334;47428;17468;84;12019;10897;6816;29817;
"54";"Meurthe-et-Moselle";"44";"Grand Est";"2017";;81883;1123;341039;72930;9962;412;21555;28519;13035;63522;
"55";"Meuse";"44";"Grand Est";"2017";;31628;2322;119183;27663;6735;211;8773;3845;3688;16517;
"56";"Morbihan";"53";"Bretagne";"2017";;62686;4340;462200;52996;43230;479;48432;28008;17908;94826;
"57";"Moselle";"44";"Grand Est";"2017";;138577;8337;434000;56594;13064;897;31891;40658;17812;91257;
"58";"Nièvre";"27";"Bourgogne-Franche-Comté";"2017";;30174;1013;118758;28229;8750;24;14249;7442;6019;27734;
"59";"Nord";"32";"Hauts-de-France";"2017";;197333;2493;1055707;163223;30894;6389;54948;101428;55191;217956;
"60";"Oise";"32";"Hauts-de-France";"2017";;76114;11257;442190;53115;23967;1325;32275;33965;21213;88779;
"61";"Orne";"28";"Normandie";"2017";;50708;2188;169404;36410;18044;384;14811;6779;6124;28098;
"62";"Pas-de-Calais";"32";"Hauts-de-France";"2017";;104112;559;918324;104501;26077;2559;43366;53325;39040;138291;
"63";"Puy-de-Dôme";"84";"Auvergne-Rhône-Alpes";"2017";;77958;2594;382205;50681;17754;1954;24771;38239;20768;85732;
"64";"Pyrénées-Atlantiques";"75";"Nouvelle-Aquitaine";"2017";;29565;748;318056;49693;23322;896;38593;24876;14857;79223;
"65";"Hautes-Pyrénées";"76";"Occitanie";"2017";;19970;376;125962;19117;10632;211;15329;6555;4348;26443;
"66";"Pyrénées-Orientales";"76";"Occitanie";"2017";;23193;1063;255643;17074;12849;1234;31795;18399;9103;60532;
"67";"Bas-Rhin";"44";"Grand Est";"2017";;198692;1000;542990;61371;22115;1253;48497;44429;37617;131795;
"68";"Haut-Rhin";"44";"Grand Est";"2017";;113062;7663;413743;37834;13998;844;41876;34166;21976;98863;
"69";"Rhône";"84";"Auvergne-Rhône-Alpes";"2017";;151854;8999;916460;121213;31581;1864;62707;89767;38821;193158;
"70";"Haute-Saône";"27";"Bourgogne-Franche-Comté";"2017";;42536;2548;152380;22024;14400;98;14387;5673;3990;24148;
"71";"Saône-et-Loire";"27";"Bourgogne-Franche-Comté";"2017";;78076;10955;427896;50609;15021;620;35242;27574;16592;80028;
"72";"Sarthe";"52";"Pays de la Loire";"2017";;72596;1269;378180;46339;30453;420;32159;25214;18596;76389;
"73";"Savoie";"84";"Auvergne-Rhône-Alpes";"2017";;77067;9629;353799;28774;18499;636;30660;22310;12701;66306;
"74";"Haute-Savoie";"84";"Auvergne-Rhône-Alpes";"2017";;137268;904;482620;33434;25752;913;54657;50401;24461;130432;
"75";"Paris";"11";"Île-de-France";"2017";;16445;0;140111;6926;917;947;8885;38414;30349;78596;
"76";"Seine-Maritime";"28";"Normandie";"2017";;104330;18048;693208;93891;27341;1975;49079;53301;35160;139515;
"77";"Seine-et-Marne";"11";"Île-de-France";"2017";;76188;1302;736683;53966;23008;3172;58242;72749;49169;183332;
"78";"Yvelines";"11";"Île-de-France";"2017";;65819;298;544411;17244;13554;2170;47104;91179;56839;197293;
"79";"Deux-Sèvres";"75";"Nouvelle-Aquitaine";"2017";;55740;13980;283056;49894;25891;457;21031;13053;8573;43114;
"80";"Somme";"32";"Hauts-de-France";"2017";;76250;20667;362111;62075;18676;1307;15433;27725;16510;60976;
"81";"Tarn";"76";"Occitanie";"2017";;41839;6096;178913;33791;13753;1109;21663;10572;6012;39355;
"82";"Tarn-et-Garonne";"76";"Occitanie";"2017";;24137;215;171675;21237;10056;599;11539;9538;5863;27539;
"83";"Var";"93";"Provence-Alpes-Côte d'Azur";"2017";;60772;1739;577551;23198;28506;2396;63624;70117;45767;181904;
"84";"Vaucluse";"93";"Provence-Alpes-Côte d'Azur";"2017";;56601;1701;370177;23138;16431;1928;26336;36771;17385;82419;
"85";"Vendée";"52";"Pays de la Loire";"2017";;93152;1033;556286;96505;40881;798;49961;28690;22266;101716;
"86";"Vienne";"75";"Nouvelle-Aquitaine";"2017";;75258;2720;275858;58875;24566;580;19094;18659;11890;50223;
"87";"Haute-Vienne";"75";"Nouvelle-Aquitaine";"2017";;51101;1400;206828;31392;12115;332;23561;13101;8828;45823;
"88";"Vosges";"44";"Grand Est";"2017";;71706;1339;231023;34808;13525;131;18001;14461;9964;42557;
"89";"Yonne";"27";"Bourgogne-Franche-Comté";"2017";;45275;430;249072;31552;14787;325;21079;15761;12724;49888;
"90";"Territoire de Belfort";"27";"Bourgogne-Franche-Comté";"2017";;14284;556;59392;5393;3556;77;6840;6542;2714;16173;
"91";"Essonne";"11";"Île-de-France";"2017";;46617;572;569739;16643;9608;1557;45090;81469;45723;173840;
"92";"Hauts-de-Seine";"11";"Île-de-France";"2017";;118252;3927;279549;49080;2318;895;6417;70791;37404;115508;
"93";"Seine-Saint-Denis";"11";"Île-de-France";"2017";;30453;0;383933;54662;6671;471;17558;57140;27254;102423;
"94";"Val-de-Marne";"11";"Île-de-France";"2017";;78732;0;438674;27163;4208;884;20284;64476;33856;119500;
"95";"Val-d'Oise";"11";"Île-de-France";"2017";;74778;0;581121;49161;10080;1992;24623;85079;45007;156700;
"XX";"Département fictif";"XX";"Région fictive";"2017";6576931;;;;;12905;;;;;;
"01";"Ain";"84";"Auvergne-Rhône-Alpes";"2018";;69690;7493;382880;31217;20420;1208;47850;27678;15762;92499;
"02";"Aisne";"32";"Hauts-de-France";"2018";;64179;2793;297793;55641;16036;2323;17911;21616;12709;54558;
"03";"Allier";"84";"Auvergne-Rhône-Alpes";"2018";;41784;53;233281;36764;12370;244;20948;13996;9502;44690;
"04";"Alpes-de-Haute-Provence";"93";"Provence-Alpes-Côte d'Azur";"2018";;21462;548;98107;9564;10759;218;8370;10627;6239;25454;
"05";"Hautes-Alpes";"93";"Provence-Alpes-Côte d'Azur";"2018";;27268;99;92154;10728;8985;350;7000;10433;5238;23021;
"06";"Alpes-Maritimes";"93";"Provence-Alpes-Côte d'Azur";"2018";;39983;1378;431754;8681;17973;1568;35724;100827;60608;198727;
"07";"Ardèche";"84";"Auvergne-Rhône-Alpes";"2018";;36103;1822;137008;9926;13108;427;18495;12730;6633;38285;
"08";"Ardennes";"44";"Grand Est";"2018";;31548;125;128327;24285;7079;677;9617;8411;4975;23680;
"09";"Ariège";"76";"Occitanie";"2018";;12870;408;75054;9259;7715;395;10620;3883;2187;17085;
"10";"Aube";"44";"Grand Est";"2018";;31583;101;196069;46444;9114;1021;11340;15261;9464;37086;
"11";"Aude";"76";"Occitanie";"2018";;19979;0;251449;26955;10559;1450;16910;21775;9941;50076;
"12";"Aveyron";"76";"Occitanie";"2018";;38480;282;162147;28620;9565;472;13429;9991;5030;28923;
"13";"Bouches-du-Rhône";"93";"Provence-Alpes-Côte d'Azur";"2018";;130356;26603;1042824;88033;29897;6203;64859;140239;57658;268959;
"14";"Calvados";"28";"Normandie";"2018";;77922;3524;424897;80395;24881;1238;41472;36590;21820;101120;
"15";"Cantal";"84";"Auvergne-Rhône-Alpes";"2018";;25250;5781;79472;17512;10946;33;9370;4307;2530;16241;
"16";"Charente";"75";"Nouvelle-Aquitaine";"2018";;36593;8726;279915;42457;19283;910;20575;13944;9790;45219;
"17";"Charente-Maritime";"75";"Nouvelle-Aquitaine";"2018";;65389;1814;456930;52796;35077;1559;30705;45737;29338;107339;
"18";"Cher";"24";"Centre-Val de Loire";"2018";;35348;0;198079;28606;11178;410;14669;14546;8287;37913;
"19";"Corrèze";"75";"Nouvelle-Aquitaine";"2018";;34052;1003;166994;21240;10694;293;14440;13162;7486;35381;
"21";"Côte-d'Or";"27";"Bourgogne-Franche-Comté";"2018";;62925;2786;349240;56516;11872;1855;22054;37289;19181;80379;
"22";"Côtes-d'Armor";"53";"Bretagne";"2018";;65016;4751;362847;58625;42358;1054;27311;29201;15575;73140;
"23";"Creuse";"75";"Nouvelle-Aquitaine";"2018";;29397;861;93560;20924;6809;108;13442;8814;6206;28570;
"24";"Dordogne";"75";"Nouvelle-Aquitaine";"2018";;66124;126;222211;37545;22936;962;25985;12888;8508;48344;
"25";"Doubs";"27";"Bourgogne-Franche-Comté";"2018";;92742;745;341844;34187;21508;783;38069;22199;14702;75753;
"26";"Drôme";"84";"Auvergne-Rhône-Alpes";"2018";;67360;2682;424461;38062;19105;1608;26443;38240;16420;82712;
"27";"Eure";"28";"Normandie";"2018";;61227;2046;352719;47011;23027;1840;23404;30081;20857;76182;
"28";"Eure-et-Loir";"24";"Centre-Val de Loire";"2018";;47932;920;290419;41211;17024;915;16396;27158;16774;61244;
"29";"Finistère";"53";"Bretagne";"2018";;153171;1751;464361;68338;34874;1132;56870;36050;19000;113053;
"2A";"Corse-du-Sud";"94";"Corse";"2018";;2490;0;51301;7164;17127;0;23386;0;0;23386;
"2B";"Haute-Corse";"94";"Corse";"2018";;2061;0;130082;3194;6197;0;51930;0;0;51930;
"30";"Gard";"76";"Occitanie";"2018";;49428;993;360631;28895;16956;2429;39080;36914;14285;92708;
"31";"Haute-Garonne";"76";"Occitanie";"2018";;40512;0;654784;40408;22478;4733;54863;77197;33124;169916;
"32";"Gers";"76";"Occitanie";"2018";;26945;49;101324;34550;15622;450;10975;5052;3228;19705;
"33";"Gironde";"75";"Nouvelle-Aquitaine";"2018";;57752;5625;835730;88367;32733;5941;70847;95332;47429;219550;
"34";"Hérault";"76";"Occitanie";"2018";;101123;632;674169;93042;17702;3850;54964;72767;31321;162903;
"35";"Ille-et-Vilaine";"53";"Bretagne";"2018";;64371;5748;652851;85106;32258;1760;33798;63697;29763;129018;
"36";"Indre";"24";"Centre-Val de Loire";"2018";;27359;0;149562;27007;8829;307;10252;10236;6690;27485;
"37";"Indre-et-Loire";"24";"Centre-Val de Loire";"2018";;50725;644;322370;45659;17372;1010;28891;31860;19883;81645;
"38";"Isère";"84";"Auvergne-Rhône-Alpes";"2018";;99908;3160;649924;40206;36721;2059;61629;66296;31207;161191;
"39";"Jura";"27";"Bourgogne-Franche-Comté";"2018";;45464;1339;189335;17726;12533;648;18459;13696;7120;39923;
"40";"Landes";"75";"Nouvelle-Aquitaine";"2018";;20498;772;266997;45404;30890;840;30659;19502;9186;60187;
"41";"Loir-et-Cher";"24";"Centre-Val de Loire";"2018";;37044;854;206362;29637;16969;1114;17469;18517;10440;47540;
"42";"Loire";"84";"Auvergne-Rhône-Alpes";"2018";;58442;13369;381421;27936;16946;1566;32041;34151;15886;83645;
"43";"Haute-Loire";"84";"Auvergne-Rhône-Alpes";"2018";;42842;195;134727;16512;8675;254;10663;10861;4873;26650;
"44";"Loire-Atlantique";"52";"Pays de la Loire";"2018";;138337;3055;828851;162575;28425;2023;52099;92601;44983;191705;
"45";"Loiret";"24";"Centre-Val de Loire";"2018";;120223;565;450694;78714;22562;2139;20722;46216;24744;93820;
"46";"Lot";"76";"Occitanie";"2018";;25493;7495;101571;11573;15177;342;12074;7606;4965;24987;
"47";"Lot-et-Garonne";"75";"Nouvelle-Aquitaine";"2018";;78564;185;252925;63505;22423;899;21641;10582;6826;39947;
"48";"Lozère";"76";"Occitanie";"2018";;20331;598;50278;7300;5690;216;4532;3956;2227;10931;
"49";"Maine-et-Loire";"52";"Pays de la Loire";"2018";;58966;2549;438614;56375;39432;881;22116;37631;23130;83758;
"50";"Manche";"28";"Normandie";"2018";;75127;14537;301223;65454;20791;1018;30121;19043;12066;62248;
"51";"Marne";"44";"Grand Est";"2018";;75427;7178;429452;82808;14011;2133;19528;31558;15770;68989;
"52";"Haute-Marne";"44";"Grand Est";"2018";;28689;111;157250;23432;7887;571;6271;13697;5697;26235;
"53";"Mayenne";"52";"Pays de la Loire";"2018";;34364;5499;200178;47842;17526;206;11869;11973;6603;30651;
"54";"Meurthe-et-Moselle";"44";"Grand Est";"2018";;75915;1509;323685;71927;9259;712;17675;33069;13424;64880;
"55";"Meuse";"44";"Grand Est";"2018";;24429;2251;140397;27184;6340;286;6281;6647;3753;16966;
"56";"Morbihan";"53";"Bretagne";"2018";;59246;5169;451490;55844;42727;798;47187;33050;18718;99754;
"57";"Moselle";"44";"Grand Est";"2018";;118423;7762;374566;56731;12508;1306;24408;45458;17099;88271;
"58";"Nièvre";"27";"Bourgogne-Franche-Comté";"2018";;26073;1001;112660;28092;8382;329;13352;8064;6066;27811;
"59";"Nord";"32";"Hauts-de-France";"2018";;173326;3615;981287;172933;30556;9628;47164;111881;53136;221809;
"60";"Oise";"32";"Hauts-de-France";"2018";;69168;227;438993;52377;23518;2005;32398;37740;21177;93319;
"61";"Orne";"28";"Normandie";"2018";;48455;1817;164783;36744;17509;691;15318;6601;5786;28397;
"62";"Pas-de-Calais";"32";"Hauts-de-France";"2018";;98431;0;890062;111088;25679;4099;39974;63546;39525;147145;
"63";"Puy-de-Dôme";"84";"Auvergne-Rhône-Alpes";"2018";;70154;2114;377939;47770;17436;3083;24350;43080;21046;91558;
"64";"Pyrénées-Atlantiques";"75";"Nouvelle-Aquitaine";"2018";;30078;644;289840;42961;23396;1330;38237;25712;14176;79455;
"65";"Hautes-Pyrénées";"76";"Occitanie";"2018";;23246;222;124316;18467;10608;376;14792;8526;4499;28193;
"66";"Pyrénées-Orientales";"76";"Occitanie";"2018";;23437;1020;232754;16724;12808;1798;28777;21680;9034;61289;
"67";"Bas-Rhin";"44";"Grand Est";"2018";;178501;2120;485286;62589;20016;1618;38164;55230;38575;133587;
"68";"Haut-Rhin";"44";"Grand Est";"2018";;92398;5715;365151;37857;13162;1274;36337;39934;22473;100018;
"69";"Rhône";"84";"Auvergne-Rhône-Alpes";"2018";;141295;7482;889226;127885;29993;3219;56072;105678;40581;205551;
"70";"Haute-Saône";"27";"Bourgogne-Franche-Comté";"2018";;38001;2567;149469;21944;13314;190;10871;9002;4606;24669;
"71";"Saône-et-Loire";"27";"Bourgogne-Franche-Comté";"2018";;65697;6941;414878;49412;14012;899;34115;31136;16614;82764;
"72";"Sarthe";"52";"Pays de la Loire";"2018";;58682;1074;377762;42564;28666;722;32669;29428;19355;82174;
"73";"Savoie";"84";"Auvergne-Rhône-Alpes";"2018";;72581;6991;343387;29480;19147;1011;31129;25096;12995;70231;
"74";"Haute-Savoie";"84";"Auvergne-Rhône-Alpes";"2018";;130244;1167;459776;34955;25841;1480;53775;54393;24535;134183;
"75";"Paris";"11";"Île-de-France";"2018";;14673;0;160818;5264;1206;1128;8760;39176;29090;78154;
"76";"Seine-Maritime";"28";"Normandie";"2018";;96945;9412;681450;102762;27249;2953;47618;59393;35751;145716;
"77";"Seine-et-Marne";"11";"Île-de-France";"2018";;70027;2081;714601;54113;22276;4731;53806;85404;49918;193858;
"78";"Yvelines";"11";"Île-de-France";"2018";;58325;179;522502;19381;13056;3191;40071;104589;56855;204706;
"79";"Deux-Sèvres";"75";"Nouvelle-Aquitaine";"2018";;50915;8821;273618;47042;25165;724;20091;14820;8839;44474;
"80";"Somme";"32";"Hauts-de-France";"2018";;66231;3203;352930;61179;18251;2221;12651;33462;16444;64777;
"81";"Tarn";"76";"Occitanie";"2018";;38731;5368;171349;30094;13423;1699;19598;12526;6318;40141;
"82";"Tarn-et-Garonne";"76";"Occitanie";"2018";;23810;51;176715;22627;9529;887;11324;11170;6004;29385;
"83";"Var";"93";"Provence-Alpes-Côte d'Azur";"2018";;59381;2605;557036;24993;29073;3514;56562;82655;46757;189488;
"84";"Vaucluse";"93";"Provence-Alpes-Côte d'Azur";"2018";;52673;1058;350672;23185;16566;2869;24244;41015;17762;85890;
"85";"Vendée";"52";"Pays de la Loire";"2018";;88244;984;524464;96394;39764;1393;43116;32758;21922;99190;
"86";"Vienne";"75";"Nouvelle-Aquitaine";"2018";;70001;3090;267540;59473;22982;957;16525;22570;12322;52374;
"87";"Haute-Vienne";"75";"Nouvelle-Aquitaine";"2018";;46739;1131;197086;30069;11859;574;21421;15622;9203;46821;
"88";"Vosges";"44";"Grand Est";"2018";;61448;2152;225931;35247;12827;280;16206;17094;10883;44463;
"89";"Yonne";"27";"Bourgogne-Franche-Comté";"2018";;40314;783;231726;29992;13356;520;19072;18353;12151;50096;
"90";"Territoire de Belfort";"27";"Bourgogne-Franche-Comté";"2018";;12342;1103;55569;4336;3417;121;5380;6926;2749;15176;
"91";"Essonne";"11";"Île-de-France";"2018";;41154;59;554448;16408;9510;2360;43930;89126;45313;180728;
"92";"Hauts-de-Seine";"11";"Île-de-France";"2018";;103261;2631;257276;59815;2449;1061;5839;71463;36101;114463;
"93";"Seine-Saint-Denis";"11";"Île-de-France";"2018";;26837;24;378553;37494;6300;742;17897;59036;26400;104074;
"94";"Val-de-Marne";"11";"Île-de-France";"2018";;71292;0;382853;27937;4555;1346;20151;68843;33537;123877;
"95";"Val-d'Oise";"11";"Île-de-France";"2018";;63381;0;500009;49537;9983;2750;21649;80178;39132;143710;
"XX";"Département fictif";"XX";"Région fictive";"2018";6814350.8;;;;;;;;;;;
"01";"Ain";"84";"Auvergne-Rhône-Alpes";"2019";;68096.015;4305;381570.95;31511.647;21036;2666.336;43851.586;36820.698;16787.048;100125.67;
"02";"Aisne";"32";"Hauts-de-France";"2019";;57541.12;2055;292410.57;47871.218;15616;3843.6832;17108.43;25567.592;12558.984;59078.69;
"03";"Allier";"84";"Auvergne-Rhône-Alpes";"2019";;39445.445;957;234416.06;37143.221;12231;807.7384;20503.772;16237.302;9533.05;47081.86;
"04";"Alpes-de-Haute-Provence";"93";"Provence-Alpes-Côte d'Azur";"2019";;20129.59;287;96928.39;9444.685;10301;554.6848;7967.654;12140.588;6563.726;27226.65;
"05";"Hautes-Alpes";"93";"Provence-Alpes-Côte d'Azur";"2019";;25033.97;299;90951.21;10034.863;8778;550.8824;6735.332;11658.848;5340.802;24285.86;
"06";"Alpes-Maritimes";"93";"Provence-Alpes-Côte d'Azur";"2019";;41456.545;1101;430622.53;14029.503;16783;2521.3016;31095.762;113422.242;62047.594;209086.9;
"07";"Ardèche";"84";"Auvergne-Rhône-Alpes";"2019";;34348.405;1083;133148.93;10450.526;12598;1002.3592;15899.418;16018.706;7302.912;40223.4;
"08";"Ardennes";"44";"Grand Est";"2019";;27716.845;95;150417.99;21978.369;7563;1025.7168;7828.534;10951.408;5049.464;24855.12;
"09";"Ariège";"76";"Occitanie";"2019";;10778.82;371;75748.44;8840.228;7239;961.3088;10653.41;4896.062;2202.166;18712.95;
"10";"Aube";"44";"Grand Est";"2019";;29214.185;77;197874.29;43579.568;9256;1676.8584;10029.59;18204.888;9709.096;39620.43;
"11";"Aude";"76";"Occitanie";"2019";;18622.955;392;248254.6;28876.137;9494;2543.6504;11782.798;30996.898;10688.412;56011.76;
"12";"Aveyron";"76";"Occitanie";"2019";;33554.105;0;158944.25;25672.493;9379;991.1072;12446.948;12386.12;5343.392;31167.57;
"13";"Bouches-du-Rhône";"93";"Provence-Alpes-Côte d'Azur";"2019";;118495.195;22013;1016568.66;81722.702;28693;10459.316;53788.01;163953.882;60545.986;288747.19;
"14";"Calvados";"28";"Normandie";"2019";;70421.455;3186;422817.45;79374.432;24374;2242.0192;38466.828;45384.2;22874.214;108967.26;
"15";"Cantal";"84";"Auvergne-Rhône-Alpes";"2019";;24605.555;5623;80589.02;16922.11;10084;398.7864;8479.66;6064.078;2674.952;17617.48;
"16";"Charente";"75";"Nouvelle-Aquitaine";"2019";;35188.335;8030;284054.39;43146.704;21990;1832.6016;18114.534;20876.14;10845.44;51668.72;
"17";"Charente-Maritime";"75";"Nouvelle-Aquitaine";"2019";;59388.29;1893;454501.52;53200.772;37320;3082.4272;28756.548;55573.852;30583.756;117996.58;
"18";"Cher";"24";"Centre-Val de Loire";"2019";;34902.725;0;193350.51;29715.312;10957;947.1856;12722.746;17518.242;8130.01;39318.18;
"19";"Corrèze";"75";"Nouvelle-Aquitaine";"2019";;34165.885;791;170050.09;22629.251;10356;570.5152;11321.186;17695.028;7716.128;37302.86;
"21";"Côte-d'Or";"27";"Bourgogne-Franche-Comté";"2019";;60348.21;3567;349181.3;52998.786;12378;3328.1864;20792.964;43120.54;19889.276;87130.97;
"22";"Côtes-d'Armor";"53";"Bretagne";"2019";;59224.36;3965;367417.03;58576.753;41369;1883.5848;23854.714;37233.322;16330.024;79301.64;
"23";"Creuse";"75";"Nouvelle-Aquitaine";"2019";;28295.67;779;75577.27;20937.458;6739;349.7432;8592.14;5358.488;3191.842;17492.21;
"24";"Dordogne";"75";"Nouvelle-Aquitaine";"2019";;62278.19;200;222759.63;37065.901;22903;1663.0456;21878.47;18968.568;9224.174;51734.26;
"25";"Doubs";"27";"Bourgogne-Franche-Comté";"2019";;98974.005;746;338815.53;35807.973;21639;1750.5784;36044.882;29317.69;15471.846;82585;
"26";"Drôme";"84";"Auvergne-Rhône-Alpes";"2019";;54539.68;699;406074.61;37855.059;18064;3148.62;24745.156;45665.252;17450.754;91009.78;
"27";"Eure";"28";"Normandie";"2019";;57556.33;1627;343618.36;45364.882;21916;3453.5104;20745.53;36397.196;20932.676;81528.91;
"28";"Eure-et-Loir";"24";"Centre-Val de Loire";"2019";;44428.41;330;292344.69;41311.959;17638;1679.264;14616.85;32746.11;17493.452;66535.68;
"29";"Finistère";"53";"Bretagne";"2019";;138151.585;1921;461809.44;68459.228;32184;2104.7448;54151.35;46568.792;20071.686;122896.57;
"2A";"Corse-du-Sud";"94";"Corse";"2019";;3357.185;433;52445.35;6685.928;16331;0;23894.008;0;0;23894.01;
"2B";"Haute-Corse";"94";"Corse";"2019";;8453.38;0;108751.4;8062.259;6148;0;57650.292;0;0;57650.29;
"30";"Gard";"76";"Occitanie";"2019";;46363.46;973;361048.07;30156.442;16181;4313.7064;34297.964;46110.88;15643.6;100366.15;
"31";"Haute-Garonne";"76";"Occitanie";"2019";;37680.24;0;645608.31;41114.482;21139;8813.42;50678.752;91065.584;35188.406;185746.16;
"32";"Gers";"76";"Occitanie";"2019";;26968.175;0;104248.25;33457.865;15502;977.76;7578.562;9296.62;3717.538;21570.48;
"33";"Gironde";"75";"Nouvelle-Aquitaine";"2019";;50296.935;5914;822383.65;81398.889;30731;11364.9856;64272.552;115554.256;49308.716;240500.51;
"34";"Hérault";"76";"Occitanie";"2019";;97725.94;1052;672746.64;101294.601;17009;7803.5336;46846.218;92324.25;33690.276;180664.28;
"35";"Ille-et-Vilaine";"53";"Bretagne";"2019";;56808.505;6663;644139.12;86409.724;30351;3074.4344;31808.974;74651.496;30640.81;140175.71;
"36";"Indre";"24";"Centre-Val de Loire";"2019";;26380.9;0;148258.42;26355.857;8750;684.2768;9585.96;12122.828;6774.404;29167.47;
"37";"Indre-et-Loire";"24";"Centre-Val de Loire";"2019";;44606.705;188;319089.91;46523.444;16786;1998.5104;26415.78;38633.994;20643.41;87691.69;
"38";"Isère";"84";"Auvergne-Rhône-Alpes";"2019";;100493.315;3556;638346.06;40345.112;36256;4152.376;56796.258;81107.182;32182.008;174237.82;
"39";"Jura";"27";"Bourgogne-Franche-Comté";"2019";;44999.63;1203;182108.91;18382.692;12611;1290.488;14637.718;18473.73;7037.548;41439.48;
"40";"Landes";"75";"Nouvelle-Aquitaine";"2019";;19946.225;1461;250560.37;40804.446;29932;1738.3952;28725.246;24515.164;9538.822;64517.63;
"41";"Loir-et-Cher";"24";"Centre-Val de Loire";"2019";;34065.33;710;202530.84;29907.278;17129;1691.6024;14359.256;22643.704;10467.744;49162.31;
"42";"Loire";"84";"Auvergne-Rhône-Alpes";"2019";;56697.81;12311;378074.47;27391.757;16603;2757.7488;30862.81;40254.446;16429.628;90304.63;
"43";"Haute-Loire";"84";"Auvergne-Rhône-Alpes";"2019";;42949.66;0;143095.29;16800.701;8424;615.5232;10185.656;13553.1;5357.6;29711.88;
"44";"Loire-Atlantique";"52";"Pays de la Loire";"2019";;146882.125;3373;869519.99;186640.87;27437;4069.4992;49686.856;115979.534;50126.786;219862.68;
"45";"Loiret";"24";"Centre-Val de Loire";"2019";;126848.865;1333;455291.77;90693.191;23086;4266.836;17736.912;53863.194;25321.616;101188.56;
"46";"Lot";"76";"Occitanie";"2019";;21435.96;7160;100464.44;10757.973;15333;740.9248;9468.3;10919.514;5507.746;26636.48;
"47";"Lot-et-Garonne";"75";"Nouvelle-Aquitaine";"2019";;84421.415;170;270655.98;66973.095;22948;1970.264;21958.168;15374.462;7923.698;47226.59;
"48";"Lozère";"76";"Occitanie";"2019";;21512.01;556;56627.78;7742.203;5660;415.936;4428.752;4258.182;2131.422;11234.29;
"49";"Maine-et-Loire";"52";"Pays de la Loire";"2019";;54412.93;2564;438794.09;57301.124;38440;2019.3848;19742.238;44333.992;23647.884;89743.5;
"50";"Manche";"28";"Normandie";"2019";;70571.02;14376;297241.55;64202.565;19622;1939.3016;28048.22;24551.128;12743.836;67282.49;
"51";"Marne";"44";"Grand Est";"2019";;57454.93;5888;415636.45;85580.904;14021;4004.2376;17280.924;38123.986;16595.388;76004.54;
"52";"Haute-Marne";"44";"Grand Est";"2019";;28042.17;55;147985.05;22448.808;7647;995.2976;4970.728;16111.65;5698.592;27776.27;
"53";"Mayenne";"52";"Pays de la Loire";"2019";;29435.575;4143;197889.32;46504.406;18019;529.1544;11064.776;13971.422;6579.192;32144.54;
"54";"Meurthe-et-Moselle";"44";"Grand Est";"2019";;77523.68;728;299289.3;66210.824;9261;1274.968;16722.742;37419.876;13746.462;69164.05;
"55";"Meuse";"44";"Grand Est";"2019";;23221.445;2476;99115.08;25849.846;6245;539.32;4455.762;8868.974;3831.202;17695.26;
"56";"Morbihan";"53";"Bretagne";"2019";;53600.04;4744;449206.37;57355.649;41132;1607.6392;43152.212;43463.826;20102.84;108326.52;
"57";"Moselle";"44";"Grand Est";"2019";;118054.105;3606;346209.12;56139.555;12108;2385.036;20057.626;50031.252;16898.862;89372.78;
"58";"Nièvre";"27";"Bourgogne-Franche-Comté";"2019";;25927.98;983;118880.54;27719.411;8289;1058.3864;12198.012;10253.884;6174.116;29684.4;
"59";"Nord";"32";"Hauts-de-France";"2019";;179352.095;2456;962169;179563.911;29123;15926.7792;42999.772;125351.338;51746.202;236024.09;
"60";"Oise";"32";"Hauts-de-France";"2019";;62112.57;25;427399.18;50318.77;24684;4006.9536;31570.842;45483.656;21154.898;102216.35;
"61";"Orne";"28";"Normandie";"2019";;44692.895;1396;165690.64;38502.101;16906;1282.4952;13348.268;9588.698;6100.486;30319.95;
"62";"Pas-de-Calais";"32";"Hauts-de-France";"2019";;86079.305;1302;863945.11;111891.837;24340;7462.792;37308.284;76034.038;39565.21;160370.32;
"63";"Puy-de-Dôme";"84";"Auvergne-Rhône-Alpes";"2019";;66537.835;2229;374784.07;46048.997;16774;5301.3216;23844.058;48411.096;20753.892;98310.37;
"64";"Pyrénées-Atlantiques";"75";"Nouvelle-Aquitaine";"2019";;25107.485;372;282653.93;40420.68;23420;2196.5456;36615.718;31324.052;14873.704;85010.02;
"65";"Hautes-Pyrénées";"76";"Occitanie";"2019";;19196.71;301;119996.93;18902.73;10364;1023.8544;14227.092;10049.422;4439.556;29739.92;
"66";"Pyrénées-Orientales";"76";"Occitanie";"2019";;19718.92;1539;227185.63;17024.481;12330;3669.3936;24370.346;27878.168;9569.384;65487.29;
"67";"Bas-Rhin";"44";"Grand Est";"2019";;162630.39;2403;455991.41;62829.408;20183;2587.4168;31849.748;65497.326;39029.598;138964.09;
"68";"Haut-Rhin";"44";"Grand Est";"2019";;95703.01;4625;352034.75;38154.323;12764;2235.3456;30352.506;50040.576;23489.228;106117.66;
"69";"Rhône";"84";"Auvergne-Rhône-Alpes";"2019";;153556.78;7289;870415.86;136310.076;28938;5802.928;51075.17;123674.72;42347.98;222900.8;
"70";"Haute-Saône";"27";"Bourgogne-Franche-Comté";"2019";;38537.07;1912;146984.55;21572.893;13552;370.54;9622.294;11467.336;4902.5;26362.67;
"71";"Saône-et-Loire";"27";"Bourgogne-Franche-Comté";"2019";;64500.54;1219;408191.92;47558.427;14368;1672.28;31054.174;37814.592;17146.466;87687.51;
"72";"Sarthe";"52";"Pays de la Loire";"2019";;55286.66;1207;373861.98;41273.048;28869;2111.5736;32807.974;37010.804;20430.734;92361.09;
"73";"Savoie";"84";"Auvergne-Rhône-Alpes";"2019";;73092.5;2795;343905.86;32240.352;19931;2140.6736;29672.89;30679.882;13693.404;76186.85;
"74";"Haute-Savoie";"84";"Auvergne-Rhône-Alpes";"2019";;123650.54;1174;453885.96;38137.122;25629;2728.804;47825.016;68504.02;26005.968;145063.81;
"75";"Paris";"11";"Île-de-France";"2019";;12337;0;115097.49;4008.919;1058;1789.6888;8440.292;40498.72;28434.722;79163.42;
"76";"Seine-Maritime";"28";"Normandie";"2019";;83959.2;4444;667711.01;95371.279;25462;5582.2336;45528.056;69429.834;35788.694;156328.82;
"77";"Seine-et-Marne";"11";"Île-de-France";"2019";;66115.335;1052;704018.14;42774.461;21910;8659.4616;50950.776;100427.472;52173.996;212211.71;
"78";"Yvelines";"11";"Île-de-France";"2019";;52432.25;52;503465.17;20164.332;12787;4917.7448;37395.16;117426.308;57523.974;217263.19;
"79";"Deux-Sèvres";"75";"Nouvelle-Aquitaine";"2019";;45294.535;3797;273235.8;46221.342;25179;1275.9768;19847.836;18272.672;9364.7;48761.18;
"80";"Somme";"32";"Hauts-de-France";"2019";;62904.335;2835;346438.16;61065.136;17533;3838.6392;10852.692;39042.77;16083.9;69818;
"81";"Tarn";"76";"Occitanie";"2019";;32311.955;4017;177044.55;25699.547;13031;3198.7496;16770.546;16502.37;6732.742;43204.41;
"82";"Tarn-et-Garonne";"76";"Occitanie";"2019";;22348.56;104;172278.79;24303.26;9433;1673.6768;9365.07;13888.912;6449.322;31376.98;
"83";"Var";"93";"Provence-Alpes-Côte d'Azur";"2019";;39964.275;1920;530927.32;26343.081;28259;6189.6088;48275.676;100321.578;48909.782;203696.64;
"84";"Vaucluse";"93";"Provence-Alpes-Côte d'Azur";"2019";;49364.055;699;351990.08;23756.418;15712;5007.6832;18628.242;51423.488;18374.718;93434.13;
"85";"Vendée";"52";"Pays de la Loire";"2019";;81089.58;873;463359.54;95751.036;40128;2554.3592;34379.66;32733.9;17779.536;87447.46;
"86";"Vienne";"75";"Nouvelle-Aquitaine";"2019";;61194.9;2429;259878.47;56753.363;23888;1751.1992;14792.6;27350.696;12479.138;56373.63;
"87";"Haute-Vienne";"75";"Nouvelle-Aquitaine";"2019";;41642.445;723;194557.42;29491.949;11816;1212.1896;19067.58;18962.352;9615.042;48857.16;
"88";"Vosges";"44";"Grand Est";"2019";;46576.4;2015;222822.92;37717.2;12410;597.9856;15053.08;20695.654;11385.27;47731.99;
"89";"Yonne";"27";"Bourgogne-Franche-Comté";"2019";;37136.06;977;217299.73;28140.919;13433;1076.1568;14453.384;23500.032;11842.22;50871.79;
"90";"Territoire de Belfort";"27";"Bourgogne-Franche-Comté";"2019";;12481.495;1017;54345.81;4032.883;3309;515.652;7658.334;9352.934;3929.696;21456.62;
"91";"Essonne";"11";"Île-de-France";"2019";;38602.135;1396;546639.6;19499.922;8512;3855.944;39707.808;98459.59;46314.972;188338.31;
"92";"Hauts-de-Seine";"11";"Île-de-France";"2019";;81083.665;914;246364.08;51132.895;2413;1721.556;5564.06;76909.162;37998.038;122192.82;
"93";"Seine-Saint-Denis";"11";"Île-de-France";"2019";;23429.315;0;372780.66;50201.953;6233;1514.4416;14755.452;65264.448;27805.944;109340.29;
"94";"Val-de-Marne";"11";"Île-de-France";"2019";;56643.73;0;351745.5;22297.756;3962;2347.3224;19813.204;75972.026;35138.9;133271.45;
"95";"Val-d'Oise";"11";"Île-de-France";"2019";;60027.955;339;486647.02;53308.738;9391;4717.7696;20261.348;88242.484;38728.492;151950.09;
"XX";"Département fictif";"XX";"Région fictive";"2019";7124624;;;;;;;;;;;
"01";"Ain";"84";"Auvergne-Rhône-Alpes";"2020";;63465.4;885;321830;31799.6;18865;2753.7;31592.7;34860.2;16604.3;85810.9;
"02";"Aisne";"32";"Hauts-de-France";"2020";;62581.5;2238;255480.7;66621.8;14048;3615;13258.2;22810.7;11476.9;51160.8;
"03";"Allier";"84";"Auvergne-Rhône-Alpes";"2020";;39483.5;236;201524.2;39507.4;11820;1169.3;15513.4;15223.4;8437.5;40343.6;
"04";"Alpes-de-Haute-Provence";"93";"Provence-Alpes-Côte d'Azur";"2020";;19607.4;154;81380.4;10096.5;10691;656;6197.6;11156.8;6046.8;24057.2;
"05";"Hautes-Alpes";"93";"Provence-Alpes-Côte d'Azur";"2020";;24891.2;433;76837.3;9162.4;8310;497.1;5315.6;11050.9;5177.3;22041;
"06";"Alpes-Maritimes";"93";"Provence-Alpes-Côte d'Azur";"2020";;40031;65;342033.6;23733.1;15484;1929.5;22585.5;94062.7;52953;171530.7;
"07";"Ardèche";"84";"Auvergne-Rhône-Alpes";"2020";;32041.6;28;107017.9;10130.1;12085;1136.1;10512.6;14779.9;7130.7;33559.2;
"08";"Ardennes";"44";"Grand Est";"2020";;25644.9;0;105751.9;23417.6;6163;867.3;6553;9436.2;4553.1;21409.7;
"09";"Ariège";"76";"Occitanie";"2020";;10954.6;355;63516;8901.1;6615;1061.7;8174.9;5147.7;2385.3;16769.6;
"10";"Aube";"44";"Grand Est";"2020";;28038.8;784;173037.4;49566.7;8219;1519.3;7900;16477.7;9064;34960.9;
"11";"Aude";"76";"Occitanie";"2020";;17060.5;78;210817.7;32009.5;9443;2582.4;8663;27031.8;9461.3;47738.4;
"12";"Aveyron";"76";"Occitanie";"2020";;29346;0;126736.3;25798;8988;1134;9522.3;10443.8;4576.3;25676.4;
"13";"Bouches-du-Rhône";"93";"Provence-Alpes-Côte d'Azur";"2020";;119997.6;15359;865859.1;84603.5;26930;9388.1;43675.9;143715.4;59146.9;255926.3;
"14";"Calvados";"28";"Normandie";"2020";;71182.8;1975;348576;72875.8;23942;2247.5;28219.2;41187.2;21247.5;92901.5;
"15";"Cantal";"84";"Auvergne-Rhône-Alpes";"2020";;28068.4;5091;70109.6;20581.1;9504;519.9;6848.3;5708.1;2607.3;15683.6;
"16";"Charente";"75";"Nouvelle-Aquitaine";"2020";;35539;5374;244144.4;46271.6;20974;1860.9;12639.7;20608.8;10936.8;46046.3;
"17";"Charente-Maritime";"75";"Nouvelle-Aquitaine";"2020";;56955.5;1211;373654.7;57910.9;36077;3391.4;20004.6;49911.3;29400.9;102708.2;
"18";"Cher";"24";"Centre-Val de Loire";"2020";;34306.2;0;170722.3;31849.6;10228;897.6;9889.2;15811.4;7616.3;34214.5;
"19";"Corrèze";"75";"Nouvelle-Aquitaine";"2020";;33974.1;530;144732.1;23190.8;9797;617.5;8456.6;16466.7;7380.5;32921.2;
"21";"Côte-d'Or";"27";"Bourgogne-Franche-Comté";"2020";;56500.1;2607;296360;50263.6;11189;2672.6;15467.9;37725.6;17256.1;73122.2;
"22";"Côtes-d'Armor";"53";"Bretagne";"2020";;61054.6;2995;310669.2;63283.9;42138;1599.5;18002.8;32333.2;14705.7;66641.2;
"23";"Creuse";"75";"Nouvelle-Aquitaine";"2020";;29496.4;767;65875.9;22755.8;6354;357.7;6172.8;5232.6;2838.8;14601.9;
"24";"Dordogne";"75";"Nouvelle-Aquitaine";"2020";;60018.7;87;189663.7;38103.9;21085;1307.6;17374.8;17267.9;8844.3;44794.7;
"25";"Doubs";"27";"Bourgogne-Franche-Comté";"2020";;86577.9;351;262558;31678.1;21026;1902.4;23529.3;25110.9;13499.7;64042.3;
"26";"Drôme";"84";"Auvergne-Rhône-Alpes";"2020";;48012.1;1136;343084.5;35464.2;17141;2802.5;18261.9;40832.9;16297.5;78194.8;
"27";"Eure";"28";"Normandie";"2020";;59052.8;783;292947.2;47677;20984;3677.9;16350.1;32908.2;19637.6;72573.7;
"28";"Eure-et-Loir";"24";"Centre-Val de Loire";"2020";;45064.7;142;248214.9;43040.5;16707;1660.3;11085.7;28435.5;15979;57160.5;
"29";"Finistère";"53";"Bretagne";"2020";;165004.8;1704;395223.2;71643.8;31420;2122.2;43174.3;42621;19213;107130.6;
"2A";"Corse-du-Sud";"94";"Corse";"2020";;1985.7;0;40726;6675.8;14306;0;16697.9;0;0;16697.9;
"2B";"Haute-Corse";"94";"Corse";"2020";;3136.6;0;100900.1;4399.3;5675;0;44055.7;0;0;44055.7;
"30";"Gard";"76";"Occitanie";"2020";;39677.8;894;304432.5;27350.4;14732;3971;24872.7;41948.2;14789.9;85581.7;
"31";"Haute-Garonne";"76";"Occitanie";"2020";;36110.2;769;546033;44204.5;19185;8185.1;32452.1;83356.1;32362.5;156355.8;
"32";"Gers";"76";"Occitanie";"2020";;24296.3;0;87577.9;38668;13847;1010.9;5290.9;9016.2;3653.6;18971.6;
"33";"Gironde";"75";"Nouvelle-Aquitaine";"2020";;49214.5;3974;702311.8;75940.7;27811;9929.4;47804.9;105011.8;46273.1;209019.1;
"34";"Hérault";"76";"Occitanie";"2020";;104520.6;813;561194.7;104712.3;15065;7528.1;33628;80228.9;32134.9;153520;
"35";"Ille-et-Vilaine";"53";"Bretagne";"2020";;61777.9;3812;543539.7;91622.9;29628;2896;23781.8;63615.4;27833.2;118126.5;
"36";"Indre";"24";"Centre-Val de Loire";"2020";;25355.1;0;127477.2;27237;8512;628.1;7494.9;11287.1;6476.8;25887;
"37";"Indre-et-Loire";"24";"Centre-Val de Loire";"2020";;44599.9;176;272549.4;49235.3;15377;1847.3;20001.2;34139.4;19463.3;75451.2;
"38";"Isère";"84";"Auvergne-Rhône-Alpes";"2020";;96387.5;1806;565091.8;44512;33109;4351;43574.7;72775.9;30608.3;151309.9;
"39";"Jura";"27";"Bourgogne-Franche-Comté";"2020";;42323.5;971;151331.3;20619.5;11855;1295.9;11196.3;16040.1;5439.4;33971.7;
"40";"Landes";"75";"Nouvelle-Aquitaine";"2020";;63386;964;249045.5;66370.1;26234;1679;23258.1;25741.1;9919.2;60597.3;
"41";"Loir-et-Cher";"24";"Centre-Val de Loire";"2020";;32488.6;347;172538.3;30820.1;14636;1637.4;10351;19530.9;9362.6;40882;
"42";"Loire";"84";"Auvergne-Rhône-Alpes";"2020";;51749.5;7188;316176.9;28244.5;15407;2591;23985.5;35992.3;15376.7;77945.6;
"43";"Haute-Loire";"84";"Auvergne-Rhône-Alpes";"2020";;38728;0;131728.3;21403.1;7932;645.2;10039.7;11312.2;5233.8;27230.9;
"44";"Loire-Atlantique";"52";"Pays de la Loire";"2020";;136371.2;3128;744346.3;170674.6;25911;4305.5;37604.9;101626.5;45184.9;188721.8;
"45";"Loiret";"24";"Centre-Val de Loire";"2020";;96078.2;376;376032.8;70676.2;20957;4150;14153.7;44832.8;22531.1;85667.6;
"46";"Lot";"76";"Occitanie";"2020";;21641.3;3440;83549.7;12250.3;13808;763.7;6717.3;9895.6;5287.7;22664.4;
"47";"Lot-et-Garonne";"75";"Nouvelle-Aquitaine";"2020";;80135.6;87;232117.9;80962.5;22959;2903.1;16121.9;14282.2;6958.1;40265.3;
"48";"Lozère";"76";"Occitanie";"2020";;21580.5;248;47642;8903.4;5208;386.5;3937.8;4507;2187.2;11018.5;
"49";"Maine-et-Loire";"52";"Pays de la Loire";"2020";;54168.7;1869;377342.1;62264.3;36036;2171.4;14955.7;38428.8;21388.6;76944.5;
"50";"Manche";"28";"Normandie";"2020";;71889.2;7878;254418.8;68527.2;18377;1676;21593.4;22600.9;11750.4;57620.7;
"51";"Marne";"44";"Grand Est";"2020";;59621.5;2983;375393.5;87669.2;12643;3594.1;12176.6;33932.8;14329.5;64033.1;
"52";"Haute-Marne";"44";"Grand Est";"2020";;24129;54;134351.2;23816.7;7291;857.7;3577.3;13699.4;5012.4;23146.8;
"53";"Mayenne";"52";"Pays de la Loire";"2020";;27689.8;3401;168512.4;50389.9;16173;442.1;8190.5;12050.5;5931.1;26614.1;
"54";"Meurthe-et-Moselle";"44";"Grand Est";"2020";;57072.1;0;251245;44803.9;8441;1207.7;11278.3;32458.6;12579.9;57524.6;
"55";"Meuse";"44";"Grand Est";"2020";;23527.3;2556;87487.5;31231.2;5693;427;3565.9;7716.7;3461.3;15170.9;
"56";"Morbihan";"53";"Bretagne";"2020";;52761.8;3278;386208.8;57836.8;38443;1776.9;32762.5;40902;19586.4;95027.8;
"57";"Moselle";"44";"Grand Est";"2020";;119707.8;2559;310494.2;59765.9;11705;2161;15454.1;43964;15783.5;77362.5;
"58";"Nièvre";"27";"Bourgogne-Franche-Comté";"2020";;23129.3;953;94198.9;25288.9;7964;1245.6;9858.6;8928.5;5393.5;25426.2;
"59";"Nord";"32";"Hauts-de-France";"2020";;185496.9;1396;838965.8;168423.7;26452;12816.3;33750.2;115640.1;48581.9;210788.5;
"60";"Oise";"32";"Hauts-de-France";"2020";;60976.9;0;368689.2;57082.3;24295;3571.9;24866;39848.3;19779.3;88065.6;
"61";"Orne";"28";"Normandie";"2020";;44168.1;658;142086.2;43497.9;15883;1103.4;10447;8637.1;5654.2;25841.7;
"62";"Pas-de-Calais";"32";"Hauts-de-France";"2020";;92069.5;770;787215.1;115477.2;22522;6870.4;29386;69442.9;35861.5;141560.8;
"63";"Puy-de-Dôme";"84";"Auvergne-Rhône-Alpes";"2020";;62869.7;1664;316229.7;47703;15549;4854.7;19146.7;42103.5;18814.2;84919.1;
"64";"Pyrénées-Atlantiques";"75";"Nouvelle-Aquitaine";"2020";;28890.5;229;267155.7;43964.4;20778;1988.7;29569;33128;14974.3;79660;
"65";"Hautes-Pyrénées";"76";"Occitanie";"2020";;20961.9;0;106229.8;20888.4;9235;1177;10477.5;9808.8;4550.9;26014.2;
"66";"Pyrénées-Orientales";"76";"Occitanie";"2020";;17104.5;819;196637.9;14942.3;10977;3470.6;19653.7;26117.3;9213.5;58455.1;
"67";"Bas-Rhin";"44";"Grand Est";"2020";;163457.6;792;384198.5;62085.9;17962;1946.9;22853;54169.6;34193.2;113162.7;
"68";"Haut-Rhin";"44";"Grand Est";"2020";;99290.9;2342;302453.7;38225;12146;1970.8;21430.9;43068.1;21043.5;87513.3;
"69";"Rhône";"84";"Auvergne-Rhône-Alpes";"2020";;145334.9;5332;741350.9;126470.2;26754;4809.6;39663.1;106177.9;39950.2;190600.8;
"70";"Haute-Saône";"27";"Bourgogne-Franche-Comté";"2020";;33874.4;1303;123404.9;21453.7;13255;564.8;7342.3;10206.5;3901;22014.6;
"71";"Saône-et-Loire";"27";"Bourgogne-Franche-Comté";"2020";;58877.1;0;341904;48058.8;12476;1496.4;24067.1;32083.5;15745.9;73392.9;
"72";"Sarthe";"52";"Pays de la Loire";"2020";;51660.8;1371;318312.6;46037.8;26469;1971.7;26017.7;32239.2;18304.9;78533.4;
"73";"Savoie";"84";"Auvergne-Rhône-Alpes";"2020";;66932.4;2935;285277.3;27242.7;17656;2027.4;23240.7;28549.3;13067.3;66884.6;
"74";"Haute-Savoie";"84";"Auvergne-Rhône-Alpes";"2020";;130618.4;0;379035.8;34227.2;25548;2735;39295.8;61051;24665.8;127747.7;
"75";"Paris";"11";"Île-de-France";"2020";;11769.2;0;121888.1;2186.9;1101;718.2;5694.5;32612.1;24294.6;63319.4;
"76";"Seine-Maritime";"28";"Normandie";"2020";;89751.7;4584;583593.2;102617.2;23844;5015.1;35661.9;60144.5;32882.6;133704;
"77";"Seine-et-Marne";"11";"Île-de-France";"2020";;76142.9;328;598979.2;43655.2;19561;7696.8;40002;86748.9;48604.7;183052.3;
"78";"Yvelines";"11";"Île-de-France";"2020";;48399.1;53;413477.7;21464.6;11981;3970.2;27836.3;100851.5;50804.3;183462.3;
"79";"Deux-Sèvres";"75";"Nouvelle-Aquitaine";"2020";;45811.7;3625;231592.3;48406.7;24350;1266.9;15327.5;16463.4;8723.9;41781.7;
"80";"Somme";"32";"Hauts-de-France";"2020";;70247.4;1330;296806.9;75119.9;15908;3686.2;8724.9;32938.8;14673.2;60023.2;
"81";"Tarn";"76";"Occitanie";"2020";;29179.5;2489;149059.8;27588.7;12294;3237.1;12265.7;16732.3;7018.4;39253.5;
"82";"Tarn-et-Garonne";"76";"Occitanie";"2020";;19619.2;0;147118;24286.1;8983;1431.6;7224.6;12556.2;5810.6;27023.1;
"83";"Var";"93";"Provence-Alpes-Côte d'Azur";"2020";;30109.9;1989;459170.3;31366.5;25326;5799.8;36359.2;89225.7;45305;176689.7;
"84";"Vaucluse";"93";"Provence-Alpes-Côte d'Azur";"2020";;42451.1;803;300275.4;23842.4;14559;5061.1;11266.9;46578.7;16338.6;79245.4;
"85";"Vendée";"52";"Pays de la Loire";"2020";;79722.4;832;398151.7;107387.2;37305;2800.5;22707.5;31996.3;17933.1;75437.4;
"86";"Vienne";"75";"Nouvelle-Aquitaine";"2020";;64265.6;1560;222490.4;67573.8;22519;1781.9;9998.9;24797.9;11326.1;47904.7;
"87";"Haute-Vienne";"75";"Nouvelle-Aquitaine";"2020";;41366.1;170;166474.1;29333.4;10928;793.1;13051.5;18796.7;9309.5;41950.9;
"88";"Vosges";"44";"Grand Est";"2020";;60474.1;471;194071.9;41712.8;11153;714.9;11035.4;18157;10164.5;40071.8;
"89";"Yonne";"27";"Bourgogne-Franche-Comté";"2020";;40064.8;617;186161.4;28907.4;12289;959.6;10875.3;21797;11133.4;44765.4;
"90";"Territoire de Belfort";"27";"Bourgogne-Franche-Comté";"2020";;11893.4;771;42213.6;3410.6;2208;163;3283.9;6827.2;2887.6;13161.6;
"91";"Essonne";"11";"Île-de-France";"2020";;35185.8;202;464333.9;21678.6;7349;3577.8;31560.2;86682.4;44221.3;166041.7;
"92";"Hauts-de-Seine";"11";"Île-de-France";"2020";;76754.7;358;199953.5;44083.6;2166;999.8;4016.6;64608.2;33652.9;103277.5;
"93";"Seine-Saint-Denis";"11";"Île-de-France";"2020";;21025.3;185;299265.7;33120;5733;1367.2;10175.3;58012.3;26209.2;95764;
"94";"Val-de-Marne";"11";"Île-de-France";"2020";;68881;0;297665.7;19182.7;3625;1094.4;16101.6;63918.5;31707;112821.5;
"95";"Val-d'Oise";"11";"Île-de-France";"2020";;59635;0;405131.1;56336.9;8463;3338.7;15230.8;74349.1;34946.3;127864.8;
"XX";"Département fictif";"XX";"Région fictive";"2020";3247218.7;;;;;;;;;;;
"01";"Ain";"84";"Auvergne-Rhône-Alpes";"2021";;56942.015;170;345631.049;28690.1825;21056;3276.272;34324.53;47087.902;20121.932;104810.636;
"02";"Aisne";"32";"Hauts-de-France";"2021";;64136.345;1396;276481.526;50722.3255;15730;4200.876;11992.514;29955.496;14059.408;60208.294;
"03";"Allier";"84";"Auvergne-Rhône-Alpes";"2021";;38049.505;0;223990.6705;41442.553;15853;1725.1256;16394.626;20624.466;9930.726;48674.9436;
"04";"Alpes-de-Haute-Provence";"93";"Provence-Alpes-Côte d'Azur";"2021";;17926.675;168;91959.4685;9054.6565;11035;845.2968;5794.792;14731.698;7207.822;28579.6088;
"05";"Hautes-Alpes";"93";"Provence-Alpes-Côte d'Azur";"2021";;22879.22;379;86522.9505;7560.8415;8225;483.5256;6081.098;13285.812;5815.512;25665.9476;
"06";"Alpes-Maritimes";"93";"Provence-Alpes-Côte d'Azur";"2021";;33993.505;2068;379961.072;23722.684;15784;1809.244;25029.316;111893.698;61351.18;200083.438;
"07";"Ardèche";"84";"Auvergne-Rhône-Alpes";"2021";;26971.555;2027;119131.955;8580.126;13274;1521.9688;11376.02;19152.68;8406.326;40456.9948;
"08";"Ardennes";"44";"Grand Est";"2021";;41039.115;0;119942.907;16698.998;8435;1033.244;7062.486;12046.978;5543.858;25686.566;
"09";"Ariège";"76";"Occitanie";"2021";;9684.545;138;70834.72;7965.733;6985;1394.9376;6939.202;8526.132;3137.526;19997.7976;
"10";"Aube";"44";"Grand Est";"2021";;23734.36;127;181942.5755;39103.885;9537;1662.8904;8247.374;20629.424;10086.348;40626.0364;
"11";"Aude";"76";"Occitanie";"2021";;11284.975;2225;243642.0615;27390.672;10457;3029.504;9379.13;35004.22;11667.58;59080.434;
"12";"Aveyron";"76";"Occitanie";"2021";;23335.52;0;141596.2105;24182.769;9863;1491.5496;10145.548;13891.724;5426.642;30955.4636;
"13";"Bouches-du-Rhône";"93";"Provence-Alpes-Côte d'Azur";"2021";;108314.635;30292;969038.9595;92018.2525;28322;9710.3208;46712.87;176086.478;67606.178;300115.8468;
"14";"Calvados";"28";"Normandie";"2021";;68803.28;671;379159.0545;72676.062;26188;2173.8088;30183.564;52217.212;25278.77;109853.3548;
"15";"Cantal";"84";"Auvergne-Rhône-Alpes";"2021";;20324.785;4345;82234.14;27412.2985;12780;718.1104;7670.1;7715.24;3233.134;19336.5844;
"16";"Charente";"75";"Nouvelle-Aquitaine";"2021";;35382.685;9258;261444.345;44523.9535;21793;1962.892;13334.652;23702.94;12511.106;51511.59;
"17";"Charente-Maritime";"75";"Nouvelle-Aquitaine";"2021";;54346.175;3007;424047.6525;55260.0495;39104;4299.5056;19664.02;66677.774;36271.544;126912.8436;
"18";"Cher";"24";"Centre-Val de Loire";"2021";;32650.8;0;198007.892;33256.547;12313;1290.4104;11205.524;20672.566;9535.27;42703.7704;
"19";"Corrèze";"75";"Nouvelle-Aquitaine";"2021";;33857.46;0;158496.861;21991.228;10562;754.272;8729.706;21180.576;8790.978;39455.532;
"21";"Côte-d'Or";"27";"Bourgogne-Franche-Comté";"2021";;59510.815;25;330681.4595;55363.2555;12733;2179.2408;17846.506;46039.84;20650.588;86716.1748;
"22";"Côtes-d'Armor";"53";"Bretagne";"2021";;57037.5;266;339226.265;59291.2625;38700;1789.9992;19473.248;40096.012;17924.872;79284.1312;
"23";"Creuse";"75";"Nouvelle-Aquitaine";"2021";;27593.475;0;72476.831;21959.2475;6756;516.3504;6573.79;6981.604;2974.06;17045.8044;
"24";"Dordogne";"75";"Nouvelle-Aquitaine";"2021";;56069.975;0;208785.237;36526.574;23099;1873.7296;18948.81;22514.426;11228.316;54565.2816;
"25";"Doubs";"27";"Bourgogne-Franche-Comté";"2021";;78982.995;141;324607.753;35714.954;22305;2627.2256;28165.51;35183.374;16252.62;82228.7296;
"26";"Drôme";"84";"Auvergne-Rhône-Alpes";"2021";;53481.74;514;373724.5405;35456.605;19102;3236.8512;20547.21;53544.624;19903.04;97231.7252;
"27";"Eure";"28";"Normandie";"2021";;53353.3;1513;319114.3715;44967.589;22478;4656.9312;14681.452;42512.334;23872.77;85723.4872;
"28";"Eure-et-Loir";"24";"Centre-Val de Loire";"2021";;42059.03;145;270914.6645;41668.17;19403;1915.944;11997.398;36152.626;18648.74;68714.708;
"29";"Finistère";"53";"Bretagne";"2021";;141512.15;1737;434206.513;63715.343;34486;2726.476;45068.294;57515.612;24040.602;129350.984;
"2A";"Corse-du-Sud";"94";"Corse";"2021";;4865.51;0;30317.7645;3334.656;13891;0;14634.314;0;0;14634.314;
"2B";"Haute-Corse";"94";"Corse";"2021";;5635.305;0;128890.6;5831.0555;6103;0;61353.622;0;0;61353.622;
"30";"Gard";"76";"Occitanie";"2021";;35893.91;1023;338118.6375;26824.9595;15835;4383.7792;26577.914;54242.148;17871.074;103074.9152;
"31";"Haute-Garonne";"76";"Occitanie";"2021";;38895.35;352;616028.6815;52843.81;20454;9146.4016;33847.674;102511.164;38554.74;184059.9796;
"32";"Gers";"76";"Occitanie";"2021";;23216.375;0;94496.783;30530.105;15121;1337.824;6043.728;11197.532;4125.574;22704.658;
"33";"Gironde";"75";"Nouvelle-Aquitaine";"2021";;50138.075;3164;812623.837;84215.428;29533;10447.7536;51456.862;133930.824;54967.644;250803.0836;
"34";"Hérault";"76";"Occitanie";"2021";;74229.025;460;589204.724;69624.471;16173;8642.4672;34586.786;100424.586;36507.086;180160.9252;
"35";"Ille-et-Vilaine";"53";"Bretagne";"2021";;56477.265;1453;602728.6345;88112.874;32603;3574.644;27146.53;79689.934;32497.988;142909.096;
"36";"Indre";"24";"Centre-Val de Loire";"2021";;25041.575;0;139633.2925;27219.7475;9060;549.3304;8544.484;13455.864;7287.446;29837.1244;
"37";"Indre-et-Loire";"24";"Centre-Val de Loire";"2021";;36840.31;688;295687.7785;44628.3285;17570;2107.9264;22163.37;42395.192;22406.164;89072.6524;
"38";"Isère";"84";"Auvergne-Rhône-Alpes";"2021";;87235.265;3113;588631.9975;40055.785;35917;4697.2832;46750.24;92016.188;36027.862;179491.5732;
"39";"Jura";"27";"Bourgogne-Franche-Comté";"2021";;41323.88;746;171893.434;19962.5955;13353;1464.3896;12970.646;20480.092;6514.442;41429.5696;
"40";"Landes";"75";"Nouvelle-Aquitaine";"2021";;35506.055;5457;336552.1775;64951.0595;28195;2090.4664;25127.07;33611.762;11767.924;72597.2224;
"41";"Loir-et-Cher";"24";"Centre-Val de Loire";"2021";;30434.365;84;190934.3565;27170.9835;18081;1960.2536;12778.912;24776.384;11304.018;50819.5676;
"42";"Loire";"84";"Auvergne-Rhône-Alpes";"2021";;44790.07;5324;354230.881;26664.1385;17579;3209.3032;27058.618;45031.368;18160.118;93459.4072;
"43";"Haute-Loire";"84";"Auvergne-Rhône-Alpes";"2021";;32392.23;0;149934.8545;32483.2535;8698;785.8552;13159.124;13612.078;6281.046;33838.1032;
"44";"Loire-Atlantique";"52";"Pays de la Loire";"2021";;137972.445;2293;831583.7645;171851.35;28891;5700.496;42451.654;126995.766;54755.264;229903.18;
"45";"Loiret";"24";"Centre-Val de Loire";"2021";;64643.345;725;399513.766;55184.2315;25236;4318.6728;15035.69;52533.562;25307.038;97194.9628;
"46";"Lot";"76";"Occitanie";"2021";;21188.375;20;93261.2335;9548.726;15408;1101.9976;6045.282;13879.81;6712.836;27739.9256;
"47";"Lot-et-Garonne";"75";"Nouvelle-Aquitaine";"2021";;72889.7;145;259379.223;77975.473;21402;5033.3688;16101.216;22938.372;9861.24;53934.1968;
"48";"Lozère";"76";"Occitanie";"2021";;18776.745;29;82508.02;22010.0155;5746;660.376;4430.898;7261.028;2404.704;14757.006;
"49";"Maine-et-Loire";"52";"Pays de la Loire";"2021";;50715.21;1154;420995.3935;57889.2975;40634;3071.1752;16334.316;48789.828;24836.99;93032.3092;
"50";"Manche";"28";"Normandie";"2021";;71799.65;1137;282645.5795;65676.925;20105;1823.0568;22314.996;29311.918;14646.524;68096.4948;
"51";"Marne";"44";"Grand Est";"2021";;155449.58;718;403826.374;97291.2775;15366;4077.88;11809.068;43280.454;17114.868;76282.27;
"52";"Haute-Marne";"44";"Grand Est";"2021";;21444.41;54;137543.872;20943.804;7832;1031.0712;3955.744;17429.146;6087.684;28503.6452;
"53";"Mayenne";"52";"Pays de la Loire";"2021";;25747.995;3260;179437.9095;51964.221;18453;502.1496;8382.572;15207.074;6840.856;30932.6516;
"54";"Meurthe-et-Moselle";"44";"Grand Est";"2021";;45722.105;0;277323.4565;42277.6365;9187;1637.748;12036.766;40310.76;14696.918;68682.192;
"55";"Meuse";"44";"Grand Est";"2021";;22047.74;1449;97196.7555;27507.405;6371;518.1352;3993.706;9206.488;4026.71;17745.0392;
"56";"Morbihan";"53";"Bretagne";"2021";;49713.885;3219;425121.2955;54623.362;40697;2236.9752;33021.39;54354.924;24390.104;114003.3932;
"57";"Moselle";"44";"Grand Est";"2021";;110354.465;1562;363682.3295;58937.8905;12512;2430.82;16863.416;56091.778;19379.564;94765.578;
"58";"Nièvre";"27";"Bourgogne-Franche-Comté";"2021";;22060.415;784;97643.4805;21969.7685;8377;1527.944;10414.686;11438.698;6744.064;30125.392;
"59";"Nord";"32";"Hauts-de-France";"2021";;221226.07;6691;926610.188;163339.694;29263;11511.2616;33976.582;146473.232;56880.248;248841.3236;
"60";"Oise";"32";"Hauts-de-France";"2021";;54945.28;494;403855.8495;47087.32;25303;3508.0632;26931.56;50279.448;23400.576;104119.6472;
"61";"Orne";"28";"Normandie";"2021";;41508.935;1326;158024.418;42389.1925;17756;1236.2456;11250.812;11714.866;6786.244;30988.1676;
"62";"Pas-de-Calais";"32";"Hauts-de-France";"2021";;195565.11;160;827090.9635;105940.792;24193;7034.3624;32073.598;86885.176;41012.428;167005.5644;
"63";"Puy-de-Dôme";"84";"Auvergne-Rhône-Alpes";"2021";;58220.5;782;357819.7945;57235.409;18453;5116.0128;21989.248;53794.226;21962.312;102861.7988;
"64";"Pyrénées-Atlantiques";"75";"Nouvelle-Aquitaine";"2021";;33876.895;71;291232.3855;38214.1925;22246;2317.2912;30659.162;42793.682;17463.408;93233.5432;
"65";"Hautes-Pyrénées";"76";"Occitanie";"2021";;13737.165;0;110638.502;13834.614;10256;1412.0096;11082.166;12681.306;5549.112;30724.5936;
"66";"Pyrénées-Orientales";"76";"Occitanie";"2021";;18931.38;689;229450.318;20174.769;11981;3856.1768;21286.84;34536.762;11800.854;71480.6328;
"67";"Bas-Rhin";"44";"Grand Est";"2021";;143748.02;129;474468.2925;53048.1345;20832;1818.944;26182.236;73117.92;42314.162;143433.262;
"68";"Haut-Rhin";"44";"Grand Est";"2021";;85115.16;2421;341423.651;31419.881;14184;2283.1472;20383.152;57242.108;25415.522;105323.9292;
"69";"Rhône";"84";"Auvergne-Rhône-Alpes";"2021";;121786.47;5637;805543.7885;117050.2165;28849;4772.4;44740.178;132948.474;46753.2;229214.252;
"70";"Haute-Saône";"27";"Bourgogne-Franche-Comté";"2021";;31754.255;490;130175.832;18158.9955;14388;859.4976;7506.708;12572.896;4801.638;25740.7396;
"71";"Saône-et-Loire";"27";"Bourgogne-Franche-Comté";"2021";;57817.435;302;380311.438;48949.37;13844;1872.0224;27092.214;41064.82;18819.828;88848.8844;
"72";"Sarthe";"52";"Pays de la Loire";"2021";;37654.045;0;306721.218;32630.7145;29885;1893.2848;22084.56;36176.972;18762.034;78916.8508;
"73";"Savoie";"84";"Auvergne-Rhône-Alpes";"2021";;60565.375;2792;292157.8995;21887.9385;18215;1987.6464;26448.636;34923.856;14947.334;78307.4724;
"74";"Haute-Savoie";"84";"Auvergne-Rhône-Alpes";"2021";;102800.165;0;414908.4105;27184.26;27312;3292.956;43289.704;76533.612;30310.252;153426.524;
"75";"Paris";"11";"Île-de-France";"2021";;11557.91;0;99841.5345;2918.5755;551;109.3384;4495.5;37811.114;27396.132;69812.0844;
"76";"Seine-Maritime";"28";"Normandie";"2021";;83657.535;3311;630995.3885;111581.3005;26150;5239.3192;35658.01;76690.566;38038.96;155626.8552;
"77";"Seine-et-Marne";"11";"Île-de-France";"2021";;68684.98;136;638654.0085;39158.2435;22419;7640.3408;42414.284;109043.144;56215.95;215313.7188;
"78";"Yvelines";"11";"Île-de-France";"2021";;47358.87;0;451678.9715;18763.452;12536;2670.3712;30685.21;121597.836;57461.592;212415.0092;
"79";"Deux-Sèvres";"75";"Nouvelle-Aquitaine";"2021";;42033.68;2149;254650.952;44286.396;27634;1878.1528;13297.578;23836.732;10931.28;49943.7428;
"80";"Somme";"32";"Hauts-de-France";"2021";;66047.735;1646;312858.3845;67381.327;17968;4355.0672;8254.7;42007.876;16888.428;71506.0712;
"81";"Tarn";"76";"Occitanie";"2021";;19220.37;2868;170437.6115;18541.0915;12866;3867.1184;11892.91;22324.394;8605.312;46689.7344;
"82";"Tarn-et-Garonne";"76";"Occitanie";"2021";;17354.61;0;170029.881;29747.2925;9367;1838.1888;8010.056;16257.504;7255.848;33361.5968;
"83";"Var";"93";"Provence-Alpes-Côte d'Azur";"2021";;33237.23;1969;522889.358;34405.4235;26715;5798.8928;38172.9;115066.892;53896.272;212934.9568;
"84";"Vaucluse";"93";"Provence-Alpes-Côte d'Azur";"2021";;43390.75;473;323491.859;23401.209;15514;5542.1144;11152.318;59911.362;19706.052;96311.8464;
"85";"Vendée";"52";"Pays de la Loire";"2021";;77141.74;340;446686.5065;106937.5315;42746;4069.1112;19101.324;44396.522;24015.294;91582.2512;
"86";"Vienne";"75";"Nouvelle-Aquitaine";"2021";;63446.825;1251;242002.7895;65232.037;24470;2318.4552;10605.68;30374.188;13263.464;56561.7872;
"87";"Haute-Vienne";"75";"Nouvelle-Aquitaine";"2021";;39951.6;1600;184695.821;29223.664;11601;1014.8528;13940.342;23557.604;11388.526;49901.3248;
"88";"Vosges";"44";"Grand Est";"2021";;58073.47;269;212769.9405;42780.223;12355;995.5304;11754.382;22939.334;12324.404;48013.6504;
"89";"Yonne";"27";"Bourgogne-Franche-Comté";"2021";;22667.97;254;191988.9615;21974.2775;14348;1039.3744;11898.682;26096.914;12918.92;51953.8904;
"90";"Territoire de Belfort";"27";"Bourgogne-Franche-Comté";"2021";;11191.18;784;47840.156;2875.573;2144;269.8152;3490.876;8688.044;3419.984;15868.7192;
"91";"Essonne";"11";"Île-de-France";"2021";;32927.115;51;500653.642;18342.612;8420;3093.0584;32970.626;104860.368;49774.768;190698.8204;
"92";"Hauts-de-Seine";"11";"Île-de-France";"2021";;91289.575;367;239735.2635;43296.754;2340;581.1464;4114.918;73321.346;36946.646;114964.0564;
"93";"Seine-Saint-Denis";"11";"Île-de-France";"2021";;20906.99;586;363470.9075;12549.4655;6037;928.2512;10267.796;68863.882;30278.802;110338.7312;
"94";"Val-de-Marne";"11";"Île-de-France";"2021";;69812.21;0;335631.256;22685.8645;3761;696.7704;18377.826;78164.72;36939.838;134179.1544;
"95";"Val-d'Oise";"11";"Île-de-France";"2021";;73853.845;0;445185.1765;53494.5255;8905;2587.184;16975.6;89785.532;39722.164;149070.48;
"XX";"Département fictif";"XX";"Région fictive";"2021";3281778.32;;;;;;;;;;;
"01";"Ain";"84";"Auvergne-Rhône-Alpes";"2022";;52480.415;0;358955.812;30790.7085;19639;7220.292;31260.338;64531.996;20638.378;123651.004;
"02";"Aisne";"32";"Hauts-de-France";"2022";;49724.025;303;282153.848;60924.1885;14465;8204.7256;9660.404;37757.464;13612.004;69234.5976;
"03";"Allier";"84";"Auvergne-Rhône-Alpes";"2022";;31432.31;0;210465.758;40054.449;11825;3832.1208;15717.23;24672.932;9556.138;53778.4208;
"04";"Alpes-de-Haute-Provence";"93";"Provence-Alpes-Côte d'Azur";"2022";;13884.195;0;90405.784;9567.3465;9748;2319.852;4244.122;18358.734;6676.576;31599.284;
"05";"Hautes-Alpes";"93";"Provence-Alpes-Côte d'Azur";"2022";;22529.39;0;86452.1425;7893.3385;8556;1998.8208;5437.964;15943.818;5612.382;28992.9848;
"06";"Alpes-Maritimes";"93";"Provence-Alpes-Côte d'Azur";"2022";;30069.325;1229;369683.1405;20410.406;14669;7718.096;25480.938;130750.822;57643.558;221593.414;
"07";"Ardèche";"84";"Auvergne-Rhône-Alpes";"2022";;22413.625;1348;117017.1505;9422.3905;11905;3242.8264;11060.262;21799.734;8258.03;44360.8524;
"08";"Ardennes";"44";"Grand Est";"2022";;22351.095;0;116785.5215;15757.285;6301;3450.7168;4358.304;16755.968;5572.126;30137.1148;
"09";"Ariège";"76";"Occitanie";"2022";;7791.745;0;67786.5525;7894.0065;6421;2932.892;5216.112;10928.394;3238.462;22315.86;
"10";"Aube";"44";"Grand Est";"2022";;21272.875;125;180797.7905;44950.555;8523;3888.7688;7124.128;24749.522;9065.296;44827.7148;
"11";"Aude";"76";"Occitanie";"2022";;9327.11;603;248088.7705;28671.8125;10017;6832.6024;9318.82;41759.088;11803.74;69714.2504;
"12";"Aveyron";"76";"Occitanie";"2022";;24156.86;0;158880.961;27679.8325;9059;3043.472;11306.682;17693.844;5647.902;37691.9;
"13";"Bouches-du-Rhône";"93";"Provence-Alpes-Côte d'Azur";"2022";;90300.08;27396;939977.4525;94966.8045;26968;25942.2232;42395.488;204080.382;61850.458;334268.5512;
"14";"Calvados";"28";"Normandie";"2022";;50500.58;133;374323.5695;69645.513;23199;6276.676;27683.622;63837.284;24187.27;121984.852;
"15";"Cantal";"84";"Auvergne-Rhône-Alpes";"2022";;18172.57;4458;88041.398;31284.444;12472;1506.8368;8298.952;9285.076;2952.452;22043.3168;
"16";"Charente";"75";"Nouvelle-Aquitaine";"2022";;27517.425;399;250439.88;44468.6765;20778;4695.8088;12231.608;27263.968;11722.784;55914.1688;
"17";"Charente-Maritime";"75";"Nouvelle-Aquitaine";"2022";;43851.275;2447;415333.676;56072.588;35622;9723.28;16587.618;79384.98;34350.356;140046.234;
"18";"Cher";"24";"Centre-Val de Loire";"2022";;28019.355;0;193818.029;41849.198;10009;2974.408;10839.298;24006.562;8772.108;46592.376;
"19";"Corrèze";"75";"Nouvelle-Aquitaine";"2022";;27399.97;344;156767.6595;21271.5415;9523;2823.2432;8369.548;23648.032;8081.244;42922.0672;
"21";"Côte-d'Or";"27";"Bourgogne-Franche-Comté";"2022";;44267.015;54;326361.8375;57349.136;11832;5938.8832;16483.87;58839.99;20550.91;101813.6532;
"22";"Côtes-d'Armor";"53";"Bretagne";"2022";;53775.8;160;335142.8645;63644.034;34365;4346.6864;18432.808;46117.984;16869.336;85766.8144;
"23";"Creuse";"75";"Nouvelle-Aquitaine";"2022";;22785.425;0;70314.014;22601.78;6215;1052.256;6019.012;7545.262;2793.352;17409.882;
"24";"Dordogne";"75";"Nouvelle-Aquitaine";"2022";;48612.005;0;207521.381;38008.7825;20879;4436.9352;17762.22;27496.328;10692.112;60387.5952;
"25";"Doubs";"27";"Bourgogne-Franche-Comté";"2022";;71617.13;28;356787.4005;33114.5135;20488;5198.5016;31710.554;48749.498;18121.268;103779.8216;
"26";"Drôme";"84";"Auvergne-Rhône-Alpes";"2022";;40805.895;948;368879.2025;37535.421;17201;7631.0288;17997.096;62184.346;18779.276;106591.7468;
"27";"Eure";"28";"Normandie";"2022";;47369.01;1624;325885.971;46123.396;19429;8533.9048;12091.23;54387.336;22274.37;97286.8408;
"28";"Eure-et-Loir";"24";"Centre-Val de Loire";"2022";;35053.98;241;268068.6505;46485.452;15835;4575.4512;10122.534;44450.616;17044.568;76193.1692;
"29";"Finistère";"53";"Bretagne";"2022";;107306.55;1647;421217.8375;64646.4515;30370;5729.3632;41376.508;67346.586;22339.12;136791.5772;
"2A";"Corse-du-Sud";"94";"Corse";"2022";;124995.78;79323;28995.7925;3091.337;12522;0;16366.95;0;0;16366.95;
"2B";"Haute-Corse";"94";"Corse";"2022";;23191.87;21873;131970.1635;3740.8835;5827;0;64367.05;0;0;64367.05;
"30";"Gard";"76";"Occitanie";"2022";;28113.15;626;334048.6805;29305.494;14574;10454.66;23539.326;64054.992;16704.39;114753.368;
"31";"Haute-Garonne";"76";"Occitanie";"2022";;31464.42;299;573759.061;57004.114;18496;18137.6808;30444.562;115356.158;35006.662;198945.0628;
"32";"Gers";"76";"Occitanie";"2022";;19237.27;0;91631.898;35522.3195;11687;2225.4128;5693.486;12194.534;3970.248;24083.6808;
"33";"Gironde";"75";"Nouvelle-Aquitaine";"2022";;42104.66;1161;776921.575;75664.861;27170;23151.2616;41646.312;151041.252;49551.362;265390.1876;
"34";"Hérault";"76";"Occitanie";"2022";;49571.08;229;577044.619;66544.0725;16094;18297.9248;33294.746;118880.334;34713.474;205186.4788;
"35";"Ille-et-Vilaine";"53";"Bretagne";"2022";;45490.575;1070;595117.1085;90488.449;29606;8190.9128;24691.062;91733.508;31150.818;155766.3008;
"36";"Indre";"24";"Centre-Val de Loire";"2022";;21288.93;0;137160.0225;27771.599;8011;1921.9968;8329.514;15782.794;6516.218;32550.5228;
"37";"Indre-et-Loire";"24";"Centre-Val de Loire";"2022";;29549.65;869;290539.0015;48910.5425;15011;5963.7152;19691.918;51959.988;21164.444;98780.0652;
"38";"Isère";"84";"Auvergne-Rhône-Alpes";"2022";;77424.815;3158;583034.6585;44597.2665;33771;12182.812;42387.126;113668.218;35069.784;203307.94;
"39";"Jura";"27";"Bourgogne-Franche-Comté";"2022";;33276.1;27;164841.2745;20948.981;11794;3071.5632;12379.164;21372.088;6903.09;43725.9052;
"40";"Landes";"75";"Nouvelle-Aquitaine";"2022";;22492.21;6198;373441.1415;50619.036;22159;11124.6584;27585.498;64198.552;16783.348;119692.0564;
"41";"Loir-et-Cher";"24";"Centre-Val de Loire";"2022";;26224.575;1556;185980.552;29570.857;14579;3929.1208;12578.594;29156.666;10504.596;56168.9768;
"42";"Loire";"84";"Auvergne-Rhône-Alpes";"2022";;41843.555;6383;346139.564;28962.476;15190;6815.608;23465.252;54824.75;16009.9;101115.51;
"43";"Haute-Loire";"84";"Auvergne-Rhône-Alpes";"2022";;25435.345;0;139981.8215;30949.8595;8190;1972.0488;17601.196;24961.68;6379.096;50914.0208;
"44";"Loire-Atlantique";"52";"Pays de la Loire";"2022";;102591.45;161;881491.5475;156892.9095;25355;14172.088;39161.17;155304.984;53895.088;262533.33;
"45";"Loiret";"24";"Centre-Val de Loire";"2022";;50517.48;276;400554.176;51024.011;20989;8177.6432;14037.356;63288.87;24756.922;110260.7912;
"46";"Lot";"76";"Occitanie";"2022";;17549.805;0;91317.437;9904.6865;13736;2218.0408;4545.524;17432.55;6320.636;30516.7508;
"47";"Lot-et-Garonne";"75";"Nouvelle-Aquitaine";"2022";;58004.18;116;253232.287;83083.4185;17486;7660.672;14256.544;27122.48;8584.37;57624.066;
"48";"Lozère";"76";"Occitanie";"2022";;15528.565;29;87629.4925;33352.6555;5128;910.0152;4068.446;9520.396;2382.504;16881.3612;
"49";"Maine-et-Loire";"52";"Pays de la Loire";"2022";;43770.155;541;406744.6155;59953.501;34440;6542.7664;13450.98;56263.088;22285.544;98542.3784;
"50";"Manche";"28";"Normandie";"2022";;56136.73;1121;282795.0445;65854.0285;17654;4503.8264;18046.75;37248.27;14227.758;74026.6044;
"51";"Marne";"44";"Grand Est";"2022";;44858.515;850;459701.401;106313.536;13809;10193.6912;11950.334;62318.36;19729.436;104191.8212;
"52";"Haute-Marne";"44";"Grand Est";"2022";;16724.24;27;147608.795;20686.624;8640;2360.204;3680.316;21408.126;5765.932;33214.578;
"53";"Mayenne";"52";"Pays de la Loire";"2022";;24275.16;2869;173297.9875;52879.4645;18151;1672.9008;7943.456;17571.67;6578.748;33766.7748;
"54";"Meurthe-et-Moselle";"44";"Grand Est";"2022";;39851.89;779;276214.7435;41710.6715;7967;5144.9576;10329.734;46092.602;13436.032;75003.3256;
"55";"Meuse";"44";"Grand Est";"2022";;18712.525;530;93827.8645;27396.183;5966;1483.6344;3383.058;10567.57;3647.682;19081.9444;
"56";"Morbihan";"53";"Bretagne";"2022";;42351.4;1531;403621.2145;54350.15;37641;5318.1608;29242.21;63491.26;22748.192;120799.8228;
"57";"Moselle";"44";"Grand Est";"2022";;78075.465;902;404449.5345;66635.171;11811;8613.7552;15493.972;69937.03;20931.566;114976.3232;
"58";"Nièvre";"27";"Bourgogne-Franche-Comté";"2022";;17935.97;434;100105.5615;20068.891;9034;3065.2;8220.068;15426.41;6524.136;33235.814;
"59";"Nord";"32";"Hauts-de-France";"2022";;160835.61;6556;953375.1945;152118.63;28256;30026.6216;25464.658;184602.102;55224.498;295317.8796;
"60";"Oise";"32";"Hauts-de-France";"2022";;51425.01;9253;405858.263;50604.9245;23953;9817.4864;23469.47;65847.346;22570.37;121704.6724;
"61";"Orne";"28";"Normandie";"2022";;34270.665;957;158430.395;44271.7;17010;2711.8096;10326.404;15877.514;6801.266;35716.9936;
"62";"Pas-de-Calais";"32";"Hauts-de-France";"2022";;61608.105;38;854001.594;110890.2545;22351;15870.5192;27314.658;111037.37;38971.656;193194.2032;
"63";"Puy-de-Dôme";"84";"Auvergne-Rhône-Alpes";"2022";;48610.315;168;358680.0115;54085.288;16922;9972.6864;19999.832;65218.642;20577.328;115768.4884;
"64";"Pyrénées-Atlantiques";"75";"Nouvelle-Aquitaine";"2022";;20439.705;57;296011.7585;37316.4005;18517;6895.6912;27254.866;53597.09;16209.626;103957.2732;
"65";"Hautes-Pyrénées";"76";"Occitanie";"2022";;10903.035;0;101027.5685;17522.976;8206;2867.9408;6613.602;14995.508;5142.334;29619.3848;
"66";"Pyrénées-Orientales";"76";"Occitanie";"2022";;15727.985;482;227509.945;22636.182;11955;8802.0128;18815.536;42345.242;11825.422;81788.2128;
"67";"Bas-Rhin";"44";"Grand Est";"2022";;124328.23;207;507310.262;59807.209;18356;8119.2104;24579.1;95678.226;46430.042;174806.5784;
"68";"Haut-Rhin";"44";"Grand Est";"2022";;72830.55;755;376200.8165;38018.3015;12727;6597.94;18695.804;72204.464;28683.954;126182.162;
"69";"Rhône";"84";"Auvergne-Rhône-Alpes";"2022";;91089.31;14738;765874.4415;120332.184;27891;13189.0512;41601.32;157844.22;44388.16;257022.7512;
"70";"Haute-Saône";"27";"Bourgogne-Franche-Comté";"2022";;25880.66;431;128681.683;18101.0465;11857;1813.3568;6303.246;15357.22;5121.17;28594.9928;
"71";"Saône-et-Loire";"27";"Bourgogne-Franche-Comté";"2022";;48715.095;0;384479.257;51007.979;12401;5176.8512;26190.672;51137.108;18129.926;100634.5572;
"72";"Sarthe";"52";"Pays de la Loire";"2022";;32099.86;0;320616.787;38310.2175;26015;5094.9832;21436.69;45892.358;20343.488;92767.5192;
"73";"Savoie";"84";"Auvergne-Rhône-Alpes";"2022";;56739.215;3221;305001.8695;22447.305;19663;4938.5416;26281.1;45333.14;15075.65;91628.4316;
"74";"Haute-Savoie";"84";"Auvergne-Rhône-Alpes";"2022";;93297.295;0;415516.1235;27606.3525;26356;8145.5944;43625.516;100267.188;31313.47;183351.7684;
"75";"Paris";"11";"Île-de-France";"2022";;9623.705;0;99727.223;5073.5435;746;3150.7928;3126.352;43452.652;24620.54;74350.3368;
"76";"Seine-Maritime";"28";"Normandie";"2022";;66978.08;17426;617660.9395;114548.807;24078;11867.4456;30806.718;94901.152;35699.08;173274.3956;
"77";"Seine-et-Marne";"11";"Île-de-France";"2022";;88040.55;1266;637041.7905;40174.1045;20137;18678.5528;34613.87;141391.874;52952.402;247636.6988;
"78";"Yvelines";"11";"Île-de-France";"2022";;42598.14;0;436680.451;20673.097;11593;11715.5048;27029.462;147076.998;52284.552;238106.5168;
"79";"Deux-Sèvres";"75";"Nouvelle-Aquitaine";"2022";;32403.215;1446;248676.6105;41788.3265;21662;3809.772;11769.7;28519.97;10392.042;54491.484;
"80";"Somme";"32";"Hauts-de-France";"2022";;51150.385;6546;315934.608;75631.962;15854;7576.7864;5625.48;52487.386;16241.816;81931.4684;
"81";"Tarn";"76";"Occitanie";"2022";;17499.95;1907;167927.1005;21969.7685;11411;5827.2168;9787.98;25418.778;8209.856;49243.8308;
"82";"Tarn-et-Garonne";"76";"Occitanie";"2022";;15165.215;0;153635.658;24410.724;8320;3078.2368;7012.98;16341.124;6305.318;32737.6588;
"83";"Var";"93";"Provence-Alpes-Côte d'Azur";"2022";;35479.86;2822;518286.0865;31646.166;25591;15936.0136;33572.838;133678.632;50044.35;233231.8336;
"84";"Vaucluse";"93";"Provence-Alpes-Côte d'Azur";"2022";;35701.25;0;321409.7865;25117.969;15717;10931.8224;9007.946;70725.87;18674.196;109339.8344;
"85";"Vendée";"52";"Pays de la Loire";"2022";;63229.66;29;420718.8415;105615.643;31325;7733.228;15326.954;49618.258;21507.36;94185.8;
"86";"Vienne";"75";"Nouvelle-Aquitaine";"2022";;55993.925;908;244621.767;69073.037;20407;4621.9336;8749.982;36427.462;12566.68;62366.0576;
"87";"Haute-Vienne";"75";"Nouvelle-Aquitaine";"2022";;32265.48;830;185259.78;28637.327;10758;3195.7232;13460.748;27296.454;10530.57;54483.4952;
"88";"Vosges";"44";"Grand Est";"2022";;40956.305;339;215592.658;50216.8165;11264;3191.3;10267.722;28213.61;13401.918;55074.55;
"89";"Yonne";"27";"Bourgogne-Franche-Comté";"2022";;30821.375;54;193846.3355;31917.1235;12733;4224.544;10723.414;31068.16;11669.578;57685.696;
"90";"Territoire de Belfort";"27";"Bourgogne-Franche-Comté";"2022";;8725.47;456;44787.9805;3425.0865;2071;1008.3344;3040.29;9704.36;3259.034;17012.0184;
"91";"Essonne";"11";"Île-de-France";"2022";;28844.075;0;479932.783;20392.036;7893;12565.6128;30450.556;124550.584;44566.944;212133.6968;
"92";"Hauts-de-Seine";"11";"Île-de-France";"2022";;56495.01;8219;226030.158;47406.3735;2101;3765.6176;8962.066;79577.01;33261.52;125566.2136;
"93";"Seine-Saint-Denis";"11";"Île-de-France";"2022";;18438.745;1346;333935.538;10696.4335;6067;7221.7664;11267.24;76649.866;27513.94;122652.8124;
"94";"Val-de-Marne";"11";"Île-de-France";"2022";;62093.98;0;314873.323;20338.429;3850;5809.8344;18732.878;88090.858;33116.628;145750.1984;
"95";"Val-d'Oise";"11";"Île-de-France";"2022";;42507.725;299;440929.8495;55834.0285;8200;11170.8304;13834.818;110534.614;38519.59;174059.8524;
"XX";"Département fictif";"XX";"Région fictive";"2022";5705841.36;;;;;;;;;;;
"01";"Ain";"84";"Auvergne-Rhône-Alpes";"2023";17.6008;41824.56489;173.5;340075.869;32117.0557;17062.49254;7982.325552;27488.14908;71035.59918;21299.24377;127805.3176;
"02";"Aisne";"32";"Hauts-de-France";"2023";0;42209.76619;969.74;254199.5425;64212.97899;14639.32524;7930.78984;8892.245317;40188.49737;14106.46204;71117.99457;
"03";"Allier";"84";"Auvergne-Rhône-Alpes";"2023";106.4;25962.75042;0;206135.5179;39480.20083;9935.084954;4165.08688;15987.32021;27299.5451;10193.63978;57645.59197;
"04";"Alpes-de-Haute-Provence";"93";"Provence-Alpes-Côte d'Azur";"2023";0;11324.94963;72.48;86081.2956;9796.055263;9680.055556;2585.718136;3902.578354;19669.37739;7000.202651;33157.87653;
"05";"Hautes-Alpes";"93";"Provence-Alpes-Côte d'Azur";"2023";446.4;18897.07048;0;81050.26453;9758.287615;7990.791395;2076.520128;4933.87716;17646.5863;5987.981375;30644.96496;
"06";"Alpes-Maritimes";"93";"Provence-Alpes-Côte d'Azur";"2023";420154.8504;24104.78774;1358.08;344881.5732;21458.73357;12788.13256;8221.183784;23710.72085;137103.041;56873.96506;225908.9107;
"07";"Ardèche";"84";"Auvergne-Rhône-Alpes";"2023";72.8;19032.24999;1003.2;112119.0297;10019.09144;10424.5493;3241.936328;10505.59031;23154.35951;8661.952495;45563.83864;
"08";"Ardennes";"44";"Grand Est";"2023";20;31473.14266;0;97179.12191;24272.47983;6468.51963;3398.559512;3084.664822;15677.77182;5458.574916;27619.57107;
"09";"Ariège";"76";"Occitanie";"2023";191.2;6447.074464;760.18;64285.21104;8743.53083;5903.032534;2973.93464;4640.017596;11840.37253;3451.64403;22905.9688;
"10";"Aube";"44";"Grand Est";"2023";41.6;18007.59599;50.34;166846.4108;47037.94931;8809.873024;3958.764776;7400.46792;26929.31353;9841.73392;48130.28015;
"11";"Aude";"76";"Occitanie";"2023";3996.0528;8314.402165;410.088;221342.653;27560.54339;9479.878306;6690.449288;8379.521761;41473.43315;11904.05116;68447.45536;
"12";"Aveyron";"76";"Occitanie";"2023";912.3056;20185.71241;0;143082.6858;26742.36764;8357.791996;3151.266936;9594.94237;19039.84815;5623.734648;37409.7921;
"13";"Bouches-du-Rhône";"93";"Provence-Alpes-Côte d'Azur";"2023";165107.7336;83738.49603;25883.8;915014.9112;95191.85154;25534.03204;26808.63962;41537.16807;225661.3352;67240.07787;361247.2207;
"14";"Calvados";"28";"Normandie";"2023";6359.2;47251.49713;418.42;351376.2396;72610.5819;23989.19615;7018.091232;26594.7337;73202.41987;25342.65548;132157.9003;
"15";"Cantal";"84";"Auvergne-Rhône-Alpes";"2023";201.5192;15813.66595;4034.54;74394.41952;11177.86642;11799.55087;1505.623136;7365.565507;10102.0189;2694.118765;21667.32631;
"16";"Charente";"75";"Nouvelle-Aquitaine";"2023";228.8;21344.94155;0;227742.6627;45617.0224;22098.61538;5049.256624;10956.3624;29196.22429;11547.25832;56749.10164;
"17";"Charente-Maritime";"75";"Nouvelle-Aquitaine";"2023";142.8336;38503.76877;2872;404688.2091;55699.8607;34865.25744;10768.54424;16069.41355;87683.40589;35592.96572;150114.3294;
"18";"Cher";"24";"Centre-Val de Loire";"2023";56;24706.73397;0;183740.889;41383.09835;8246.086845;3125.981752;9543.843591;26800.43894;8843.338917;48313.6032;
"19";"Corrèze";"75";"Nouvelle-Aquitaine";"2023";1148;25154.78167;879.68;153070.6983;21876.49221;9528.060911;3092.567192;8760.885814;25169.12249;8821.411887;45843.98738;
"21";"Côte-d'Or";"27";"Bourgogne-Franche-Comté";"2023";45.5968;39672.0012;119.01;315658.2952;52139.3499;11850.44932;6221.298312;15532.12336;66827.12469;22978.62925;111559.1756;
"22";"Côtes-d'Armor";"53";"Bretagne";"2023";398.6424;39391.97426;1279.017;316607.303;72449.98416;36945.93437;4530.013296;17742.00593;49183.3656;17092.71496;88548.0998;
"23";"Creuse";"75";"Nouvelle-Aquitaine";"2023";2131.2;20367.65854;0;71605.03649;22470.98284;5634.423698;1247.142192;6011.731528;8272.817726;3028.657159;18560.34861;
"24";"Dordogne";"75";"Nouvelle-Aquitaine";"2023";39.124;38684.16871;145.16;194378.1251;36621.27315;18368.51052;4685.765032;16924.15407;30961.48725;11471.22773;64042.63407;
"25";"Doubs";"27";"Bourgogne-Franche-Comté";"2023";136;87445.42297;0;462104.9102;50411.92587;19067.07826;7744.078032;35578.65489;76217.42628;23889.51132;143429.6705;
"26";"Drôme";"84";"Auvergne-Rhône-Alpes";"2023";627.0456;38413.73677;690.88;356678.468;41503.64831;16509.73962;7701.371648;17638.00555;68591.38431;20775.62978;114706.3913;
"27";"Eure";"28";"Normandie";"2023";0;36809.10654;130.8;303815.1692;45892.90209;17983.87131;8181.706336;11862.26578;59341.9491;22835.34989;102221.2711;
"28";"Eure-et-Loir";"24";"Centre-Val de Loire";"2023";114.4;30840.37839;146.3;261895.6435;47909.83033;17757.45862;4833.59536;10139.38969;51954.2739;17746.76522;84674.02418;
"29";"Finistère";"53";"Bretagne";"2023";8867.6416;106815.1765;1646.08;410150.6797;69273.95673;31762.4942;6432.785472;40230.60197;74192.29135;22851.73199;143707.4108;
"2A";"Corse-du-Sud";"94";"Corse";"2023";12237.208;4083.716;53804.48;33239.1456;3218.6745;11727.05068;0;19103.86738;0;0;19103.86738;
"2B";"Haute-Corse";"94";"Corse";"2023";8568;98844.90337;0;123216.127;5457.692765;5017.627387;124.934448;60303.20754;958.9586;287.86444;61674.96503;
"30";"Gard";"76";"Occitanie";"2023";7530.401048;22903.39804;800.38;310556.6418;27100.51486;13200.80455;11631.73017;21172.95714;73465.38782;17983.60601;124253.6811;
"31";"Haute-Garonne";"76";"Occitanie";"2023";91175.7912;24083.58231;115.66;496375.6624;47613.23968;17071.33728;17734.69158;25934.79422;118438.8178;36111.29217;198219.5958;
"32";"Gers";"76";"Occitanie";"2023";49.6;19971.5634;0;94404.50856;34977.2901;10717.50822;2522.816352;6556.607469;15377.99286;4813.706473;29271.12315;
"33";"Gironde";"75";"Nouvelle-Aquitaine";"2023";44529.524;38607.52616;1740.82;678709.3554;86775.40284;24700.15576;23489.66822;34719.29484;163876.0663;52087.64325;274172.6726;
"34";"Hérault";"76";"Occitanie";"2023";21150.2912;62584.82109;280.4;601278.6047;96759.86318;16783.78845;18399.25333;41172.52414;133803.5079;40490.88935;233866.1747;
"35";"Ille-et-Vilaine";"53";"Bretagne";"2023";4672.0408;38550.22161;1016.02;563624.9565;90854.5157;29317.25635;8715.10468;23574.86868;97737.27455;32647.80568;162675.0536;
"36";"Indre";"24";"Centre-Val de Loire";"2023";5007.6232;16514.21536;0;132829.2178;27112.02417;7132.085289;2202.743512;7846.959861;17762.55289;7114.677805;34926.93406;
"37";"Indre-et-Loire";"24";"Centre-Val de Loire";"2023";1934.3064;28012.4096;238.58;289792.6617;43817.25918;14757.23116;6642.925496;21014.17433;59264.79335;21869.18489;108791.0781;
"38";"Isère";"84";"Auvergne-Rhône-Alpes";"2023";4247.2;64066.75681;2406.66;546117.4338;43317.5559;31307.6716;12965.84411;37679.2107;125203.454;37735.51294;213584.0217;
"39";"Jura";"27";"Bourgogne-Franche-Comté";"2023";0;29343.3371;115.64;161512.397;21157.90001;11165.5416;3114.880296;12175.01668;23926.01599;6760.165385;45976.07834;
"40";"Landes";"75";"Nouvelle-Aquitaine";"2023";59.2;21436.60658;13146.42;525795.1353;45251.80811;24147.71226;18518.43451;35642.11721;109418.617;24752.22747;188331.3962;
"41";"Loir-et-Cher";"24";"Centre-Val de Loire";"2023";123.36;21398.61863;0;172848.3677;30014.38382;12726.52766;3934.582288;13033.34855;30181.51065;10296.90372;57446.34521;
"42";"Loire";"84";"Auvergne-Rhône-Alpes";"2023";284.8776;35700.21615;5857.1;315728.2047;30922.55087;15340.21727;6209.366536;18900.1795;56054.99963;16418.12636;97582.67203;
"43";"Haute-Loire";"84";"Auvergne-Rhône-Alpes";"2023";0;26229.1324;102;137074.6901;22661.30549;7275.378127;2038.429392;9330.470808;19590.55657;5616.824519;36576.28129;
"44";"Loire-Atlantique";"52";"Pays de la Loire";"2023";81116.91203;85863.62485;4689.76;909288.358;143985.5895;24705.64519;17376.95791;41843.93905;182164.5573;57352.34742;298737.8017;
"45";"Loiret";"24";"Centre-Val de Loire";"2023";472.8;42563.39227;25.86;399770.7116;55899.32436;19600.36538;8618.603648;14508.53129;76512.232;28507.51899;128146.8859;
"46";"Lot";"76";"Occitanie";"2023";130.4;13114.62692;0;90340.97509;10412.62043;12229.66435;2503.994472;4519.301942;19447.89319;6726.582996;33197.7726;
"47";"Lot-et-Garonne";"75";"Nouvelle-Aquitaine";"2023";142.1032;50155.18279;169.26;231045.6485;85510.00513;20329.45258;5473.208704;11749.6805;23543.92414;7685.457696;48452.27103;
"48";"Lozère";"76";"Occitanie";"2023";17.6;16635.07372;171.7;60715.0055;11971.17282;4497.805752;1199.17608;3176.164831;9019.114401;2791.297913;16185.75322;
"49";"Maine-et-Loire";"52";"Pays de la Loire";"2023";108;36527.47319;833.64;391091.2107;65615.25646;32216.09165;7146.487416;12719.42818;61935.26507;21683.17168;103484.3523;
"50";"Manche";"28";"Normandie";"2023";55.9104;47122.54423;727.83;268429.2651;64657.38433;16861.87537;4479.072;14929.38515;41186.31978;15033.02243;75627.79936;
"51";"Marne";"44";"Grand Est";"2023";8265.2408;34278.33836;1350.6;492550.5274;87838.76103;13915.36181;15342.05234;12746.79328;93667.34585;26446.257;148202.4485;
"52";"Haute-Marne";"44";"Grand Est";"2023";0;15157.08299;28.8;128157.7454;21723.40541;6135.12598;1934.81244;2899.486793;21217.67442;5600.718882;31652.69253;
"53";"Mayenne";"52";"Pays de la Loire";"2023";270.104;20182.01893;1724.42;164110.4603;54749.37447;19254.38707;1938.169416;8209.459829;18779.66211;6494.236245;35421.5276;
"54";"Meurthe-et-Moselle";"44";"Grand Est";"2023";1824.5192;34398.16789;731;241169.9324;44401.88007;7794.565853;5466.226256;9630.238363;46562.54387;13192.76085;74851.76933;
"55";"Meuse";"44";"Grand Est";"2023";0;17555.87729;811.88;93046.57576;27245.84574;5540.584644;1602.246776;2761.137219;12004.94956;3923.976684;20292.31024;
"56";"Morbihan";"53";"Bretagne";"2023";430.1592;33340.53014;1291.86;386637.2746;59076.24175;38935.66736;5824.391384;27624.83357;67315.55644;23843.89484;124608.6762;
"57";"Moselle";"44";"Grand Est";"2023";0;77520.20048;1097.68;343779.5662;61828.26751;11046.59319;8242.641736;12101.14779;65539.32107;18480.89563;104364.0062;
"58";"Nièvre";"27";"Bourgogne-Franche-Comté";"2023";76;14711.30831;0;96091.92296;20057.4675;8305.661295;3058.878704;8112.043065;18712.27946;7024.066256;36907.26748;
"59";"Nord";"32";"Hauts-de-France";"2023";14096.7096;139352.9712;4778.34;768599.8307;145991.1856;27630.21758;26912.50877;21572.07456;167238.3215;49856.73861;265579.6434;
"60";"Oise";"32";"Hauts-de-France";"2023";76844.0552;48886.36603;9291.54;390738.004;54756.40194;21668.41579;10286.10349;21401.03774;76427.88547;24908.46412;133023.4908;
"61";"Orne";"28";"Normandie";"2023";0;28614.86898;0;151184.1274;42305.41019;14120.0441;2898.283176;10594.53663;18658.30322;6947.843984;39098.967;
"62";"Pas-de-Calais";"32";"Hauts-de-France";"2023";470.4376;55197.66173;0;782661.5627;106836.5387;22257.27592;15166.50174;25893.26969;119776.4414;39221.3615;200057.5743;
"63";"Puy-de-Dôme";"84";"Auvergne-Rhône-Alpes";"2023";2925.5976;40613.35555;133.08;329795.1019;46520.64365;15413.57333;9635.454648;16744.63209;71906.57106;21674.57643;119961.2342;
"64";"Pyrénées-Atlantiques";"75";"Nouvelle-Aquitaine";"2023";17470.4;13382.45006;79.72;246109.227;41566.77004;18364.95316;7307.722368;21391.61432;52340.78138;15703.90639;96744.02446;
"65";"Hautes-Pyrénées";"76";"Occitanie";"2023";11.2;7825.175897;0;85920.49388;14729.94398;8119.339305;2682.764696;4909.29899;14733.36832;4993.627789;27319.05979;
"66";"Pyrénées-Orientales";"76";"Occitanie";"2023";0;11752.22875;345.58;190714.815;15928.74461;11225.32636;8096.488344;14243.90927;41403.74894;11289.38355;75033.53011;
"67";"Bas-Rhin";"44";"Grand Est";"2023";14305.0752;112254.5366;0;388773.6965;58550.70396;19092.17175;8395.616168;19395.37841;91280.73131;40689.40754;159761.1334;
"68";"Haut-Rhin";"44";"Grand Est";"2023";144783.608;79809.24647;49;432323.1671;67824.06;11517.96903;7247.306112;20876.96787;80450.2921;29114.7812;137689.3473;
"69";"Rhône";"84";"Auvergne-Rhône-Alpes";"2023";118973.512;90697.73112;992.88;716889.3937;113335.8107;25382.72903;13051.85906;45246.12049;173590.9963;48712.35219;280601.328;
"70";"Haute-Saône";"27";"Bourgogne-Franche-Comté";"2023";45.0064;22433.32816;416;127593.8516;20729.51758;11251.54223;2119.36076;6903.386553;16938.53176;5423.553132;31384.8322;
"71";"Saône-et-Loire";"27";"Bourgogne-Franche-Comté";"2023";40;40288.57257;26;371628.304;52430.09706;11487.71673;5475.267432;23601.52296;56773.4261;19564.61665;105414.8331;
"72";"Sarthe";"52";"Pays de la Loire";"2023";360.284;32200.09586;0;367286.1312;54853.21595;27797.60739;5632.31664;20736.00419;54182.63218;21307.47258;101858.4256;
"73";"Savoie";"84";"Auvergne-Rhône-Alpes";"2023";3708;50867.72542;3410.49;293047.4461;25596.14099;18543.76854;5220.328928;22598.25654;53952.58068;17164.04515;98935.21129;
"74";"Haute-Savoie";"84";"Auvergne-Rhône-Alpes";"2023";1190.4;81548.59297;0;381044.0063;27224.53841;23830.38342;8484.57836;37278.78126;101956.6688;32166.9423;179886.9707;
"75";"Paris";"11";"Île-de-France";"2023";0;7560.392605;0;90685.36425;6327.040389;523.8593554;3667.618888;3672.767447;47304.32226;26850.42598;81495.13457;
"76";"Seine-Maritime";"28";"Normandie";"2023";689.4344;71296.539;16055.4324;570321.39;109858.7082;27271.43745;11728.45081;31597.52612;103544.6209;36239.98624;183110.5841;
"77";"Seine-et-Marne";"11";"Île-de-France";"2023";274.7808;136183.393;166.06;598210.4266;43874.15757;22090.51568;19156.07759;30809.56677;155890.66;56054.4725;261910.7768;
"78";"Yvelines";"11";"Île-de-France";"2023";940.628;32181.08862;0;397115.0346;18273.90417;12020.82187;12569.71862;25443.55991;156420.0055;56226.96223;250660.2462;
"79";"Deux-Sèvres";"75";"Nouvelle-Aquitaine";"2023";76.9016;26619.58063;2348.0184;244737.3202;44127.57417;22633.21563;4428.690976;10836.07418;33007.26224;11435.32111;59707.3485;
"80";"Somme";"32";"Hauts-de-France";"2023";987.2;48130.16205;653.08;288561.1568;73690.72062;14758.93291;7474.543744;5616.83722;57461.02904;16173.40601;86725.81601;
"81";"Tarn";"76";"Occitanie";"2023";59.9592;15900.04959;678.12;151485.2876;26737.50764;10524.10534;5115.804056;6815.837994;24634.91332;7680.840059;44247.39543;
"82";"Tarn-et-Garonne";"76";"Occitanie";"2023";115.2;11968.81261;235;133704.3784;23639.04282;10575.70094;3015.00444;6133.351623;16821.22262;6655.527015;32625.10569;
"83";"Var";"93";"Provence-Alpes-Côte d'Azur";"2023";2034.3992;24255.57922;1599.9;464744.0368;31391.12186;23276.87955;16354.55386;32065.58498;143791.1375;52248.51594;244459.7922;
"84";"Vaucluse";"93";"Provence-Alpes-Côte d'Azur";"2023";1451.3744;28137.18939;0;294451.5348;25163.08286;14576.07302;11544.48992;9050.125128;76065.46122;18928.2643;115588.3406;
"85";"Vendée";"52";"Pays de la Loire";"2023";654.4;53952.68637;481.08;404376.1296;109087.9554;31345.05134;8138.701192;13197.52628;54255.98885;21490.34263;97082.55895;
"86";"Vienne";"75";"Nouvelle-Aquitaine";"2023";1073.6;44475.58716;447.96;232073.6333;69990.56873;20483.90343;4479.128648;8878.364054;38404.85487;12549.67262;64312.02019;
"87";"Haute-Vienne";"75";"Nouvelle-Aquitaine";"2023";2588.8;28201.36569;502;175444.8469;30488.02728;10019.77815;3652.611048;12367.97551;29730.28009;10912.60342;56663.47006;
"88";"Vosges";"44";"Grand Est";"2023";13.9456;32359.6477;139.16;185524.9389;32327.49819;10693.98826;3325.683024;11268.67975;27873.34854;12813.70053;55281.41184;
"89";"Yonne";"27";"Bourgogne-Franche-Comté";"2023";221.1264;23815.08205;0;177955.8197;27532.52768;11405.5831;4013.981832;9144.938806;34327.31769;12329.22445;59815.46277;
"90";"Territoire de Belfort";"27";"Bourgogne-Franche-Comté";"2023";44;8709.681758;219.7;41545.8105;3180.630161;1984.734628;1065.603976;2587.467785;10431.2707;3584.149546;17668.492;
"91";"Essonne";"11";"Île-de-France";"2023";35.2;22594.87474;0;445822.3784;19712.05826;7561.024249;12722.4067;26967.32237;135976.6182;48378.64647;224044.9938;
"92";"Hauts-de-Seine";"11";"Île-de-France";"2023";518.6608;31501.40602;3048.88;181480.6166;19409.03847;2621.857788;4413.606312;10058.9823;85476.04157;34876.95266;134825.5828;
"93";"Seine-Saint-Denis";"11";"Île-de-France";"2023";45249.292;15716.51121;0;278933.0647;70861.7615;5636.140252;7935.908336;9986.579124;80400.82131;28825.38147;127148.6902;
"94";"Val-de-Marne";"11";"Île-de-France";"2023";894303.1963;68141.4985;0;271232.566;19398.05917;3764.322472;6023.17232;21960.48677;89708.5848;33519.1913;151211.4352;
"95";"Val-d'Oise";"11";"Île-de-France";"2023";3974511.129;38264.47903;131.28;380517.986;54269.79794;8051.481653;12173.66218;13077.35736;117150.3211;39204.01968;181605.3603;
"01";"Ain";"84";"Auvergne-Rhône-Alpes";"2024";3.2;37676.86;346;316191.955;30758.895;17729.81396;7757.672;27596.08;78474.78;23739.2;137567.732;
"02";"Aisne";"32";"Hauts-de-France";"2024";16;42773.055;86;246237.325;61641.37;15330.90283;7240.08;8552.18;42774.96;15651;74218.22;
"03";"Allier";"84";"Auvergne-Rhône-Alpes";"2024";87.2;29257.28;210;196063.845;40245.33;11603.19979;4042.184;15833.04;29709.52;11000.1;60584.844;
"04";"Alpes-de-Haute-Provence";"93";"Provence-Alpes-Côte d'Azur";"2024";10.4;10817.69;0;84567.965;10092.645;9811.691863;2570.888;4010.06;21942.48;7694.52;36217.948;
"05";"Hautes-Alpes";"93";"Provence-Alpes-Côte d'Azur";"2024";15.2;21321.885;0;79814.31;9220.905;8012.251868;2140.984;4952.82;19258.5;6628.18;32980.484;
"06";"Alpes-Maritimes";"93";"Provence-Alpes-Côte d'Azur";"2024";252840;26625.105;1051;324690.585;17168.435;13177.76912;8219.392;24374.12;143289.9;60155.34;236038.752;
"07";"Ardèche";"84";"Auvergne-Rhône-Alpes";"2024";40.8;20643.35;1117;109153.705;10539.37;10591.67105;3197.896;10263.06;24991.28;9355.82;47808.056;
"08";"Ardennes";"44";"Grand Est";"2024";0;36037.56;0;103889.865;41334.17;7351.359635;3224.28;3247.12;17223.5;5662.48;29357.38;
"09";"Ariège";"76";"Occitanie";"2024";158.4;6046.82;371;62242.57;8808.415;6982.407258;2870.424;4010.8;13761.78;3546.08;24189.084;
"10";"Aube";"44";"Grand Est";"2024";48;12072.515;151;157662.195;47060.6;10910.17337;3889.312;7271.24;29235.18;10710.02;51105.752;
"11";"Aude";"76";"Occitanie";"2024";3768.8;8706.035;798;201613.255;29381.145;9668.038467;6613.072;5741.66;45068.22;12210.74;69633.692;
"12";"Aveyron";"76";"Occitanie";"2024";5419.2;23531.56;0;138722.725;24765.265;8468.26301;2977.512;8843;21431.14;6250.04;39501.692;
"13";"Bouches-du-Rhône";"93";"Provence-Alpes-Côte d'Azur";"2024";171177.6;66967.94;24442;867166.705;94191.34;29339.38286;26896.16;39325.08;246428.88;73222.26;385872.38;
"14";"Calvados";"28";"Normandie";"2024";5994.4;44888.935;397;337612.21;75039.78;26503.81507;6775.256;24957.24;82357.56;28454.48;142544.536;
"15";"Cantal";"84";"Auvergne-Rhône-Alpes";"2024";102.4;13968.695;3596;67925.58;12455.695;12187.73982;1531.048;7620.52;11299.06;3034.74;23485.368;
"16";"Charente";"75";"Nouvelle-Aquitaine";"2024";215.2;22158.435;0;208474.45;45655.295;23790.00016;4610.216;9381.72;31781.52;12574.08;58347.536;
"17";"Charente-Maritime";"75";"Nouvelle-Aquitaine";"2024";119.2;38393.42;2710;394321.235;57580.765;38741.11318;11310.2;15608.08;100446.12;39147.48;166511.88;
"18";"Cher";"24";"Centre-Val de Loire";"2024";48.8;24101.09;0;177120.2;42622.575;9189.203797;3143.576;8203.64;30938.66;10081.76;52367.636;
"19";"Corrèze";"75";"Nouvelle-Aquitaine";"2024";1080.8;25491.115;833;146286.155;21529.64;10292.47591;3176.944;9221.14;27284.54;9500.86;49183.484;
"21";"Côte-d'Or";"27";"Bourgogne-Franche-Comté";"2024";20;31082.48;0;290092.36;53600.32;12261.22985;5987.616;14314.56;71741.52;23858.34;115902.036;
"22";"Côtes-d'Armor";"53";"Bretagne";"2024";456.8;38527.775;0;311049.19;70547.48;38699.75675;4659.88;17318.22;55069.32;19163.78;96211.2;
"23";"Creuse";"75";"Nouvelle-Aquitaine";"2024";2009.6;23084.555;0;68793.98;21614.81;5839.83026;1468.968;6361.04;9936.72;3405.48;21172.208;
"24";"Dordogne";"75";"Nouvelle-Aquitaine";"2024";2993.6;35334.52;0;188367.65;35308.81;20227.46405;4608.664;16225.24;34431.46;13061;68326.364;
"25";"Doubs";"27";"Bourgogne-Franche-Comté";"2024";28;88729.225;0;550128.06;60021.47;19722.31767;11501.872;47479.14;123480.84;35196.62;217658.472;
"26";"Drôme";"84";"Auvergne-Rhône-Alpes";"2024";484;34236.02;55;320073.87;37321.16;17514.16603;7478.312;15157.42;72656.9;21225.42;116518.052;
"27";"Eure";"28";"Normandie";"2024";0;39669.37;466;306735.58;51013.49;19661.36773;8220.168;11127.38;65472.24;25673.56;110493.348;
"28";"Eure-et-Loir";"24";"Centre-Val de Loire";"2024";119.2;29854.695;120;249317.64;50651.1;17096.59339;4813.528;9765.04;55474.84;20361.1;90414.508;
"29";"Finistère";"53";"Bretagne";"2024";10355.2;109245.825;1509;396129.01;69109.61;32405.2965;6225.848;39777.96;79435.3;25340.56;150779.668;
"2A";"Corse-du-Sud";"94";"Corse";"2024";12036;4027.27;85317;30111.77;4942.365;8968.955209;0;18016.78;0;0;18016.78;
"2B";"Haute-Corse";"94";"Corse";"2024";8141.6;110569.94;0;116445.76;9090.645;4943.428204;0;68521.04;0;0;68521.04;
"30";"Gard";"76";"Occitanie";"2024";7986.4;22308.845;332;297674.995;24125.655;13608.32292;11081.28;18898.12;79960.7;19719.52;129659.62;
"31";"Haute-Garonne";"76";"Occitanie";"2024";140110.4;56413.89;513;526647.025;82143.125;18321.62421;18890.168;25841.54;139985.8;43783.58;228501.088;
"32";"Gers";"76";"Occitanie";"2024";32;14332.045;0;84292.415;33058.485;12858.37116;2176.68;6116.1;14435.92;4317.9;27046.6;
"33";"Gironde";"75";"Nouvelle-Aquitaine";"2024";89918.4;37184.225;772;646298.35;93388.07;26100.901;20812.32;33204.54;181268.92;57182.02;292467.8;
"34";"Hérault";"76";"Occitanie";"2024";22189.6;55074.565;230;545240.805;100153.24;17484.57865;19107.448;33373.26;151848;42479.7;246808.408;
"35";"Ille-et-Vilaine";"53";"Bretagne";"2024";4071.2;38051.195;913;562717.355;94171.3;29937.04073;8941.072;24408.9;105953.94;35596.22;174900.132;
"36";"Indre";"24";"Centre-Val de Loire";"2024";4923.2;15677.285;0;126533.395;26546.32;7716.588068;2122.36;7521.36;19396.14;7929.84;36969.7;
"37";"Indre-et-Loire";"24";"Centre-Val de Loire";"2024";1826.4;23990.395;0;265363;37172.53;15201.92986;6255.336;18138.14;63292.94;24736.72;112423.136;
"38";"Isère";"84";"Auvergne-Rhône-Alpes";"2024";4004;59151.69;1592;502750.16;48270.515;33949.83647;12971.616;31891.04;138139.5;41678.28;224680.436;
"39";"Jura";"27";"Bourgogne-Franche-Comté";"2024";3.2;25858.69;0;143606.64;17689.475;11735.52462;2978.288;10989;23767.32;6997.44;44732.048;
"40";"Landes";"75";"Nouvelle-Aquitaine";"2024";64;18803.785;9314;582639.62;51823.44;27440.55967;19841.544;41236.5;139690.54;31798.54;232567.124;
"41";"Loir-et-Cher";"24";"Centre-Val de Loire";"2024";108.8;20770.945;0;162986.155;29882.98;14539.19213;3741.872;11290.18;32597.74;11429.3;59059.092;
"42";"Loire";"84";"Auvergne-Rhône-Alpes";"2024";299.2;35254.245;4971;307483.74;26482.86;15570.06512;6149.024;17714.86;61964.64;18417.86;104246.384;
"43";"Haute-Loire";"84";"Auvergne-Rhône-Alpes";"2024";0;30654.065;0;130820.285;22815.54;7659.705835;2196.856;12320.26;20684.48;6150.14;41351.736;
"44";"Loire-Atlantique";"52";"Pays de la Loire";"2024";88144.8;78685.555;5554;956695.405;132425.99;26485.14874;19687.12;40334.44;223471.12;71273.84;354766.52;
"45";"Loiret";"24";"Centre-Val de Loire";"2024";447.2;38938.445;0;364288.79;47401.28;23275.0003;8109.976;12351.34;80849.44;29878.24;131188.996;
"46";"Lot";"76";"Occitanie";"2024";124;13400.01;0;85902.295;11680.815;12130.59071;2270.576;3861.32;20587.54;7286.04;34005.476;
"47";"Lot-et-Garonne";"75";"Nouvelle-Aquitaine";"2024";113.6;47947.835;135;208456.915;87374.4;21564.18123;5136.344;11425.6;25214.02;8487.06;50263.024;
"48";"Lozère";"76";"Occitanie";"2024";10.4;23653.24;85;58503.44;13719.885;4497.051308;1071.656;3134.64;9784.28;3062.12;17052.696;
"49";"Maine-et-Loire";"52";"Pays de la Loire";"2024";91.2;37822.2;234;387277.175;67748.56;34877.19129;7379.76;11561.76;69076.04;25013.48;113031.04;
"50";"Manche";"28";"Normandie";"2024";3.2;46267.13;229;258319.775;66197.13;17673.1585;4482.952;14834.04;44289.74;16927.5;80534.232;
"51";"Marne";"44";"Grand Est";"2024";8966.4;29732.17;1145;498070.82;84690.71;14687.708;16790.312;14145.84;110826.84;30424.36;172187.352;
"52";"Haute-Marne";"44";"Grand Est";"2024";21.6;12180.675;0;122705.755;21921.255;7055.195368;2012.168;2837.9;24127.7;6506.82;35484.588;
"53";"Mayenne";"52";"Pays de la Loire";"2024";280;18364.385;823;142303.205;56859.325;20482.66943;1489.144;7980.9;16280;6581.56;32331.604;
"54";"Meurthe-et-Moselle";"44";"Grand Est";"2024";1864.8;80657.785;0;242337.875;69071.2;8444.86991;5052.536;10014.42;50274.12;14187.28;79528.356;
"55";"Meuse";"44";"Grand Est";"2024";0;15116.205;453;86795.745;24663.395;5965.945394;1459.656;2656.6;11046.72;3968.62;19131.596;
"56";"Morbihan";"53";"Bretagne";"2024";208;32798.675;1306;382225.425;60090.775;40027.49952;6034.176;26950.8;75381.58;26876.8;135243.356;
"57";"Moselle";"44";"Grand Est";"2024";0;91586.17;689;332889.45;71317.35;11424.1434;7705.68;12482.32;71660.86;21303.86;113152.72;
"58";"Nièvre";"27";"Bourgogne-Franche-Comté";"2024";77.6;12733.305;0;80326.165;18496.085;8607.151675;2650.04;6156.06;17335.98;6632.62;32774.7;
"59";"Nord";"32";"Hauts-de-France";"2024";30476.8;99991.385;588;759526.02;122447.74;28151.56321;25276.648;18336.46;190515.22;54958.32;289086.648;
"60";"Oise";"32";"Hauts-de-France";"2024";87009.6;40525.355;125;375348.365;54123.03;21395.19755;10647.496;19679.56;86212.22;28951.02;145490.296;
"61";"Orne";"28";"Normandie";"2024";16.8;30000.88;0;140481.235;47599.175;14395.73397;2333.432;10895.02;18454.12;7675.28;39357.852;
"62";"Pas-de-Calais";"32";"Hauts-de-France";"2024";510.4;54445.04;0;761777.18;113009.735;23545.77181;14171.312;24474.76;132990.58;41859.58;213496.232;
"63";"Puy-de-Dôme";"84";"Auvergne-Rhône-Alpes";"2024";4299.2;50021.465;20;317672.41;47023.86;15544.79521;9325.192;15039.76;81555.4;23022.88;128943.232;
"64";"Pyrénées-Atlantiques";"75";"Nouvelle-Aquitaine";"2024";16466.4;12670.775;145;230809.03;37780.41;20964.22236;7244.736;17263.46;56806.1;17386.3;98700.596;
"65";"Hautes-Pyrénées";"76";"Occitanie";"2024";6045.6;7708.09;0;78094.21;16610.655;9252.696128;2260.488;3350.72;15898.16;5468.6;26977.968;
"66";"Pyrénées-Orientales";"76";"Occitanie";"2024";5.6;11508.9;308;188513.775;16879.525;12125.25752;8032.376;13753.64;47817.32;12321.74;81925.076;
"67";"Bas-Rhin";"44";"Grand Est";"2024";15489.6;106608.58;0;370228.98;51750.795;19378.32201;7626.528;13786.2;98702.68;42527.8;162643.208;
"68";"Haut-Rhin";"44";"Grand Est";"2024";111526.4;83540.08;1;463376.57;80701.08;11846.61898;6490.464;24102.54;88498.82;34388.54;153480.364;
"69";"Rhône";"84";"Auvergne-Rhône-Alpes";"2024";169540;97752.135;4590;687731.885;121610.235;24928.42618;13443.424;41625;189818.88;53119.42;298006.724;
"70";"Haute-Saône";"27";"Bourgogne-Franche-Comté";"2024";35.2;17067.31;410;120552.29;17549.195;11426.59923;2019.928;6381.02;17641.6;5848.96;31891.508;
"71";"Saône-et-Loire";"27";"Bourgogne-Franche-Comté";"2024";32.8;31252.325;26;347036.855;47899.775;12310.31983;5513.48;22249.58;61647.92;20484.68;109895.66;
"72";"Sarthe";"52";"Pays de la Loire";"2024";315.2;35782.37;0;350165.6;62516.45;32242.09502;5000.544;18340.16;56625.54;23467.62;103433.864;
"73";"Savoie";"84";"Auvergne-Rhône-Alpes";"2024";3477.6;42020.16;2601;282297.635;23860.125;18413.06734;4950.88;21642.04;58510.32;18232.12;103335.36;
"74";"Haute-Savoie";"84";"Auvergne-Rhône-Alpes";"2024";1551.2;81763.89;55;361121.635;26427.75;23402.81883;8994.616;35627.3;118183.18;37345.58;200150.676;
"75";"Paris";"11";"Île-de-France";"2024";0;6544.525;0;67144.02;4129.075;537.8666161;4396.04;2688.42;43660;24817.38;75561.84;
"76";"Seine-Maritime";"28";"Normandie";"2024";709.6;65810.29;2993;547985.45;108472.345;27994.92195;11131.72;31518.08;113185.22;39348.76;195183.78;
"77";"Seine-et-Marne";"11";"Île-de-France";"2024";356;95621.045;112;563508.935;53658.77;23809.05579;19115.208;28121.48;168482.46;62564.78;278283.928;
"78";"Yvelines";"11";"Île-de-France";"2024";768;29558.1;0;364927.565;22158.395;13233.00653;12517.656;23447.64;168037.72;59919.28;263922.296;
"79";"Deux-Sèvres";"75";"Nouvelle-Aquitaine";"2024";65.6;25483.51;820;236741.705;41679.025;25755.82052;4343.272;10371.1;35927;12648.08;63289.452;
"80";"Somme";"32";"Hauts-de-France";"2024";953.6;45586.06;542;277087.235;76798.29;15864.01026;7394.504;5625.48;62599.56;17381.86;93001.404;
"81";"Tarn";"76";"Occitanie";"2024";156;13620.555;422;152175.41;28901.855;10534.91848;4743.688;6239.68;25769.76;8487.06;45240.188;
"82";"Tarn-et-Garonne";"76";"Occitanie";"2024";192;10402.795;153;126947.555;23450.14;9821.376918;2849.472;4770.78;17751.12;7062.56;32433.932;
"83";"Var";"93";"Provence-Alpes-Côte d'Azur";"2024";7986.4;24683.295;809;470418.96;29049.65;23311.05837;16025.952;30658.2;162975.38;59080.86;268740.392;
"84";"Vaucluse";"93";"Provence-Alpes-Côte d'Azur";"2024";1093.6;26211.9;26;281503.55;20816.55;14342.82995;11137.928;8897.76;83867.9;20456.56;124360.148;
"85";"Vendée";"52";"Pays de la Loire";"2024";572;53128.53;260;373743.495;114622.955;37502.61453;7173.344;12508.96;53726.22;21930.64;95339.164;
"86";"Vienne";"75";"Nouvelle-Aquitaine";"2024";848;43637.49;448;225076.755;70402.19;22287.0987;4384.4;9264.06;41769.3;13629.32;69047.08;
"87";"Haute-Vienne";"75";"Nouvelle-Aquitaine";"2024";2451.2;26981.695;902;167885.1;29399.515;10254.19518;3602.192;13081.72;32198.88;12363.92;61246.712;
"88";"Vosges";"44";"Grand Est";"2024";0;25371.125;137;175030.195;24412.06;10572.4124;2954.232;9719.9;28088.92;13100.96;53864.012;
"89";"Yonne";"27";"Bourgogne-Franche-Comté";"2024";184;21554.26;0;160851.895;28496.88;12010.67206;3834.992;5994;36999.26;12175.22;59003.472;
"90";"Territoire de Belfort";"27";"Bourgogne-Franche-Comté";"2024";34.4;8321.56;0;36186.395;3398.45;2056.692362;658.048;2111.22;9447.58;3387.72;15604.568;
"91";"Essonne";"11";"Île-de-France";"2024";69.6;21355.685;199;436465.355;17312.89;8254.106885;15820.312;32827.88;173826;62243.62;284717.812;
"92";"Hauts-de-Seine";"11";"Île-de-France";"2024";355.2;25622.935;2372;164271.22;16637.375;2963.770123;5199.2;3004.4;98590.94;38954.34;145748.88;
"93";"Seine-Saint-Denis";"11";"Île-de-France";"2024";66533.6;15753.335;0;257309.425;30466.645;5655.513377;9287.944;8741.62;88233.9;31424.84;137688.304;
"94";"Val-de-Marne";"11";"Île-de-France";"2024";870027.2;49576.995;0;247832.175;14853.815;3681.827432;5960.456;17266.42;96489.34;34425.54;154141.756;
"95";"Val-d'Oise";"11";"Île-de-France";"2024";4315630.4;33866.755;0;347639.725;50951.7;8387.796797;12060.592;13062.48;127045.42;44055.16;196223.652;
"01";"Ain";"84";"Auvergne-Rhône-Alpes";"2025";12.8;37275.485;184;307762.63;29245.04;17454.4391524108;7605.576;28088.92;85791.16;26830.92;148316.576;
"02";"Aisne";"32";"Hauts-de-France";"2025";35.2;37972.61;218;232096.6;54748.445;14659.8320435287;6721.712;9346.94;46405.4;16807.62;79281.672;
"03";"Allier";"84";"Auvergne-Rhône-Alpes";"2025";247.2;30256.07;0;195455.13;42858.88;11270.1953537843;3947.512;13769.18;33979.32;12351.34;64047.352;
"04";"Alpes-de-Haute-Provence";"93";"Provence-Alpes-Côte d'Azur";"2025";169.6;9317.815;26;81395.8;9043.885;9070.11068329779;2407.928;4394.86;23537.18;8494.46;38834.428;
"05";"Hautes-Alpes";"93";"Provence-Alpes-Côte d'Azur";"2025";28;22186.32;0;80098.21;11013.65;7788.95387747221;1948.536;5308.76;20028.84;7687.12;34973.256;
"06";"Alpes-Maritimes";"93";"Provence-Alpes-Côte d'Azur";"2025";292374.4;26897.195;0;309419.27;18415.925;12548.9733347802;7940.032;23266.34;149722.72;64607.92;245537.012;
"07";"Ardèche";"84";"Auvergne-Rhône-Alpes";"2025";23.2;20505.615;0;108282.8;10777.345;10171.4959519859;3110.208;10128.38;26926.38;10464.34;50629.308;
"08";"Ardennes";"44";"Grand Est";"2025";0;32975.28;51;101401.565;29759.4;6645.77736178544;3140.472;3719.24;18326.84;6067.26;31253.812;
"09";"Ariège";"76";"Occitanie";"2025";248;5908.24;307;62589.095;8570.44;6108.47826729824;2753.248;3674.84;15553.32;3996.74;25978.148;
"10";"Aube";"44";"Grand Est";"2025";48;12385.165;0;153936.425;45791.4;8981.97723688466;3709.28;7367.44;31322.72;11646.86;54046.3;
"11";"Aude";"76";"Occitanie";"2025";4742.4;9115.015;0;199190.92;28437.595;10095.0787954224;6417.52;5983.64;50789.9;13815.8;77006.86;
"12";"Aveyron";"76";"Occitanie";"2025";1243.2;21152.885;0;131560.095;29375.3;8783.78247309124;2900.688;10403.66;22667.68;7108.44;43080.468;
"13";"Bouches-du-Rhône";"93";"Provence-Alpes-Côte d'Azur";"2025";191122.4;81903.315;7803;838295.745;124534.405;28529.4122144473;25137.744;39607.76;270702.36;82751.98;418199.844;
"14";"Calvados";"28";"Normandie";"2025";4664.8;43954.365;451;381033.045;73024.09;24069.0922850072;6156.008;23859.82;87551.62;30858;148425.448;
"15";"Cantal";"84";"Auvergne-Rhône-Alpes";"2025";106.4;11683.815;0;72437.92;14459.695;12158.3765290512;1524.84;8365.7;12207.04;3493.54;25591.12;
"16";"Charente";"75";"Nouvelle-Aquitaine";"2025";4093.6;22353.63;0;212197.715;44926.34;19031.8555667612;4575.296;7695.26;35346.84;13406.58;61023.976;
"17";"Charente-Maritime";"75";"Nouvelle-Aquitaine";"2025";129.6;36404.29;669;389003.12;54874.53;31299.6988423072;12370.216;16883.84;114417.32;48870.34;192541.716;
"18";"Cher";"24";"Centre-Val de Loire";"2025";0;21590.595;0;171447.21;39468.78;8373.34057216053;2928.624;8376.8;33094.28;11504.78;55904.484;
"19";"Corrèze";"75";"Nouvelle-Aquitaine";"2025";0;23641.41;1382;146037.325;21360.97;10446.4835923415;2888.272;10340.76;28569.18;9973.72;51771.932;
"21";"Côte-d'Or";"27";"Bourgogne-Franche-Comté";"2025";1052;30461.405;0;291677.19;50266.165;12944.7042386461;5532.104;12968.5;82822.28;26240.4;127563.284;
"22";"Côtes-d'Armor";"53";"Bretagne";"2025";284.8;35676.745;0;306254.62;71380.81;37821.3648872437;4394.488;17517.28;59090.48;20546.84;101549.088;
"23";"Creuse";"75";"Nouvelle-Aquitaine";"2025";0;19353.035;0;68062.52;22013.105;8043.06465121855;1557.432;6802.82;12183.36;4748.58;25292.192;
"24";"Dordogne";"75";"Nouvelle-Aquitaine";"2025";2340.8;37095.5;0;171411.305;33632.965;19051.3353801876;3762.048;14607.6;32753.88;13827.64;64951.168;
"25";"Doubs";"27";"Bourgogne-Franche-Comté";"2025";364.8;87089.925;0;587275.54;62609.135;22554.4703015228;12153.712;49289.18;140063.5;43552.7;245059.092;
"26";"Drôme";"84";"Auvergne-Rhône-Alpes";"2025";590.4;34717.67;57;313509.935;35696.25;16779.3867790318;7309.144;14671.98;79294.7;22939.26;124215.084;
"27";"Eure";"28";"Normandie";"2025";0;33882.81;0;284066.165;47552.415;17945.4921156642;7415.456;10479.88;66539.32;26563.78;110998.436;
"28";"Eure-et-Loir";"24";"Centre-Val de Loire";"2025";0;29569.085;262;243622.105;48139.42;15572.1164334358;4668.416;10465.82;58707.9;22296.2;96138.336;
"29";"Finistère";"53";"Bretagne";"2025";10694.4;112246.42;661;383164.8;68061.685;29701.4871228495;6081.512;38743.44;85720.86;26971.52;157517.332;
"2A";"Corse-du-Sud";"94";"Corse";"2025";17391.2;1304.68;71138;30267.915;6361.03;9553.14458289606;0;18821.16;0;0;18821.16;
"2B";"Haute-Corse";"94";"Corse";"2025";11387.2;100058.985;0;112876.97;9111.52;4007.40987743282;0;69249.2;0;0;69249.2;
"30";"Gard";"76";"Occitanie";"2025";8414.4;22035.91;876;275499.065;21653.22;13658.5951456139;10493.072;18142.58;82727.56;22385;133748.212;
"31";"Haute-Garonne";"76";"Occitanie";"2025";144525.6;24948.625;74;476135.37;49467.905;18044.9472576802;16787.984;23215.28;147641.84;44361.52;232006.624;
"32";"Gers";"76";"Occitanie";"2025";56.8;14079.39;0;84858.545;33019.24;11348.8291532385;1982.68;6040.62;16237.82;4892.88;29154;
"33";"Gironde";"75";"Nouvelle-Aquitaine";"2025";97293.6;39346.58;959;623559.63;96524.33;25168.1430998719;18520.016;30547.94;200271.38;65296.12;314635.456;
"34";"Hérault";"76";"Occitanie";"2025";26152.8;60765.64;158;497548.945;88971.755;16431.599784508;18509.928;28868.88;161773.62;45154.06;254306.488;
"35";"Ille-et-Vilaine";"53";"Bretagne";"2025";4808;34819.915;0;530129.81;91712.225;28725.6078304249;8759.488;22330.98;113805.34;38912.9;183808.708;
"36";"Indre";"24";"Centre-Val de Loire";"2025";4042.4;14895.66;0;119477.645;25267.935;7185.42631920367;1795.664;7052.2;20057.7;8382.72;37288.284;
"37";"Indre-et-Loire";"24";"Centre-Val de Loire";"2025";202.4;25300.145;0;262759.47;35847.385;13503.7117047999;5667.904;17723;68870.32;28509.98;120771.204;
"38";"Isère";"84";"Auvergne-Rhône-Alpes";"2025";4494.4;58726.655;259;486795.815;46357.53;31130.5419458403;12686.048;29263.3;149491.84;45355.34;236796.528;
"39";"Jura";"27";"Bourgogne-Franche-Comté";"2025";0;24973.975;0;147963.67;18737.4;11554.4758549683;2751.696;11226.54;27058.1;8360.52;49396.856;
"40";"Landes";"75";"Nouvelle-Aquitaine";"2025";752.8;15493.075;6837;622440.73;47190.86;25915.5273818355;21146;44370.4;168933.86;38548.08;272998.34;
"41";"Loir-et-Cher";"24";"Centre-Val de Loire";"2025";0.8;20385.625;396;158187.41;27986.695;13834.9915475133;3482.688;10078.8;36257.04;12346.9;62165.428;
"42";"Loire";"84";"Auvergne-Rhône-Alpes";"2025";364;35045.53;0;295096.515;26539.64;14119.6796277091;6041.16;16912.7;64852.86;20529.82;108336.54;
"43";"Haute-Loire";"84";"Auvergne-Rhône-Alpes";"2025";0;30348.175;0;126252;22844.765;7700.55311503222;2431.984;12925.58;21753.78;7798.86;44910.204;
"44";"Loire-Atlantique";"52";"Pays de la Loire";"2025";99122.4;73948.485;27;978050.53;130778.535;26454.4921836335;20976.056;38212.12;257776.04;84438.44;401402.656;
"45";"Loiret";"24";"Centre-Val de Loire";"2025";6.4;38392.575;0;381155.79;44886.26;20333.6215480033;7668.432;11667.58;84369.62;34949.46;138655.092;
"46";"Lot";"76";"Occitanie";"2025";115.2;12935.26;0;78607.735;11508.805;12043.6954021587;1894.216;3132.42;20233.82;7230.54;32490.996;
"47";"Lot-et-Garonne";"75";"Nouvelle-Aquitaine";"2025";73.6;47425.625;160;212958.4;89405.955;19352.3910933335;4695.576;11294.62;27162.44;9264.8;52417.436;
"48";"Lozère";"76";"Occitanie";"2025";8.8;24069.825;111;60202.665;18840.105;4542.54430709693;1309.112;3447.66;10905.38;3435.82;19097.972;
"49";"Maine-et-Loire";"52";"Pays de la Loire";"2025";177.6;36309.65;300;391413.765;71636.32;33544.5583126699;7153.168;11487.76;73266.66;28000.86;119908.448;
"50";"Manche";"28";"Normandie";"2025";29.6;48547.785;207;251168.835;63925.93;17543.7153486035;4403.8;14637.94;46846.44;18483.72;84371.9;
"51";"Marne";"44";"Grand Est";"2025";9328.8;33371.585;1202;538962.44;88580.14;14025.6186741819;18376.456;15676.16;130792.04;37209.42;202054.076;
"52";"Haute-Marne";"44";"Grand Est";"2025";0;11342.435;0;127325.81;18865.99;5969.30458795307;1964.056;3041.4;25902.22;7310.46;38218.136;
"53";"Mayenne";"52";"Pays de la Loire";"2025";272;18890.82;609;137594.64;55617.68;19402.1780140974;1240.048;8094.86;15286.92;6608.94;31230.768;
"54";"Meurthe-et-Moselle";"44";"Grand Est";"2025";2004.8;113052.55;79;257672.65;86125.24;7863.07161668896;4659.88;9319.56;55460.78;17974.6;87414.82;
"55";"Meuse";"44";"Grand Est";"2025";0;13986.44;0;82933.035;24912.225;6417.25154083964;1290.488;2715.8;11693.48;4152.88;19852.648;
"56";"Morbihan";"53";"Bretagne";"2025";51.2;33080.06;652;372310.635;59205.675;38411.2895388194;6074.528;25938.48;82061.56;29888.6;143963.168;
"57";"Moselle";"44";"Grand Est";"2025";0;95967.495;615;327917.86;68297.155;10556.8450688836;7245.512;12857.5;77737;23011.78;120851.792;
"58";"Nièvre";"27";"Bourgogne-Franche-Comté";"2025";49.6;12212.785;0;77093.045;16912.09;8461.91415304975;2270.576;5214.04;17804.4;7083.28;32372.296;
"59";"Nord";"32";"Hauts-de-France";"2025";30724.8;53779.18;549;753258.51;103089.935;33686.4834745364;24388.128;18104.1;210432.32;59515.98;312440.528;
"60";"Oise";"32";"Hauts-de-France";"2025";96173.6;40211.015;0;356941.625;55500.78;21161.3432905754;10491.52;18270.6;93610.74;32558.52;154931.38;
"61";"Orne";"28";"Normandie";"2025";96;28099.63;0;133624.215;46377.57;15728.8700592659;2203.84;11003.06;18732.36;7826.98;39766.24;
"62";"Pas-de-Calais";"32";"Hauts-de-France";"2025";452.8;58699.615;0;727913.755;112077.875;21734.4593883521;13096.552;24192.82;142632.04;45194.76;225116.172;
"63";"Puy-de-Dôme";"84";"Auvergne-Rhône-Alpes";"2025";4435.2;47976.565;0;309250.6;51274.845;15888.372908844;9198.704;14426.3;87920.88;25168.88;136714.764;
"64";"Pyrénées-Atlantiques";"75";"Nouvelle-Aquitaine";"2025";24941.6;12642.045;45;221134.72;35869.095;18193.2812729456;6408.984;15039.76;61471.06;19026.14;101945.944;
"65";"Hautes-Pyrénées";"76";"Occitanie";"2025";6492.8;7929.48;181;76555.305;15206.185;8239.17793910329;2063.384;2712.1;17539.48;5652.86;27967.824;
"66";"Pyrénées-Orientales";"76";"Occitanie";"2025";6.4;10834.59;0;184439.81;15793.19;12316.2210832665;7704.904;12161.16;53120.16;13747.72;86733.944;
"67";"Bas-Rhin";"44";"Grand Est";"2025";18800;109021.055;0;356640.19;56526.16;18430.4490754508;7458.136;12664.36;104712.22;46131.6;170966.316;
"68";"Haut-Rhin";"44";"Grand Est";"2025";115372.8;80674.685;0;359246.225;106752.245;12862.4283614478;5963.56;16562.68;86876.74;31094.8;140497.78;
"69";"Rhône";"84";"Auvergne-Rhône-Alpes";"2025";195121.6;92689.74;0;671371.73;124420.845;25949.51203433;12813.312;41626.48;211536.4;58250.58;324226.772;
"70";"Haute-Saône";"27";"Bourgogne-Franche-Comté";"2025";39.2;15777.84;164;147292.33;15888.38;11716.9790232481;2044.76;6681.46;19243.7;6523.1;34493.02;
"71";"Saône-et-Loire";"27";"Bourgogne-Franche-Comté";"2025";291.2;31509.205;55;345883.72;47554.92;11946.0123697874;5501.84;22649.92;67036.6;22142.28;117330.64;
"72";"Sarthe";"52";"Pays de la Loire";"2025";89.6;32781.775;0;297559.765;75922.375;30404.0197131332;4772.4;16650;56766.14;23522.38;101710.92;
"73";"Savoie";"84";"Auvergne-Rhône-Alpes";"2025";4532;42544.905;1165;271628.005;26411.885;18981.7084606326;4840.688;18538.48;64899.48;19673.64;107952.288;
"74";"Haute-Savoie";"84";"Auvergne-Rhône-Alpes";"2025";1181.6;80556.385;0;340883.74;31177.23;24260.0631480374;8723.792;33624.86;123020.56;40697.04;206066.252;
"75";"Paris";"11";"Île-de-France";"2025";0;5543.2;0;41007.685;4746.14;2513.30016522524;5050.984;2430.16;43911.6;21869.22;73261.964;
"76";"Seine-Maritime";"28";"Normandie";"2025";2448.8;76240.97;3787;539696.405;110798.655;28510.1109678501;10769.328;32049.4;121991.96;49403.14;214213.828;
"77";"Seine-et-Marne";"11";"Île-de-France";"2025";352.8;65923.52;235;546425.67;58863.325;20689.4631385733;19173.408;27165.4;181145.34;70973.4;298457.548;
"78";"Yvelines";"11";"Île-de-France";"2025";771.2;34657.675;0;349747.265;31607.255;12979.6056537293;12169.232;20771.8;174040.6;65292.42;272274.052;
"79";"Deux-Sèvres";"75";"Nouvelle-Aquitaine";"2025";81.6;24286.99;616;229492.235;39732.64;22594.7910320037;4294.384;10676.72;38633.18;13515.36;67119.644;
"80";"Somme";"32";"Hauts-de-France";"2025";168;43133.025;0;272528.135;80129.105;15629.0770906563;6747.32;6055.42;65558.82;19044.64;97406.2;
"81";"Tarn";"76";"Occitanie";"2025";120.8;13160.875;934;145303.36;28616.285;10526.805500188;4295.936;6770.26;28252.46;9345.46;48664.116;
"82";"Tarn-et-Garonne";"76";"Occitanie";"2025";4293.6;10354.63;10;128478.11;23405.885;7993.53451810528;2716.776;4165.46;20320.4;7847.7;35050.336;
"83";"Var";"93";"Provence-Alpes-Côte d'Azur";"2025";40251.2;21217.95;752;460310.45;26977.18;22297.9508283805;16578.464;32036.82;178932.74;67439.16;294987.184;
"84";"Vaucluse";"93";"Provence-Alpes-Côte d'Azur";"2025";1392.8;26098.67;0;273055.02;18881.855;13260.4541446018;10381.328;8485.58;88929.5;22070.5;129866.908;
"85";"Vendée";"52";"Pays de la Loire";"2025";236.8;50655.215;713;368523.075;111803.16;31918.3119674477;6806.296;12734.66;57628.24;24166.18;101335.376;
"86";"Vienne";"75";"Nouvelle-Aquitaine";"2025";844;46107.425;435;220103.495;71218.82;20425.6522759457;4212.904;8659.48;44747.8;14990.18;72610.364;
"87";"Haute-Vienne";"75";"Nouvelle-Aquitaine";"2025";5.6;24652.875;1024;167670.505;27096.585;9606.84533382595;3643.32;12973.68;35249.9;13263.02;65129.92;
"88";"Vosges";"44";"Grand Est";"2025";75.2;27132.95;52;163700.915;26407.71;10262.8016588057;2985.272;10479.14;30172.02;14446.28;58082.712;
"89";"Yonne";"27";"Bourgogne-Franche-Comté";"2025";186.4;21565.245;0;152421.735;27519.095;11829.8161218082;3553.304;5287.3;39847.52;12935.94;61624.064;
"90";"Territoire de Belfort";"27";"Bourgogne-Franche-Comté";"2025";1950.4;7452.055;0;34374.445;2884.925;2226.81011883634;592.088;2025.38;9909.34;3680.76;16207.568;
"91";"Essonne";"11";"Île-de-France";"2025";38.4;23401.43;0;453948.585;18461.85;17179.1628238866;12971.616;25706.12;160152.28;66417.96;265247.976;
"92";"Hauts-de-Seine";"11";"Île-de-France";"2025";60.8;25846.86;228;209380.425;18310.715;7709.97558967542;6260.768;3618.6;118530.98;48532.16;176942.508;
"93";"Seine-Saint-Denis";"11";"Île-de-France";"2025";64895.2;19200.935;0;246702.42;26269.1;5657.89876234021;9909.52;8643.94;93117.9;33938.62;145609.98;
"94";"Val-de-Marne";"11";"Île-de-France";"2025";837667.2;38241.32;0;262379.545;13304.055;3513.52398482805;6786.896;15689.48;118854.36;41999.44;183330.176;
"95";"Val-d'Oise";"11";"Île-de-France";"2025";4408400.8;34039.98;0;324222.985;52988.265;7540.76515048125;11963.592;12754.64;129934.38;45962.88;200615.492;
