"ID";"OPERATEUR";"ANNEE";"FILIERE";"COMMUNE_CODE";"COMMUNE_LIBELLE";"NCC";"PUISSANCE";"PUISSANCE_GAZ_NATUREL";"PUISSANCE_CHARBON";"PUISSANCE_FIOUL_DOMESTIQUE";"PUISSANCE_FIOUL_LOURD";"PUISSANCE_GPL";"PUISSANCE_BIOMASSE_SOLIDE";"PUISSANCE_DECHETS_INTERNES";"PUISSANCE_UIOM";"PUISSANCE_BIOGAZ";"PUISSANCE_GEOTHERMIE";"PUISSANCE_PAC";"PUISSANCE_SOLAIRE_THERMIQUE";"PUISSANCE_AUTRES_ENR";"PUISSANCE_CHALEUR_INDUSTRIEL";"PUISSANCE_AUTRE_CHALEUR_RECUPEREE";"PUISSANCE_CHAUDIERES_ELECTRIQUES";"PUISSANCE_AUTRES";"PUISSANCE_AUTRES_FROID";"PUISSANCE_GF_COMPRESSION";"PUISSANCE_GF_ABSORPTION";"PUISSANCE_PAC_FROID";"PUISSANCE_FROID_PASSIF";"PRODUCTION_TOTALE";"PRODUCTION_GAZ_NATUREL";"PRODUCTION_CHARBON";"PRODUCTION_FIOUL_DOMESTIQUE";"PRODUCTION_FIOUL_LOURD";"PRODUCTION_GPL";"PRODUCTION_BIOMASSE_SOLIDE";"PRODUCTION_DECHETS_INTERNES";"PRODUCTION_UIOM";"PRODUCTION_BIOGAZ";"PRODUCTION_GEOTHERMIE";"PRODUCTION_PAC";"PRODUCTION_SOLAIRE_THERMIQUE";"PRODUCTION_AUTRES_ENR";"PRODUCTION_CHALEUR_INDUSTRIEL";"PRODUCTION_AUTRE_CHALEUR_RECUPEREE";"PRODUCTION_CHAUDIERES_ELECTRIQUES";"PRODUCTION_AUTRES";"CONTENU_EN_CO2";"CONTENU_EN_CO2_ACV";"PCTCOG";"PCTCOG_GAZ_NATUREL";"PCTCOG_CHARBON";"PCTCOG_FIOUL_DOMESTIQUE";"PCTCOG_FIOUL_LOURD";"PCTCOG_GPL";"PCTCOG_BIOMASSE_SOLIDE";"PCTCOG_DECHETS_INTERNES";"PCTCOG_BIOGAZ";"PCTCOG_AUTRES";"PDL";"CONSOTOT";"CONSOR";"CONSOT";"CONSOI";"CONSOA";"CONSONA"
"1501C";"CENTRE HOSPITALIER HENRI MONDOR - AURILLAC";"2024";"C";"15002";"Alleuze";"AURILLAC CEDEX";11;7;0;0;0;0;4;0;0;0;0;0;0;0;0;0;0;0;0;0;0;0;0;13518;242;0;0;0;0;13276;0;0;0;0;0;0;0;0;0;0;0;0.00445550154185912;0.0272354084467845;0;0;0;0;0;0;0;0;0;0;28;10388.49;0;9734.01513;0;0;654
"6815C";"Réseau d'Ammerzwiller";"2024";"C";"68210";"Mittlach";"AMMERZWILLER";0.4;0;0;0;0;0;0;0;0;0;0;0;0;0.4;0;0;0;0;0;0;0;0;0;697.8224;0;0;0;0;0;0;0;0;0;0;0;0;697.8224;0;0;0;0;0;0.004;0;0;0;0;0;0;0;0;0;0;53;792;475.2;0;0;0;317
"3824C";"Réseau de Moirans";"2024";"C";"38430";"Saint-Mury-Monteymond";"VILLE DE MOIRANS";2.65;1.65;0;0;0;0;1;0;0;0;0;0;0;0;0;0;0;0;0;0;0;0;0;2832;115;0;0;0;0;2717;0;0;0;0;0;0;0;0;0;0;0;0.0119630136986301;0.0359751598173516;0;0;0;0;0;0;0;0;0;0;20;2190;219;1971;0;0;0
"7402C";"Quartier de Champ Fleury";"2024";"C";"74010";"Annecy";"SEYNOD";46.3;25.3;0;1;0;0;0;0;20;0;0;0;0;0;0;0;0;0;0;0;0;0;0;49615;4740;0;21;0;0;0;0;44854;0;0;0;0;0;0;0;0;0;0.0246509803921569;0.0313113725490196;0;0;0;0;0;0;0;0;0;0;73;43605;35320.05;8284.95;0;0;0
"6930C";"PLATEAU NORD";"2024";"C";"69140";"Morancé";"METROPOLE DE LYON";122.5;85.5;0;0;0;0;9;0;28;0;0;0;0;0;0;0;0;0;0;0;0;0;0;190891.72;31016;0;0;0;0;19078;0;140797.72;0;0;0;0;0;0;0;0;0;0.0416405628693741;0.0522528845216447;0;0;0;0;0;0;0;0;0;0;254;158376;120365.76;36426.48;1583.76;0;0
"7304C";"La Plagne";"2024";"C";"73210";"Puygros";"MACOT LA PLAGNE";11.68;0;0;9;0;0;2.68;0;0;0;0;0;0;0;0;0;0;0;0;0;0;0;0;13994.8;0;0;2424.36;0;0;11570.44;0;0;0;0;0;0;0;0;0;0;0;0.057680181946514;0.0869329464355737;0;0;0;0;0;0;0;0;0;0;55;12751;11475.9;1275.1;0;0;0
"1322C";"BET MASSILEO chaud";"2024";"C";"13100";"Saint-Rémy-de-Provence";"MARSEILLE";4.44;0;0;0;0;0;0;0;0;0;0;2.94;0;1.5;0;0;0;0;0;0;0;0;0;4096;0;0;0;0;0;0;0;0;0;0;4096;0;0;0;0;0;0;0.0660674157303371;0.0329962546816479;0;0;0;0;0;0;0;0;0;0;5;2136;1174.8;961.2;0;0;0
"1319C";"Réseau de chaleur Thassalia Marseille";"2024";"C";"13002";"Allauch";"MARSEILLE";17.5;3.5;0;0;0;0;0;0;0;0;0;14;0;0;0;0;0;0;0;0;0;0;0;18047.75;60.75;0;0;0;0;0;0;0;0;0;17987;0;0;0;0;0;0;0.0429853737069261;0.0234994519421799;0;0;0;0;0;0;0;0;0;0;36;14597;0;0;0;0;14597
"5414C";"Réseau de chaleur BRIEY";"2024";"C";"54150";"Custines";"BRIEY";12.1;7.6;0;2;0;0;2.5;0;0;0;0;0;0;0;0;0;0;0;0;0;0;0;0;14048;2833;0;5;0;0;11210;0;0;0;0;0;0;0;0;0;0;0;0.0494064;0.0721616;0;0;0;0;0;0;0;0;0;0;25;12500;1750;10750;0;0;0
"5001C";"Provinces Energies";"2024";"C";"50129";"Cherbourg-en-Cotentin";"CHERBOURG OCTEVILLE";17.6;10;0;0;0;0;7.6;0;0;0;0;0;0;0;0;0;0;0;0;0;0;0;0;31905;6526;0;0;0;0;25379;0;0;0;0;0;0;0;0;0;0;0;0.0704742130091627;0.101319119114579;0;0;0;0;0;0;0;0;0;0;74;22046;0;0;0;0;22046
"7205C";"Réseau de la commune de Tuffe";"2024";"C";"72160";"Lavernat";"TUFFE";0.77;0.57;0;0;0;0;0.2;0;0;0;0;0;0;0;0;0;0;0;0;0;0;0;0;569;157;0;0;0;0;412;0;0;0;0;0;0;0;0;0;0;0;0.0741055900621118;0.0993006211180124;0;0;0;0;0;0;0;0;0;0;3;483;0;483;0;0;0
"6905C";"Réseau de Lyon";"2024";"C";"69003";"Albigny-sur-Saône";"LYON";439.89;290.29;0;39.1;0;0;51;0;52;0;0;0;0;0;0;7.5;0;0;0;0;0;0;0;704477;236275;0;761;0;0;136237;0;304565;0;0;0;0;0;0;26639;0;0;0.0942956691343441;0.111733826201429;0;0;0;0;0;0;0;0;0;0;963;582269;262021.05;123441.028;0;0;196807
"0107C";"Secteur Verger du Moulin";"2024";"C";"01370";"Saint-Laurent-sur-Saône";"TREFFORT VAL REVERMONT";0.6;0;0;0.35;0;0;0.25;0;0;0;0;0;0;0;0;0;0;0;0;0;0;0;0;654.0444;0;0;301.2294;0;0;352.815;0;0;0;0;0;0;0;0;0;0;0;0.168047443913203;0.215464306730416;0;0;0;0;0;0;0;0;0;0;21;543.8;163.14;380.66;0;0;0
"6741C";"Réseau de chaleur ZAC des Vergers";"2024";"C";"67116";"Ebersmunster";"REISCHTETT";1.7;1.4;0;0;0;0;0.3;0;0;0;0;0;0;0;0;0;0;0;0;0;0;0;0;1823;1179;0;0;0;0;644;0;0;0;0;0;0;0;0;0;0;0;0.198068233510235;0.230331918119788;0;0;0;0;0;0;0;0;0;0;5;1319;1319;0;0;0;0
"1306C";"LUMINY";"2024";"C";"13008";"Aurons";"MARSEILLE";10.7;7.5;0;0;0;0;3.2;0;0;0;0;0;0;0;0;0;0;0;0;0;0;0;0;9760;4718;0;0;0;0;5042;0;0;0;0;0;0;0;0;0;0;0;0.120848737147966;0.147210471613768;0;0;0;0;0;0;0;0;0;0;30;8948;2237;6711;0;0;0
"7501C";"Paris et communes limitrophes";"2024";"C";"75112";"Paris 12e Arrondissement";"PARIS";3675.1;2344.1;119;0;0;0;376.6;0;397;0;0;13.4;0;425;0;0;0;0;0;0;0;0;0;6031398;2867861;122136;0;0;0;385178;0;2631559;0;0;22231;0;2433;0;0;0;0;0.148977737009205;0.17083479709283;52;18;0;0;0;0;0;0;0;0;6042;3783313;1921923.004;1475492.07;7566.626;0;378331
"6739C";"Réseau de Chaleur Les Prairies du Canal";"2024";"C";"67400";"Riedseltz";"ILLKIRCH";8;8;0;0;0;0;0;0;0;0;0;0;0;0;0;0;0;0;0;0;0;0;0;3420.09;3420.09;0;0;0;0;0;0;0;0;0;0;0;0;0;0;0;0;0.230697092841513;0.259454829634261;0;0;0;0;0;0;0;0;0;0;16;3199;3199;0;0;0;0
"1302C";"Réseau Castellane Bricarde";"2024";"C";"13015";"Bouc-Bel-Air";"MARSEILLE";18.3;18.3;0;0;0;0;0;0;0;0;0;0;0;0;0;0;0;0;0;0;0;0;0;10928.82;10928.82;0;0;0;0;0;0;0;0;0;0;0;0;0;0;0;0;0.181029067106106;0.222323502378924;100;100;0;0;0;0;0;0;0;0;2;10923;10923;0;0;0;0
"6915C";"ZH Champvert";"2024";"C";"69001";"Affoux";"LYON";6.5;3;0;0;0;0;0;0;0;0;0;0;0;0;0;3.5;0;0;0;0;0;0;0;2810;852;0;0;0;0;0;0;0;0;0;0;0;0;0;1958;0;0;0.206999644001424;0.23321423994304;0;0;0;0;0;0;0;0;0;0;10;2809;2809;0;0;0;0
"6716C";"réseau de chaleur d'Allenwiller";"2024";"C";"67310";"Mussig";"ALLENWILLER";1.5;0;0;0;0;0;1.5;0;0;0;0;0;0;0;0;0;0;0;0;0;0;0;0;5792.444;0;0;0;0;0;5792.444;0;0;0;0;0;0;0;0;0;0;0;0;0.0287835267478064;0;0;0;0;0;0;0;0;0;0;8;3533;883.25;706.6;0;0;1943
"4319C";"Monastier-sur-Gazeille - DSP";"2024";"C";"43150";"Le Pertuis";"MONASTIER SUR GAZEILLE";0.47;0;0;0;0;0;0.47;0;0;0;0;0;0;0;0;0;0;0;0;0;0;0;0;352.6;0;0;0;0;0;352.6;0;0;0;0;0;0;0;0;0;0;0;0;0.018366576819407;0;0;0;0;0;0;0;0;0;0;15;371;152.11;218.89;0;0;0
"4611C";"Réseau de Sousceyrac";"2024";"C";"46190";"Mechmont";"SOUSCEYRAC";2.8;0;0;1.6;0;0;1.2;0;0;0;0;0;0;0;0;0;0;0;0;0;0;0;0;2473.72;0;0;163.76;0;0;2309.96;0;0;0;0;0;0;0;0;0;0;0;0.0322388059701493;0.0653458792991564;0;0;0;0;0;0;0;0;0;0;80;1541;1356.08;184.92;0;0;0
"7616C";"SRGB";"2024";"C";"76330";"Gruchet-Saint-Siméon";"NOTRE DAME DE GRAVENCHON";12;2;0;6;0;0;4;0;0;0;0;0;0;0;0;0;0;0;0;0;0;0;0;18450.16;1053.81;0;849.95;0;0;16546.4;0;0;0;0;0;0;0;0;0;0;0;0.0359821131748211;0.0636469104574691;0;0;0;0;0;0;0;0;0;0;42;13837;6641.76;7195.24;0;0;0
"7410C";"Quartier La Cudray";"2024";"C";"74210";"Perrignier";"FAVERGES";18.35;0;0;0;0;7;4.35;0;0;0;0;0;7;0;0;0;0;0;0;0;0;0;0;17666;0;0;0;0;1914;15752;0;0;0;0;0;0;0;0;0;0;0;0.0282563647128478;0.0553576080521018;0;0;0;0;0;0;0;0;0;0;30;15201;7296.48;0;2280.15;0;5624
"3712C";"Réseau de Chaleur TM-ED";"2024";"C";"37261";"Tours";"TOURS ET LA RICHE";40.82;27.02;0;0;0;0;13.8;0;0;0;0;0;0;0;0;0;0;0;0;0;0;0;0;76691;16168;0;0;0;0;60523;0;0;0;0;0;0;0;0;0;0;0;0.046992545546926;0.0707930112318476;5;24;0;0;0;0;0;0;0;0;88;68885;41331;27554;0;0;0
"5303C";"RCU Château-Gontier (piscine et salles omnisports)";"2024";"C";"53200";"Saint-Baudelle";"CHATEAU GONTIER";1.27;0.71;0;0;0;0;0.56;0;0;0;0;0;0;0;0;0;0;0;0;0;0;0;0;2119.72;657.72;0;0;0;0;1462;0;0;0;0;0;0;0;0;0;0;0;0.0809805405405405;0.105617081081081;0;0;0;0;0;0;0;0;0;0;4;1850;0;1850;0;0;0
"7504C";"Rue Legendre";"2024";"C";"75101";"Paris 1er Arrondissement";"PARIS";0;0;0;0;0;0;0;0;0;0;0;0;0;0;0;0;0;0;0;0;0;0;0;0;0;0;0;0;0;0;0;0;0;0;0;0;0;0;0;0;0;0.150399997269578;0.176465722275826;0;0;0;0;0;0;0;0;0;0;14;3886.12;0;0;0;0;3886
"5002C";"Ilot Divette";"2024";"C";"50129";"Cherbourg-en-Cotentin";"CHERBOURG OCTEVILLE";4.18;2;0;0;0;0;0;0;0;0;0;2.18;0;0;0;0;0;0;0;0;0;0;0;8646.69;4342.6;0;0;0;0;0;0;0;0;0;4304.09;0;0;0;0;0;0;0.167344894597113;0.164151287722287;0;0;0;0;0;0;0;0;0;0;19;7265.93;7265.93;0;0;0;0
"7804C";"Parly II";"2024";"C";"78158";"Le Chesnay-Rocquencourt";"LE CHESNAY";86.6;86.6;0;0;0;0;0;0;0;0;0;0;0;0;0;0;0;0;0;0;0;0;0;82072;82072;0;0;0;0;0;0;0;0;0;0;0;0;0;0;0;0;0.234604711973262;0.259110515694192;63;63;0;0;0;0;0;0;0;0;33;76295;60273.05;16021.95;0;0;0
"2906C";"Vapeur SIRCOB-NUTRIBABIG";"2024";"C";"29270";"Saint-Urbain";"CARHAIX PLOUGER";7.8;0;0;0;0;0;0;7.8;0;0;0;0;0;0;0;0;0;0;0;0;0;0;0;39088.72;0;0;0;0;0;0;39088.72;0;0;0;0;0;0;0;0;0;0;0;0.004;0;0;0;0;0;0;0;0;0;0;1;37726;0;0;37726;0;0
"2207C";"Réseau de chaleur du Gouray";"2024";"C";"22330";"Saint-Thélo";"LE GOURAY";0.82;0;0;0.5;0;0;0.32;0;0;0;0;0;0;0;0;0;0;0;0;0;0;0;0;523.24;0;0;14.24;0;0;509;0;0;0;0;0;0;0;0;0;0;0;0.0154285714285714;0.0520428571428571;0;0;0;0;0;0;0;0;0;0;38;280;117.6;162.4;0;0;0
"3515C";"RCU de RETIERS, MARTIGNE-FERCHAUD, COESMES";"2024";"C";"35240";"Le Rheu";"RETIERS MARTIGNE FERCHAUD COESMES";3.68;0;0;1.43;0;0;2.25;0;0;0;0;0;0;0;0;0;0;0;0;0;0;0;0;3556.51;0;0;125.07;0;0;3431.44;0;0;0;0;0;0;0;0;0;0;0;0.0155705643673921;0.0437982884544448;0;0;0;0;0;0;0;0;0;0;17;2711;921.74;1789.26;0;0;0
"2205C";"Réseau de chaleur de Collinée";"2024";"C";"22330";"Saint-Thélo";"COLLINEE";0.79;0.46;0;0;0;0;0.33;0;0;0;0;0;0;0;0;0;0;0;0;0;0;0;0;1183.61;65.61;0;0;0;0;1118;0;0;0;0;0;0;0;0;0;0;0;0.0173975552968568;0.0429386495925495;0;0;0;0;0;0;0;0;0;0;18;859;163.21;695.79;0;0;0
"7206C";"RCU du GRAND LUCE";"2024";"C";"72150";"Joué-l'Abbé";"GRAND LUCE";2.98;1.8;0;0;0;0;1.18;0;0;0;0;0;0;0;0;0;0;0;0;0;0;0;0;4792;284;0;0;0;0;4508;0;0;0;0;0;0;0;0;0;0;0;0.0167582179930796;0.0416518166089965;0;0;0;0;0;0;0;0;0;0;18;3468;2392.92;1075.08;0;0;0
"1409C";"RCU d'Aunay-sur-Odon";"2024";"C";"14260";"Fauguernon";"AUNAY SUR ODON";2.66;1.86;0;0;0;0;0.8;0;0;0;0;0;0;0;0;0;0;0;0;0;0;0;0;3106.4;243.8;0;0;0;0;2862.6;0;0;0;0;0;0;0;0;0;0;0;0.0288194771802014;0.0596448896507392;0;0;0;0;0;0;0;0;0;0;13;1866.8;13.0676;1853.7324;0;0;0
"1322F";"BET MASSILEO froid";"2024";"F";"13100";"Saint-Rémy-de-Provence";"MARSEILLE";2.43;0;0;0;0;0;0;0;0;0;0;0;0;0;0;0;0;0;0;0;0;2.43;0;3136;0;0;0;0;0;0;0;0;0;0;0;0;0;0;0;0;0;0.0135766423357664;0.0257226277372263;0;0;0;0;0;0;0;0;0;0;"secret";"secret";"secret";"secret";"secret";"secret";"secret"
"6905F";"Réseau de Lyon";"2024";"F";"69003";"Albigny-sur-Saône";"LYON";52.35;0;0;0;0;0;0;0;0;0;0;0;0;0;0;0;0;0;0;52.35;0;0;0;43468;0;0;0;0;0;0;0;0;0;0;0;0;0;0;0;0;0;0.00772984618467859;0.0163677538954857;0;0;0;0;0;0;0;0;0;0;111;39918;399.18;38321.28;0;0;1197.54
"0511C";"RISTOLAS";"2024";"C";"05001";"Abriès-Ristolas";"ABRIES RISTOLAS";2.2;0;0;0;0;0;2.2;0;0;0;0;0;0;0;0;0;0;0;0;0;0;0;0;812.7;0;0;0;0;0;812.7;0;0;0;0;0;0;0;0;0;0;0;0;0.0216508620689655;0;0;0;0;0;0;0;0;0;0;5;696;348;348;0;0;0
"6313C";"Réseau de St Clément de Régnat";"2024";"C";"63332";"Saint-Clément-de-Régnat";"ST CLEMENT DE REGNAT";0.13;0;0.13;0;0;0;0;0;0;0;0;0;0;0;0;0;0;0;0;0;0;0;0;162.8;0;162.8;0;0;0;0;0;0;0;0;0;0;0;0;0;0;0;0.475714285714286;0.539526315789474;0;0;0;0;0;0;0;0;0;0;"secret";"secret";"secret";"secret";"secret";"secret";"secret"
"6737C";"SCHWEIGHOUSE - SCHAEFFLER";"2024";"C";"67458";"Schweighouse-sur-Moder";"SCHWEIGHOUSE SUR MODER";0;0;0;0;0;0;0;0;0;0;0;0;0;0;0;0;0;0;0;0;0;0;0;0;0;0;0;0;0;0;0;0;0;0;0;0;0;0;0;0;0;0;0;0;0;0;0;0;0;0;0;0;0;"secret";"secret";"secret";"secret";"secret";"secret";"secret"
"7621C";"Réseau vapeur SEVEDE";"2024";"C";"76592";"Saint-Jean-de-Folleville";"ST JEAN DE FOLLEVILLE";69.4;0;0;0;0;0;0;69.4;0;0;0;0;0;0;0;0;0;0;0;0;0;0;0;286667.24;0;0;0;0;0;0;286667.24;0;0;0;0;0;0;0;0;0;0;0;0.004;0;0;0;0;0;0;0;0;0;0;1;317537;0;0;317537;0;0
"9230C";"Réseau Enebio";"2024";"C";"92062";"Puteaux";"PUTEAUX";62.1;62.1;0;0;0;0;0;0;0;0;0;0;0;0;0;0;0;0;0;0;0;0;0;34615;34615;0;0;0;0;0;0;0;0;0;0;0;0;0;0;0;0;0.216329698068024;0.243545568104592;0;0;0;0;0;0;0;0;0;0;38;30901;16377.53;14523.47;0;0;0
"7620C";"VESUVE";"2024";"C";"76322";"Le Grand-Quevilly";"LE GRAND QUEVILLY";38;0;0;0;0;0;0;38;0;0;0;0;0;0;0;0;0;0;0;0;0;0;0;69932.62;0;0;0;0;0;0;69932.62;0;0;0;0;0;0;0;0;0;0;0;0.004;0;0;0;0;0;0;0;0;0;0;20;42959;21114.3485;3303.5471;257.754;0;18283
"1901C";"Unité de Valorisation Energétique - Blédina";"2024";"C";"19229";"Saint-Pantaléon-de-Larche";"ST PANTALEON DE LARCHE";24;0;0;0;0;0;0;24;0;0;0;0;0;0;0;0;0;0;0;0;0;0;0;67244;0;0;0;0;0;0;67244;0;0;0;0;0;0;0;0;0;0;0;0.004;87;0;0;0;0;0;0;87;0;0;3;58246;0;22657.694;34889.354;698.952;0
"6723C";"ECOGI";"2024";"C";"67404";"Rittershoffen";"RITTERSHOFFEN";20.7;0;0;0;0;0;0;0;0;0;20.7;0;0;0;0;0;0;0;0;0;0;0;0;169859;0;0;0;0;0;0;0;0;0;169859;0;0;0;0;0;0;0;0;0.0150863889722871;0;0;0;0;0;0;0;0;0;0;"secret";"secret";"secret";"secret";"secret";"secret";"secret"
"5104C";"Epernay - Quartier Bernon";"2024";"C";"51230";"Épernay";"EPERNAY";19;19;0;0;0;0;0;0;0;0;0;0;0;0;0;0;0;0;0;0;0;0;0;14219;14219;0;0;0;0;0;0;0;0;0;0;0;0;0;0;0;0;0.191008909768346;0.287491922280011;75;0;0;0;0;0;0;0;0;0;25;12346;4938.4;7407.6;0;0;0
"8201C";"RESEAUX SUD OUEST ENERGIES SERVICES";"2024";"C";"82121";"Montauban";"MONTAUBAN";18.5;13;0;0;0;0;0;0;5.5;0;0;0;0;0;0;0;0;0;0;0;0;0;0;42466;8204;0;0;0;0;0;0;34262;0;0;0;0;0;0;0;0;0;0.0602883793531961;0.0707583517715879;0;0;0;0;0;0;0;0;0;0;59;32993;9238.04;23095.1;659.86;0;0
"2903C";"Réseau de chaleur UVED";"2024";"C";"29020";"Briec";"BRIEC";18.1;0;0;0;0;0;0;18.1;0;0;0;0;0;0;0;0;0;0;0;0;0;0;0;34335;0;0;0;0;0;0;34335;0;0;0;0;0;0;0;0;0;0;0;0.004;100;0;0;0;0;0;0;100;0;0;1;34335;0;0;0;34335;0
"7418C";"Réseau UVE du STOC";"2024";"C";"74281";"Thonon-les-Bains";"THONON LES BAINS";15;0;0;0;0;0;0;15;0;0;0;0;0;0;0;0;0;0;0;0;0;0;0;69047.68;0;0;0;0;0;0;69047.68;0;0;0;0;0;0;0;0;0;0;0;0.004;0;0;0;0;0;0;0;0;0;0;1;51805;0;0;51805;0;0
"4007C";"Réseau serres Pontenx";"2024";"C";"40229";"Pontenx-les-Forges";"PONTENX LES FORGES";12;0;0;0;0;0;0;12;0;0;0;0;0;0;0;0;0;0;0;0;0;0;0;81414.2;0;0;0;0;0;0;81414.2;0;0;0;0;0;0;0;0;0;0;0;0.004;46;0;0;0;0;0;0;46;0;0;1;37365;0;0;0;37365;0
"8404C";"Réseaux vapeur verte  GB Foods";"2024";"C";"73205";"Le Pontet";"LE PONTET";10.4;0;0;0;0;0;0;0;10.4;0;0;0;0;0;0;0;0;0;0;0;0;0;0;21731;0;0;0;0;0;0;0;21731;0;0;0;0;0;0;0;0;0;0;0.004;0;0;0;0;0;0;0;0;0;0;"secret";"secret";"secret";"secret";"secret";"secret";"secret"
"8405C";"NOVALIE";"2024";"C";"84141";"Vedène";"VEDENE";10.2;0;0;0;0;0;0;10.2;0;0;0;0;0;0;0;0;0;0;0;0;0;0;0;24591.7;0;0;0;0;0;0;24591.7;0;0;0;0;0;0;0;0;0;0;0;0.004;0;0;0;0;0;0;0;0;0;0;1;21732;0;0;21732;0;0
"6821C";"Papeteries du Rhin";"2024";"C";"68154";"Illzach";"ILLZACH";10;0;0;0;0;0;0;0;10;0;0;0;0;0;0;0;0;0;0;0;0;0;0;41989;0;0;0;0;0;0;0;41989;0;0;0;0;0;0;0;0;0;0;0.004;0;0;0;0;0;0;0;0;0;0;1;40088;0;0;40088;0;0
"8301C";"La Beaucaire";"2024";"C";"83137";"Toulon";"TOULON";10;0;0;0;0;0;0;10;0;0;0;0;0;0;0;0;0;0;0;0;0;0;0;10788.7;0;0;0;0;0;0;10788.7;0;0;0;0;0;0;0;0;0;0;0;0.004;0;0;0;0;0;0;0;0;0;0;"secret";"secret";"secret";"secret";"secret";"secret";"secret"
"1414C";"Serres ABC14";"2024";"C";"14167";"Colombelles";"COLOMBELLES";9;0;0;0;0;0;0;9;0;0;0;0;0;0;0;0;0;0;0;0;0;0;0;11976;0;0;0;0;0;0;11976;0;0;0;0;0;0;0;0;0;0;0;0.004;0;0;0;0;0;0;0;0;0;0;"secret";"secret";"secret";"secret";"secret";"secret";"secret"
"2204C";"SMITRED OUEST d'ARMOR";"2024";"C";"22245";"Pluzunet";"PLUZUNET";9;0;0;0;0;0;0;9;0;0;0;0;0;0;0;0;0;0;0;0;0;0;0;35383;0;0;0;0;0;0;35383;0;0;0;0;0;0;0;0;0;0;0;0.004;100;0;0;0;0;0;0;100;0;0;4;16694;0;0;0;16694;0
"2905C";"GOUENNOU FRERES";"2024";"C";"29189";"Plougastel-Daoulas";"PLOUGASTEL DAOULAS";8;0;0;0;0;0;8;0;0;0;0;0;0;0;0;0;0;0;0;0;0;0;0;41192.28;0;0;0;0;0;41192.28;0;0;0;0;0;0;0;0;0;0;0;0;0.0213795355587808;0;0;0;0;0;0;0;0;0;0;5;35828;0;551.7512;0;35276.2488;0
"3404C";"Réseau de Fraïsse - Agout";"2024";"C";"34107";"Fraisse-sur-Agout";"FRAISSE SUR AGOUT";4.2;0;0;0;0;0;4.2;0;0;0;0;0;0;0;0;0;0;0;0;0;0;0;0;1376;0;0;0;0;0;1376;0;0;0;0;0;0;0;0;0;0;0;0;0.0206134185303514;0;0;0;0;0;0;0;0;0;0;37;1252;100.16;50.08;0;0;1102
"3707C";"Réseau de chaleur pour le CHU St Benoit la Forêt";"2024";"C";"37210";"Saint-Benoît-la-Forêt";"ST BENOIT LA FORET";3.27;0;0;0;0;0;0;3.27;0;0;0;0;0;0;0;0;0;0;0;0;0;0;0;3714.34;0;0;0;0;0;0;3714.34;0;0;0;0;0;0;0;0;0;0;0;0.004;0;0;0;0;0;0;0;0;0;0;1;3804;0;0;0;0;3804
"5604C";"Réseau de chaleur Liger";"2024";"C";"56117";"Locminé";"LOCMINE";3.2;0;0;0;0;0;1.6;0;0;1.6;0;0;0;0;0;0;0;0;0;0;0;0;0;3803.38;0;0;0;0;0;415.38;0;0;3388;0;0;0;0;0;0;0;0;0;0.0481927801767268;89;0;0;0;0;0;0;0;100;0;9;3213;0;1735.02;1477.98;0;0
"0801C";"chaufferie communale";"2024";"C";"08151";"Écordal";"ECORDAL";3;0;0;0;0;0;3;0;0;0;0;0;0;0;0;0;0;0;0;0;0;0;0;47.3;0;0;0;0;0;47.3;0;0;0;0;0;0;0;0;0;0;0;0;0.01775;0;0;0;0;0;0;0;0;0;0;"secret";"secret";"secret";"secret";"secret";"secret";"secret"
"3905C";"Réseau ARINTHOD CC TEC";"2024";"C";"39016";"Arinthod";"ARINTHOD";2.96;0;0;0;0;0;2.96;0;0;0;0;0;0;0;0;0;0;0;0;0;0;0;0;2460.46;0;0;0;0;0;2460.46;0;0;0;0;0;0;0;0;0;0;0;0;0.0218898508898509;0;0;0;0;0;0;0;0;0;0;19;2079;436.59;1642.41;0;0;0
"6008C";"Régie Municipale";"2024";"C";"60286";"Grandvilliers";"GRANDVILLIERS";2.9;0;0;0;0;0;0;0;0;0;0;0;0;0;2.9;0;0;0;0;0;0;0;0;6876;0;0;0;0;0;0;0;0;0;0;0;0;0;6876;0;0;0;0;0.004;0;0;0;0;0;0;0;0;0;0;38;5079;2590.29;2488.71;0;0;0
"1513C";"Réseau chaleur bois de Vic sur Cère";"2024";"C";"15258";"Vic-sur-Cère";"VIC SUR CERE";2.3;0;0;0;0;0;2.3;0;0;0;0;0;0;0;0;0;0;0;0;0;0;0;0;6511.92;0;0;0;0;0;6511.92;0;0;0;0;0;0;0;0;0;0;0;0;0.0209981005007771;0;0;0;0;0;0;0;0;0;0;48;5791;1175.573;2403.265;2212.162;0;0
"5823C";"La Charité sur Loire";"2024";"C";"58059";"La Charité-sur-Loire";"LA CHARITE SUR LOIRE";2.1;0;0;0;0;0;2.1;0;0;0;0;0;0;0;0;0;0;0;0;0;0;0;0;5629;0;0;0;0;0;5629;0;0;0;0;0;0;0;0;0;0;0;0;0.0211605812220566;0;0;0;0;0;0;0;0;0;0;18;5368;3757.6;1610.4;0;0;0
"4253C";"Conseil départemental – Maison d'enfants";"2024";"C";"42248";"Saint-Just-en-Chevalet";"ST JUST EN CHEVALET";2;0;0;0;0;0;2;0;0;0;0;0;0;0;0;0;0;0;0;0;0;0;0;270.5;0;0;0;0;0;270.5;0;0;0;0;0;0;0;0;0;0;0;0;0.024475;0;0;0;0;0;0;0;0;0;0;"secret";"secret";"secret";"secret";"secret";"secret";"secret"
"4301C";"Réseau de Tence";"2024";"C";"43244";"Tence";"TENCE";2;0;0;0;0;0;2;0;0;0;0;0;0;0;0;0;0;0;0;0;0;0;0;3956;0;0;0;0;0;3956;0;0;0;0;0;0;0;0;0;0;0;0;0.0237685950413223;0;0;0;0;0;0;0;0;0;0;20;3025;756.25;2268.75;0;0;0
"1103C";"Reseau public bois de Limoux";"2024";"C";"11206";"Limoux";"LIMOUX";1.8;0;0;0;0;0;1.8;0;0;0;0;0;0;0;0;0;0;0;0;0;0;0;0;5595;0;0;0;0;0;5595;0;0;0;0;0;0;0;0;0;0;0;0;0.0189139179404666;0;0;0;0;0;0;0;0;0;0;18;4972;497.2;4474.8;0;0;0
"2515C";"Réseau de Goux les Usiers";"2024";"C";"25282";"Goux-les-Usiers";"GOUX LES USIERS";1.8;0;0;0;0;0;1.8;0;0;0;0;0;0;0;0;0;0;0;0;0;0;0;0;1892;0;0;0;0;0;1892;0;0;0;0;0;0;0;0;0;0;0;0;0.0199865846841811;0;0;0;0;0;0;0;0;0;0;7;1789;0;0;0;0;1789
"3810C";"Réseau de Mens";"2024";"C";"38226";"Mens";"MENS";1.75;0;0;0;0;0;1.75;0;0;0;0;0;0;0;0;0;0;0;0;0;0;0;0;1678.4;0;0;0;0;0;1678.4;0;0;0;0;0;0;0;0;0;0;0;0;0.0190270607553366;0;0;0;0;0;0;0;0;0;0;8;1522.5;0;1522.5;0;0;0
"6312C";"Réseau de chaleur de Ardes-sur-Couze";"2024";"C";"63009";"Ardes";"ARDES";1.75;0;0;0;0;0;1.75;0;0;0;0;0;0;0;0;0;0;0;0;0;0;0;0;1546.42;0;0;0;0;0;1546.42;0;0;0;0;0;0;0;0;0;0;0;0;0.0297126158438611;0;0;0;0;0;0;0;0;0;0;7;1313.19;0;1313.19;0;0;0
"6818C";"Réseau de Lapoutroie";"2024";"C";"68175";"Lapoutroie";"LAPOUTROIE";1.2;0;0;0;0;0;1.2;0;0;0;0;0;0;0;0;0;0;0;0;0;0;0;0;1606.48;0;0;0;0;0;1606.48;0;0;0;0;0;0;0;0;0;0;0;0;0.0234116706634692;0;0;0;0;0;0;0;0;0;0;14;1251;1251;0;0;0;0
"8811C";"Réseau de Fremifontaine";"2024";"C";"88184";"Fremifontaine";"FREMIFONTAINE";1.11;0;0;0;0;0;1.11;0;0;0;0;0;0;0;0;0;0;0;0;0;0;0;0;126.1018;0;0;0;0;0;126.1018;0;0;0;0;0;0;0;0;0;0;0;0;0.01733;0;0;0;0;0;0;0;0;0;0;"secret";"secret";"secret";"secret";"secret";"secret";"secret"
"4306C";"Chaufferie de la Piscine";"2024";"C";"43087";"Dunières";"DUNIERES";1.1;0;0;0;0;0;1.1;0;0;0;0;0;0;0;0;0;0;0;0;0;0;0;0;1150.68;0;0;0;0;0;1150.68;0;0;0;0;0;0;0;0;0;0;0;0;0.0220435684647303;0;0;0;0;0;0;0;0;0;0;6;964;256.424;707.576;0;0;0
"2304C";"Réseau de Gentioux";"2024";"C";"23090";"Gentioux-Pigerolles";"GENTIOUX PIGEROLLES";1;0;0;0;0;0;1;0;0;0;0;0;0;0;0;0;0;0;0;0;0;0;0;1740;0;0;0;0;0;1740;0;0;0;0;0;0;0;0;0;0;0;0;0.0319713114754098;0;0;0;0;0;0;0;0;0;0;22;976;117.12;858.88;0;0;0
"2512C";"Réseau de chaleur de la commune de Nancray";"2024";"C";"25418";"Nancray";"NANCRAY";1;0;0;0;0;0;1;0;0;0;0;0;0;0;0;0;0;0;0;0;0;0;0;204.422;0;0;0;0;0;204.422;0;0;0;0;0;0;0;0;0;0;0;0;0.0195125502008032;0;0;0;0;0;0;0;0;0;0;"secret";"secret";"secret";"secret";"secret";"secret";"secret"
"4006C";"Géothermie Mont-de-Marsan (GMM2)";"2024";"C";"40192";"Mont-de-Marsan";"MONT DE MARSAN";1;0;0;0;0;0;0;0;0;0;1;0;0;0;0;0;0;0;0;0;0;0;0;2594;0;0;0;0;0;0;0;0;0;2594;0;0;0;0;0;0;0;0;0.0140038565368299;0;0;0;0;0;0;0;0;0;0;1;2593;0;2593;0;0;0
"7907C";"La Normande";"2024";"C";"79329";"Thouars";"THOUARS";0.89;0;0;0;0;0;0.89;0;0;0;0;0;0;0;0;0;0;0;0;0;0;0;0;489.34;0;0;0;0;0;489.34;0;0;0;0;0;0;0;0;0;0;0;0;0.0172089285714286;0;0;0;0;0;0;0;0;0;0;9;560;560;0;0;0;0
"8202C";"Réseau de Caylus";"2024";"C";"82038";"Caylus";"CAYLUS";0.84;0;0;0;0;0;0.84;0;0;0;0;0;0;0;0;0;0;0;0;0;0;0;0;438.6;0;0;0;0;0;438.6;0;0;0;0;0;0;0;0;0;0;0;0;0.02014552893045;0;0;0;0;0;0;0;0;0;0;"secret";"secret";"secret";"secret";"secret";"secret";"secret"
"7904C";"Réseau de l'Absie";"2024";"C";"79001";"L'Absie";"L ABSIE";0.8;0;0;0;0;0;0.8;0;0;0;0;0;0;0;0;0;0;0;0;0;0;0;0;1376;0;0;0;0;0;1376;0;0;0;0;0;0;0;0;0;0;0;0;0.0179223560910308;0;0;0;0;0;0;0;0;0;0;19;1494;747;747;0;0;0
"4917C";"RCU Beaupreau - Chaufferie bois Beaupreau";"2024";"C";"49023";"Beaupréau-en-Mauges";"BEAUPREAU EN MAUGES";0.78;0;0;0;0;0;0.78;0;0;0;0;0;0;0;0;0;0;0;0;0;0;0;0;2189.5428;0;0;0;0;0;2189.5428;0;0;0;0;0;0;0;0;0;0;0;0;0.0196792219543045;0;0;0;0;0;0;0;0;0;0;11;2110.93;1055.465;1055.465;0;0;0
"3116C";"RESEAU CHALEUR BOIS ARBAS";"2024";"C";"31011";"Arbas";"ARBAS";0.75;0;0;0;0;0;0.75;0;0;0;0;0;0;0;0;0;0;0;0;0;0;0;0;645.86;0;0;0;0;0;645.86;0;0;0;0;0;0;0;0;0;0;0;0;0.0347012578616352;0;0;0;0;0;0;0;0;0;0;43;318;0;0;0;0;318
"5605C";"Réseau de la commune de Guer";"2024";"C";"56075";"Guer";"GUER";0.75;0;0;0;0;0;0.75;0;0;0;0;0;0;0;0;0;0;0;0;0;0;0;0;914.868;0;0;0;0;0;914.868;0;0;0;0;0;0;0;0;0;0;0;0;0.0220587620788718;0;0;0;0;0;0;0;0;0;0;6;765.8;0;765.8;0;0;0
"8503C";"Réseau de chaleur Saint-pierre-du-chemin";"2024";"C";"85264";"Saint-Pierre-du-Chemin";"ST PIERRE DU CHEMIN";0.73;0;0;0;0;0;0.73;0;0;0;0;0;0;0;0;0;0;0;0;0;0;0;0;1517.04;0;0;0;0;0;1517.04;0;0;0;0;0;0;0;0;0;0;0;0;0.0217217928902627;0;0;0;0;0;0;0;0;0;0;18;1294;1112.84;181.16;0;0;0
"6717C";"Réseau de chaleur du Rebberg";"2024";"C";"67371";"La Petite-Pierre";"LA PETITE PIERRE";0.65;0;0;0;0;0;0.65;0;0;0;0;0;0;0;0;0;0;0;0;0;0;0;0;1063.82;0;0;0;0;0;1063.82;0;0;0;0;0;0;0;0;0;0;0;0;0.0208740818467996;0;0;0;0;0;0;0;0;0;0;22;953;238.25;714.75;0;0;0
"7006C";"Réseau de la chaufferie de CHAMPEY";"2024";"C";"70121";"Champey";"CHAMPEY";0.57;0;0;0;0;0;0.57;0;0;0;0;0;0;0;0;0;0;0;0;0;0;0;0;1191.96;0;0;0;0;0;1191.96;0;0;0;0;0;0;0;0;0;0;0;0;0.02038;0;0;0;0;0;0;0;0;0;0;35;1100;715;385;0;0;0
"6935C";"Larajasse";"2024";"C";"69110";"Larajasse";"LARAJASSE";0.55;0;0;0;0;0;0.55;0;0;0;0;0;0;0;0;0;0;0;0;0;0;0;0;1056.08;0;0;0;0;0;1056.08;0;0;0;0;0;0;0;0;0;0;0;0;0.0233992125601517;0;0;0;0;0;0;0;0;0;0;11;822.92;444.3768;378.5432;0;0;0
"0303C";"Réseau de Cerilly";"2024";"C";"89065";"Cérilly";"CERILLY";0.4;0;0;0;0;0;0.4;0;0;0;0;0;0;0;0;0;0;0;0;0;0;0;0;712.94;0;0;0;0;0;712.94;0;0;0;0;0;0;0;0;0;0;0;0;0.0191150070126227;0;0;0;0;0;0;0;0;0;0;6;713;0;0;0;0;713
"2211C";"Ploumilliau";"2024";"C";"22226";"Ploumilliau";"PLOUMILLIAU";0.4;0;0;0;0;0;0.4;0;0;0;0;0;0;0;0;0;0;0;0;0;0;0;0;798.252;0;0;0;0;0;798.252;0;0;0;0;0;0;0;0;0;0;0;0;0.0228643789572422;0;0;0;0;0;0;0;0;0;0;"secret";"secret";"secret";"secret";"secret";"secret";"secret"
"3903C";"Réseau de Champvans";"2024";"C";"39101";"Champvans";"CHAMPVANS";0.4;0;0;0;0;0;0.4;0;0;0;0;0;0;0;0;0;0;0;0;0;0;0;0;81.7;0;0;0;0;0;81.7;0;0;0;0;0;0;0;0;0;0;0;0;0.0438387096774193;0;0;0;0;0;0;0;0;0;0;"secret";"secret";"secret";"secret";"secret";"secret";"secret"
"5813C";"Réseau de chaleur de Varzy";"2024";"C";"58304";"Varzy";"VARZY";0.4;0;0;0;0;0;0.4;0;0;0;0;0;0;0;0;0;0;0;0;0;0;0;0;425.73;0;0;0;0;0;425.73;0;0;0;0;0;0;0;0;0;0;0;0;0.0202352924642325;0;0;0;0;0;0;0;0;0;0;"secret";"secret";"secret";"secret";"secret";"secret";"secret"
"5818C";"Réseau de chaleur de Château Chinon Ville";"2024";"C";"58062";"Château-Chinon (Ville)";"CHATEAU CHINON VILLE";0.4;0;0;0;0;0;0.4;0;0;0;0;0;0;0;0;0;0;0;0;0;0;0;0;584.17;0;0;0;0;0;584.17;0;0;0;0;0;0;0;0;0;0;0;0;0.0216901880797819;0;0;0;0;0;0;0;0;0;0;2;509.89;0;509.89;0;0;0
"5923C";"RCU FOURMIES";"2024";"C";"59249";"Fourmies";"FOURMIES";0.4;0;0;0;0;0;0.4;0;0;0;0;0;0;0;0;0;0;0;0;0;0;0;0;1355;0;0;0;0;0;1355;0;0;0;0;0;0;0;0;0;0;0;0;0.0173394904458599;0;0;0;0;0;0;0;0;0;0;9;1570;0;1570;0;0;0
"6812C";"Réseau de Bernwiller";"2024";"C";"68006";"Bernwiller";"BERNWILLER";0.4;0;0;0;0;0;0;0;0;0;0;0;0;0.4;0;0;0;0;0;0;0;0;0;362.2344;0;0;0;0;0;0;0;0;0;0;0;0;362.2344;0;0;0;0;0;0.004;0;0;0;0;0;0;0;0;0;0;22;411;164.4;0;0;0;247
"8204C";"Villebrumier";"2024";"C";"82194";"Villebrumier";"VILLEBRUMIER";0.4;0;0;0;0;0;0.4;0;0;0;0;0;0;0;0;0;0;0;0;0;0;0;0;920.2;0;0;0;0;0;920.2;0;0;0;0;0;0;0;0;0;0;0;0;0.0232926490984743;0;0;0;0;0;0;0;0;0;0;31;721;46.865;674.135;0;0;0
"5807C";"Réseau de chaleur de Corbigny";"2024";"C";"58083";"Corbigny";"CORBIGNY";0.39;0;0;0;0;0;0.39;0;0;0;0;0;0;0;0;0;0;0;0;0;0;0;0;768.48;0;0;0;0;0;768.48;0;0;0;0;0;0;0;0;0;0;0;0;0.0190527326723896;0;0;0;0;0;0;0;0;0;0;2;676.81;0;676.81;0;0;0
"6315C";"Réseau de chaleur d'Anzat";"2024";"C";"63006";"Anzat-le-Luguet";"ANZAT LE LUGUET";0.36;0;0;0;0;0;0.36;0;0;0;0;0;0;0;0;0;0;0;0;0;0;0;0;493;0;0;0;0;0;493;0;0;0;0;0;0;0;0;0;0;0;0;0.0266559485530547;0;0;0;0;0;0;0;0;0;0;26;311;202.15;108.85;0;0;0
"6316C";"Réseau de chaleur du Luguet";"2024";"C";"63006";"Anzat-le-Luguet";"ANZAT LE LUGUET";0.36;0;0;0;0;0;0.36;0;0;0;0;0;0;0;0;0;0;0;0;0;0;0;0;386.1;0;0;0;0;0;386.1;0;0;0;0;0;0;0;0;0;0;0;0;0.0254778210116732;0;0;0;0;0;0;0;0;0;0;38;257;257;0;0;0;0
"6314C";"Réseau de chaleur du Brugeron";"2024";"C";"63057";"Le Brugeron";"LE BRUGERON";0.35;0;0;0;0;0;0.35;0;0;0;0;0;0;0;0;0;0;0;0;0;0;0;0;430;0;0;0;0;0;430;0;0;0;0;0;0;0;0;0;0;0;0;0.0212144389417093;0;0;0;0;0;0;0;0;0;0;"secret";"secret";"secret";"secret";"secret";"secret";"secret"
"6809C";"Réseau d'Heimersdorf";"2024";"C";"68128";"Heimersdorf";"HEIMERSDORF";0.32;0;0;0;0;0;0.32;0;0;0;0;0;0;0;0;0;0;0;0;0;0;0;0;258;0;0;0;0;0;258;0;0;0;0;0;0;0;0;0;0;0;0;0.0247446808510638;0;0;0;0;0;0;0;0;0;0;15;188;56.4;131.6;0;0;0
"8812C";"Réseau de Ventron";"2024";"C";"88500";"Ventron";"VENTRON";0.32;0;0;0;0;0;0.32;0;0;0;0;0;0;0;0;0;0;0;0;0;0;0;0;317.34;0;0;0;0;0;317.34;0;0;0;0;0;0;0;0;0;0;0;0;0.01999;0;0;0;0;0;0;0;0;0;0;"secret";"secret";"secret";"secret";"secret";"secret";"secret"
"2214C";"La Roche-Jaudy";"2024";"C";"22264";"La Roche-Jaudy";"LA ROCHE JAUDY";0.3;0;0;0;0;0;0.3;0;0;0;0;0;0;0;0;0;0;0;0;0;0;0;0;284.144;0;0;0;0;0;284.144;0;0;0;0;0;0;0;0;0;0;0;0;0.0219820815540484;0;0;0;0;0;0;0;0;0;0;2;238.86;0;238.86;0;0;0
"2520C";"Réseau bois et citoyen de Chapelle des Bois";"2024";"C";"25121";"Chapelle-des-Bois";"CHAPELLE DES BOIS";0.3;0;0;0;0;0;0.3;0;0;0;0;0;0;0;0;0;0;0;0;0;0;0;0;406.78;0;0;0;0;0;406.78;0;0;0;0;0;0;0;0;0;0;0;0;0.027469465648855;0;0;0;0;0;0;0;0;0;0;"secret";"secret";"secret";"secret";"secret";"secret";"secret"
"4310C";"Réseau de St Bonnet le Froid";"2024";"C";"43172";"Saint-Bonnet-le-Froid";"ST BONNET LE FROID";0.3;0;0;0;0;0;0.3;0;0;0;0;0;0;0;0;0;0;0;0;0;0;0;0;761.96;0;0;0;0;0;761.96;0;0;0;0;0;0;0;0;0;0;0;0;0.0195859269282815;0;0;0;0;0;0;0;0;0;0;"secret";"secret";"secret";"secret";"secret";"secret";"secret"
"4316C";"Saint-Romain-Lachalm";"2024";"C";"43223";"Saint-Romain-Lachalm";"ST ROMAIN LACHALM";0.3;0;0;0;0;0;0.3;0;0;0;0;0;0;0;0;0;0;0;0;0;0;0;0;352.6;0;0;0;0;0;352.6;0;0;0;0;0;0;0;0;0;0;0;0;0.0322010582010582;0;0;0;0;0;0;0;0;0;0;26;189;124.74;64.26;0;0;0
"5810C";"Réseau de chaleur d'Ouroux en Morvan";"2024";"C";"58205";"Ouroux-en-Morvan";"OUROUX EN MORVAN";0.3;0;0;0;0;0;0.3;0;0;0;0;0;0;0;0;0;0;0;0;0;0;0;0;132;0;0;0;0;0;132;0;0;0;0;0;0;0;0;0;0;0;0;0.0226781609195402;0;0;0;0;0;0;0;0;0;0;"secret";"secret";"secret";"secret";"secret";"secret";"secret"
"7434C";"Réseau de chaleur bois et citoyen de Habere Poche";"2024";"C";"74140";"Habère-Poche";"HABERE POCHE";0.3;0;0;0;0;0;0.3;0;0;0;0;0;0;0;0;0;0;0;0;0;0;0;0;536.64;0;0;0;0;0;536.64;0;0;0;0;0;0;0;0;0;0;0;0;0.0236416464891041;0;0;0;0;0;0;0;0;0;0;10;413;33.04;379.96;0;0;0
"1601C";"Réseau de Saint-Bonnet";"2024";"C";"16303";"Saint-Bonnet";"ST BONNET";0.29;0;0;0;0;0;0.29;0;0;0;0;0;0;0;0;0;0;0;0;0;0;0;0;455.8;0;0;0;0;0;455.8;0;0;0;0;0;0;0;0;0;0;0;0;0.0532142857142857;0;0;0;0;0;0;0;0;0;0;18;140;140;0;0;0;0
"1613C";"Chaufferie bois le lindois";"2024";"C";"16188";"Le Lindois";"LE LINDOIS";0.15;0;0;0;0;0;0.15;0;0;0;0;0;0;0;0;0;0;0;0;0;0;0;0;132.88;0;0;0;0;0;132.88;0;0;0;0;0;0;0;0;0;0;0;0;0.0297749326145553;0;0;0;0;0;0;0;0;0;0;"secret";"secret";"secret";"secret";"secret";"secret";"secret"
"2215C";"Loguivy-Plougras";"2024";"C";"22131";"Loguivy-Plougras";"LOGUIVY PLOUGRAS";0.15;0;0;0;0;0;0.15;0;0;0;0;0;0;0;0;0;0;0;0;0;0;0;0;244.4034;0;0;0;0;0;244.4034;0;0;0;0;0;0;0;0;0;0;0;0;0.0216237656823928;0;0;0;0;0;0;0;0;0;0;2;209.63;0;209.63;0;0;0
"4105C";"Hubert CHEVALLIER";"2024";"C";"41285";"Villeny";"VILLENY";0.15;0;0;0;0;0;0.15;0;0;0;0;0;0;0;0;0;0;0;0;0;0;0;0;224.46;0;0;0;0;0;224.46;0;0;0;0;0;0;0;0;0;0;0;0;0.0213112244897959;0;0;0;0;0;0;0;0;0;0;10;196;72.52;123.48;0;0;0
"4223C";"Saint Régis du Coin";"2024";"C";"42280";"Saint-Régis-du-Coin";"ST REGIS DU COIN";0.15;0;0;0;0;0;0.15;0;0;0;0;0;0;0;0;0;0;0;0;0;0;0;0;257.94;0;0;0;0;0;257.94;0;0;0;0;0;0;0;0;0;0;0;0;0.0316668687481055;0;0;0;0;0;0;0;0;0;0;"secret";"secret";"secret";"secret";"secret";"secret";"secret"
"8705C";"Réseau de Chamboret";"2024";"C";"87033";"Chamboret";"CHAMBORET";0.15;0;0;0;0;0;0.15;0;0;0;0;0;0;0;0;0;0;0;0;0;0;0;0;229.7146;0;0;0;0;0;229.7146;0;0;0;0;0;0;0;0;0;0;0;0;0.0170053558052434;0;0;0;0;0;0;0;0;0;0;4;267;0;267;0;0;0
"8818C";"Réseau de saint-Jean d'Ormont";"2024";"C";"88419";"Saint-Jean-d'Ormont";"ST JEAN D ORMONT";0.15;0;0;0;0;0;0.15;0;0;0;0;0;0;0;0;0;0;0;0;0;0;0;0;154.8;0;0;0;0;0;154.8;0;0;0;0;0;0;0;0;0;0;0;0;0.0175260115606936;0;0;0;0;0;0;0;0;0;0;"secret";"secret";"secret";"secret";"secret";"secret";"secret"
"0810C";"Réseau de chaleur bois de Poix Terron";"2024";"C";"08341";"Poix-Terron";"POIX TERRON";0.14;0;0;0;0;0;0.14;0;0;0;0;0;0;0;0;0;0;0;0;0;0;0;0;153.08;0;0;0;0;0;153.08;0;0;0;0;0;0;0;0;0;0;0;0;0.0248468468468468;0;0;0;0;0;0;0;0;0;0;"secret";"secret";"secret";"secret";"secret";"secret";"secret"
"2509C";"MAIRIE MYON";"2024";"C";"25416";"Myon";"MYON";0.14;0;0;0;0;0;0.14;0;0;0;0;0;0;0;0;0;0;0;0;0;0;0;0;137.6;0;0;0;0;0;137.6;0;0;0;0;0;0;0;0;0;0;0;0;0.02;0;0;0;0;0;0;0;0;0;0;"secret";"secret";"secret";"secret";"secret";"secret";"secret"
"4221C";"St Bonnet le Courreau";"2024";"C";"42205";"Saint-Bonnet-le-Courreau";"ST BONNET LE COURREAU";0.14;0;0;0;0;0;0.14;0;0;0;0;0;0;0;0;0;0;0;0;0;0;0;0;279.94;0;0;0;0;0;279.94;0;0;0;0;0;0;0;0;0;0;0;0;0.0298301898309223;0;0;0;0;0;0;0;0;0;0;"secret";"secret";"secret";"secret";"secret";"secret";"secret"
"5615C";"Centre-bourg - Bubry";"2024";"C";"56026";"Bubry";"BUBRY";0.14;0;0;0;0;0;0.14;0;0;0;0;0;0;0;0;0;0;0;0;0;0;0;0;208.12;0;0;0;0;0;208.12;0;0;0;0;0;0;0;0;0;0;0;0;0.0213937081882015;0;0;0;0;0;0;0;0;0;0;"secret";"secret";"secret";"secret";"secret";"secret";"secret"
"7310C";"Ecole";"2024";"C";"73073";"Chanaz";"CHANAZ";0.14;0;0;0;0;0;0.14;0;0;0;0;0;0;0;0;0;0;0;0;0;0;0;0;140.4036;0;0;0;0;0;140.4036;0;0;0;0;0;0;0;0;0;0;0;0;0.0416308510638298;0;0;0;0;0;0;0;0;0;0;"secret";"secret";"secret";"secret";"secret";"secret";"secret"
"4309C";"Réseau de Mazet St Voy";"2024";"C";"43130";"Mazet-Saint-Voy";"MAZET ST VOY";0.13;0;0;0;0;0;0.13;0;0;0;0;0;0;0;0;0;0;0;0;0;0;0;0;159.1;0;0;0;0;0;159.1;0;0;0;0;0;0;0;0;0;0;0;0;0.0229370078740157;0;0;0;0;0;0;0;0;0;0;"secret";"secret";"secret";"secret";"secret";"secret";"secret"
"6940C";"Chénas";"2024";"C";"69053";"Chénas";"CHENAS";0.13;0;0;0;0;0;0.13;0;0;0;0;0;0;0;0;0;0;0;0;0;0;0;0;129.688;0;0;0;0;0;129.688;0;0;0;0;0;0;0;0;0;0;0;0;0.0226704761904762;0;0;0;0;0;0;0;0;0;0;"secret";"secret";"secret";"secret";"secret";"secret";"secret"
"1505C";"Réseau de Vebret";"2024";"C";"15250";"Vebret";"VEBRET";0.12;0;0;0;0;0;0.12;0;0;0;0;0;0;0;0;0;0;0;0;0;0;0;0;313.212;0;0;0;0;0;313.212;0;0;0;0;0;0;0;0;0;0;0;0;0.0223511627906977;0;0;0;0;0;0;0;0;0;0;"secret";"secret";"secret";"secret";"secret";"secret";"secret"
"4314C";"LA MION 2";"2024";"C";"43130";"Mazet-Saint-Voy";"MAZET ST VOY";0.12;0;0;0;0;0;0.12;0;0;0;0;0;0;0;0;0;0;0;0;0;0;0;0;239.08;0;0;0;0;0;239.08;0;0;0;0;0;0;0;0;0;0;0;0;0.0205022831050228;0;0;0;0;0;0;0;0;0;0;2;219;0;0;219;0;0
"4318C";"Centre du Cros";"2024";"C";"43162";"Retournac";"RETOURNAC";0.12;0;0;0;0;0;0.12;0;0;0;0;0;0;0;0;0;0;0;0;0;0;0;0;6.02;0;0;0;0;0;6.02;0;0;0;0;0;0;0;0;0;0;0;0;0.02675;0;0;0;0;0;0;0;0;0;0;"secret";"secret";"secret";"secret";"secret";"secret";"secret"
"5609C";"Centre-ville - Plouay";"2024";"C";"56166";"Plouay";"PLOUAY";0.12;0;0;0;0;0;0.12;0;0;0;0;0;0;0;0;0;0;0;0;0;0;0;0;123.711;0;0;0;0;0;123.711;0;0;0;0;0;0;0;0;0;0;0;0;0.0204834728955487;0;0;0;0;0;0;0;0;0;0;"secret";"secret";"secret";"secret";"secret";"secret";"secret"
"0508C";"Réseau de chaleur bois énergie";"2024";"C";"05139";"Dévoluy";"LE DEVOLUY";0.11;0;0;0;0;0;0.11;0;0;0;0;0;0;0;0;0;0;0;0;0;0;0;0;231.942;0;0;0;0;0;231.942;0;0;0;0;0;0;0;0;0;0;0;0;0.0191164094162283;0;0;0;0;0;0;0;0;0;0;3;231.94;0;0;0;0;232
"2513C";"Villars sous Ecot";"2024";"C";"25618";"Villars-sous-Écot";"VILLARS SOUS ECOT";0.11;0;0;0;0;0;0.11;0;0;0;0;0;0;0;0;0;0;0;0;0;0;0;0;87.7372;0;0;0;0;0;87.7372;0;0;0;0;0;0;0;0;0;0;0;0;0.0226849816849817;0;0;0;0;0;0;0;0;0;0;"secret";"secret";"secret";"secret";"secret";"secret";"secret"
"6318C";"Réseau de chaleur d'Arlanc";"2024";"C";"63010";"Arlanc";"ARLANC";0.11;0;0;0;0;0;0.11;0;0;0;0;0;0;0;0;0;0;0;0;0;0;0;0;59.34;0;0;0;0;0;59.34;0;0;0;0;0;0;0;0;0;0;0;0;0.026425;0;0;0;0;0;0;0;0;0;0;"secret";"secret";"secret";"secret";"secret";"secret";"secret"
"0706C";"Réseau de la chaufferie bois de Chalencon";"2024";"C";"07048";"Chalencon";"CHALENCON";0.08;0;0;0;0;0;0.08;0;0;0;0;0;0;0;0;0;0;0;0;0;0;0;0;64.5;0;0;0;0;0;64.5;0;0;0;0;0;0;0;0;0;0;0;0;0.0191162790697674;0;0;0;0;0;0;0;0;0;0;"secret";"secret";"secret";"secret";"secret";"secret";"secret"
"5504C";"Réseau de Baâlon";"2024";"C";"55025";"Baâlon";"BAALON";0.08;0;0;0;0;0;0.08;0;0;0;0;0;0;0;0;0;0;0;0;0;0;0;0;83;0;0;0;0;0;83;0;0;0;0;0;0;0;0;0;0;0;0;0.0292352941176471;0;0;0;0;0;0;0;0;0;0;"secret";"secret";"secret";"secret";"secret";"secret";"secret"
"0812C";"Réseau de chaleur bois de St Loup Terrier";"2024";"C";"08387";"Saint-Loup-Terrier";"ST LOUP TERRIER";0.07;0;0;0;0;0;0.07;0;0;0;0;0;0;0;0;0;0;0;0;0;0;0;0;38;0;0;0;0;0;38;0;0;0;0;0;0;0;0;0;0;0;0;0.0173513513513514;0;0;0;0;0;0;0;0;0;0;"secret";"secret";"secret";"secret";"secret";"secret";"secret"
"5806C";"Réseau de chaleur de Bazolles";"2024";"C";"58024";"Bazolles";"BAZOLLES";0.07;0;0;0;0;0;0.07;0;0;0;0;0;0;0;0;0;0;0;0;0;0;0;0;88.49;0;0;0;0;0;88.49;0;0;0;0;0;0;0;0;0;0;0;0;0.020514342481063;0;0;0;0;0;0;0;0;0;0;"secret";"secret";"secret";"secret";"secret";"secret";"secret"
"5814C";"Réseau de chaleur de Corancy";"2024";"C";"58082";"Corancy";"CORANCY";0.07;0;0;0;0;0;0.07;0;0;0;0;0;0;0;0;0;0;0;0;0;0;0;0;98.18;0;0;0;0;0;98.18;0;0;0;0;0;0;0;0;0;0;0;0;0.0204457831325301;0;0;0;0;0;0;0;0;0;0;"secret";"secret";"secret";"secret";"secret";"secret";"secret"
"5816C";"Réseau de chaleur de Billy sur Oisy";"2024";"C";"58032";"Billy-sur-Oisy";"BILLY SUR OISY";0.07;0;0;0;0;0;0.07;0;0;0;0;0;0;0;0;0;0;0;0;0;0;0;0;66.5;0;0;0;0;0;66.5;0;0;0;0;0;0;0;0;0;0;0;0;0.0240878768441308;0;0;0;0;0;0;0;0;0;0;"secret";"secret";"secret";"secret";"secret";"secret";"secret"
"5825C";"OUROUX EN MORVAN 2";"2024";"C";"58205";"Ouroux-en-Morvan";"OUROUX EN MORVAN";0.07;0;0;0;0;0;0.07;0;0;0;0;0;0;0;0;0;0;0;0;0;0;0;0;100.32;0;0;0;0;0;100.32;0;0;0;0;0;0;0;0;0;0;0;0;0.0226778185151237;0;0;0;0;0;0;0;0;0;0;10;87.28;78.552;8.728;0;0;0
"5826C";"VAUX D'AMOGNES";"2024";"C";"58204";"Vaux d'Amognes";"VAUX D AMOGNES";0.07;0;0;0;0;0;0.07;0;0;0;0;0;0;0;0;0;0;0;0;0;0;0;0;73.01;0;0;0;0;0;73.01;0;0;0;0;0;0;0;0;0;0;0;0;0.0190583481714834;0;0;0;0;0;0;0;0;0;0;"secret";"secret";"secret";"secret";"secret";"secret";"secret"
"5830C";"Entrains-sur-Nohain";"2024";"C";"58109";"Entrains-sur-Nohain";"ENTRAINS SUR NOHAIN";0.07;0;0;0;0;0;0.07;0;0;0;0;0;0;0;0;0;0;0;0;0;0;0;0;43.21;0;0;0;0;0;43.21;0;0;0;0;0;0;0;0;0;0;0;0;0.0355719288793103;0;0;0;0;0;0;0;0;0;0;"secret";"secret";"secret";"secret";"secret";"secret";"secret"
"4233C";"St Cyr de Favières";"2024";"C";"42212";"Saint-Cyr-de-Favières";"ST CYR DE FAVIERES";0.06;0;0;0;0;0;0.06;0;0;0;0;0;0;0;0;0;0;0;0;0;0;0;0;67.29;0;0;0;0;0;67.29;0;0;0;0;0;0;0;0;0;0;0;0;0.0222116383169203;0;0;0;0;0;0;0;0;0;0;"secret";"secret";"secret";"secret";"secret";"secret";"secret"
"0809C";"Réseau de chaleur bois de Lalobbe";"2024";"C";"08243";"Lalobbe";"LALOBBE";0.05;0;0;0;0;0;0.05;0;0;0;0;0;0;0;0;0;0;0;0;0;0;0;0;39.99;0;0;0;0;0;39.99;0;0;0;0;0;0;0;0;0;0;0;0;0.0236266233766234;0;0;0;0;0;0;0;0;0;0;"secret";"secret";"secret";"secret";"secret";"secret";"secret"
"3003C";"Réseau bois Lamelouze";"2024";"C";"30137";"Lamelouze";"LAMELOUZE";0.05;0;0;0;0;0;0.05;0;0;0;0;0;0;0;0;0;0;0;0;0;0;0;0;58.05;0;0;0;0;0;58.05;0;0;0;0;0;0;0;0;0;0;0;0;0.02155;0;0;0;0;0;0;0;0;0;0;"secret";"secret";"secret";"secret";"secret";"secret";"secret"
"3330C";"BARIE";"2024";"C";"33027";"Barie";"BARIE";0.05;0;0;0;0;0;0.05;0;0;0;0;0;0;0;0;0;0;0;0;0;0;0;0;83.9;0;0;0;0;0;83.9;0;0;0;0;0;0;0;0;0;0;0;0;0.0209017127799736;0;0;0;0;0;0;0;0;0;0;"secret";"secret";"secret";"secret";"secret";"secret";"secret"
"4220C";"Le Bessat 1 - Ecole";"2024";"C";"42017";"Le Bessat";"LE BESSAT";0.05;0;0;0;0;0;0.05;0;0;0;0;0;0;0;0;0;0;0;0;0;0;0;0;65;0;0;0;0;0;65;0;0;0;0;0;0;0;0;0;0;0;0;0.0222096474953618;0;0;0;0;0;0;0;0;0;0;"secret";"secret";"secret";"secret";"secret";"secret";"secret"
"4317C";"Maison de Louise";"2024";"C";"43137";"Monistrol-sur-Loire";"MONISTROL SUR LOIRE";0.03;0;0;0;0;0;0.03;0;0;0;0;0;0;0;0;0;0;0;0;0;0;0;0;51.6;0;0;0;0;0;51.6;0;0;0;0;0;0;0;0;0;0;0;0;0.0217272727272727;0;0;0;0;0;0;0;0;0;0;"secret";"secret";"secret";"secret";"secret";"secret";"secret"
"8708C";"SSLF RESEAU DE CHALEUR ET PRODUCTION D'EAU CHAUDE";"2024";"C";"87182";"Saint-Sulpice-les-Feuilles";"ST SULPICE LES FEUILLES";0.01;0;0;0;0;0;0.01;0;0;0;0;0;0;0;0;0;0;0;0;0;0;0;0;215.6364;0;0;0;0;0;215.6364;0;0;0;0;0;0;0;0;0;0;0;0;0.0222960260440054;0;0;0;0;0;0;0;0;0;0;"secret";"secret";"secret";"secret";"secret";"secret";"secret"
"1512C";"Réseau de chaleur de Besserette";"2024";"C";"15187";"Saint-Flour";"ST FLOUR";5.2;0;0;3;0;0;2.2;0;0;0;0;0;0;0;0;0;0;0;0;0;0;0;0;7612;0;0;59;0;0;7553;0;0;0;0;0;0;0;0;0;0;0;0.00274830351634793;0.0247970388648982;0;0;0;0;0;0;0;0;0;0;15;6484;583.56;5900.44;0;0;0
"3310C";"Réseau de chaleur de Gironde sur Dropt";"2024";"C";"33187";"Gironde-sur-Dropt";"GIRONDE SUR DROPT";2.28;1.72;0;0;0;0;0.56;0;0;0;0;0;0;0;0;0;0;0;0;0;0;0;0;1542.95;12.15;0;0;0;0;1530.8;0;0;0;0;0;0;0;0;0;0;0;0.00321428571428571;0.0344349593495935;0;0;0;0;0;0;0;0;0;0;49;861;499.38;172.2;94.71;0;95
"4224C";"St Cote St Didier";"2024";"C";"42217";"Saint-Didier-sur-Rochefort";"ST DIDIER SUR ROCHEFORT";0.34;0;0;0.14;0;0;0.2;0;0;0;0;0;0;0;0;0;0;0;0;0;0;0;0;519.56;0;0;4.56;0;0;515;0;0;0;0;0;0;0;0;0;0;0;0.00312769560799368;0.025348221745512;0;0;0;0;0;0;0;0;0;0;6;442.85;0;442.85;0;0;0
"4218C";"Roisey";"2024";"C";"42191";"Roisey";"ROISEY";0.24;0;0;0.09;0;0;0.15;0;0;0;0;0;0;0;0;0;0;0;0;0;0;0;0;198.55;0;0;1.75;0;0;196.8;0;0;0;0;0;0;0;0;0;0;0;0.00352918109927456;0.038566368211228;0;0;0;0;0;0;0;0;0;0;"secret";"secret";"secret";"secret";"secret";"secret";"secret"
"4248C";"ST MARTIN D'ESTREAUX";"2024";"C";"42257";"Saint-Martin-d'Estréaux";"ST MARTIN D ESTREAUX";0.25;0;0;0.15;0;0;0.1;0;0;0;0;0;0;0;0;0;0;0;0;0;0;0;0;123.18;0;0;1.17;0;0;122.01;0;0;0;0;0;0;0;0;0;0;0;0.00709126723571898;0.0367511490479317;0;0;0;0;0;0;0;0;0;0;"secret";"secret";"secret";"secret";"secret";"secret";"secret"
"4607C";"Réseau de CATUS";"2024";"C";"46064";"Catus";"CATUS";2.11;0;0;1.15;0;0;0.96;0;0;0;0;0;0;0;0;0;0;0;0;0;0;0;0;1900.43;0;0;20.47;0;0;1879.96;0;0;0;0;0;0;0;0;0;0;0;0.0050446791226645;0.0331389114541024;0;0;0;0;0;0;0;0;0;0;146;1231;1107.9;123.1;0;0;0
"4612C";"Réseau de Figeac";"2024";"C";"46102";"Figeac";"FIGEAC";2.36;0;0;1.4;0;0;0.96;0;0;0;0;0;0;0;0;0;0;0;0;0;0;0;0;1312.84;0;0;14.24;0;0;1298.6;0;0;0;0;0;0;0;0;0;0;0;0.00493150684931507;0.0323264840182648;0;0;0;0;0;0;0;0;0;0;38;876;805.92;70.08;0;0;0
"5611C";"Manehouarn - Plouay";"2024";"C";"56166";"Plouay";"PLOUAY";1.03;0.7;0;0;0;0;0.33;0;0;0;0;0;0;0;0;0;0;0;0;0;0;0;0;631.7515;7.0389;0;0;0;0;624.7126;0;0;0;0;0;0;0;0;0;0;0;0.00298589280393325;0.024892984579857;0;0;0;0;0;0;0;0;0;0;7;536.96;0;536.96;0;0;0
"4243C";"La Tuilière";"2024";"C";"42314";"La Tuilière";"LA TUILIERE";0.32;0;0;0;0;0.11;0.1;0;0;0;0;0;0.11;0;0;0;0;0;0;0;0;0;0;262.1;0;0;0;0;3;259.1;0;0;0;0;0;0;0;0;0;0;0;0.00354999142514149;0.0249905676556337;0;0;0;0;0;0;0;0;0;0;"secret";"secret";"secret";"secret";"secret";"secret";"secret"
"0609C";"E2N";"2024";"C";"06088";"Nice";"NICE";39;11;0;0;0;0;0;0;28;0;0;0;0;0;0;0;0;0;0;0;0;0;0;103213.345;1471.345;0;0;0;0;0;0;101742;0;0;0;0;0;0;0;0;0;0.00424738488602312;0.00870320180062072;0;0;0;0;0;0;0;0;0;0;104;74752;57559.04;0;0;0;17193
"5828C";"URZY";"2024";"C";"58300";"Urzy";"URZY";1.21;0.71;0;0;0;0;0.5;0;0;0;0;0;0;0;0;0;0;0;0;0;0;0;0;1001.32;15.38;0;0;0;0;985.94;0;0;0;0;0;0;0;0;0;0;0;0.00534790185022526;0.0294603150766441;0;0;0;0;0;0;0;0;0;0;7;705.86;211.758;494.102;0;0;0
"5805C";"Réseau de chaleur d'Arleuf";"2024";"C";"58010";"Arleuf";"ARLEUF";0.3;0;0;0.15;0;0;0.15;0;0;0;0;0;0;0;0;0;0;0;0;0;0;0;0;198.93;0;0;3.16;0;0;195.77;0;0;0;0;0;0;0;0;0;0;0;0.00706852542705674;0.0318278028666798;0;0;0;0;0;0;0;0;0;0;"secret";"secret";"secret";"secret";"secret";"secret";"secret"
"2518C";"RCU de Novillars";"2024";"C";"25429";"Novillars";"NOVILLARS";5.89;2.19;0;0;0;0;0;0;0;0;0;0;0;0;3.7;0;0;0;0;0;0;0;0;8575;150;0;0;0;0;0;0;0;0;0;0;0;0;8425;0;0;0;0.00437754691689008;0.00884733243967828;0;0;0;0;0;0;0;0;0;0;5;7460;1790.4;969.8;0;0;4700
"4212C";"Réseau de Montrond-les-Bains";"2024";"C";"42149";"Montrond-les-Bains";"MONTROND LES BAINS";4.5;3;0;0;0;0;1.5;0;0;0;0;0;0;0;0;0;0;0;0;0;0;0;0;7037.44;129.44;0;0;0;0;6908;0;0;0;0;0;0;0;0;0;0;0;0.00558317041058656;0.0310023421982275;0;0;0;0;0;0;0;0;0;0;21;5280.709316;1526.124992324;3754.584323676;0;0;0
"5613C";"Bodélio - Lorient";"2024";"C";"56121";"Lorient";"LORIENT";3.2;1.8;0;0;0;0;1.4;0;0;0;0;0;0;0;0;0;0;0;0;0;0;0;0;2476.7178;46.332;0;0;0;0;2430.3858;0;0;0;0;0;0;0;0;0;0;0;0.00553850513786697;0.0294134697133501;0;0;0;0;0;0;0;0;0;0;9;1905.46;247.7098;1657.7502;0;0;0
"4252C";"ST ROMAIN LA MOTTE";"2024";"C";"42284";"Saint-Romain-la-Motte";"ST ROMAIN LA MOTTE";0.85;0.6;0;0;0;0;0.25;0;0;0;0;0;0;0;0;0;0;0;0;0;0;0;0;296.33;5.59;0;0;0;0;290.74;0;0;0;0;0;0;0;0;0;0;0;0.0609619784656797;0.114938543068641;0;0;0;0;0;0;0;0;0;0;"secret";"secret";"secret";"secret";"secret";"secret";"secret"
"7426C";"Réseau bois énergie et citoyen de Lucinges";"2024";"C";"74153";"Lucinges";"LUCINGES";0.98;0;0;0.5;0;0;0.48;0;0;0;0;0;0;0;0;0;0;0;0;0;0;0;0;1133.37;0;0;22.25;0;0;1111.12;0;0;0;0;0;0;0;0;0;0;0;0.00737704918032787;0.0312087431693989;0;0;0;0;0;0;0;0;0;0;29;915;777.75;137.25;0;0;0
"5822C";"Moux en Morvan";"2024";"C";"58185";"Moux-en-Morvan";"MOUX EN MORVAN";0.43;0;0;0.23;0;0;0.2;0;0;0;0;0;0;0;0;0;0;0;0;0;0;0;0;352.65;0;0;8.99;0;0;343.66;0;0;0;0;0;0;0;0;0;0;0;0.0147161640201319;0.0403582770863408;0;0;0;0;0;0;0;0;0;0;"secret";"secret";"secret";"secret";"secret";"secret";"secret"
"9409C";"Réseau de Sucy en Brie";"2024";"C";"94071";"Sucy-en-Brie";"SUCY EN BRIE";29.09;14.8;0;4.29;0;0;0;0;0;0;10;0;0;0;0;0;0;0;0;0;0;0;0;26800.27;702.27;0;0;0;0;0;0;0;0;26098;0;0;0;0;0;0;0;0.00642415662650602;0.021594702811245;0;0;0;0;0;0;0;0;0;0;25;24900;22410;2490;0;0;0
"3311C";"Réseau de chaleur de Pellegrue";"2024";"C";"33316";"Pellegrue";"PELLEGRUE";0.69;0;0;0.49;0;0;0.2;0;0;0;0;0;0;0;0;0;0;0;0;0;0;0;0;624.841;0;0;16.821;0;0;608.02;0;0;0;0;0;0;0;0;0;0;0;0.0162360801781737;0.0527260579064588;0;0;0;0;0;0;0;0;0;0;"secret";"secret";"secret";"secret";"secret";"secret";"secret"
"2514C";"Réseau de chaleur de Frasne";"2024";"C";"25259";"Frasne";"FRASNE";1.6;0;0;1.15;0;0;0.45;0;0;0;0;0;0;0;0;0;0;0;0;0;0;0;0;1459.94;0;0;40.94;0;0;1419;0;0;0;0;0;0;0;0;0;0;0;0.0120934761441091;0.0393982473222979;0;0;0;0;0;0;0;0;0;0;14;1027;10.27;1016.73;0;0;0
"5614C";"Kerdroual - Ploemeur";"2024";"C";"56162";"Ploemeur";"PLOEMEUR";2.2;1.4;0;0;0;0;0.8;0;0;0;0;0;0;0;0;0;0;0;0;0;0;0;0;3409.5552;99.2088;0;0;0;0;3310.3464;0;0;0;0;0;0;0;0;0;0;0;0.00836751424667578;0.0317945457171104;0;0;0;0;0;0;0;0;0;0;"secret";"secret";"secret";"secret";"secret";"secret";"secret"
"6305C";"Réseau de Rochefort-Montagne";"2024";"C";"63305";"Rochefort-Montagne";"ROCHEFORT MONTAGNE";4.1;0;0;2.5;0;0;1.6;0;0;0;0;0;0;0;0;0;0;0;0;0;0;0;0;4587;0;0;136;0;0;4451;0;0;0;0;0;0;0;0;0;0;0;0.0147670492910196;0.047531735313977;0;0;0;0;0;0;0;0;0;0;84;2962;888.6;2073.4;0;0;0
"6934C";"Longes";"2024";"C";"69119";"Longes";"LONGES";0.35;0;0;0.15;0;0;0.2;0;0;0;0;0;0;0;0;0;0;0;0;0;0;0;0;382.3385;0;0;11.4721;0;0;370.8664;0;0;0;0;0;0;0;0;0;0;0;0.0114108196721311;0.0360737049180328;0;0;0;0;0;0;0;0;0;0;3;305;0;305;0;0;0
"7416C";"Réseau de Viry";"2024";"C";"74309";"Viry";"VIRY";5.58;0;0;3.6;0;0;1.98;0;0;0;0;0;0;0;0;0;0;0;0;0;0;0;0;6076.3;0;0;182.6;0;0;5893.7;0;0;0;0;0;0;0;0;0;0;0;0.010941845841785;0.0352013488843813;0;0;0;0;0;0;0;0;0;0;21;4930;3845.4;1084.6;0;0;0
"4605C";"Réseau de Cajarc";"2024";"C";"46045";"Cajarc";"CAJARC";3.46;0;0;1.96;0;0;1.5;0;0;0;0;0;0;0;0;0;0;0;0;0;0;0;0;2637.74;0;0;80.1;0;0;2557.64;0;0;0;0;0;0;0;0;0;0;0;0.01286394917946;0.0399036527263102;0;0;0;0;0;0;0;0;0;0;111;1889;1605.65;283.35;0;0;0
"3508C";"Réseau de chaleur Bretagne romantique  à Combourg";"2024";"C";"35085";"Combourg";"COMBOURG";4.74;3.3;0;0;0;0;1.44;0;0;0;0;0;0;0;0;0;0;0;0;0;0;0;0;5086.71;156.33;0;0;0;0;4930.38;0;0;0;0;0;0;0;0;0;0;0;0.00923696498054475;0.0335613229571984;0;0;0;0;0;0;0;0;0;0;10;3855;0;3855;0;0;0
"6738C";"Réseau de Chaleur du Port Autonome de Strasbourg";"2024";"C";"67482";"Strasbourg";"STRASBOURG";15;0;0;0;0;0;0;0;0;0;0;6;0;3;6;0;0;0;0;0;0;0;0;45401;0;0;0;0;0;0;0;0;0;0;4612;0;8622;32167;0;0;0;0.00559488518207159;0.00893520198221318;0;0;0;0;0;0;0;0;0;0;2;0;0;0;0;0;0
"4604C";"Réseau de Biars sur Cere";"2024";"C";"46029";"Biars-sur-Cère";"BIARS SUR CERE";3.15;0;0;1.9;0;0;1.25;0;0;0;0;0;0;0;0;0;0;0;0;0;0;0;0;1529.84;0;0;48.06;0;0;1481.78;0;0;0;0;0;0;0;0;0;0;0;0.0139255014326648;0.0421041069723018;0;0;0;0;0;0;0;0;0;0;163;1047;1005.12;41.88;0;0;0
"0509C";"Réseau de chaleur de Guillestre";"2024";"C";"05065";"Guillestre";"GUILLESTRE";3;0;0;1.9;0;0;1.1;0;0;0;0;0;0;0;0;0;0;0;0;0;0;0;0;1458.4;0;0;46.28;0;0;1412.12;0;0;0;0;0;0;0;0;0;0;0;0.0108837209302326;0.0336077519379845;0;0;0;0;0;0;0;0;0;0;13;1290;154.8;1135.2;0;0;0
"2212C";"Monge Branly";"2024";"C";"22113";"Lannion";"LANNION";2;1.2;0;0;0;0;0.8;0;0;0;0;0;0;0;0;0;0;0;0;0;0;0;0;2170.058;69.336;0;0;0;0;2100.722;0;0;0;0;0;0;0;0;0;0;0;0.00785075161059413;0.0284786347729261;0;0;0;0;0;0;0;0;0;0;7;2011.68;0;2011.68;0;0;0
"4226C";"Pélussin -  Quartier Notre Dame";"2024";"C";"42168";"Pélussin";"PELUSSIN";1.55;0;0;0;0;0.55;0.45;0;0;0;0;0;0.55;0;0;0;0;0;0;0;0;0;0;784.05;0;0;0;0;26.53;757.52;0;0;0;0;0;0;0;0;0;0;0;0.0093483053182695;0.0325851474235326;0;0;0;0;0;0;0;0;0;0;49;653.22;522.576;130.644;0;0;0
"1709C";"Réseau des Fourriers";"2024";"C";"17299";"Rochefort";"ROCHEFORT";1.99;0.59;0;0;0;0;1.4;0;0;0;0;0;0;0;0;0;0;0;0;0;0;0;0;1703.6307;57.8745;0;0;0;0;1645.7562;0;0;0;0;0;0;0;0;0;0;0;0.0112287265758092;0.0376243143100511;0;0;0;0;0;0;0;0;0;0;14;1174;0;521.256;0;652.744;0
"8822C";"Réseau de Chauffage Urbain de SAINT-NABORD";"2024";"C";"88429";"Saint-Nabord";"ST NABORD";0.75;0.25;0;0;0;0;0.5;0;0;0;0;0;0;0;0;0;0;0;0;0;0;0;0;1518.14;51.84;0;0;0;0;1466.3;0;0;0;0;0;0;0;0;0;0;0;0.0086064139941691;0.02968527696793;0;0;0;0;0;0;0;0;0;0;12;1372;589.96;782.04;0;0;0
"5812C";"Réseau de chaleur de Saint Amand en Puisaye";"2024";"C";"58227";"Saint-Amand-en-Puisaye";"ST AMAND EN PUISAYE";1.34;0;0;0;0;0.48;0.38;0;0;0;0;0;0.48;0;0;0;0;0;0;0;0;0;0;923.64;0;0;0;0;32.16;891.48;0;0;0;0;0;0;0;0;0;0;0;0.0133730603413476;0.0418805251005151;0;0;0;0;0;0;0;0;0;0;"secret";"secret";"secret";"secret";"secret";"secret";"secret"
"8103C";"Réseau de Chauffage Urbain Castres Lameilhé";"2024";"C";"81065";"Castres";"CASTRES";13.21;7.71;0;0;0;0;5.5;0;0;0;0;0;0;0;0;0;0;0;0;0;0;0;0;12998.59;509.99;0;0;0;0;12488.6;0;0;0;0;0;0;0;0;0;0;0;0.0110055959593268;0.0349438083733244;0;0;0;0;0;0;0;0;0;0;15;10555.07493;3098.969999448;873.960204204;0;0;6582
"6742C";"Bischwiller";"2024";"C";"67046";"Bischwiller";"BISCHWILLER";19.71;10;0;0;0;0;9.71;0;0;0;0;0;0;0;0;0;0;0;0;0;0;0;0;18676.9;741.1;0;0;0;0;17935.8;0;0;0;0;0;0;0;0;0;0;0;0.0107664695286701;0.0338053839687781;0;0;0;0;0;0;0;0;0;0;72;16655;4663.4;11991.6;0;0;0
"3817C";"Réseau de chaleur de Villard-de-Lans";"2024";"C";"38548";"Villard-de-Lans";"VILLARD DE LANS";5.65;0;0;3.6;0;0;2.05;0;0;0;0;0;0;0;0;0;0;0;0;0;0;0;0;9262;0;0;375;0;0;8887;0;0;0;0;0;0;0;0;0;0;0;0.015596827495043;0.0413406477197621;0;0;0;0;0;0;0;0;0;0;43;7565;0;0;0;0;7565
"1610C";"Réseau des Vauzelles";"2024";"C";"16089";"Châteaubernard";"CHATEAUBERNARD";5.6;4;0;0;0;0;1.6;0;0;0;0;0;0;0;0;0;0;0;0;0;0;0;0;5954;244;0;0;0;0;5710;0;0;0;0;0;0;0;0;0;0;0;0.0102810841546626;0.0300550037907506;0;0;0;0;0;0;0;0;0;0;10;5276;1741.08;3534.92;0;0;0
"8805C";"Réseau de Fresse sur Moselle";"2024";"C";"88188";"Fresse-sur-Moselle";"FRESSE SUR MOSELLE";1.29;0.54;0;0;0;0;0.75;0;0;0;0;0;0;0;0;0;0;0;0;0;0;0;0;604.9569;25.1019;0;0;0;0;579.855;0;0;0;0;0;0;0;0;0;0;0;0.0296528109117311;0.0822932631469765;0;0;0;0;0;0;0;0;0;0;16;192.82;96.41;96.41;0;0;0
"5809C";"Réseau de chaleur de Montigny en morvan";"2024";"C";"58177";"Montigny-en-Morvan";"MONTIGNY EN MORVAN";0.19;0;0;0.09;0;0;0.1;0;0;0;0;0;0;0;0;0;0;0;0;0;0;0;0;64.5;0;0;2.74;0;0;61.76;0;0;0;0;0;0;0;0;0;0;0;0.0141964727212791;0.0400268666556783;0;0;0;0;0;0;0;0;0;0;"secret";"secret";"secret";"secret";"secret";"secret";"secret"
"0205C";"Réseau de Château Thierry";"2024";"C";"02168";"Château-Thierry";"CHATEAU THIERRY";25.77;17.77;0;0;0;0;8;0;0;0;0;0;0;0;0;0;0;0;0;0;0;0;0;27577.9;1178.3;0;0;0;0;26399.6;0;0;0;0;0;0;0;0;0;0;0;0.0127465609750427;0.0355290327330593;0;0;0;0;0;0;0;0;0;0;42;23226.06;9987.2058;13238.8542;0;0;0
"0701C";"Réseau d'Aubenas";"2024";"C";"07019";"Aubenas";"AUBENAS";22;10;0;0;0;0;8.6;0;0;0;0;0;0;0;0;3.4;0;0;0;0;0;0;0;27533;963;0;0;0;0;26339;0;0;0;0;0;0;0;0;231;0;0;0.0122534194698151;0.0364304388505235;0;0;0;0;0;0;0;0;0;0;88;22445;8529.1;13691.45;224.45;0;0
"6939C";"Longessaigne";"2024";"C";"69120";"Longessaigne";"LONGESSAIGNE";0.47;0;0;0.32;0;0;0.15;0;0;0;0;0;0;0;0;0;0;0;0;0;0;0;0;334.1922;0;0;14.685;0;0;319.5072;0;0;0;0;0;0;0;0;0;0;0;0.0256034482758621;0.0624813793103448;0;0;0;0;0;0;0;0;0;0;"secret";"secret";"secret";"secret";"secret";"secret";"secret"
"6733C";"Réseau de Chaleur SPL - QPR - RCUA";"2024";"C";"67482";"Strasbourg";"STRASBOURG";12;12;0;0;0;0;0;0;0;0;0;0;0;0;0;0;0;0;0;0;0;0;0;601.830000000002;601.83;0;0;0;0;0;0;0;0;0;0;0;0;0;0;0;0;0.00965185318764212;0.0176694011850722;0;0;0;0;0;0;0;0;0;0;19;9004;900.4;900.4;1800.8;0;5402
"5808C";"Réseau de chaleur de Lormes";"2024";"C";"58145";"Lormes";"LORMES";0.51;0;0;0.15;0;0;0.36;0;0;0;0;0;0;0;0;0;0;0;0;0;0;0;0;392.55;0;0;17.79;0;0;374.76;0;0;0;0;0;0;0;0;0;0;0;0.0158196408100879;0.035855075786524;0;0;0;0;0;0;0;0;0;0;"secret";"secret";"secret";"secret";"secret";"secret";"secret"
"5824C";"Réseau de Luzy";"2024";"C";"58149";"Luzy";"LUZY";1.85;1.21;0;0;0;0;0.64;0;0;0;0;0;0;0;0;0;0;0;0;0;0;0;0;2086;97;0;0;0;0;1989;0;0;0;0;0;0;0;0;0;0;0;0.011385;0.032619;0;0;0;0;0;0;0;0;0;0;12;2050;0;2050;0;0;0
"2706C";"Réseau de chaleur de Conches-en-Ouche";"2024";"C";"27165";"Conches-en-Ouche";"CONCHES EN OUCHE";3;2;0;0;0;0;1;0;0;0;0;0;0;0;0;0;0;0;0;0;0;0;0;3911.11;183.87;0;0;0;0;3727.24;0;0;0;0;0;0;0;0;0;0;0;0.0141205327039784;0.0386318610923803;0;0;0;0;0;0;0;0;0;0;10;2966;1542.32;1423.68;0;0;0
"3313C";"Réseau de La Réole";"2024";"C";"33352";"La Réole";"LA REOLE";2.45;1.15;0;0;0;0;1.3;0;0;0;0;0;0;0;0;0;0;0;0;0;0;0;0;3128;148;0;0;0;0;2980;0;0;0;0;0;0;0;0;0;0;0;0.0132358695652174;0.0421410869565217;0;0;0;0;0;0;0;0;0;0;25;2300;69;1633;0;0;598
"5006C";"Chauffage Urbain Biomasse d’Avranches";"2024";"C";"50025";"Avranches";"AVRANCHES";13.76;9.9;0;0;0;0;3.86;0;0;0;0;0;0;0;0;0;0;0;0;0;0;0;0;11529.71;548.37;0;0;0;0;10981.34;0;0;0;0;0;0;0;0;0;0;0;0.0116181285461817;0.0323050972002604;0;0;0;0;0;0;0;0;0;0;34;10751;5052.97;5698.03;0;0;0
"1907C";"Réseau de Brive-la-Gaillarde";"2024";"C";"19031";"Brive-la-Gaillarde";"BRIVE LA GAILLARDE";39.5;28.3;0;0;0;0;6.2;0;5;0;0;0;0;0;0;0;0;0;0;0;0;0;0;39649.99;1900.19;0;0;0;0;15233.8;0;22516;0;0;0;0;0;0;0;0;0;0.0141251343353485;0.0273529835566342;0;0;0;0;0;0;0;0;0;0;116;30641.86044;7966.8837144;11643.9069672;306.4186044;0;10725
"4229C";"Saint Symphorien de Lay";"2024";"C";"42289";"Saint-Symphorien-de-Lay";"ST SYMPHORIEN DE LAY";0.65;0;0;0.1;0;0;0.55;0;0;0;0;0;0;0;0;0;0;0;0;0;0;0;0;826.09;0;0;39.59;0;0;786.5;0;0;0;0;0;0;0;0;0;0;0;0.0182636069163739;0.0510219444317715;0;0;0;0;0;0;0;0;0;0;7;657.57;0;256.4523;0;0;401
"4615C";"Réseau de THEGRA";"2024";"C";"46317";"Thégra";"THEGRA";1.04;0;0;0.69;0;0;0.35;0;0;0;0;0;0;0;0;0;0;0;0;0;0;0;0;954.62;0;0;51.62;0;0;903;0;0;0;0;0;0;0;0;0;0;0;0.0283182640144665;0.0626654611211573;0;0;0;0;0;0;0;0;0;0;63;553;519.82;33.18;0;0;0
"0501C";"Réseau de chaleur bois d'Embrun";"2024";"C";"05046";"Embrun";"EMBRUN";10;0;0;5.5;0;0;4.5;0;0;0;0;0;0;0;0;0;0;0;0;0;0;0;0;10378.15;0;0;565.15;0;0;9813;0;0;0;0;0;0;0;0;0;0;0;0.0200268660203247;0.0459112253241444;0;0;0;0;0;0;0;0;0;0;78;8561;4965.38;3595.62;0;0;0
"3808C";"Réseau de Lans-en-Vercors";"2024";"C";"38205";"Lans-en-Vercors";"LANS EN VERCORS";1.69;0;0;0.98;0;0;0.71;0;0;0;0;0;0;0;0;0;0;0;0;0;0;0;0;1535.607;0;0;83.927;0;0;1451.68;0;0;0;0;0;0;0;0;0;0;0;0.022120764552563;0.0496100781928758;0;0;0;0;0;0;0;0;0;0;"secret";"secret";"secret";"secret";"secret";"secret";"secret"
"4240C";"Colombier";"2024";"C";"24126";"Colombier";"COLOMBIER";0.19;0;0;0.11;0;0;0.08;0;0;0;0;0;0;0;0;0;0;0;0;0;0;0;0;142.84;0;0;7.86;0;0;134.98;0;0;0;0;0;0;0;0;0;0;0;0.0207692307692308;0.0463675213675214;0;0;0;0;0;0;0;0;0;0;"secret";"secret";"secret";"secret";"secret";"secret";"secret"
"2507C";"Réseau de chaleur de Mouthe";"2024";"C";"25413";"Mouthe";"MOUTHE";4.4;0;0;2.8;0;0;1.6;0;0;0;0;0;0;0;0;0;0;0;0;0;0;0;0;3903.92;0;0;215.38;0;0;3688.54;0;0;0;0;0;0;0;0;0;0;0;0.018599487617421;0.0421910048391688;0;0;0;0;0;0;0;0;0;0;20;3513;983.64;2529.36;0;0;0
"4236C";"Pélussin 2 - Quartier des Croix";"2024";"C";"42168";"Pélussin";"PELUSSIN";2.1;0;0;0;0;0.8;0.5;0;0;0;0;0;0.8;0;0;0;0;0;0;0;0;0;0;1357.23;0;0;0;0;75.07;1282.16;0;0;0;0;0;0;0;0;0;0;0;0.0168763635297337;0.042903866755288;0;0;0;0;0;0;0;0;0;0;12;1023.08;0;1023.08;0;0;0
"0702C";"réseau du cheylard";"2024";"C";"07064";"Le Cheylard";"LE CHEYLARD";4.8;0;0;2.8;0;0;2;0;0;0;0;0;0;0;0;0;0;0;0;0;0;0;0;4570;0;0;259;0;0;4311;0;0;0;0;0;0;0;0;0;0;0;0.0258192834562698;0.0510071127502634;0;0;0;0;0;0;0;0;0;0;17;3796;1062.88;2733.12;0;0;0
"7320C";"Réseau de chaleur de Barby";"2024";"C";"73030";"Barby";"BARBY";8.34;5.5;0;0;0;0;2.84;0;0;0;0;0;0;0;0;0;0;0;0;0;0;0;0;10852.59;622.89;0;0;0;0;10229.7;0;0;0;0;0;0;0;0;0;0;0;0.0142179076059725;0.0352397735244012;0;0;0;0;0;0;0;0;0;0;54;9979;6486.35;0;3492.65;0;0
"7319C";"Réseau d'Albertville";"2024";"C";"73011";"Albertville";"ALBERTVILLE";24.7;15;0;0;0;0;9.7;0;0;0;0;0;0;0;0;0;0;0;0;0;0;0;0;30523;1779;0;0;0;0;28744;0;0;0;0;0;0;0;0;0;0;0;0.0162688026174041;0.0403359932968918;0;0;0;0;0;0;0;0;0;0;56;25063;12531.5;12531.5;0;0;0
"2111C";"Réseau de chaleur de Bligny-sur-Ouche";"2024";"C";"21087";"Bligny-sur-Ouche";"BLIGNY SUR OUCHE";0.85;0;0;0.52;0;0;0.33;0;0;0;0;0;0;0;0;0;0;0;0;0;0;0;0;894;0;0;53;0;0;841;0;0;0;0;0;0;0;0;0;0;0;0.0250515463917526;0.0633932253313697;0;0;0;0;0;0;0;0;0;0;"secret";"secret";"secret";"secret";"secret";"secret";"secret"
"2301C";"Réseau de Bourganeuf";"2024";"C";"23030";"Bourganeuf";"BOURGANEUF";6.7;0;0;3.5;0;0;3.2;0;0;0;0;0;0;0;0;0;0;0;0;0;0;0;0;7455;0;0;448;0;0;7007;0;0;0;0;0;0;0;0;0;0;0;0.0236393989983306;0.0520011129660545;0;0;0;0;0;0;0;0;0;0;10;5391;1671.21;3719.79;0;0;0
"4609C";"Réseau de St Germain du Bel air";"2024";"C";"46267";"Saint-Germain-du-Bel-Air";"ST GERMAIN DU BEL AIR";2.1;0;0;1.38;0;0;0.72;0;0;0;0;0;0;0;0;0;0;0;0;0;0;0;0;1587.36;0;0;96.12;0;0;1491.24;0;0;0;0;0;0;0;0;0;0;0;0.0266301369863014;0.0565424657534247;0;0;0;0;0;0;0;0;0;0;89;1095;996.45;98.55;0;0;0
"7706C";"Réseau de Dammarie les Lys";"2024";"C";"77152";"Dammarie-les-Lys";"DAMMARIE LES LYS";254;244;0;0;0;0;0;0;0;0;10;0;0;0;0;0;0;0;0;0;0;0;0;36433;2207;0;0;0;0;0;0;0;0;34226;0;0;0;0;0;0;0;0.0106909463886593;0.0265995739446783;1;11;0;0;0;0;0;0;0;0;39;32661;25932.834;6728.166;0;0;0
"2216C";"Trestel";"2024";"C";"22379";"Trévou-Tréguignec";"TREVOU TREGUIGNEC";1.92;1.26;0;0;0;0;0.66;0;0;0;0;0;0;0;0;0;0;0;0;0;0;0;0;1823.2106;114.21;0;0;0;0;1709.0006;0;0;0;0;0;0;0;0;0;0;0;0.0146332202703387;0.0347351513412871;0;0;0;0;0;0;0;0;0;0;3;1777.77;0;1777.77;0;0;0
"7811C";"Réseau de Carrières - Chatou";"2024";"C";"78124";"Carrières-sur-Seine";"CARRIERES SUR SEINE";77;53;0;0;0;0;0;0;0;0;0;0;0;0;24;0;0;0;0;0;0;0;0;88052.16;5618.16;0;0;0;0;0;0;0;0;0;0;0;0;82434;0;0;0;0.0164806820523388;0.0222493406140532;0;0;0;0;0;0;0;0;0;0;129;76401;0;0;0;0;76401
"1502C";"Réseau de chaleur bois du Crozatier";"2024";"C";"15188";"Saint-Georges";"ST GEORGES";2;0;0;0.8;0;0;1.2;0;0;0;0;0;0;0;0;0;0;0;0;0;0;0;0;2338;0;0;164;0;0;2174;0;0;0;0;0;0;0;0;0;0;0;0.0372837632776935;0.0770682852807284;0;0;0;0;0;0;0;0;0;0;35;1318;158.16;1159.84;0;0;0
"7305C";"Les Arcs";"2024";"C";"73054";"Bourg-Saint-Maurice";"BOURG ST MAURICE";7.66;0;0;5.9;0;0;1.76;0;0;0;0;0;0;0;0;0;0;0;0;0;0;0;0;6151.72;0;0;437.88;0;0;5713.84;0;0;0;0;0;0;0;0;0;0;0;0.0255510675129833;0.0512744758607424;0;0;0;0;0;0;0;0;0;0;22;5199;3171.39;2027.61;0;0;0
"4614C";"Réseau de CAHORS";"2024";"C";"46042";"Cahors";"CAHORS";5;3.3;0;0;0;0;1.7;0;0;0;0;0;0;0;0;0;0;0;0;0;0;0;0;4235.57;305.37;0;0;0;0;3930.2;0;0;0;0;0;0;0;0;0;0;0;0.0208815670969679;0.0449580006004203;0;0;0;0;0;0;0;0;0;0;163;3331;3031.21;299.79;0;0;0
"4237C";"Roanne - Quartier Arsenal";"2024";"C";"42187";"Roanne";"ROANNE";1.23;0.88;0;0;0;0;0.35;0;0;0;0;0;0;0;0;0;0;0;0;0;0;0;0;398.61;28.78;0;0;0;0;369.83;0;0;0;0;0;0;0;0;0;0;0;0.0178083431363678;0.0493171658673423;0;0;0;0;0;0;0;0;0;0;4;331.53;0;331.53;0;0;0
"3805C";"Réseau de Saint Marcellin";"2024";"C";"38416";"Saint-Marcellin";"ST MARCELLIN";6.66;0;0;0;0;1.8;3.06;0;0;0;0;0;1.8;0;0;0;0;0;0;0;0;0;0;4517.06;0;0;0;0;328.86;4188.2;0;0;0;0;0;0;0;0;0;0;0;0.0223575418994413;0.0472824687416866;0;0;0;0;0;0;0;0;0;0;26;3759;1390.83;2368.17;0;0;0
"7610C";"SECGO";"2024";"C";"76305";"Gonfreville-l'Orcher";"GONFREVILLE L ORCHER";10;1.5;0;4.5;0;0;4;0;0;0;0;0;0;0;0;0;0;0;0;0;0;0;0;16316.5514;859.41;0;335.7614;0;0;15121.38;0;0;0;0;0;0;0;0;0;0;0;0.0229004847645429;0.0476729409048938;0;0;0;0;0;0;0;0;0;0;42;12996;6368.04;6627.96;0;0;0
"4251C";"GUMIERES";"2024";"C";"42107";"Gumières";"GUMIERES";0.14;0;0;0;0;0.05;0.04;0;0;0;0;0;0.05;0;0;0;0;0;0;0;0;0;0;38.43;0;0;0;0;2.83;35.6;0;0;0;0;0;0;0;0;0;0;0;0.0200727272727273;0.0440472727272727;0;0;0;0;0;0;0;0;0;0;"secret";"secret";"secret";"secret";"secret";"secret";"secret"
"7711C";"Réseau de Coulommiers";"2024";"C";"77131";"Coulommiers";"COULOMMIERS";24.5;13.5;0;0;0;0;0;0;0;0;11;0;0;0;0;0;0;0;0;0;0;0;0;38581;2875;0;0;0;0;0;0;0;0;35706;0;0;0;0;0;0;0;0.0191514588859416;0.0357301679929266;0;0;0;0;0;0;0;0;0;0;49;33930;14589.9;19340.1;0;0;0
"2217C";"Réseau de chaleur de Saint-Jacut";"2024";"C";"22046";"Le Mené";"LE MENE";0.77;0;0;0.45;0;0;0.32;0;0;0;0;0;0;0;0;0;0;0;0;0;0;0;0;735;0;0;55;0;0;680;0;0;0;0;0;0;0;0;0;0;0;0.0619172932330827;0.119842105263158;0;0;0;0;0;0;0;0;0;0;30;266;87.78;178.22;0;0;0
"5832C";"Coulanges-lès-Nevers - GS Malraux";"2024";"C";"58088";"Coulanges-lès-Nevers";"COULANGES LES NEVERS";0.28;0.16;0;0;0;0;0.12;0;0;0;0;0;0;0;0;0;0;0;0;0;0;0;0;161.6;12.27;0;0;0;0;149.33;0;0;0;0;0;0;0;0;0;0;0;0.0176570538424668;0.0427154817063429;0;0;0;0;0;0;0;0;0;0;"secret";"secret";"secret";"secret";"secret";"secret";"secret"
"6913C";"Réseau Sytraival";"2024";"C";"69264";"Villefranche-sur-Saône";"VILLEFRANCHE SUR SAONE";17;10;0;0;0;0;2;0;5;0;0;0;0;0;0;0;0;0;0;0;0;0;0;36714.92;2814;0;0;0;0;4189.92;0;29711;0;0;0;0;0;0;0;0;0;0.019439450867052;0.0275595472061657;0;0;0;0;0;0;0;0;0;0;39;31140;15570;15570;0;0;0
"7321C";"CROUZE";"2024";"C";"73296";"Tignes";"TIGNES";0.53;0;0;0.31;0;0;0.22;0;0;0;0;0;0;0;0;0;0;0;0;0;0;0;0;419.1557;0;0;32.1557;0;0;387;0;0;0;0;0;0;0;0;0;0;0;0.0267673691142575;0.0521728679618044;0;0;0;0;0;0;0;0;0;0;5;364.44;364.44;0;0;0;0
"4106C";"ECO CHALEUR DE BLOIS";"2024";"C";"41018";"Blois";"BLOIS";24.1;17.1;0;0;0;0;0;0;7;0;0;0;0;0;0;0;0;0;0;0;0;0;0;28639;2205;0;0;0;0;0;0;26434;0;0;0;0;0;0;0;0;0;0.019802900886382;0.0259280902497985;0;0;0;0;0;0;0;0;0;0;60;24820;1241;23579;0;0;0
"6943C";"Réseau de Montrottier";"2024";"C";"69139";"Montrottier";"MONTROTTIER";2;0;0;0;0;0.6;0.8;0;0;0;0;0;0.6;0;0;0;0;0;0;0;0;0;0;1142.9744;0;0;0;0;89.1648;1053.8096;0;0;0;0;0;0;0;0;0;0;0;0.0377260927152318;0.0749888476821192;0;0;0;0;0;0;0;0;0;0;16;604;302;302;0;0;0
"7417C";"Réseau de chaleur de Vallorcine";"2024";"C";"74290";"Vallorcine";"VALLORCINE";1.81;0;0;0.91;0;0;0.9;0;0;0;0;0;0;0;0;0;0;0;0;0;0;0;0;1850.5581;0;0;145.4705;0;0;1705.0876;0;0;0;0;0;0;0;0;0;0;0;0.0252757731958763;0.0490930011454754;0;0;0;0;0;0;0;0;0;0;4;1746;1396.8;349.2;0;0;0
"6005C";"Réseau du Quartier Saint Jean";"2024";"C";"60057";"Beauvais";"BEAUVAIS";30;4;0;16;0;0;10;0;0;0;0;0;0;0;0;0;0;0;0;0;0;0;0;28599.32;1460.43;0;812.57;0;0;26326.32;0;0;0;0;0;0;0;0;0;0;0;0.0239640640516385;0.0479474056603774;0;0;0;0;0;0;0;0;0;0;52;24168;18367.68;5800.32;0;0;0
"6816C";"Réseau de chaleur de Thann";"2024";"C";"68334";"Thann";"THANN";2;1;0;0;0;0;1;0;0;0;0;0;0;0;0;0;0;0;0;0;0;0;0;2934.71;235.71;0;0;0;0;2699;0;0;0;0;0;0;0;0;0;0;0;0.0198923675435346;0.039918228973694;0;0;0;0;0;0;0;0;0;0;6;2699;0;2699;0;0;0
"2113C";"Réseau de chaleur de Fontaine-Française";"2024";"C";"21277";"Fontaine-Française";"FONTAINE FRANCAISE";1.76;0;0;1.16;0;0;0.6;0;0;0;0;0;0;0;0;0;0;0;0;0;0;0;0;2226;0;0;180;0;0;2046;0;0;0;0;0;0;0;0;0;0;0;0.0282387765170202;0.0616097681302417;0;0;0;0;0;0;0;0;0;0;8;2027;1277.01;749.99;0;0;0
"6301C";"Réseau de Riom RCBE";"2024";"C";"63300";"Riom";"RIOM";13.1;9.1;0;0;0;0;4;0;0;0;0;0;0;0;0;0;0;0;0;0;0;0;0;17198;1558;0;0;0;0;15640;0;0;0;0;0;0;0;0;0;0;0;0.0252236423981357;0.0491011086787656;0;0;0;0;0;0;0;0;0;0;38;14161;7222.11;6797.28;141.61;0;0
"5821C";"CHALLUY";"2024";"C";"58051";"Challuy";"CHALLUY";0.27;0.16;0;0;0;0;0.11;0;0;0;0;0;0;0;0;0;0;0;0;0;0;0;0;196.52;18.12;0;0;0;0;178.4;0;0;0;0;0;0;0;0;0;0;0;0.0197585873388042;0.0431767936694021;0;0;0;0;0;0;0;0;0;0;"secret";"secret";"secret";"secret";"secret";"secret";"secret"
"9413C";"Réseau de Thiais";"2024";"C";"94073";"Thiais";"THIAIS";32.6;22.05;0;0.55;0;0;0;0;0;0;10;0;0;0;0;0;0;0;0;0;0;0;0;35668.254;3251.34;0;37.914;0;0;0;0;0;0;32379;0;0;0;0;0;0;0;0.0232089183767937;0.0397245054775498;0;0;0;0;0;0;0;0;0;0;52;32405;23979.7;8425.3;0;0;0
"6006C";"Réseau de Breteuil-sur-Noye";"2024";"C";"27112";"Breteuil";"BRETEUIL";14;0;0;0;0;6;2;0;0;0;0;0;6;0;0;0;0;0;0;0;0;0;0;6097.43;0;0;0;0;572.23;5525.2;0;0;0;0;0;0;0;0;0;0;0;0.0277054105665181;0.0563830968041789;0;0;0;0;0;0;0;0;0;0;48;4948.65;1286.649;3662.001;0;0;0
"5827C";"MONTSAUCHE LES SETTONS";"2024";"C";"58180";"Montsauche-les-Settons";"MONTSAUCHE LES SETTONS";0.67;0;0;0.45;0;0;0.22;0;0;0;0;0;0;0;0;0;0;0;0;0;0;0;0;703.72;0;0;66.19;0;0;637.53;0;0;0;0;0;0;0;0;0;0;0;0.029808515718265;0.0535569438917628;0;0;0;0;0;0;0;0;0;0;10;628.25;188.475;439.775;0;0;0
"1511C";"Réseau de chaleur d'Aurillac";"2024";"C";"15014";"Aurillac";"AURILLAC";32;22;0;0;0;0;10;0;0;0;0;0;0;0;0;0;0;0;0;0;0;0;0;58877.33;5583.33;0;0;0;0;53294;0;0;0;0;0;0;0;0;0;0;0;0.0260600909817422;0.048460193438659;0;0;0;0;0;0;0;0;0;0;181;48801;26899.1112;19676.5632;2225.3256;0;0
"4232C";"Saint Joseph";"2024";"C";"97412";"Saint-Joseph";"ST JOSEPH";0.34;0;0;0.23;0;0;0.11;0;0;0;0;0;0;0;0;0;0;0;0;0;0;0;0;431.3;0;0;41;0;0;390.3;0;0;0;0;0;0;0;0;0;0;0;0.0731551925320887;0.126207409568261;0;0;0;0;0;0;0;0;0;0;"secret";"secret";"secret";"secret";"secret";"secret";"secret"
"2511C";"RESEAU DE CHALEUR";"2024";"C";"25462";"Pontarlier";"PONTARLIER";20;10;0;0;0;0;0;10;0;0;0;0;0;0;0;0;0;0;0;0;0;0;0;35017.77;3812.67;0;0;0;0;0;31205.1;0;0;0;0;0;0;0;0;0;0;0.027138796875;0.034051253125;0;0;0;0;0;0;0;0;0;0;97;32000;10880;16320;4800;0;0
"0506C";"Réseau de Briançon";"2024";"C";"05023";"Briançon";"BRIANCON";31.76;0;0;7.76;0;9;6;0;0;0;0;0;9;0;0;0;0;0;0;0;0;0;0;24829.83;0;0;90.84;0;2275.74;22463.25;0;0;0;0;0;0;0;0;0;0;0;0.0296027263598402;0.05570052343318;0;0;0;0;0;0;0;0;0;0;55;20566.6175;7173.636184;6663.58407;0;0;6729
"0404C";"Réseau communal d'Allos";"2024";"C";"04006";"Allos";"ALLOS";0.47;0;0;0.31;0;0;0.16;0;0;0;0;0;0;0;0;0;0;0;0;0;0;0;0;408.96;0;0;39.16;0;0;369.8;0;0;0;0;0;0;0;0;0;0;0;0.0304615384615385;0.0548871794871795;0;0;0;0;0;0;0;0;0;0;13;390;390;0;0;0;0
"4235C";"Roche en Forez";"2024";"C";"38339";"Roche";"ROCHE";0.31;0;0;0.2;0;0;0.11;0;0;0;0;0;0;0;0;0;0;0;0;0;0;0;0;342.4;0;0;32.9;0;0;309.5;0;0;0;0;0;0;0;0;0;0;0;0.0330391173520562;0.0592895352724841;0;0;0;0;0;0;0;0;0;0;6;299.1;0;299.1;0;0;0
"5831C";"Coulanges-lès-Nevers - Espace des Saules";"2024";"C";"58088";"Coulanges-lès-Nevers";"COULANGES LES NEVERS";0.48;0.28;0;0;0;0;0.2;0;0;0;0;0;0;0;0;0;0;0;0;0;0;0;0;227.92;22.24;0;0;0;0;205.68;0;0;0;0;0;0;0;0;0;0;0;0.0212693496401607;0.0404658174753852;0;0;0;0;0;0;0;0;0;0;4;226.49;0;226.49;0;0;0
"2602C";"Réseau de chaleur de Vassieux en Vercors";"2024";"C";"26364";"Vassieux-en-Vercors";"VASSIEUX EN VERCORS";1.7;0;0;0.6;0;0;1.1;0;0;0;0;0;0;0;0;0;0;0;0;0;0;0;0;2494;0;0;246;0;0;2248;0;0;0;0;0;0;0;0;0;0;0;0.0373079213817749;0.0729422275163788;0;0;0;0;0;0;0;0;0;0;39;1679;0;0;0;0;1679
"4307C";"Réseaux de Chaleur YES";"2024";"C";"43268";"Yssingeaux";"YSSINGEAUX";8.9;6;0;0;0;0;2.9;0;0;0;0;0;0;0;0;0;0;0;0;0;0;0;0;16672.73;1645.73;0;0;0;0;15027;0;0;0;0;0;0;0;0;0;0;0;0.0262425991754823;0.0499429011356565;0;0;0;0;0;0;0;0;0;0;55;12856;2314.08;10156.24;385.68;0;0
"3312C";"Réseau de chaleur de Saint Pierre d'Aurillac";"2024";"C";"33463";"Saint-Pierre-d'Aurillac";"ST PIERRE D AURILLAC";0.65;0.4;0;0;0;0;0.25;0;0;0;0;0;0;0;0;0;0;0;0;0;0;0;0;717.14;71.28;0;0;0;0;645.86;0;0;0;0;0;0;0;0;0;0;0;0.0387494033412888;0.0702085918854415;0;0;0;0;0;0;0;0;0;0;20;419;251.4;67.04;0;0;101
"4211C";"Réseau d'Andrézieux-Bouthéon";"2024";"C";"42005";"Andrézieux-Bouthéon";"ANDREZIEUX BOUTHEON";18.49;12.49;0;0;0;0;6;0;0;0;0;0;0;0;0;0;0;0;0;0;0;0;0;17958.33;1789.33;0;0;0;0;16169;0;0;0;0;0;0;0;0;0;0;0;0.0259160140450558;0.0482475680925795;0;0;0;0;0;0;0;0;0;0;28;15726.48785;8177.773682;6762.3897755;786.3243925;0;0
"0307C";"Réseau de Commentry";"2024";"C";"03082";"Commentry";"COMMENTRY";7.1;4.96;0;0;0;0;2.14;0;0;0;0;0;0;0;0;0;0;0;0;0;0;0;0;6690;734;0;0;0;0;5956;0;0;0;0;0;0;0;0;0;0;0;0.0292476274165202;0.0531287521968365;0;0;0;0;0;0;0;0;0;0;32;5690;3186.4;2503.6;0;0;0
"2504C";"Chaufferie Bois du Russey";"2024";"C";"25512";"Le Russey";"LE RUSSEY";2.3;0;0;1.5;0;0;0.8;0;0;0;0;0;0;0;0;0;0;0;0;0;0;0;0;2553;0;0;282;0;0;2271;0;0;0;0;0;0;0;0;0;0;0;0.0427033855482567;0.0743597776654876;0;0;0;0;0;0;0;0;0;0;22;1979;0;0;0;0;1979
"2807C";"CHARTRES METROPOLE ENERGIES";"2024";"C";"28085";"Chartres";"CHARTRES";42;17;0;0;0;0;25;0;0;0;0;0;0;0;0;0;0;0;0;0;0;0;0;56186;6244;0;0;0;0;49942;0;0;0;0;0;0;0;0;0;0;0;0;0.0541885216930646;89;0;0;0;0;0;100;0;0;0;44;46407.5;28772.65;16706.7;928.15;0;0
"9518C";"Réseau de Goussainville";"2024";"C";"28185";"Goussainville";"GOUSSAINVILLE";11;6;0;0;0;0;0;0;5;0;0;0;0;0;0;0;0;0;0;0;0;0;0;20678;2315;0;0;0;0;0;0;18363;0;0;0;0;0;0;0;0;0;0.027630581089954;0.0345958141825345;0;0;0;0;0;0;0;0;0;0;6;18276;18276;0;0;0;0
"8006C";"Réseau de chaleur de Corbie";"2024";"C";"80212";"Corbie";"CORBIE";4.96;2.8;0;0;0;0;2.16;0;0;0;0;0;0;0;0;0;0;0;0;0;0;0;0;8179;919;0;0;0;0;7260;0;0;0;0;0;0;0;0;0;0;0;0.028606350886551;0.0526725710187426;0;0;0;0;0;0;0;0;0;0;26;7236.47;0;7236.47;0;0;0
"1206C";"RESEAU DE CAPDENAC-GARE";"2024";"C";"12052";"Capdenac-Gare";"CAPDENAC GARE";2.45;1.65;0;0;0;0;0.8;0;0;0;0;0;0;0;0;0;0;0;0;0;0;0;0;1723.38;196.02;0;0;0;0;1527.36;0;0;0;0;0;0;0;0;0;0;0;0.0320524048815506;0.0560664752333094;0;0;0;0;0;0;0;0;0;0;55;1393;1058.68;334.32;0;0;0
"3801C";"Chaufferie bois bâtiments communaux";"2024";"C";"38281";"Noyarey";"NOYAREY";1.14;0.64;0;0;0;0;0.5;0;0;0;0;0;0;0;0;0;0;0;0;0;0;0;0;561.93;63.99;0;0;0;0;497.94;0;0;0;0;0;0;0;0;0;0;0;0.0306207983193277;0.0537199579831933;0;0;0;0;0;0;0;0;0;0;3;476;0;476;0;0;0
"3329C";"Réseau de Pinsan";"2024";"C";"33162";"Eysines";"EYSINES";1.1;0.8;0;0;0;0;0.3;0;0;0;0;0;0;0;0;0;0;0;0;0;0;0;0;1229;141;0;0;0;0;1088;0;0;0;0;0;0;0;0;0;0;0;0.0233068459657702;0.0470354523227384;0;0;0;0;0;0;0;0;0;0;5;1227;0;1227;0;0;0
"8707C";"Réseau de chaleur Saint Yrieix la Perche";"2024";"C";"87187";"Saint-Yrieix-la-Perche";"ST YRIEIX LA PERCHE";7.8;2.5;0;0;0;0;2.8;0;0;0;0;0;0;0;0;2.5;0;0;0;0;0;0;0;10421;1089;0;0;0;0;9208;0;0;0;0;0;0;0;0;124;0;0;0.0339191066997519;0.0583833995037221;0;0;0;0;0;0;0;0;0;0;25;8060;1289.6;6770.4;0;0;0
"6104C";"Réseau de la Ferté Mace";"2024";"C";"61168";"La Ferté Macé";"LA FERTE MACE";5.33;3.33;0;0;0;0;2;0;0;0;0;0;0;0;0;0;0;0;0;0;0;0;0;3635.0489;429.0489;0;0;0;0;3206;0;0;0;0;0;0;0;0;0;0;0;0.0321409860562549;0.055528849823159;0;0;0;0;0;0;0;0;0;0;9;3040.597598;1976.3884387;1064.2091593;0;0;0
"4613C";"Réseau de Livernon";"2024";"C";"46176";"Livernon";"LIVERNON";0.94;0;0;0.6;0;0;0.34;0;0;0;0;0;0;0;0;0;0;0;0;0;0;0;0;857.43;0;0;102.35;0;0;755.08;0;0;0;0;0;0;0;0;0;0;0;0.063109756097561;0.102930894308943;0;0;0;0;0;0;0;0;0;0;48;492;349.32;142.68;0;0;0
"6004C";"Les Martinets";"2024";"C";"60414";"Montataire";"MONTATAIRE";25.88;22.08;0;0;0;0;0;0;3.8;0;0;0;0;0;0;0;0;0;0;0;0;0;0;18328.3318;2190.3318;0;0;0;0;0;0;16138;0;0;0;0;0;0;0;0;0;0.0291136186761246;0.0375983584529443;6;49;0;0;0;0;0;0;0;0;16;15256.013;14035.53196;1220.48104;0;0;0
"8610C";"Réseau chaleur université de Poitiers";"2024";"C";"86194";"Poitiers";"POITIERS";13.1;6.8;0;0;0;0;6.3;0;0;0;0;0;0;0;0;0;0;0;0;0;0;0;0;18488;2224;0;0;0;0;16264;0;0;0;0;0;0;0;0;0;0;0;0.0301837117825854;0.0520747660766434;0;0;0;0;0;0;0;0;0;0;48;16779;5033.7;10067.4;0;0;1678
"3518C";"Réseau de chaleur de Liffré";"2024";"C";"35152";"Liffré";"LIFFRE";3.5;2.8;0;0;0;0;0.7;0;0;0;0;0;0;0;0;0;0;0;0;0;0;0;0;2188.18;263.47;0;0;0;0;1924.71;0;0;0;0;0;0;0;0;0;0;0;0.0290029884240229;0.0520261126047059;0;0;0;0;0;0;0;0;0;0;7;1800.28;0;1800.28;0;0;0
"0308C";"Réseau de chaleur d'Ebreuil";"2024";"C";"03107";"Ébreuil";"EBREUIL";1.32;0;0;0;0;0.46;0.4;0;0;0;0;0;0.46;0;0;0;0;0;0;0;0;0;0;878.09;0;0;0;0;110.97;767.12;0;0;0;0;0;0;0;0;0;0;0;0.0405128571428571;0.0684765714285714;0;0;0;0;0;0;0;0;0;0;"secret";"secret";"secret";"secret";"secret";"secret";"secret"
"8815C";"Réseau de la ville de VAGNEY";"2024";"C";"88486";"Vagney";"VAGNEY";3.3;2.2;0;0;0;0;1.1;0;0;0;0;0;0;0;0;0;0;0;0;0;0;0;0;1907;242;0;0;0;0;1665;0;0;0;0;0;0;0;0;0;0;0;0.0328776109660574;0.0591592036553525;0;0;0;0;0;0;0;0;0;0;12;1532;7.66;1524.34;0;0;0
"4003C";"Géothermie Mont-de-Marsan (GMM1)";"2024";"C";"40192";"Mont-de-Marsan";"MONT DE MARSAN";5.5;0;0;0;0;0;0;0;0;0;3.16;2.34;0;0;0;0;0;0;0;0;0;0;0;13222;0;0;0;0;0;0;0;0;0;8600;4622;0;0;0;0;0;0;0.0292978723404255;0.0251757253384913;0;0;0;0;0;0;0;0;0;0;8;8297;1576.43;5061.17;0;0;1659
"8105C";"Reseau de chaleur de Graulhet";"2024";"C";"81105";"Graulhet";"GRAULHET";6.4;4;0;0;0;0;2.4;0;0;0;0;0;0;0;0;0;0;0;0;0;0;0;0;4449.9;567;0;0;0;0;3882.9;0;0;0;0;0;0;0;0;0;0;0;0.0335585292971288;0.0564113290892555;0;0;0;0;0;0;0;0;0;0;15;3848.5;1770.31;2078.19;0;0;0
"3829C";"Réseau de chaleur de Pont-de-Claix Caboisse";"2024";"C";"38317";"Le Pont-de-Claix";"LE PONT DE CLAIX";1.36;0.86;0;0;0;0;0.5;0;0;0;0;0;0;0;0;0;0;0;0;0;0;0;0;1253;160;0;0;0;0;1093;0;0;0;0;0;0;0;0;0;0;0;0.0323684210526316;0.056453216374269;0;0;0;0;0;0;0;0;0;0;13;1026;297.54;728.46;0;0;0
"9314C";"Réseau de Tremblay en France";"2024";"C";"93073";"Tremblay-en-France";"TREMBLAY EN FRANCE";38.8;27;0;0;0;0;0;0;0;0;11.8;0;0;0;0;0;0;0;0;0;0;0;0;50925.4054;6539.4054;0;0;0;0;0;0;0;0;44386;0;0;0;0;0;0;0;0.0340021281986897;0.0517833077362065;0;0;0;0;0;0;0;0;0;0;85;43807;38112.09;5694.91;0;0;0
"4249C";"Chaufferie BELMONT DE LA LOIRE";"2024";"C";"42015";"Belmont-de-la-Loire";"BELMONT DE LA LOIRE";0.89;0.46;0;0;0;0;0.43;0;0;0;0;0;0;0;0;0;0;0;0;0;0;0;0;1090.65;140.12;0;0;0;0;950.53;0;0;0;0;0;0;0;0;0;0;0;0.0342001264673455;0.0598104794949954;0;0;0;0;0;0;0;0;0;0;8;925.14;0;444.0672;0;0;481
"4216C";"LOIRE FOREZ AGGLOMERATION Espace Déchelette";"2024";"C";"42204";"Saint-Bonnet-le-Château";"ST BONNET LE CHATEAU";0.19;0;0;0.14;0;0;0.05;0;0;0;0;0;0;0;0;0;0;0;0;0;0;0;0;159.5;0;0;20.5;0;0;139;0;0;0;0;0;0;0;0;0;0;0;0.0557179707652623;0.0889285468615649;0;0;0;0;0;0;0;0;0;0;"secret";"secret";"secret";"secret";"secret";"secret";"secret"
"3511C";"SILVA  -- Réseau de JANZE";"2024";"C";"35136";"Janzé";"JANZE";2.8;1.4;0;0;0;0;1.4;0;0;0;0;0;0;0;0;0;0;0;0;0;0;0;0;4558.07;599.39;0;0;0;0;3958.68;0;0;0;0;0;0;0;0;0;0;0;0.0353822633709624;0.0592775509704879;0;0;0;0;0;0;0;0;0;0;12;4088.15;408.815;3679.335;0;0;0
"4228C";"Saint Martin la Sauveté";"2024";"C";"42260";"Saint-Martin-la-Sauveté";"ST MARTIN LA SAUVETE";0.49;0;0;0.14;0;0.1;0.15;0;0;0;0;0;0.1;0;0;0;0;0;0;0;0;0;0;521.12;0;0;24.72;0;43.9;452.5;0;0;0;0;0;0;0;0;0;0;0;0.0698479393043143;0.111235806596798;0;0;0;0;0;0;0;0;0;0;"secret";"secret";"secret";"secret";"secret";"secret";"secret"
"7606C";"CANTELEU ENERGIE";"2024";"C";"76157";"Canteleu";"CANTELEU";28.77;11.11;0;0;0;0;14;0;0;0;0;0;0;0;0;3.66;0;0;0;0;0;0;0;51468.7671;6786.9171;0;0;0;0;44677;0;0;0;0;0;0;0;0;4.85;0;0;0.0336471775102192;0.0568126171417067;0;0;0;0;0;0;0;0;0;0;106;45974.232;32181.9624;13792.2696;0;0;0
"6401C";"Réseau de chaleur du Hameau";"2024";"C";"64445";"Pau";"PAU";6.8;5;0;0;0;0;1.8;0;0;0;0;0;0;0;0;0;0;0;0;0;0;0;0;5157.7;686.4;0;0;0;0;4471.3;0;0;0;0;0;0;0;0;0;0;0;0.0340415829199914;0.0568860983394436;0;0;0;0;0;0;0;0;0;0;8;4637;1935.9475;2701.0525;0;0;0
"3811C";"Réseau de Chaleur Bois Pontcharra RCBP";"2024";"C";"38314";"Pontcharra";"PONTCHARRA";1.51;0.96;0;0;0;0;0.55;0;0;0;0;0;0;0;0;0;0;0;0;0;0;0;0;1342;179;0;0;0;0;1163;0;0;0;0;0;0;0;0;0;0;0;0.0380009624639076;0.0640338787295476;0;0;0;0;0;0;0;0;0;0;6;1039;332.48;706.52;0;0;0
"4908C";"Réseau de chaleur d'Ecouflant";"2024";"C";"49129";"Écouflant";"ECOUFLANT";1.01;0.55;0;0;0;0;0.46;0;0;0;0;0;0;0;0;0;0;0;0;0;0;0;0;921.96;124.74;0;0;0;0;797.22;0;0;0;0;0;0;0;0;0;0;0;0.0455336538461538;0.0737326923076923;0;0;0;0;0;0;0;0;0;0;9;624;230.88;393.12;0;0;0
"7203C";"SYNER'GIE (ALLONNES- BDH)";"2024";"C";"72003";"Allonnes";"ALLONNES";93;76;0;0;0;0;0;0;17;0;0;0;0;0;0;0;0;0;0;0;0;0;0;188281;25479;0;0;0;0;0;0;162802;0;0;0;0;0;0;0;0;0;0.036115343402769;0.0440134422137632;0;1;0;0;0;0;0;0;0;0;172;149877;125896.68;8992.62;1498.77;0;13489
"4608C";"Réseau de Caillac";"2024";"C";"46044";"Caillac";"CAILLAC";1.44;0;0;0.72;0;0;0.72;0;0;0;0;0;0;0;0;0;0;0;0;0;0;0;0;1162.04;0;0;158.42;0;0;1003.62;0;0;0;0;0;0;0;0;0;0;0;0.0676901408450704;0.106595774647887;0;0;0;0;0;0;0;0;0;0;46;710;660.3;49.7;0;0;0
"7108C";"Réseau de Matour";"2024";"C";"71289";"Matour";"MATOUR";1.18;0;0;0.7;0;0;0.48;0;0;0;0;0;0;0;0;0;0;0;0;0;0;0;0;1434.65;0;0;209.15;0;0;1225.5;0;0;0;0;0;0;0;0;0;0;0;0.0676439232409382;0.104922174840085;0;0;0;0;0;0;0;0;0;0;13;938;75.04;862.96;0;0;0
"1401C";"Réseau de Chaleur Urbain Nord Caen la mer";"2024";"C";"14327";"Hérouville-Saint-Clair";"HEROUVILLE ST CLAIR";82.45;52.2;0;9;0;0;0.25;0;21;0;0;0;0;0;0;0;0;0;0;0;0;0;0;143261.05;20959.07;0;141.98;0;0;83;0;122077;0;0;0;0;0;0;0;0;0;0.0433145928920785;0.0520098563968387;0;0;0;0;0;0;0;0;0;0;116;111179.168;57601.9269408;17666.3697952;0;0;35911
"3820C";"Réseau de chaleur de Gières Centre";"2024";"C";"38179";"Gières";"GIERES";2.22;1.6;0;0;0;0;0.62;0;0;0;0;0;0;0;0;0;0;0;0;0;0;0;0;1980;292;0;0;0;0;1688;0;0;0;0;0;0;0;0;0;0;0;0.0340718165359083;0.0599612552806277;0;0;0;0;0;0;0;0;0;0;14;1657;1292.46;364.54;0;0;0
"2902C";"Réseau de Plougastel Daoulas";"2024";"C";"29189";"Plougastel-Daoulas";"PLOUGASTEL DAOULAS";4.4;3.2;0;0;0;0;1.2;0;0;0;0;0;0;0;0;0;0;0;0;0;0;0;0;4812.17577;712.16577;0;0;0;0;4100.01;0;0;0;0;0;0;0;0;0;0;0;0.0421667628021835;0.0667760075643359;0;0;0;0;0;0;0;0;0;0;16;3847;1923.5;1615.74;0;0;308
"1406C";"Réseau bois Vallée des près  (Bayeux 2)";"2024";"C";"14047";"Bayeux";"BAYEUX";10.55;7.55;0;0;0;0;3;0;0;0;0;0;0;0;0;0;0;0;0;0;0;0;0;15376.2576;2283.3576;0;0;0;0;13092.9;0;0;0;0;0;0;0;0;0;0;0;0.038878753913866;0.0632534734976907;0;0;0;0;0;0;0;0;0;0;16;8366.138;2258.85726;3011.80968;0;0;3095
"9420C";"Réseau d'Orly";"2024";"C";"94054";"Orly";"ORLY";46;33;0;0;0;0;0;0;0;0;13;0;0;0;0;0;0;0;0;0;0;0;0;82052;12221;0;0;0;0;0;0;0;0;69831;0;0;0;0;0;0;0;0.0365461710232497;0.0536407986339157;0;0;0;0;0;0;0;0;0;0;157;76130;68517;0;7613;0;0
"5412C";"Réseau de Pont à Mousson";"2024";"C";"54431";"Pont-à-Mousson";"PONT A MOUSSON";19.1;10.9;0;0;0;0;3.2;0;0;4;0;0;0;0;0;1;0;0;0;0;0;0;0;16778;2522;0;0;0;0;1824;0;0;6176;0;0;0;0;0;6256;0;0;0.043806875045326;0.0966839045616071;0;0;0;0;0;0;0;0;0;0;51;13789;3860.92;9928.08;0;0;0
"6715C";"Niederbronn";"2024";"C";"67324";"Niederbronn-les-Bains";"NIEDERBRONN LES BAINS";2.73;1.44;0;0;0;0;1.29;0;0;0;0;0;0;0;0;0;0;0;0;0;0;0;0;3698;563;0;0;0;0;3135;0;0;0;0;0;0;0;0;0;0;0;0.0309164861938278;0.057213508391987;0;0;0;0;0;0;0;0;0;0;12;3694;0;0;0;0;3694
"2506C";"Domaine Universitaire de la Bouloie";"2024";"C";"25056";"Besançon";"BESANCON";10;5;0;0;0;0;5;0;0;0;0;0;0;0;0;0;0;0;0;0;0;0;0;13064.51;2001.51;0;0;0;0;11063;0;0;0;0;0;0;0;0;0;0;0;0.0383753787878788;0.0627043181818182;0;0;0;0;0;0;0;0;0;0;38;11880;4158;7722;0;0;0
"9003C";"Réseau de chaleur de Delle";"2024";"C";"90033";"Delle";"DELLE";2.6;1.4;0;0;0;0;1.2;0;0;0;0;0;0;0;0;0;0;0;0;0;0;0;0;1555.61;238.95;0;0;0;0;1316.66;0;0;0;0;0;0;0;0;0;0;0;0.0355039138943248;0.0562971298108284;0;0;0;0;0;0;0;0;0;0;7;1533;0;1533;0;0;0
"4901C";"Réseau d'Angers La Roseraie";"2024";"C";"49007";"Angers";"ANGERS";61;45;0;0;0;0;0;0;16;0;0;0;0;0;0;0;0;0;0;0;0;0;0;67286.36;10413.36;0;0;0;0;0;0;56873;0;0;0;0;0;0;0;0;0;0.0407653518948183;0.0491401701469451;0;0;0;0;0;0;0;0;0;0;98;58185;43638.75;14546.25;0;0;0
"5819C";"Réseau de chaleur de Cosne-Cours-sur-Loire";"2024";"C";"58086";"Cosne-Cours-sur-Loire";"COSNE COURS SUR LOIRE";10.8;6.6;0;0;0;0;4.2;0;0;0;0;0;0;0;0;0;0;0;0;0;0;0;0;11133.57;1723.57;0;0;0;0;9410;0;0;0;0;0;0;0;0;0;0;0;0.0418797304597068;0.0657130227097343;0;0;0;0;0;0;0;0;0;0;25;9071;0;0;0;0;9071
"8102C";"Chauffage urbain de Mazamet";"2024";"C";"81163";"Mazamet";"MAZAMET";8.28;5.78;0;0;0;0;2.5;0;0;0;0;0;0;0;0;0;0;0;0;0;0;0;0;6252;970;0;0;0;0;5282;0;0;0;0;0;0;0;0;0;0;0;0.0446080326888579;0.0686262507474587;0;0;0;0;0;0;0;0;0;0;14;5017;4264.45;752.55;0;0;0
"4103C";"Réseau de Mondoubleau";"2024";"C";"41143";"Mondoubleau";"MONDOUBLEAU";2.28;1.3;0;0;0;0;0.98;0;0;0;0;0;0;0;0;0;0;0;0;0;0;0;0;2192.64;340.2;0;0;0;0;1852.44;0;0;0;0;0;0;0;0;0;0;0;0.0506801831262263;0.0784329627207325;0;0;0;0;0;0;0;0;0;0;14;1529;240.053;1288.947;0;0;0
"3804C";"Réseau de chaleur de Vinay";"2024";"C";"38559";"Vinay";"VINAY";4;0;0;2.5;0;0;1.5;0;0;0;0;0;0;0;0;0;0;0;0;0;0;0;0;5936.14;0;0;930.94;0;0;5005.2;0;0;0;0;0;0;0;0;0;0;0;0.0691189427312775;0.105459618208517;0;0;0;0;0;0;0;0;0;0;62;4086;2002.14;1430.1;653.76;0;0
"3828C";"Réseau de Voiron";"2024";"C";"38563";"Voiron";"VOIRON";2.95;1.8;0;0;0;0;1.15;0;0;0;0;0;0;0;0;0;0;0;0;0;0;0;0;3744;618;0;0;0;0;3126;0;0;0;0;0;0;0;0;0;0;0;0.0449385519212448;0.0696592886630676;0;0;0;0;0;0;0;0;0;0;10;3149;1480.03;1668.97;0;0;0
"4213C";"Réseau de Chaleur VIACONFORT";"2024";"C";"42218";"Saint-Étienne";"ST ETIENNE";27.2;15.4;0;0;0;0;8.4;0;0;0;0;0;0;0;0;3.4;0;0;0;0;0;0;0;37854;8590;0;0;0;0;24222;0;0;0;0;0;0;0;0;5042;0;0;0.0944805469715698;0.119562258961681;0;0;0;0;0;0;0;0;0;0;62;32360;0;0;0;0;32360
"1705C";"Réseau de Chaleur urbain de Pons";"2024";"C";"17283";"Pons";"PONS";7.3;4.8;0;0;0;0;2.5;0;0;0;0;0;0;0;0;0;0;0;0;0;0;0;0;4126;693;0;0;0;0;2704;0;0;0;0;0;729;0;0;0;0;0;0.0489040217424497;0.0765080770757627;0;0;0;0;0;0;0;0;0;0;14;3274.7;425.711;2848.989;0;0;0
"2218C";"Réseau de chaleur deSaint-Gouéno";"2024";"C";"22046";"Le Mené";"LE MENE";0.5;0;0;0.4;0;0;0.1;0;0;0;0;0;0;0;0;0;0;0;0;0;0;0;0;297;0;0;50;0;0;247;0;0;0;0;0;0;0;0;0;0;0;0.0746231155778894;0.113668341708543;0;0;0;0;0;0;0;0;0;0;15;199;75.62;123.38;0;0;0
"2208C";"Réseau de chaleur de Brézillet";"2024";"C";"22215";"Ploufragan";"PLOUFRAGAN";6;3;0;0;0;0;3;0;0;0;0;0;0;0;0;0;0;0;0;0;0;0;0;4598.38;780.84;0;0;0;0;3817.54;0;0;0;0;0;0;0;0;0;0;0;0.0444089887640449;0.067583570536829;0;0;0;0;0;0;0;0;0;0;6;4005;0;4005;0;0;0
"3602C";"Réseau de chaleur de la cité de Beaulieu";"2024";"C";"36044";"Châteauroux";"CHATEAUROUX";10;6;0;0;0;0;4;0;0;0;0;0;0;0;0;0;0;0;0;0;0;0;0;8146;1390;0;0;0;0;6756;0;0;0;0;0;0;0;0;0;0;0;0.0424415971394517;0.0662120381406436;0;0;0;0;0;0;0;0;0;0;5;6712;6275.72;0;0;0;436
"0103C";"Oyonnax BioChaleur";"2024";"C";"01283";"Oyonnax";"OYONNAX";35.6;24.6;0;0;0;0;11;0;0;0;0;0;0;0;0;0;0;0;0;0;0;0;0;48550.8125;8338.3425;0;0;0;0;40212.47;0;0;0;0;0;0;0;0;0;0;0;0.0474798541322934;0.0717622800109994;0;0;0;0;0;0;0;0;0;0;111;40002;30401.52;9600.48;0;0;0
"4219C";"Planfoy 2 - ZAC des Lucioles";"2024";"C";"42172";"Planfoy";"PLANFOY";0.29;0;0;0.14;0;0;0.15;0;0;0;0;0;0;0;0;0;0;0;0;0;0;0;0;441.49;0;0;76;0;0;365.49;0;0;0;0;0;0;0;0;0;0;0;0.062281886445897;0.0936618227000162;0;0;0;0;0;0;0;0;0;0;"secret";"secret";"secret";"secret";"secret";"secret";"secret"
"6710C";"Haguenau";"2024";"C";"67180";"Haguenau";"HAGUENAU";6.4;3.9;0;0;0;0;2.5;0;0;0;0;0;0;0;0;0;0;0;0;0;0;0;0;5594.38;966.71;0;0;0;0;4627.67;0;0;0;0;0;0;0;0;0;0;0;0.0364679388630676;0.0566820718627101;0;0;0;0;0;0;0;0;0;0;12;5594;0;5594;0;0;0
"0401C";"Réseau de Manosque Zac Chanteprunier";"2024";"C";"04112";"Manosque";"MANOSQUE";13.9;9.4;0;0;0;0;4.5;0;0;0;0;0;0;0;0;0;0;0;0;0;0;0;0;12981.36;2255.56;0;0;0;0;10725.8;0;0;0;0;0;0;0;0;0;0;0;0.0446767455055772;0.0695124136711091;0;0;0;0;0;0;0;0;0;0;32;11499.63083;2685.163798805;4789.596240695;0;0;4025
"7315C";"AIX ENERGIES NOUVELLES";"2024";"C";"73008";"Aix-les-Bains";"AIX LES BAINS";14.9;10.9;0;0;0;0;4;0;0;0;0;0;0;0;0;0;0;0;0;0;0;0;0;18805;3299;0;0;0;0;15506;0;0;0;0;0;0;0;0;0;0;0;0.0527039667376597;0.076561508707091;0;0;0;0;0;0;0;0;0;0;48;15964;11174.8;4789.2;0;0;0
"0803C";"Zup de Sedan";"2024";"C";"08409";"Sedan";"SEDAN";31.5;20;0;2;0;0;8.7;0;0;0;0;0;0;0;0.8;0;0;0;0;0;0;0;0;54030.04;9603.46;0;19.58;0;0;43269;0;0;0;0;0;0;0;1138;0;0;0;0.0468812609943524;0.0719544073693086;8;43;0;0;0;0;0;0;0;0;186;43204;22898.12;15553.44;0;0;4752
"6938C";"Saint Martin en Haut";"2024";"C";"69227";"Saint-Martin-en-Haut";"ST MARTIN EN HAUT";1.6;0.8;0;0;0;0;0.8;0;0;0;0;0;0;0;0;0;0;0;0;0;0;0;0;2489.5533;461.8539;0;0;0;0;2027.6994;0;0;0;0;0;0;0;0;0;0;0;0.0506744002890173;0.0748772095375723;0;0;0;0;0;0;0;0;0;0;16;2076;1038;1038;0;0;0
"0504C";"Réseau de l'Association La Chrysalide";"2024";"C";"05170";"Tallard";"TALLARD";0.5;0.25;0;0;0;0;0.25;0;0;0;0;0;0;0;0;0;0;0;0;0;0;0;0;768.0149;142.7949;0;0;0;0;625.22;0;0;0;0;0;0;0;0;0;0;0;0.0434252403204272;0.0647036675567423;0;0;0;0;0;0;0;0;0;0;4;749;0;749;0;0;0
"3821C";"Réseau de chaleur de Fontaine ZAC Bastille";"2024";"C";"38169";"Fontaine";"FONTAINE";1.72;1.1;0;0;0;0;0.62;0;0;0;0;0;0;0;0;0;0;0;0;0;0;0;0;1924;358;0;0;0;0;1566;0;0;0;0;0;0;0;0;0;0;0;0.0431439482961222;0.0679514688601645;0;0;0;0;0;0;0;0;0;0;12;1702;1548.82;153.18;0;0;0
"9425C";"Réseau chaud ADP Orly";"2024";"C";"94054";"Orly";"ORLY";105;63;0;0;0;0;0;0;0;0;12;0;0;0;30;0;0;0;0;0;0;0;0;68535.9639;12798.9639;0;0;0;0;0;0;0;0;29397;0;0;0;26340;0;0;0;0.0531992619525547;0.0682728670985401;0;0;0;0;0;0;0;0;0;0;100;54800;0;54800;0;0;0
"6806C";"Réseau de Cernay";"2024";"C";"86047";"Cernay";"CERNAY";17.8;12.8;0;0;0;0;5;0;0;0;0;0;0;0;0;0;0;0;0;0;0;0;0;17131;3209;0;0;0;0;13922;0;0;0;0;0;0;0;0;0;0;0;0.0643786655495468;0.0910995039093143;1;8;0;0;0;0;0;0;0;0;55;13129;4463.86;8665.14;0;0;0
"8806C";"Réseau de Monthureux-sur-Saône";"2024";"C";"88310";"Monthureux-sur-Saône";"MONTHUREUX SUR SAONE";1.55;0.8;0;0;0;0;0.75;0;0;0;0;0;0;0;0;0;0;0;0;0;0;0;0;863.0156;162.3564;0;0;0;0;700.6592;0;0;0;0;0;0;0;0;0;0;0;0.062153243697479;0.0906239529411765;0;0;0;0;0;0;0;0;0;0;7;595;0;595;0;0;0
"2210C";"Hopital Rive Gauche";"2024";"C";"22113";"Lannion";"LANNION";3.4;1.4;0;0;0;0;2;0;0;0;0;0;0;0;0;0;0;0;0;0;0;0;0;7054.732;1330.83;0;0;0;0;5723.902;0;0;0;0;0;0;0;0;0;0;0;0.0567605143271224;0.0830531722269346;0;0;0;0;0;0;0;0;0;0;8;5340.57;0;5340.57;0;0;0
"3702C";"Zup des Bords de Cher et Sanitas";"2024";"C";"37261";"Tours";"TOURS";75.7;44.7;0;11;0;0;0;0;0;0;0;0;0;0;0;20;0;0;0;0;0;0;0;122028.59;23035;0;27.59;0;0;0;0;0;0;0;0;0;0;0;98966;0;0;0.0435364374276208;0.0640320209056458;0;1;0;0;0;0;0;0;0;0;178;108802;92481.7;14144.26;1088.02;0;1088
"3107C";"Ensemble Universitaire Toulouse Rangueil";"2024";"C";"31555";"Toulouse";"TOULOUSE";84.6;68.3;0;0;0;0;12.3;0;4;0;0;0;0;0;0;0;0;0;0;0;0;0;0;46782.7;8895;0;0;0;0;33356.7;0;4531;0;0;0;0;0;0;0;0;0;0.0452445670346025;0.0657759133381489;1;4;0;0;0;0;0;0;0;0;67;40315;11288.2;29026.8;0;0;0
"3802C";"Réseau principal de Grenoble-Alpes Métropole";"2024";"C";"38185";"Grenoble";"GRENOBLE";578;64;54;104;125;0;147;0;54;0;0;0;0;0;30;0;0;0;0;0;0;0;0;758524;35810;104866;3357;906;0;317741;0;285272;0;0;0;0;0;10572;0;0;0;0.0491098435478635;0.0933759668707849;56;0;100;0;0;0;100;0;0;0;1357;619167;241475.13;377691.87;0;0;0
"6403C";"RCU de PAU";"2024";"C";"64445";"Pau";"PAU";51.4;30;0;0;0;0;10.4;0;11;0;0;0;0;0;0;0;0;0;0;0;0;0;0;85619;16404;0;0;0;0;8444;0;60771;0;0;0;0;0;0;0;0;0;0.0513676941581237;0.0625157564229871;0;0;0;0;0;0;0;0;0;0;205;71501;41434.8295;29351.1605;715.01;0;0
"3807C";"Les Laiches";"2024";"C";"38548";"Villard-de-Lans";"VILLARD DE LANS";1.77;0;0;1.37;0;0;0.4;0;0;0;0;0;0;0;0;0;0;0;0;0;0;0;0;1340.632;0;0;257.032;0;0;1083.6;0;0;0;0;0;0;0;0;0;0;0;0.0796486210418795;0.116309703779367;0;0;0;0;0;0;0;0;0;0;10;979;430.76;548.24;0;0;0
"9523C";"Agrivalseine Energie";"2024";"C";"95063";"Bezons";"BEZONS";0;0;0;0;0;0;0;0;0;0;0;0;0;0;0;0;0;0;0;0;0;0;0;0;0;0;0;0;0;0;0;0;0;0;0;0;0;0;0;0;0;0.0574413600928224;0.0735098159901872;0;0;0;0;0;0;0;0;0;0;17;7616;4950.4;2665.6;0;0;0
"9509C";"Réseau d'ArgenteuilRéseau d'Argenteuil - ARGEVAL";"2024";"C";"95018";"Argenteuil";"ARGENTEUIL";88.7;67;0;0;0;0;1.7;0;20;0;0;0;0;0;0;0;0;0;0;0;0;0;0;128358;24652;0;0;0;0;4603;0;99103;0;0;0;0;0;0;0;0;0;0.0453998960634013;0.0549384348880516;77;0;0;0;0;0;0;0;0;0;102;105819;63046.9602;33946.7352;0;0;8825
"6925C";"LE BOURG";"2024";"C";"69269";"Yzeron";"YZERON";0.6;0;0;0.4;0;0;0.2;0;0;0;0;0;0;0;0;0;0;0;0;0;0;0;0;540.9142;0;0;107.156;0;0;433.7582;0;0;0;0;0;0;0;0;0;0;0;0.0596214511041009;0.0875712897072849;0;0;0;0;0;0;0;0;0;0;10;545.24;87.2384;458.0016;0;0;0
"5721C";"Réseau de chaleur de Rombas";"2024";"C";"57591";"Rombas";"ROMBAS";6.4;4.5;0;0;0;0;1.9;0;0;0;0;0;0;0;0;0;0;0;0;0;0;0;0;12460;2497;0;0;0;0;9963;0;0;0;0;0;0;0;0;0;0;0;0.0457287938439513;0.0685947566213314;0;0;0;0;0;0;0;0;0;0;35;11176;3911.6;7264.4;0;0;0
"8007C";"EPSM";"2024";"C";"80021";"Amiens";"AMIENS";6.55;5.05;0;0;0;0;1.5;0;0;0;0;0;0;0;0;0;0;0;0;0;0;0;0;6721;1347;0;0;0;0;5374;0;0;0;0;0;0;0;0;0;0;0;0.0576229913473424;0.088102348578492;0;0;0;0;0;0;0;0;0;0;26;4854;0;4854;0;0;0
"9415C";"Réseau de Chevilly-Larue L'Haÿ-les-Roses Villejuif";"2024";"C";"94021";"Chevilly-Larue";"CHEVILLY LARUE";153;102;0;0;0;0;0;0;0;0;36;15;0;0;0;0;0;0;0;0;0;0;0;214723.07;33208;0;0;0;0;0;0;0;0;143716.17;37798.9;0;0;0;0;0;0;0.045337870110881;0.0552280955374239;7;45;0;0;0;0;0;0;0;0;283;205175;143622.5;61552.5;0;0;0
"5912C";"MAUBEUGE ENERGIE RENOUVELABLE";"2024";"C";"59392";"Maubeuge";"MAUBEUGE";12.8;2.7;0;0.1;0;0;0;0;10;0;0;0;0;0;0;0;0;0;0;0;0;0;0;38785.2177;7777.9521;0;6.2656;0;0;0;0;31001;0;0;0;0;0;0;0;0;0;0.0514503624786052;0.0609769755156508;0;0;0;0;0;0;0;0;0;0;76;34471;19648.47;14822.53;0;0;0
"9324C";"Réseau de Rosny-sous-Bois /Noisy-le-Sec / Montreui";"2024";"C";"93064";"Rosny-sous-Bois";"ROSNY SOUS BOIS";39;9;0;0;0;0;0;0;0;0;15;15;0;0;0;0;0;0;0;0;0;0;0;68697;5798;0;0;0;0;0;0;0;0;30889;32010;0;0;0;0;0;0;0.0450789940261317;0.0430571462799093;0;0;0;0;0;0;0;0;0;0;73;62606;0;0;0;0;62606
"9109C";"DSP - Vigneux - Concorde";"2024";"C";"91657";"Vigneux-sur-Seine";"VIGNEUX SUR SEINE";65;30;0;24;0;0;0;0;0;0;11;0;0;0;0;0;0;0;0;0;0;0;0;53093.2021;10117.872;0;823.3301;0;0;0;0;0;0;42152;0;0;0;0;0;0;0;0.0510563590573844;0.0694234638524115;0;0;0;0;0;0;0;0;0;0;77;50031;45027.9;5003.1;0;0;0
"5214C";"Réseau de Saint BLIN";"2024";"C";"52444";"Saint-Blin";"ST BLIN";0.62;0;0;0.3;0;0;0.32;0;0;0;0;0;0;0;0;0;0;0;0;0;0;0;0;917.7811;0;0;189.2407;0;0;728.5404;0;0;0;0;0;0;0;0;0;0;0;0.0954813977081843;0.136893608528614;0;0;0;0;0;0;0;0;0;0;2;601.27;0;601.27;0;0;0
"9406C";"Réseau de IVRY PORT";"2024";"C";"94041";"Ivry-sur-Seine";"IVRY SUR SEINE";10;0;0;0;0;0;0;0;0;0;10;0;0;0;0;0;0;0;0;0;0;0;0;49707;0;0;0;0;0;0;0;0;0;49707;0;0;0;0;0;0;0;0.0643189392661922;0.0836834882475556;0;0;0;0;0;0;0;0;0;0;46;18211;3277.98;728.44;0;0;14205
"7906C";"Réseau de chaleur CC Mellois en Poitou";"2024";"C";"79148";"Lezay";"LEZAY";2.8;0;0;1.4;0;0;1.4;0;0;0;0;0;0;0;0;0;0;0;0;0;0;0;0;2324.6028;0;0;482.113;0;0;1842.4898;0;0;0;0;0;0;0;0;0;0;0;0.143110567514677;0.202984726027397;0;0;0;0;0;0;0;0;0;0;36;1022;419.9398;602.0602;0;0;0
"4504C";"Zup du Grand Clos";"2024";"C";"45208";"Montargis";"MONTARGIS";24;14.5;0;0;0;0;4;0;5.5;0;0;0;0;0;0;0;0;0;0;0;0;0;0;27379;5701;0;0;0;0;4021;0;17657;0;0;0;0;0;0;0;0;0;0.0526461424836002;0.0651864649476714;0;1;0;0;0;0;0;0;0;0;40;21799;19183.12;1961.91;0;0;654
"9219C";"Réseau chaud Seguin Rives de Seine";"2024";"C";"92012";"Boulogne-Billancourt";"BOULOGNE BILLANCOURT";19;0;0;0;0;0;0;0;0;0;0;19;0;0;0;0;0;0;0;0;0;0;0;22084;0;0;0;0;0;0;0;0;0;0;22084;0;0;0;0;0;0;0.121711011966331;0.130210700146366;0;0;0;0;0;0;0;0;0;0;110;64787;38872.2;25914.8;0;0;0
"8902C";"Réseau d'Auxerre - Zup de Sainte Geneviève";"2024";"C";"89024";"Auxerre";"AUXERRE";35.41;22.47;0;4.05;0;0;8.89;0;0;0;0;0;0;0;0;0;0;0;0;0;0;0;0;35769.9;7624.11;0;1.79;0;0;28144;0;0;0;0;0;0;0;0;0;0;0;0.0449079052834368;0.0716180267595724;16;76;0;0;0;0;0;0;0;0;37;31354.32094;16639.738122858;5835.039126934;0;0;8880
"6202C";"Réseau de ARQUES";"2024";"C";"62040";"Arques";"ARQUES";11.57;9.07;0;0;0;0;2.5;0;0;0;0;0;0;0;0;0;0;0;0;0;0;0;0;5271;1127;0;0;0;0;4144;0;0;0;0;0;0;0;0;0;0;0;0.0662818574514039;0.0944787856971442;0;0;0;0;0;0;0;0;0;0;20;4167;916.74;3250.26;0;0;0
"5803C";"Réseau de decize";"2024";"C";"58095";"Decize";"DECIZE";8.8;7;0;0;0;0;1.8;0;0;0;0;0;0;0;0;0;0;0;0;0;0;0;0;8210;1765;0;0;0;0;6445;0;0;0;0;0;0;0;0;0;0;0;0.0681705825555198;0.0971412616672031;0;0;0;0;0;0;0;0;0;0;11;6214;789.178;5424.822;0;0;0
"9422C";"Arcueil-Gentilly";"2024";"C";"94003";"Arcueil";"ARCUEIL";34;18;0;0;0;0;0;0;0;0;5;11;0;0;0;0;0;0;0;0;0;0;0;68334;10675;0;0;0;0;0;0;0;0;28621;29038;0;0;0;0;0;0;0.04924671561051;0.0552712004121587;0;0;0;0;0;0;0;0;0;0;150;62112;0;0;0;0;62112
"0109C";"Réseau chauffage DORTAN";"2024";"C";"01148";"Dortan";"DORTAN";1.02;0;0;0.7;0;0;0.32;0;0;0;0;0;0;0;0;0;0;0;0;0;0;0;0;1255;0;0;276;0;0;979;0;0;0;0;0;0;0;0;0;0;0;0.0925111607142857;0.133454241071429;0;0;0;0;0;0;0;0;0;0;8;896;555.52;340.48;0;0;0
"4217C";"Jonzieux";"2024";"C";"42115";"Jonzieux";"JONZIEUX";1.19;0;0;0.73;0;0;0.46;0;0;0;0;0;0;0;0;0;0;0;0;0;0;0;0;811.93;0;0;179.01;0;0;632.92;0;0;0;0;0;0;0;0;0;0;0;0.0805216894805644;0.117385211786095;0;0;0;0;0;0;0;0;0;0;4;665.53;0;412.6286;0;0;253
"6713C";"Réseau des Tanneries - Bohrie - Wihrel";"2024";"C";"67267";"Lingolsheim";"LINGOLSHEIM";34.9;30.1;0;0;0;0;4.8;0;0;0;0;0;0;0;0;0;0;0;0;0;0;0;0;30094.74;14911.74;0;0;0;0;15183;0;0;0;0;0;0;0;0;0;0;0;0.119921548821549;0.145760351664796;0;0;0;0;0;0;0;0;0;0;130;26730;24057;2138.4;534.6;0;0
"2501C";"Besançon - Planoise";"2024";"C";"25056";"Besançon";"BESANCON";110.5;53;0;4;0;0;25.5;0;10;0;0;1;0;0;0;17;0;0;0;0;0;0;0;148803;10929;0;327;0;0;49759;0;61343;0;0;6346;0;0;0;20099;0;0;0.0555332256759009;0.0697784957585088;0;0;0;0;0;0;0;0;0;0;223;126017;70569.52;54187.31;1260.17;0;0
"0605C";"réseau chaleur et froid chaine de vie 06";"2024";"C";"06075";"Levens";"LEVENS";1.02;0;0;0.54;0;0;0.48;0;0;0;0;0;0;0;0;0;0;0;0;0;0;0;0;1441.22;0;0;327.52;0;0;1113.7;0;0;0;0;0;0;0;0;0;0;0;0.0704181431608788;0.100433026222537;0;0;0;0;0;0;0;0;0;0;2;1411;0;1411;0;0;0
"5901C";"Réseau de Roubaix";"2024";"C";"59512";"Roubaix";"ROUBAIX";105.4;74.16;0;1.24;0;0;20;0;10;0;0;0;0;0;0;0;0;0;0;0;0;0;0;138276.1643;31434.2443;0;113.92;0;0;41279;0;65449;0;0;0;0;0;0;0;0;0;0.0490042062257417;0.0704729879130074;10;45;0;0;0;0;0;0;0;0;205;117127.57;39823.3738;76132.9205;1171.2757;0;0
"9101C";"Réseau de Massy - Antony";"2024";"C";"91377";"Massy";"MASSY";174;44;20;44;0;0;44;22;0;0;0;0;0;0;0;0;0;0;0;0;0;0;0;258100.82;33518;23445;1991.82;0;0;72150;126996;0;0;0;0;0;0;0;0;0;0;0.0793690370649383;0.098001893440025;0;0;0;0;0;0;0;0;0;0;284;217699;163274.25;54424.75;0;0;0
"0110C";"Réseau de chaleur ASSURC à Bourg-en-Bresse";"2024";"C";"01053";"Bourg-en-Bresse";"BOURG EN BRESSE";43.4;35;0;0;0;0;8.4;0;0;0;0;0;0;0;0;0;0;0;0;0;0;0;0;34682.44;7990.84;0;0;0;0;26691.6;0;0;0;0;0;0;0;0;0;0;0;0.0607576390525245;0.0860762656809916;0;0;0;0;0;0;0;0;0;0;99;30247;23895.13;5444.46;0;0;907
"1703C";"Réseau de Aytre";"2024";"C";"17028";"Aytré";"AYTRE";2;1;0;0;0;0;1;0;0;0;0;0;0;0;0;0;0;0;0;0;0;0;0;1871;435;0;0;0;0;1436;0;0;0;0;0;0;0;0;0;0;0;0.0549744031141868;0.0783314192618224;0;0;0;0;0;0;0;0;0;0;7;1734;1734;0;0;0;0
"9122C";"Réseau du quartier du Grand Parc de Bondoufle";"2024";"C";"91086";"Bondoufle";"BONDOUFLE";6.27;4.55;0;0;0;0;1.72;0;0;0;0;0;0;0;0;0;0;0;0;0;0;0;0;9849.08;2306.88;0;0;0;0;7542.2;0;0;0;0;0;0;0;0;0;0;0;0.0584554455445544;0.0814119924351986;0;0;0;0;0;0;0;0;0;0;26;8989;8629.44;0;0;0;360
"7703C";"Almont - Montaigu";"2024";"C";"77288";"Melun";"MELUN";49.3;24;0;0;0;0;0;0;12.5;0;9;0;0;0;0;3.8;0;0;0;0;0;0;0;101874;9250;0;0;0;0;0;0;42078;0;35799;0;0;0;0;14747;0;0;0.0544390242608197;0.0680805308513574;0;0;0;0;0;0;0;0;0;0;90;94226;61246.9;26383.28;0;0;6596
"3819C";"Réseau YOPLAIT Vienne";"2024";"C";"38544";"Vienne";"VIENNE";6.5;4.8;0;0;0;0;0;0;0;0;0;0;0;0;1.7;0;0;0;0;0;0;0;0;5431;1314;0;0;0;0;0;0;0;0;0;0;0;0;4117;0;0;0;0.0546277080957811;0.0644901938426454;0;0;0;0;0;0;0;0;0;0;"secret";"secret";"secret";"secret";"secret";"secret";"secret"
"4915C";"Réseau de chaleur de Monplaisir";"2024";"C";"49007";"Angers";"ANGERS";22;11;0;0;0;0;5.6;0;0;0;0;0;0;0;0;5.4;0;0;0;0;0;0;0;17319;3851;0;0;0;0;13126;0;0;0;0;0;0;0;0;342;0;0;0.0673261841837772;0.0925742020735922;0;0;0;0;0;0;0;0;0;0;28;14757;9887.19;2656.26;2213.55;0;0
"3002C";"DALAE";"2024";"C";"30007";"Alès";"ALES";13.8;6.8;0;0;0;0;7;0;0;0;0;0;0;0;0;0;0;0;0;0;0;0;0;25391;6154;0;0;0;0;19237;0;0;0;0;0;0;0;0;0;0;0;0.0514334430346858;0.0780956618029656;19;77;0;0;0;0;0;0;0;0;41;23093;18705.33;4387.67;0;0;0
"6724C";"Sélestat";"2024";"C";"67462";"Sélestat";"SELESTAT";6.24;4.74;0;0;0;0;1.5;0;0;0;0;0;0;0;0;0;0;0;0;0;0;0;0;4345.81;1053.81;0;0;0;0;3292;0;0;0;0;0;0;0;0;0;0;0;0.0601288827655311;0.0828783316633267;0;0;0;0;0;0;0;0;0;0;4;3992;0;3992;0;0;0
"1413C";"Réseau de chaleur Caen Sud";"2024";"C";"14118";"Caen";"CAEN";30.65;16.61;0;0;0;0;10;0;0;0;0;0;0;0;0;4.04;0;0;0;0;0;0;0;45760.6989;10590.4989;0;0;0;0;34629.6;0;0;0;0;0;0;0;0;540.6;0;0;0.0642337908604888;0.0896150808808554;0;0;0;0;0;0;0;0;0;0;108;39280;29067.2;10212.8;0;0;0
"6923C";"Réseau de chaleur de La Tour-de-Salvagny";"2024";"C";"69250";"La Tour-de-Salvagny";"LA TOUR DE SALVAGNY";0.93;0.3;0;0;0;0;0.63;0;0;0;0;0;0;0;0;0;0;0;0;0;0;0;0;1168.39;284.31;0;0;0;0;884.08;0;0;0;0;0;0;0;0;0;0;0;0.0712425742574258;0.0975899889988999;0;0;0;0;0;0;0;0;0;0;4;909;909;0;0;0;0
"3409C";"ZAC des Constellations";"2024";"C";"34123";"Juvignac";"JUVIGNAC";5.2;4;0;0;0;0;1.2;0;0;0;0;0;0;0;0;0;0;0;0;0;0;0;0;5728;1401;0;0;0;0;4124;0;0;0;0;0;203;0;0;0;0;0;0.0667984222545153;0.0925918206352502;0;0;0;0;0;0;0;0;0;0;21;4817;4817;0;0;0;0
"7421C";"Annecy Bio chaleur";"2024";"C";"74010";"Annecy";"ANNECY";41.25;29.25;0;0;0;0;12;0;0;0;0;0;0;0;0;0;0;0;0;0;0;0;0;45462.9;11135;0;0;0;0;34327.9;0;0;0;0;0;0;0;0;0;0;0;0.0527847854411556;0.075773892696974;0;0;0;0;0;0;0;0;0;0;71;42366;35163.78;4236.6;2965.62;0;0
"9103C";"Réseau d'Evry";"2024";"C";"89162";"Évry";"EVRY";203.8;125.9;0;0;0;0;0;0;35;0;13.5;11.4;0;0;0;18;0;0;0;0;0;0;0;260859;59574;0;0;0;0;0;0;161297;0;24830;15158;0;0;0;0;0;0;0.0621980581266528;0.0717693327016862;1;2;0;0;0;0;0;0;0;0;395;223856;147744.96;76111.04;0;0;0
"7008C";"Chaufferie de MARNAY";"2024";"C";"70334";"Marnay";"MARNAY";1.4;0;0;0.8;0;0;0.6;0;0;0;0;0;0;0;0;0;0;0;0;0;0;0;0;1743;0;0;430;0;0;1313;0;0;0;0;0;0;0;0;0;0;0;0.0927753303964758;0.131571806167401;0;0;0;0;0;0;0;0;0;0;21;1135;419.95;715.05;0;0;0
"6708C";"Cité de l'Ill";"2024";"C";"67482";"Strasbourg";"STRASBOURG";13.1;10.6;0;0;0;0;2.5;0;0;0;0;0;0;0;0;0;0;0;0;0;0;0;0;15385.06;3828.06;0;0;0;0;11557;0;0;0;0;0;0;0;0;0;0;0;0.0623264474624732;0.0863719656897784;0;0;0;0;0;0;0;0;0;0;49;13990;13290.5;699.5;0;0;0
"6814C";"Réseau de chaleur de Kaysersberg";"2024";"C";"68162";"Kaysersberg Vignoble";"KAYSERSBERG VIGNOBLE";0.57;0.35;0;0;0;0;0.22;0;0;0;0;0;0;0;0;0;0;0;0;0;0;0;0;457.5852;114.1614;0;0;0;0;343.4238;0;0;0;0;0;0;0;0;0;0;0;0.0740269023827825;0.100749884704074;0;0;0;0;0;0;0;0;0;0;11;351.27;49.1778;302.0922;0;0;0
"1903C";"Réseau de Sornac";"2024";"C";"19261";"Sornac";"SORNAC";2.7;0;0;1.7;0;0;1;0;0;0;0;0;0;0;0;0;0;0;0;0;0;0;0;3025;0;0;763;0;0;2262;0;0;0;0;0;0;0;0;0;0;0;0.0939403332041844;0.130801239829523;0;0;0;0;0;0;0;0;0;0;"secret";"secret";"secret";"secret";"secret";"secret";"secret"
"3104C";"Canceropôle";"2024";"C";"31555";"Toulouse";"TOULOUSE";37.09;21.09;0;0;0;0;0;0;16;0;0;0;0;0;0;0;0;0;0;0;0;0;0;18288;4615;0;0;0;0;0;0;13673;0;0;0;0;0;0;0;0;0;0.0572107003016882;0.0679853523051732;1;6;0;0;0;0;0;0;0;0;8;15579;0;15579;0;0;0
"7429C";"Réseau de chaleur d’Ambilly Ville-la-Grand";"2024";"C";"74008";"Ambilly";"AMBILLY";7.45;5.2;0;0;0;0;2.25;0;0;0;0;0;0;0;0;0;0;0;0;0;0;0;0;6056.9;1528.8;0;0;0;0;4528.1;0;0;0;0;0;0;0;0;0;0;0;0.0598151022499847;0.0836918244299118;0;0;0;0;0;0;0;0;0;0;24;4741.81;3001.56573;1740.24427;0;0;0
"8001C";"Etouvie";"2024";"C";"80021";"Amiens";"AMIENS";27.7;22.2;0;0;0;0;5.5;0;0;0;0;0;0;0;0;0;0;0;0;0;0;0;0;23098;5867;0;0;0;0;17231;0;0;0;0;0;0;0;0;0;0;0;0.0514279617692821;0.0731075852347998;7;29;0;0;0;0;0;0;0;0;28;22495;19570.65;2924.35;0;0;0
"4238C";"Saint Maurice en Gourgois";"2024";"C";"42262";"Saint-Maurice-en-Gourgois";"ST MAURICE EN GOURGOIS";0.2;0;0;0.09;0;0;0.11;0;0;0;0;0;0;0;0;0;0;0;0;0;0;0;0;266.7;0;0;67.84;0;0;198.86;0;0;0;0;0;0;0;0;0;0;0;0.0952607676530911;0.131489403262037;0;0;0;0;0;0;0;0;0;0;5;204.78;0;204.78;0;0;0
"3412C";"BET BOIRARGUES chaud";"2024";"C";"34129";"Lattes";"LATTES";1.27;0;0;0;0;0;0;0;0;0;0;1.27;0;0;0;0;0;0;0;0;0;0;0;2400;0;0;0;0;0;0;0;0;0;0;2400;0;0;0;0;0;0;0.0469575;0.024609125;0;0;0;0;0;0;0;0;0;0;7;2400;2160;240;0;0;0
"9115C";"Réseau de Ris-Orangis";"2024";"C";"91521";"Ris-Orangis";"RIS ORANGIS";17.7;9.8;0;0;0;0;0;0;0;0;7.9;0;0;0;0;0;0;0;0;0;0;0;0;49683.85;12970.85;0;0;0;0;0;0;0;0;36713;0;0;0;0;0;0;0;0.0500985284325694;0.0734329805423454;23;89;0;0;0;0;0;0;0;0;23;46090.71089;14901.126830737;31189.584059263;0;0;0
"5110C";"Réseau CLOE - Chalons-en-Champagne";"2024";"C";"51108";"Châlons-en-Champagne";"CHALONS EN CHAMPAGNE";56;37;0;0;0;0;0;0;19;0;0;0;0;0;0;0;0;0;0;0;0;0;0;75298;19701;0;0;0;0;0;0;55597;0;0;0;0;0;0;0;0;0;0.0652766840776668;0.0762819867591725;0;0;0;0;0;0;0;0;0;0;88;62987;17006.49;45980.51;0;0;0
"4231C";"Saint Haon le Châtel";"2024";"C";"42232";"Saint-Haon-le-Châtel";"ST HAON LE CHATEL";0.19;0;0;0.11;0;0;0.08;0;0;0;0;0;0;0;0;0;0;0;0;0;0;0;0;214;0;0;56;0;0;158;0;0;0;0;0;0;0;0;0;0;0;0.120212963577257;0.161988655211305;0;0;0;0;0;0;0;0;0;0;"secret";"secret";"secret";"secret";"secret";"secret";"secret"
"3112C";"Toulouse energie durable (TED) chaud";"2024";"C";"31555";"Toulouse";"TOULOUSE";433;58;0;0;0;0;0;0;25;0;0;350;0;0;0;0;0;0;0;0;0;0;0;115774;30186;0;0;0;0;0;0;85143;0;0;445;0;0;0;0;0;0;0.0623563490186805;0.0734766559622583;9;33;0;0;0;0;0;0;0;0;105;105725;31717.5;74007.5;0;0;0
"3106C";"Réseau ""Saint Exupéry""";"2024";"C";"31555";"Toulouse";"TOULOUSE";0;0;0;0;0;0;0;0;0;0;0;0;0;0;0;0;0;0;0;0;0;0;0;0;0;0;0;0;0;0;0;0;0;0;0;0;0;0;0;0;0;0.0754183788059785;0.0928681002009604;0;0;0;0;0;0;0;0;0;0;8;4201;4201;0;0;0;0
"9114C";"Réseau d'Épinay-sous-Sénart";"2024";"C";"91215";"Épinay-sous-Sénart";"EPINAY SOUS SENART";44;34;0;0;0;0;0;0;0;0;10;0;0;0;0;0;0;0;0;0;0;0;0;41282;10892;0;0;0;0;0;0;0;0;30390;0;0;0;0;0;0;0;0.0572209579457215;0.0751498577688937;0;0;0;0;0;0;0;0;0;0;85;39021;33558.06;5462.94;0;0;0
"8809C";"Réseau de La Bresse 2";"2024";"C";"88075";"La Bresse";"LA BRESSE";1.57;0;0;0.65;0;0;0.92;0;0;0;0;0;0;0;0;0;0;0;0;0;0;0;0;2545.2204;0;0;692.6514;0;0;1852.569;0;0;0;0;0;0;0;0;0;0;0;0.110536664913204;0.151375165702262;0;0;0;0;0;0;0;0;0;0;9;1901;240.2864;1660.7136;0;0;0
"6306C";"La Gauthière";"2024";"C";"63113";"Clermont-Ferrand";"CLERMONT FERRAND";31.75;24.05;0;0;0;0;7.7;0;0;0;0;0;0;0;0;0;0;0;0;0;0;0;0;29676;9834;0;0;0;0;19842;0;0;0;0;0;0;0;0;0;0;0;0.0698782508450067;0.0982040801611369;9;36;0;0;0;0;0;0;0;0;53;31649;10127.68;16773.97;4747.35;0;0
"9309C";"SEBIO";"2024";"C";"93071";"Sevran";"SEVRAN";49.7;42.2;0;0;0;0;7.5;0;0;0;0;0;0;0;0;0;0;0;0;0;0;0;0;56145;19372;0;0;0;0;36773;0;0;0;0;0;0;0;0;0;0;0;0.136261599669319;0.170275444131586;9;32;0;0;0;0;0;0;0;0;63;48385;35804.9;12580.1;0;0;0
"7477C";"Annecy - ZAC des Trésums";"2024";"C";"74010";"Annecy";"ANNECY";6.16;3.02;0;0;0;0;0;0;0;0;0;3.14;0;0;0;0;0;0;0;0;0;0;0;4588;66;0;0;0;0;0;0;0;0;0;4522;0;0;0;0;0;0;0.072139893450329;0.0388305139454716;0;0;0;0;0;0;0;0;0;0;5;3191;3191;0;0;0;0
"1701C";"Villeneuve les Salines";"2024";"C";"17300";"La Rochelle";"LA ROCHELLE";23.3;7.8;0;7.8;0;0;7.7;0;0;0;0;0;0;0;0;0;0;0;0;0;0;0;0;26028.8;7150;0;3.8;0;0;18875;0;0;0;0;0;0;0;0;0;0;0;0.0579987578242311;0.0941196535919272;25;89;0;0;0;0;0;0;0;0;42;23708.4;11617.116;12091.284;0;0;0
"1707C";"Réseau de la chaufferie bois";"2024";"C";"17172";"Gémozac";"GEMOZAC";2.5;0.68;0;1.02;0;0;0.8;0;0;0;0;0;0;0;0;0;0;0;0;0;0;0;0;1063.96;119.88;0;172.66;0;0;771.42;0;0;0;0;0;0;0;0;0;0;0;0.128112540192926;0.172413826366559;0;0;0;0;0;0;0;0;0;0;"secret";"secret";"secret";"secret";"secret";"secret";"secret"
"7605C";"Réseau de Mont-Saint-Aignan";"2024";"C";"76451";"Mont-Saint-Aignan";"MONT ST AIGNAN";41.61;25.61;0;0;0;0;16;0;0;0;0;0;0;0;0;0;0;0;0;0;0;0;0;71926.85;19926.25;0;0;0;0;52000.6;0;0;0;0;0;0;0;0;0;0;0;0.0734578736296529;0.0961557692251133;1;3;0;0;0;0;0;0;0;0;88;61929.84462;22889.270571552;35516.76588957;0;0;3524
"4210C";"Quartier Montreynaud";"2024";"C";"42218";"Saint-Étienne";"ST ETIENNE";19.9;11.7;0;0;0;0;8.2;0;0;0;0;0;0;0;0;0;0;0;0;0;0;0;0;26671;7430;0;0;0;0;19241;0;0;0;0;0;0;0;0;0;0;0;0.0698295053003534;0.0946903343962768;0;0;0;0;0;0;0;0;0;0;44;23206;15315.96;7890.04;0;0;0
"9507C";"Zup de Sannois - Ermont - Franconville";"2024";"C";"54209";"Franconville";"FRANCONVILLE";71.5;61.5;0;0;0;0;10;0;0;0;0;0;0;0;0;0;0;0;0;0;0;0;0;70577;19701;0;0;0;0;50876;0;0;0;0;0;0;0;0;0;0;0;0.0988301015484997;0.124751549265573;0;0;0;0;0;0;0;0;0;0;91;65289;57454.32;7834.68;0;0;0
"5707C";"Réseau de Sarreguemines";"2024";"C";"57631";"Sarreguemines";"SARREGUEMINES";19.17;10.75;0;0.02;0;0;8.4;0;0;0;0;0;0;0;0;0;0;0;0;0;0;0;0;57627;16091;0;3;0;0;41533;0;0;0;0;0;0;0;0;0;0;0;0.0814386412936304;0.113444602093476;18;65;0;0;0;0;0;0;0;0;95;50710;11663.3;37525.4;1521.3;0;0
"6703C";"Strasbourg Centre Energies";"2024";"C";"67482";"Strasbourg";"STRASBOURG";260.4;145.7;0;85.7;0;0;0;0;7;0;0;0;0;0;0;22;0;0;0;0;0;0;0;222120.65;62152.92;0;2898.73;0;0;0;0;48333;0;0;0;0;0;0;108736;0;0;0.0762947650074321;0.0964393257613152;0;0;0;0;0;0;0;0;0;0;478;198631;99315.5;99315.5;0;0;0
"5714C";"Réseau de Sarrebourg";"2024";"C";"57630";"Sarrebourg";"SARREBOURG";33;27.28;0;0;0;0;5.72;0;0;0;0;0;0;0;0;0;0;0;0;0;0;0;0;27403;10181;0;0;0;0;17222;0;0;0;0;0;0;0;0;0;0;0;0.0896680758017493;0.114365085381091;0;0;0;0;0;0;0;0;0;0;45;24010;5042.1;18967.9;0;0;0
"2709C";"Réseau de Bernay Bourg Le Comte";"2024";"C";"27056";"Bernay";"BERNAY";4.8;3.2;0;0;0;0;1.6;0;0;0;0;0;0;0;0;0;0;0;0;0;0;0;0;7506;2103;0;0;0;0;5403;0;0;0;0;0;0;0;0;0;0;0;0.0689646135860202;0.0922320913665327;0;0;0;0;0;0;0;0;0;0;11;7313.4;4283.45838;3029.94162;0;0;0
"4410C";"Réseau de Nantes Nord Chézine";"2024";"C";"44109";"Nantes";"NANTES";94.2;75;0;0;0;0;0;0;19.2;0;0;0;0;0;0;0;0;0;0;0;0;0;0;94524;26634;0;0;0;0;0;0;67890;0;0;0;0;0;0;0;0;0;0.0688760122059154;0.0811134666748284;7;26;0;0;0;0;0;0;0;0;99;75701;65102.86;10598.14;0;0;0
"6904C";"Quartier La Duchère et Lyon 9e";"2024";"C";"69040";"Champagne-au-Mont-d'Or";"CHAMPAGNE AU MONT D OR";86;52;0;13;0;0;21;0;0;0;0;0;0;0;0;0;0;0;0;0;0;0;0;68573;19760;0;0;0;0;48813;0;0;0;0;0;0;0;0;0;0;0;0.0728377571173949;0.0972576681599949;0;0;0;0;0;0;0;0;0;0;134;62277;46707.75;15569.25;0;0;0
"3103C";"Zac du Ritouret";"2024";"C";"31069";"Blagnac";"BLAGNAC";16.6;11;0;0;0;0;1.6;0;0;0;0.8;3.2;0;0;0;0;0;0;0;0;0;0;0;15488;1521;0;0;0;0;3708;0;0;0;271;9988;0;0;0;0;0;0;0.0660381375402052;0.0546033389493031;0;0;0;0;0;0;0;0;0;0;44;13058;9924.08;261.16;261.16;0;2612
"7721C";"Réseau de Bailly Romainvilliers";"2024";"C";"77018";"Bailly-Romainvilliers";"BAILLY ROMAINVILLIERS";11.39;9.39;0;0;0;0;0;0;0;0;0;0;0;0;2;0;0;0;0;0;0;0;0;3352;970;0;0;0;0;0;0;0;0;0;0;0;0;2382;0;0;0;0.112047945205479;0.128072602739726;0;0;0;0;0;0;0;0;0;0;3;1971;0;1971;0;0;0
"5411C";"ESTIA - Blandan Medreville";"2024";"C";"54395";"Nancy";"NANCY";10.89;9.69;0;1.2;0;0;0;0;0;0;0;0;0;0;0;0;0;0;0;0;0;0;0;1086.89;1086;0;0.89;0;0;0;0;0;0;0;0;0;0;0;0;0;0;0.0710384401990055;0.0898239633747771;0;0;0;0;0;0;0;0;0;0;22;22639;11772.28;10866.72;0;0;0
"7710C";"Réseau de Vaux le Penil";"2024";"C";"77487";"Vaux-le-Pénil";"VAUX LE PENIL";3.3;3.3;0;0;0;0;0;0;0;0;0;0;0;0;0;0;0;0;0;0;0;0;0;600;600;0;0;0;0;0;0;0;0;0;0;0;0;0;0;0;0;0.102;0.133;0;0;0;0;0;0;0;0;0;0;16;12867;10036.26;1544.04;1286.7;0;0
"6102C";"Quartier Saint Sauveur";"2024";"C";"80314";"Flers";"FLERS";12.87;9.6;0;0;0;0;3.27;0;0;0;0;0;0;0;0;0;0;0;0;0;0;0;0;19614;5752;0;0;0;0;13862;0;0;0;0;0;0;0;0;0;0;0;0.0721918103448276;0.0964263529693487;0;0;0;0;0;0;0;0;0;0;28;16704;0;0;0;0;16704
"6819C";"Réseau Val d'Argent";"2024";"C";"68298";"Sainte-Marie-aux-Mines";"STE MARIE AUX MINES";2.4;0.4;0;0;0;0;2;0;0;0;0;0;0;0;0;0;0;0;0;0;0;0;0;1718;505;0;0;0;0;1213;0;0;0;0;0;0;0;0;0;0;0;0.114493457943925;0.148215140186916;0;0;0;0;0;0;0;0;0;0;3;1070;0;0;0;0;1070
"5202C";"DSP ST DIZIER";"2024";"C";"52448";"Saint-Dizier";"ST DIZIER";58;43;0;0;0;0;11;0;0;0;0;0;0;0;0;4;0;0;0;0;0;0;0;59471;6297;0;0;0;0;41938;0;0;0;0;0;0;0;0;11236;0;0;0.0756288593643844;0.0993496414282479;0;0;0;0;0;0;0;0;0;0;96;52988;25964.12;27023.88;0;0;0
"7318C";"Réseau d'Ugine";"2024";"C";"73303";"Ugine";"UGINE";11.5;6;0;0;0;0;3.5;0;0;0;0;0;0;0;2;0;0;0;0;0;0;0;0;17424;5138;0;0;0;0;9261;0;0;0;0;0;0;0;3025;0;0;0;0.0874186291739895;0.111768576449912;0;0;0;0;0;0;0;0;0;0;48;14225;7823.75;6401.25;0;0;0
"7101C";"Réseau de Chalon";"2024";"C";"71076";"Chalon-sur-Saône";"CHALON SUR SAONE";102.5;77;0;0;0;0;25;0;0;0;0;0.5;0;0;0;0;0;0;0;0;0;0;0;113586;33377;0;0;0;0;79955;0;0;0;0;254;0;0;0;0;0;0;0.0687531728514278;0.0936754702307391;8;29;0;0;0;0;0;0;0;0;306;101486;65965.9;32475.52;3044.58;0;0
"7607C";"ZAC Nobel Bozel";"2024";"C";"76498";"Le Petit-Quevilly";"LE PETIT QUEVILLY";23.4;23.4;0;0;0;0;0;0;0;0;0;0;0;0;0;0;0;0;0;0;0;0;0;13424;13424;0;0;0;0;0;0;0;0;0;0;0;0;0;0;0;0;0.0649469011979839;0.0858012750623322;25;85;0;0;0;0;0;0;0;0;79;39483;29478.0078;10004.9922;0;0;0
"8104C";"Gaillac - ZAC de Pouille";"2024";"C";"81099";"Gaillac";"GAILLAC";0.6;0.4;0;0;0;0;0.2;0;0;0;0;0;0;0;0;0;0;0;0;0;0;0;0;606.527;180.225;0;0;0;0;426.302;0;0;0;0;0;0;0;0;0;0;0;0.0760208333333333;0.100112685185185;0;0;0;0;0;0;0;0;0;0;"secret";"secret";"secret";"secret";"secret";"secret";"secret"
"9306C";"Réseau de Villepinte";"2024";"C";"11434";"Villepinte";"VILLEPINTE";40;29;0;0;0;0;0;0;0;0;11;0;0;0;0;0;0;0;0;0;0;0;0;50304;15150;0;0;0;0;0;0;0;0;35154;0;0;0;0;0;0;0;0.0794894491610851;0.0998948477856679;0;0;0;0;0;0;0;0;0;0;73;44641;22320.5;22320.5;0;0;0
"1318C";"La Bayanne";"2024";"C";"13047";"Istres";"ISTRES";3.81;2.8;0;0;0;0;1.01;0;0;0;0;0;0;0;0;0;0;0;0;0;0;0;0;3346.44;1008;0;0;0;0;2338.44;0;0;0;0;0;0;0;0;0;0;0;0.0720073361591131;0.0949926899250081;0;0;0;0;0;0;0;0;0;0;11;3067;2790.97;276.03;0;0;0
"7718C";"La renardière";"2024";"C";"77390";"Roissy-en-Brie";"ROISSY EN BRIE";5.7;3.2;0;0;0;0;2.5;0;0;0;0;0;0;0;0;0;0;0;0;0;0;0;0;6071.58;1853.28;0;0;0;0;4218.3;0;0;0;0;0;0;0;0;0;0;0;0.0806526557126481;0.105490905617119;0;0;0;0;0;0;0;0;0;0;3;5234;4291.88;942.12;0;0;0
"9503C";"Réseau de Cergy - Pontoise";"2024";"C";"95127";"Cergy";"CERGY";223.92;117.47;0;41.4;0;0;28;0;37.05;0;0;0;0;0;0;0;0;0;0;0;0;0;0;338975.79;103283.45;0;351.34;0;0;47164;0;188177;0;0;0;0;0;0;0;0;0;0.0863350430795815;0.102524236314763;0;0;0;0;0;0;0;0;0;0;378;273713.6386;198250.78843798;73108.91287006;2353.93729196;0;0
"9411C";"Réseau de Champigny sur Marne";"2024";"C";"94017";"Champigny-sur-Marne";"CHAMPIGNY SUR MARNE";62;50;0;0;0;0;0;0;0;0;12;0;0;0;0;0;0;0;0;0;0;0;0;67847;21038;0;0;0;0;0;0;0;0;46809;0;0;0;0;0;0;0;0.0663554222618214;0.0886171354343699;19;60;0;0;0;0;0;0;0;0;57;62852;56566.8;6285.2;0;0;0
"8701C";"Zup Val de l'Aurence";"2024";"C";"87085";"Limoges";"LIMOGES";92;65;0;10;0;0;17;0;0;0;0;0;0;0;0;0;0;0;0;0;0;0;0;125971;41034;0;0;0;0;84937;0;0;0;0;0;0;0;0;0;0;0;0;0.094500795651876;70;38;0;0;0;0;100;0;0;0;121;119477;90802.52;28674.48;0;0;0
"5802C";"Reseau de chaleur du Banlay";"2024";"C";"58194";"Nevers";"NEVERS";56.6;40.6;0;0;0;0;6;0;10;0;0;0;0;0;0;0;0;0;0;0;0;0;0;87763;27776;0;0;0;0;15697;0;44290;0;0;0;0;0;0;0;0;0;0.0704102053813087;0.0965677571258272;68;56;0;0;0;0;0;0;0;0;168;69091;34545.5;34545.5;0;0;0
"9329C";"Réseau de Dugny - Le Bourget";"2024";"C";"93030";"Dugny";"DUGNY";10;10;0;0;0;0;0;0;0;0;0;0;0;0;0;0;0;0;0;0;0;0;0;3517.83;3517.83;0;0;0;0;0;0;0;0;0;0;0;0;0;0;0;0;0.249424441250175;0.280191942262389;0;0;0;0;0;0;0;0;0;0;9;3212.529999;3212.529999;0;0;0;0
"6937C";"Ronno";"2024";"C";"69169";"Ronno";"RONNO";0.34;0;0;0.22;0;0;0.12;0;0;0;0;0;0;0;0;0;0;0;0;0;0;0;0;198.9568;0;0;63.4036;0;0;135.5532;0;0;0;0;0;0;0;0;0;0;0;0.092475;0.12482125;0;0;0;0;0;0;0;0;0;0;10;208;104;104;0;0;0
"3318C";"Bassins à Flot";"2024";"C";"33063";"Bordeaux";"BORDEAUX";35.4;22;0;0;0;0;5;0;0;0;0;8.4;0;0;0;0;0;0;0;0;0;0;0;35926;9781;0;0;0;0;16259;0;0;0;0;9886;0;0;0;0;0;0;0.0788802011959636;0.0923246760931855;0;0;0;0;0;0;0;0;0;0;84;32108;24402.08;7705.92;0;0;0
"6204C";"Réseau de chaleur de Béthune";"2024";"C";"62119";"Béthune";"BETHUNE";44.3;30.8;0;0;0;0;0;0;0;5;0;0;0;8.5;0;0;0;0;0;0;0;0;0;60901.7743;19655.473;0;0;0;0;0;0;0;9170.6013;0;0;0;32075.7;0;0;0;0;0.0752375325037545;0.106768279564037;21;66;0;0;0;0;0;0;0;0;140;46610;13050.8;33559.2;0;0;0
"7623C";"Distribution de chaleur de la des Grandes Ventes";"2024";"C";"76321";"Les Grandes-Ventes";"LES GRANDES VENTES";0.64;0;0;0.44;0;0;0.2;0;0;0;0;0;0;0;0;0;0;0;0;0;0;0;0;564.3;0;0;182.22;0;0;382.08;0;0;0;0;0;0;0;0;0;0;0;0.115885395252213;0.154324208521781;0;0;0;0;0;0;0;0;0;0;"secret";"secret";"secret";"secret";"secret";"secret";"secret"
"4402C";"CHATEAUBRIANT";"2024";"C";"44036";"Châteaubriant";"CHATEAUBRIANT";10.3;7;0;0;0;0;3.3;0;0;0;0;0;0;0;0;0;0;0;0;0;0;0;0;20891;6772;0;0;0;0;13515;0;0;0;0;0;604;0;0;0;0;0;0.0766519179412479;0.109153470718705;20;61;0;0;0;0;0;0;0;0;35;16476;3657.672;11071.872;1746.456;0;0
"3601C";"SDCC";"2024";"C";"36044";"Châteauroux";"CHATEAUROUX";2;0;0;0;0;0;0;0;0;0;0;2;0;0;0;0;0;0;0;0;0;0;0;3638.76;0;0;0;0;0;0;0;0;0;0;3638.76;0;0;0;0;0;0;0.0438224552823583;0.0232331887072572;0;0;0;0;0;0;0;0;0;0;5;5038.28;5038.28;0;0;0;0
"3315C";"Réseau de Terres Neuves";"2024";"C";"33039";"Bègles";"BEGLES";4.5;3.3;0;0;0;0;1.2;0;0;0;0;0;0;0;0;0;0;0;0;0;0;0;0;5997;2044;0;0;0;0;3953;0;0;0;0;0;0;0;0;0;0;0;0.0887509877518767;0.115198439352035;0;0;0;0;0;0;0;0;0;0;18;5062;4859.52;202.48;0;0;0
"3001C";"Quartier Ouest";"2024";"C";"30189";"Nîmes";"NIMES";91.5;80.5;0;0;0;0;0;0;11;0;0;0;0;0;0;0;0;0;0;0;0;0;0;77161;26339;0;36;0;0;0;0;50786;0;0;0;0;0;0;0;0;0;0.085293182679912;0.105897435434476;20;59;0;0;0;0;0;0;0;0;70;65935;42857.75;7252.85;0;0;15824
"1402C";"Zup de Hauteville";"2024";"C";"14366";"Lisieux";"LISIEUX";31.14;18.3;0;0;0;0;10;0;0;0;0;0;0;0;0;2.84;0;0;0;0;0;0;0;36983.0361;6375.3561;0;0;0;0;24334.98;0;0;0;0;0;0;0;0;6272.7;0;0;0.0865491195157416;0.112111091256796;0;0;0;0;0;0;0;0;0;0;77;31636;13919.84;17716.16;0;0;0
"9402C";"Réseaux de Créteil - Scuc";"2024";"C";"94028";"Créteil";"CRETEIL";304;227;0;32;0;0;0;0;24;0;13;8;0;0;0;0;0;0;0;0;0;0;0;302957.41;93872;0;239.41;0;0;0;0;139902;0;42946;21141;0;0;0;0;4857;0;0.0813988268971711;0.0915643999775483;46;0;0;0;0;0;0;0;0;0;325;285056;182435.84;99769.6;2850.56;0;0
"5908C";"Réseau de chaleur de Sin Le Noble";"2024";"C";"59569";"Sin-le-Noble";"SIN LE NOBLE";36.88;17.88;0;10;0;0;9;0;0;0;0;0;0;0;0;0;0;0;0;0;0;0;0;32980.0391;11348.7491;0;2.19;0;0;21629.1;0;0;0;0;0;0;0;0;0;0;0;0.100313442952583;0.118099582024118;15;43;0;0;0;0;0;0;0;0;33;28834.96;7208.74;21626.22;0;0;0
"9304C";"Zac de Sevran";"2024";"C";"93071";"Sevran";"SEVRAN";58;46;0;0;0;0;12;0;0;0;0;0;0;0;0;0;0;0;0;0;0;0;0;70631;24369;0;0;0;0;46262;0;0;0;0;0;0;0;0;0;0;0;0.0932014295371729;0.114302091846228;27;79;0;0;0;0;0;0;0;0;61;60649;48519.2;12129.8;0;0;0
"9419C";"Réseau de Fresnes";"2024";"C";"94034";"Fresnes";"FRESNES";66.48;39.97;0;14.81;0;0;0;0;0;0;8.5;3.2;0;0;0;0;0;0;0;0;0;0;0;74111.45;24313.72;0;83.73;0;0;0;0;0;0;39547;10167;0;0;0;0;0;0;0.0794660577328139;0.0963681678571849;5;14;0;0;0;0;0;0;0;0;100;70777.65804;51200.557826136;19117.045436604;0;0;460
"2803C";"DUNES";"2024";"C";"28088";"Châteaudun";"CHATEAUDUN";13.2;9.8;0;0;0;0;3.4;0;0;0;0;0;0;0;0;0;0;0;0;0;0;0;0;19644;6809;0;0;0;0;12835;0;0;0;0;0;0;0;0;0;0;0;0.100697232842978;0.127870235240749;0;0;0;0;0;0;0;0;0;0;55;15431;4629.3;10801.7;0;0;0
"9403C";"Réseau de Choisy-Vitry";"2024";"C";"94081";"Vitry-sur-Seine";"VITRY SUR SEINE";24;0;0;0;0;0;0;0;24;0;0;0;0;0;0;0;0;0;0;0;0;0;0;66684;0;0;0;0;0;0;0;66684;0;0;0;0;0;0;0;0;0;0.127340484723812;0.15002306563531;0;0;0;0;0;0;0;0;0;0;290;186115;121905.325;64209.675;0;0;0
"6912C";"Réseau de Givors";"2024";"C";"69091";"Givors";"GIVORS";19.37;14.4;0;0;0;0;4.2;0;0;0;0;0.77;0;0;0;0;0;0;0;0;0;0;0;23832.1;8219.5;0;0;0;0;14876.6;0;0;0;0;736;0;0;0;0;0;0;0.0866985622772373;0.110930125228783;0;0;0;0;0;0;0;0;0;0;44;20762;14118.16;6643.84;0;0;0
"5909C";"Réseau de Mons-en-Baroeul";"2024";"C";"59410";"Mons-en-Barœul";"MONS EN BAROEUL";66;56;0;0;0;0;10;0;0;0;0;0;0;0;0;0;0;0;0;0;0;0;0;36644.15;12713.15;0;0;0;0;23931;0;0;0;0;0;0;0;0;0;0;0;0.0707080045742065;0.102558495874408;19;67;0;0;0;0;0;0;0;0;69;36348;32349.72;363.48;0;0;3635
"8013C";"Réseau de chaleur de Roye";"2024";"C";"80685";"Roye";"ROYE";5.1;3.8;0;0;0;0;1.3;0;0;0;0;0;0;0;0;0;0;0;0;0;0;0;0;5650;1988;0;0;0;0;3662;0;0;0;0;0;0;0;0;0;0;0;0.0923460737346386;0.118806894397001;0;0;0;0;0;0;0;0;0;0;11;4801;240.05;4560.95;0;0;0
"9301C";"Réseau de Saint Denis";"2024";"C";"11339";"Saint-Denis";"ST DENIS";194.5;152;0;0;0;0;42.5;0;0;0;0;0;0;0;0;0;0;0;0;0;0;0;0;373940;132155;0;0;0;0;241785;0;0;0;0;0;0;0;0;0;0;0;0.0947732421487837;0.120342922184779;0;0;0;0;0;0;0;0;0;0;639;317817;254253.6;63563.4;0;0;0
"7808C";"Réseau des Mureaux";"2024";"C";"78440";"Les Mureaux";"LES MUREAUX";16.57;10.77;0;0;0;0;5.8;0;0;0;0;0;0;0;0;0;0;0;0;0;0;0;0;44406.47;15699.58;0;0;0;0;28706.89;0;0;0;0;0;0;0;0;0;0;0;0.0962729149547785;0.123523621413388;3;7;0;0;0;0;0;0;0;0;53;36382.63344;25576.99130832;6221.43031824;0;0;4584
"6109C";"ALENCON ENERGIE BOIS";"2024";"C";"61001";"Alençon";"ALENCON";22.16;15.09;0;0;0;0;5;0;0;0;0;0;0;0;0;2.07;0;0;0;0;0;0;0;24511.2586;1361.6586;0;0;0;0;15838.81;0;0;0;0;0;0;0;0;7310.79;0;0;0.0832275016688129;0.107962675552033;0;0;0;0;0;0;0;0;0;0;53;21734.012;4129.46228;17604.54972;0;0;0
"1311C";"Zac Canto Perdrix";"2024";"C";"13056";"Martigues";"MARTIGUES";18.5;14;0;0;0;0;4.5;0;0;0;0;0;0;0;0;0;0;0;0;0;0;0;0;21097.01;7653.01;0;0;0;0;13444;0;0;0;0;0;0;0;0;0;0;0;0.090178046454219;0.117704773262875;13;36;0;0;0;0;0;0;0;0;24;17824;12476.8;5347.2;0;0;0
"3413C";"BET ODE chaud";"2024";"C";"34198";"Pérols";"PEROLS";1.12;0;0;0;0;0;0;0;0;0;0.32;0.8;0;0;0;0;0;0;0;0;0;0;0;1082;0;0;0;0;0;0;0;0;0;543;539;0;0;0;0;0;0;0.0654545454545455;0.0428014842300557;0;0;0;0;0;0;0;0;0;0;2;539;539;0;0;0;0
"5910C";"Réseau de Lille";"2024";"C";"59350";"Lille";"LILLE";132.57;52.57;0;0;0;0;0;0;40;0;0;0;0;0;0;40;0;0;0;0;0;0;0;273935.5889;40404.5889;0;0;0;0;0;0;173198;0;0;0;0;0;0;60333;0;0;0.0924198145668804;0.106539988969912;1;7;0;0;0;0;0;0;0;0;382;205973.55;72090.7425;113285.4525;0;0;20597
"0201C";"Zup du Quartier Europe";"2024";"C";"02691";"Saint-Quentin";"ST QUENTIN";801.5;22.5;0;0;0;771;8;0;0;0;0;0;0;0;0;0;0;0;0;0;0;0;0;49756.12;17546;0;0;0;771.12;31439;0;0;0;0;0;0;0;0;0;0;0;0.0691618552026429;0.105910931572177;30;84;0;0;0;0;0;0;0;0;54;46313;29177.19;17135.81;0;0;0
"6728C";"Réseau de Chaleur Quartier Solaire Schiltigheim";"2024";"C";"67447";"Schiltigheim";"SCHILTIGHEIM";2.27;1.57;0;0;0;0;0;0;0;0;0;0.7;0;0;0;0;0;0;0;0;0;0;0;2135.09;1863.09;0;0;0;0;0;0;0;0;0;272;0;0;0;0;0;0;0.217376442812172;0.2385814795383;0;0;0;0;0;0;0;0;0;0;11;1906;1334.2;571.8;0;0;0
"3316C";"Réseau de l'éco-quartier Ginko";"2024";"C";"33063";"Bordeaux";"BORDEAUX";17;14;0;0;0;0;3;0;0;0;0;0;0;0;0;0;0;0;0;0;0;0;0;25526;12709;0;0;0;0;12817;0;0;0;0;0;0;0;0;0;0;0;0.0901453597721533;0.113221874231202;1;4;0;0;0;0;0;0;0;0;38;18609;18609;0;0;0;0
"8808C";"Réseau de La Bresse 1";"2024";"C";"88075";"La Bresse";"LA BRESSE";2.11;0;0;1.36;0;0;0.75;0;0;0;0;0;0;0;0;0;0;0;0;0;0;0;0;2112.7297;0;0;792.2513;0;0;1320.4784;0;0;0;0;0;0;0;0;0;0;0;0.189140021877189;0.246676099564817;0;0;0;0;0;0;0;0;0;0;8;1270.73;0;1270.73;0;0;0
"9311C";"Le Chêne Pointu";"2024";"C";"93014";"Clichy-sous-Bois";"CLICHY SOUS BOIS";49.4;49.4;0;0;0;0;0;0;0;0;0;0;0;0;0;0;0;0;0;0;0;0;0;25688;25688;0;0;0;0;0;0;0;0;0;0;0;0;0;0;0;0;0.212039608624751;0.238795078818627;0;0;0;0;0;0;0;0;0;0;24;27595;24835.5;2759.5;0;0;0
"5108C";"St Rémi";"2024";"C";"51454";"Reims";"REIMS";7.3;5;0;0;0;0;0;0;0;0;0;0;0;0;2.3;0;0;0;0;0;0;0;0;15058.345;5689.845;0;0;0;0;0;0;0;0;0;0;0;0;9368.5;0;0;0;0.0976801514923123;0.112162899457341;0;0;0;0;0;0;0;0;0;0;13;13268;12007.54;1260.46;0;0;0
"6210C";"Réseau de chaleur d'Arras";"2024";"C";"62041";"Arras";"ARRAS";49.59;23.6;0;0;0;0;15;0;0;0;0;0;0;0;0;10.99;0;0;0;0;0;0;0;73080.8154;6483.5154;0;0;0;0;45367.7;0;0;0;0;0;0;0;0;21229.6;0;0;0.0926242008781913;0.117919401064096;0;0;0;0;0;0;0;0;0;0;105;62930.2998;21396.301932;41533.997868;0;0;0
"5911C";"Réseau de LAMBERSART";"2024";"C";"59328";"Lambersart";"LAMBERSART";12.82;10.14;0;0;0;0;2.68;0;0;0;0;0;0;0;0;0;0;0;0;0;0;0;0;21134;8038;0;0;0;0;13096;0;0;0;0;0;0;0;0;0;0;0;0.132221813333333;0.164370609938033;16;42;0;0;0;0;0;0;0;0;54;18750;13125;5625;0;0;0
"7202C";"Percée Centrale";"2024";"C";"72181";"Le Mans";"LE MANS";12.6;12.6;0;0;0;0;0;0;0;0;0;0;0;0;0;0;0;0;0;0;0;0;0;3244;3244;0;0;0;0;0;0;0;0;0;0;0;0;0;0;0;0;0.0969936382145098;0.107412992262684;28;100;0;0;0;0;0;0;0;0;37;11054;9616.98;1437.02;0;0;0
"6206C";"Réseau de chaleur de Liévin";"2024";"C";"62510";"Liévin";"LIEVIN";15.51;12.61;0;1;0;0;0;0;0;0;0;0;0;0;0;1.9;0;0;0;0;0;0;0;7494.3344;7266.8;0;2.6344;0;0;0;0;0;0;0;0;0;0;0;224.9;0;0;0.104262655304773;0.0993443577607669;0;0;0;0;0;0;0;0;0;0;34;18275.9;2558.626;15717.274;0;0;0
"7102C";"Réseau de Montceau les mines";"2024";"C";"71306";"Montceau-les-Mines";"MONTCEAU LES MINES";44.8;36;0;0;0;0;8.8;0;0;0;0;0;0;0;0;0;0;0;0;0;0;0;0;41634;15970;0;0;0;0;25664;0;0;0;0;0;0;0;0;0;0;0;0.0815506334774184;0.117301910816074;33;86;0;0;0;0;0;0;0;0;118;33545;12076.2;21468.8;0;0;0
"8005C";"ABBEVILLE ENERGIE";"2024";"C";"80001";"Abbeville";"ABBEVILLE";19.35;12.94;0;0;0;0;5;0;0;0;0;0;0;0;0;1.41;0;0;0;0;0;0;0;27527.4305;5710.5405;0;0;0;0;16950.5;0;0;0;0;0;0;0;0;4866.39;0;0;0.100246180267807;0.127625828717233;0;0;0;0;0;0;0;0;0;0;31;22927;8024.45;14902.55;0;0;0
"3328C";"Chaufferie bois Saint Médard";"2024";"C";"16338";"Saint-Médard";"ST MEDARD";1.16;0.6;0;0;0;0;0.56;0;0;0;0;0;0;0;0;0;0;0;0;0;0;0;0;1680;651;0;0;0;0;1029;0;0;0;0;0;0;0;0;0;0;0;0.121213075060533;0.150444874899112;0;0;0;0;0;0;0;0;0;0;"secret";"secret";"secret";"secret";"secret";"secret";"secret"
"5914C";"Energie Grand Littoral - Dunkerque";"2024";"C";"59183";"Dunkerque";"DUNKERQUE";75.93;45.03;0;0;0;0;0;0;2.9;0;0;0;0;0;28;0;0;0;0;0;0;0;0;145562.297;58347.697;0;0;0;0;0;0;27803;0;0;0;0;0;59411.6;0;0;0;0.109233669472783;0.129249940499753;10;25;0;0;0;0;0;0;0;0;265;112136;53825.28;58310.72;0;0;0
"4411C";"Résidence La Beaujoire";"2024";"C";"44109";"Nantes";"NANTES";2.4;2.4;0;0;0;0;0;0;0;0;0;0;0;0;0;0;0;0;0;0;0;0;0;5105.4;5105.4;0;0;0;0;0;0;0;0;0;0;0;0;0;0;0;0;0.213918969130724;0.241814649937517;6;15;0;0;0;0;0;0;0;0;2;5105.4;5105.4;0;0;0;0
"5401C";"ESTIA - Saint Julien Kennedy";"2024";"C";"54395";"Nancy";"NANCY";59.5;38;0;9;0;0;12.5;0;0;0;0;0;0;0;0;0;0;0;0;0;0;0;0;94194.24;36829.24;0;1092;0;0;56273;0;0;0;0;0;0;0;0;0;0;0;0.0992613422450973;0.127115986664732;13;32;0;0;0;0;0;0;0;0;116;83934;14268.78;69665.22;0;0;0
"3904C";"Réseau de chaleur de Moirans en Montagne";"2024";"C";"39333";"Moirans-en-Montagne";"MOIRANS EN MONTAGNE";4.1;0;0;2.5;0;0;1.6;0;0;0;0;0;0;0;0;0;0;0;0;0;0;0;0;6191;0;0;2493;0;0;3698;0;0;0;0;0;0;0;0;0;0;0;0.16072625698324;0.208927374301676;0;0;0;0;0;0;0;0;0;0;21;4833;1159.92;2948.13;724.95;0;0
"6103C";"Quartier Nord - Route de la Falaise";"2024";"C";"61006";"Argentan";"ARGENTAN";29.93;18.72;0;0;0;0;7.6;0;0;0;0;0;0;0;0;3.61;0;0;0;0;0;0;0;32894.3162;429.3162;0;0;0;0;19619.3;0;0;0;0;0;0;0;0;12845.7;0;0;0.0993668570754972;0.124867600865108;0;0;0;0;0;0;0;0;0;0;60;27485.595;11269.09395;16216.50105;0;0;0
"7311C";"Gilly-sur-Isère";"2024";"C";"73124";"Gilly-sur-Isère";"GILLY SUR ISERE";0.9;0.5;0;0;0;0;0.4;0;0;0;0;0;0;0;0;0;0;0;0;0;0;0;0;1579;639;0;0;0;0;940;0;0;0;0;0;0;0;0;0;0;0;0.133215254237288;0.165319435028249;0;0;0;0;0;0;0;0;0;0;10;885;628.35;256.65;0;0;0
"3506C";"Rennes Sud";"2024";"C";"35238";"Rennes";"RENNES";146;122;0;0;0;0;0;0;0;0;0;0;0;0;0;24;0;0;0;0;0;0;0;215856.34;87568.34;0;0;0;0;0;0;0;0;0;0;0;0;0;128288;0;0;0.0864169044885899;0.114873939098228;29;71;0;0;0;0;0;0;0;0;281;183798;125699.4522;53852.814;0;0;4246
"2601C";"Réseau de Valence";"2024";"C";"16392";"Valence";"VALENCE";66.7;36.2;0;15;0;0;10.5;0;0;0;0;5;0;0;0;0;0;0;0;0;0;0;0;57180.96;23038.75;0;83.1;0;0;32142;0;0;0;0;1917.11;0;0;0;0;0;0;0.108920202276411;0.134238667278496;32;81;0;0;0;0;0;0;0;0;89;45280.26938;24247.58425299;14457.990013034;615.811663568;0;5959
"5916C";"Réseau de chaleur d'Hazebrouck";"2024";"C";"59295";"Hazebrouck";"HAZEBROUCK";15.17;9.97;0;0;0;0;5;0;0;0;0;0;0;0.2;0;0;0;0;0;0;0;0;0;22726.6461;9421.1461;0;0;0;0;12708.9;0;0;0;0;0;0;596.6;0;0;0;0;0.10467538979365;0.136856011790815;10;24;0;0;0;0;0;0;0;0;63;18978.439;2277.41268;16701.02632;0;0;0
"2407C";"réseau de chaleur des Deux Rives Périgueux";"2024";"C";"24322";"Périgueux";"PERIGUEUX";14.26;7.5;0;0;0;0;3.5;0;0;0;0;0;0;0;0;3.26;0;0;0;0;0;0;0;16280;6421;0;0;0;0;9531;0;0;0;0;0;0;0;0;328;0;0;0.117083224637681;0.148985427536232;0;0;0;0;0;0;0;0;0;0;43;13800;6900;6900;0;0;0
"5904C";"Quartier Pont de Bois";"2024";"C";"59009";"Villeneuve-d'Ascq";"VILLENEUVE D ASCQ";28.13;24.33;0;0;0;0;3.8;0;0;0;0;0;0;0;0;0;0;0;0;0;0;0;0;7700.0649;4328.0649;0;0;0;0;3372;0;0;0;0;0;0;0;0;0;0;0;0.11;0.134;0;0;0;0;0;0;0;0;0;0;50;26789.95;17949.2665;8840.6835;0;0;0
"9204C";"ZAC Sainte Geneviève";"2024";"C";"92050";"Nanterre";"NANTERRE";6.28;5.48;0;0;0;0;0;0;0;0;0;0.8;0;0;0;0;0;0;0;0;0;0;0;5598;2808;0;0;0;0;0;0;0;0;0;2790;0;0;0;0;0;0;0.16220421686747;0.161021847389558;0;0;0;0;0;0;0;0;0;0;15;4980;0;0;0;0;4980
"6727C";"Réseau de Chaleur Quartier des Hirondelles";"2024";"C";"67131";"Eschau";"ESCHAU";0.75;0.5;0;0;0;0;0;0;0;0;0;0.25;0;0;0;0;0;0;0;0;0;0;0;658.85;572.85;0;0;0;0;0;0;0;0;0;86;0;0;0;0;0;0;0.233585324232082;0.244995563139932;0;0;0;0;0;0;0;0;0;0;10;586;586;0;0;0;0
"9245C";"RCU du quartier Issy Cœur de Ville";"2024";"C";"92040";"Issy-les-Moulineaux";"ISSY LES MOULINEAUX";7.23;1.98;0;0;0;0;0;0;0;0;0;5.25;0;0;0;0;0;0;0;0;0;0;0;8085.216;918.216;0;0;0;0;0;0;0;0;0;7167;0;0;0;0;0;0;0.120760022087245;0.0827320964476348;0;0;0;0;0;0;0;0;0;0;18;5433;5433;0;0;0;0
"9118C";"Réseau SEER Grigny-Viry";"2024";"C";"69096";"Grigny";"GRIGNY";100.1;87.6;0;0;0;0;0;0;0;0;12.5;0;0;0;0;0;0;0;0;0;0;0;0;124711;57220;0;0;0;0;0;0;0;0;67491;0;0;0;0;0;0;0;0.0862118796097886;0.107967212633634;0;0;0;0;0;0;0;0;0;0;146;134548;75346.88;52473.72;0;0;6727
"2102C";"Réseau du Grand Dijon Ouest";"2024";"C";"21231";"Dijon";"DIJON";104.7;74.7;0;0;0;0;20;0;10;0;0;0;0;0;0;0;0;0;0;0;0;0;0;181280.35;77023.35;0;0;0;0;50504;0;53753;0;0;0;0;0;0;0;0;0;0.0863392508725427;0.117180890721111;37;87;0;0;0;0;0;0;0;0;254;152398.0157;119556.24331665;29915.73048191;0;0;2926
"0604C";"Réseau communal de Puget Théniers";"2024";"C";"06099";"Puget-Théniers";"PUGET THENIERS";1.35;0;0;0.5;0;0;0.85;0;0;0;0;0;0;0;0;0;0;0;0;0;0;0;0;1360.3043;0;0;583.7243;0;0;776.58;0;0;0;0;0;0;0;0;0;0;0;0.126489214285714;0.164172057142857;0;0;0;0;0;0;0;0;0;0;2;1400;0;0;0;0;1400
"5907C";"Réseau de  Wattrelos";"2024";"C";"59650";"Wattrelos";"WATTRELOS";18.3;10.7;0;0.1;0;0;3.5;0;0;0;0;0;0;0;0;4;0;0;0;0;0;0;0;15237.2;3758.4;0;0;0;0;8685.8;0;0;0;0;0;0;0;0;2793;0;0;0.108877513226304;0.135661354044254;0;0;0;0;0;0;0;0;0;0;24;13121.58;8004.1638;5117.4162;0;0;0
"7805C";"Réseau de Saint Germain en Laye";"2024";"C";"78551";"Saint-Germain-en-Laye";"ST GERMAIN EN LAYE";28;19;0;0;0;0;6;0;0;0;0;0;0;0;3;0;0;0;0;0;0;0;0;57280;24673;0;0;0;0;22157;0;0;0;0;0;0;0;10450;0;0;0;0.0948131397748401;0.122245166225616;16;36;0;0;0;0;0;0;0;0;71;48943;36707.25;9299.17;2936.58;0;0
"5906C";"Réseaux de Wattignies";"2024";"C";"59648";"Wattignies";"WATTIGNIES";15.82;12.67;0;0.65;0;0;2.5;0;0;0;0;0;0;0;0;0;0;0;0;0;0;0;0;18573;12934;0;0;0;0;5639;0;0;0;0;0;0;0;0;0;0;0;0.184570166089559;0.21402560443688;0;0;0;0;0;0;0;0;0;0;28;17039;13801.59;3237.41;0;0;0
"8307C";"reseau thalasso thermie la SEYNE";"2024";"C";"04205";"Seyne";"SEYNE";4.68;1.13;0;0;0;0;0;0;0;0;0;3.55;0;0;0;0;0;0;0;0;0;0;0;2925.28;323.28;0;0;0;0;0;0;0;0;0;2602;0;0;0;0;0;0;0.0744203151421983;0.0477738224442736;0;0;0;0;0;0;0;0;0;0;15;2602;2263.74;338.26;0;0;0
"7705C";"Zup du Mont Saint Martin";"2024";"C";"77333";"Nemours";"NEMOURS";17.3;14;0;0;0;0;3.3;0;0;0;0;0;0;0;0;0;0;0;0;0;0;0;0;20826;9311;0;0;0;0;11515;0;0;0;0;0;0;0;0;0;0;0;0.121597455193015;0.148706853170956;0;0;0;0;0;0;0;0;0;0;32;17408;8704;8704;0;0;0
"8002C";"Réseau de la ville d'AMIENS";"2024";"C";"80021";"Amiens";"AMIENS";239.85;214.6;0;0;0;0;12;0;0;0;0;13.25;0;0;0;0;0;0;0;0;0;0;0;178333;74203;0;0;0;0;57224;0;0;0;0;46906;0;0;0;0;0;0;0.113525744554517;0.136939485741298;23;61;0;0;0;0;0;0;0;0;304;159995;81597.45;78397.55;0;0;0
"3327C";"BURCK";"2024";"C";"33318";"Pessac";"PESSAC";3;3;0;0;0;0;0;0;0;0;0;0;0;0;0;0;0;0;0;0;0;0;0;1567;1567;0;0;0;0;0;0;0;0;0;0;0;0;0;0;0;0;0.225789314516129;0.254020362903226;0;0;0;0;0;0;0;0;0;0;12;1488;1488;0;0;0;0
"1310C";"MARTIGUES ENERGIE VERTE";"2024";"C";"13056";"Martigues";"MARTIGUES";17;17;0;0;0;0;0;0;0;0;0;0;0;0;0;0;0;0;0;0;0;0;0;12081.15;12081.15;0;0;0;0;0;0;0;0;0;0;0;0;0;0;0;0;0.274542875291129;0.30800601312725;0;0;0;0;0;0;0;0;0;0;19;9446;8501.4;944.6;0;0;0
"6211C";"Réseau de chaleur de Boulogne sur Mer";"2024";"C";"62160";"Boulogne-sur-Mer";"BOULOGNE SUR MER";31.05;24.5;0;0;0;0;3.5;0;1.1;0;0;1.95;0;0;0;0;0;0;0;0;0;0;0;41773.6412;24511.9612;0;0;0;0;12582.15;0;3775.83;0;0;903.7;0;0;0;0;0;0;0.145001590163501;0.169421245138339;0;1;0;0;0;0;0;0;0;0;89;37798;26836.58;10961.42;0;0;0
"5107C";"La renaissance Immobilière Chalonnaise";"2024";"C";"51108";"Châlons-en-Champagne";"CHALONS EN CHAMPAGNE";11.6;10;0;0;0;0;1.6;0;0;0;0;0;0;0;0;0;0;0;0;0;0;0;0;13726.33;6231.33;0;0;0;0;7495;0;0;0;0;0;0;0;0;0;0;0;0.106606466876972;0.13034278954484;0;0;0;0;0;0;0;0;0;0;22;13314;13180.86;133.14;0;0;0
"9237C";"BET NANTERRE chaud";"2024";"C";"92050";"Nanterre";"NANTERRE";3.86;2.35;0;0;0;0;0.43;0;0;0;0;1.08;0;0;0;0;0;0;0;0;0;0;0;4809;1787;0;0;0;0;261;0;0;0;0;2761;0;0;0;0;0;0;0.104174993877051;0.123398063835462;5;0;0;0;0;0;100;0;0;0;21;4083;2817.27;1265.73;0;0;0
"3304C";"Parc de Mérignac Ville Stemer";"2024";"C";"16216";"Mérignac";"MERIGNAC";23.42;23.42;0;0;0;0;0;0;0;0;0;0;0;0;0;0;0;0;0;0;0;0;0;11801;11801;0;0;0;0;0;0;0;0;0;0;0;0;0;0;0;0;0.242085205267235;0.276856522876768;46;100;0;0;0;0;0;0;0;0;10;10328;10328;0;0;0;0
"7803C";"Réseau de Versailles";"2024";"C";"78646";"Versailles";"VERSAILLES";210;105;0;0;0;0;0;0;0;0;0;0;0;105;0;0;0;0;0;0;0;0;0;96980;44863;0;0;0;0;0;0;0;0;0;0;0;52117;0;0;0;0;0.254576268272806;0.309664033747563;62;100;0;0;0;0;0;0;0;28;94;78532;23559.6;54972.4;0;0;0
"9107C";"Réseau de Dourdan";"2024";"C";"91200";"Dourdan";"DOURDAN";25.93;19.83;0;6.1;0;0;0;0;0;0;0;0;0;0;0;0;0;0;0;0;0;0;0;10488.1203;10412.6305;0;75.4898;0;0;0;0;0;0;0;0;0;0;0;0;0;0;0.261085208769642;0.299028510406685;29;66;0;0;0;0;0;0;0;0;16;8122.11;6497.688;1624.422;0;0;0
"9401C";"Réseau de Limeil-Brévannes";"2024";"C";"94044";"Limeil-Brévannes";"LIMEIL BREVANNES";10.29;6.7;0;0;0;0;3;0;0;0;0;0.04;0;0;0;0;0.55;0;0;0;0;0;0;15276;6175;0;0;0;0;7610;0;0;0;0;160;574;0;0;0;757;0;0.11743599449415;0.135019155769672;0;0;0;0;0;0;0;0;0;0;36;13077;12292.38;784.62;0;0;0
"5706C";"Réseau de Freyming Merlebach";"2024";"C";"57240";"Freyming-Merlebach";"FREYMING MERLEBACH";38.7;27.6;0;6.6;0;0;4.5;0;0;0;0;0;0;0;0;0;0;0;0;0;0;0;0;20788;9670;0;8;0;0;11110;0;0;0;0;0;0;0;0;0;0;0;0.120857438078093;0.153344108761369;31;68;0;0;0;0;0;0;0;0;114;16109;8698.86;7410.14;0;0;0
"9217C";"Réseau du Plessis-Robinson (HLM) - Tecni";"2024";"C";"92060";"Le Plessis-Robinson";"LE PLESSIS ROBINSON";10.68;3.68;0;0;0;0;0;0;0;0;0;7;0;0;0;0;0;0;0;0;0;0;0;31535;20921;0;0;0;0;0;0;0;0;0;10614;0;0;0;0;0;0;0.164713920729181;0.178020183676288;0;0;0;0;0;0;0;0;0;0;35;28964;26646.88;2317.12;0;0;0
"3504C";"Sarah Bernhardt";"2024";"C";"35238";"Rennes";"RENNES";2.5;2.5;0;0;0;0;0;0;0;0;0;0;0;0;0;0;0;0;0;0;0;0;0;496;496;0;0;0;0;0;0;0;0;0;0;0;0;0;0;0;0;0.108554190864304;0.142696836455763;0;0;0;0;0;0;0;0;0;0;9;4531;4531;0;0;0;0
"6731C";"Quartier des Ecrivains";"2024";"C";"67447";"Schiltigheim";"SCHILTIGHEIM";7.79;5.99;0;0;0;0;0;0;0;0;0;1.8;0;0;0;0;0;0;0;0;0;0;0;6658.23;5071.23;0;0;0;0;0;0;0;0;0;1587;0;0;0;0;0;0;0.160975827676964;0.17648459620446;0;0;0;0;0;0;0;0;0;0;27;7219;7139.591;79.409;0;0;0
"7809C";"Réseau de Vélizy";"2024";"C";"78640";"Vélizy-Villacoublay";"VELIZY VILLACOUBLAY";97;97;0;0;0;0;0;0;0;0;0;0;0;0;0;0;0;0;0;0;0;0;0;39493;39493;0;0;0;0;0;0;0;0;0;0;0;0;0;0;0;0;0.101102717454307;0.109960800284553;23;61;0;0;0;0;0;0;0;0;142;93387;48561.24;14941.92;29883.84;0;0
"7802C";"Le Val Fourré";"2024";"C";"78361";"Mantes-la-Jolie";"MANTES LA JOLIE";80;64;0;0;0;0;16;0;0;0;0;0;0;0;0;0;0;0;0;0;0;0;0;92315;43960;0;0;0;0;48355;0;0;0;0;0;0;0;0;0;0;0;0.103397392709953;0.135983905517323;43;90;0;0;0;0;0;0;0;0;89;81042;58026.072;23015.928;0;0;0
"3430C";"Caylus";"2024";"C";"34057";"Castelnau-le-Lez";"CASTELNAU LE LEZ";1.2;0.8;0;0;0;0;0.4;0;0;0;0;0;0;0;0;0;0;0;0;0;0;0;0;2561.26;1223.1;0;0;0;0;1338.16;0;0;0;0;0;0;0;0;0;0;0;0.145026028110359;0.175119729307652;0;0;0;0;0;0;0;0;0;0;9;1921;1921;0;0;0;0
"9315C";"Réseau du Blanc Mesnil";"2024";"C";"93007";"Le Blanc-Mesnil";"LE BLANC MESNIL";34.93;24.63;0;0;0;0;0;0;0;0;5.8;4.5;0;0;0;0;0;0;0;0;0;0;0;48976.44;21280.44;0;0;0;0;0;0;0;0;20230;7466;0;0;0;0;0;0;0.0875268923658019;0.11151190079015;34;79;0;0;0;0;0;0;0;0;54;46379.48681;39422.5637885;6956.9230215;0;0;0
"7806C";"DOMNIS ACHERES Champs Villars";"2024";"C";"78005";"Achères";"ACHERES";14.3;11.9;0;0;0;0;2.4;0;0;0;0;0;0;0;0;0;0;0;0;0;0;0;0;9537.13;4574.07;0;0;0;0;4963.06;0;0;0;0;0;0;0;0;0;0;0;0.0923808742684873;0.112947073949282;0;0;0;0;0;0;0;0;0;0;9;11278;10150.2;1127.8;0;0;0
"9002C";"ZUP DES GLACIS";"2024";"C";"90010";"Belfort";"BELFORT";8;5;0;0;0;0;3;0;0;0;0;0;0;0;0;0;0;0;0;0;0;0;0;16085;7729;0;0;0;0;8356;0;0;0;0;0;0;0;0;0;0;0;0.124196234586025;0.150870985026424;0;0;0;0;0;0;0;0;0;0;32;13624;6539.52;2861.04;0;0;4223
"1403C";"Zac de Falaise";"2024";"C";"08164";"Falaise";"FALAISE";15.53;6.09;0;0.62;0;0;6;0;0;0;0;0;0;0;0;2.82;0;0;0;0;0;0;0;20026.3277;364.0545;0;8.7932;0;0;10391.25;0;0;0;0;0;0;0;0;9262.23;0;0;0.119575069297981;0.146790687857788;0;0;0;0;0;0;0;0;0;0;59;16595;5974.2;10620.8;0;0;0
"5413C";"ESTIA - LAXOU-VILLERS";"2024";"C";"54304";"Laxou";"LAXOU";12.1;12.1;0;0;0;0;0;0;0;0;0;0;0;0;0;0;0;0;0;0;0;0;0;7942;7942;0;0;0;0;0;0;0;0;0;0;0;0;0;0;0;0;0.0973084883624928;0.129976966385193;28;91;0;0;0;0;0;0;0;0;29;23369;19396.27;3972.73;0;0;0
"6212C";"Réseau de chaleur Le Portel-Outreau";"2024";"C";"62643";"Outreau";"OUTREAU";10.47;6.87;0;0;0;0;3.6;0;0;0;0;0;0;0;0;0;0;0;0;0;0;0;0;5865.7849;3518.7849;0;0;0;0;2347;0;0;0;0;0;0;0;0;0;0;0;0.175576965610798;0.207647191834418;0;0;0;0;0;0;0;0;0;0;9;4471.549;2593.49842;1878.05058;0;0;0
"9516C";"Zac de Montedour";"2024";"C";"54209";"Franconville";"FRANCONVILLE";37.6;37.6;0;0;0;0;0;0;0;0;0;0;0;0;0;0;0;0;0;0;0;0;0;14133;14133;0;0;0;0;0;0;0;0;0;0;0;0;0;0;0;0;0.211756447724118;0.238481529918901;0;0;0;0;0;0;0;0;0;0;17;13687;10470.555;3216.445;0;0;0
"5407C";"ESTIA - Plateau de Haye";"2024";"C";"54395";"Nancy";"NANCY";19.63;14.63;0;0;0;0;5;0;0;0;0;0;0;0;0;0;0;0;0;0;0;0;0;26651;12969;0;0;0;0;13682;0;0;0;0;0;0;0;0;0;0;0;0.11176013148415;0.147207282917044;26;53;0;0;0;0;0;0;0;0;41;22208;15101.44;7106.56;0;0;0
"9424C";"Réseau de Villeneuve Saint Georges - SCVG";"2024";"C";"94078";"Villeneuve-Saint-Georges";"VILLENEUVE ST GEORGES";57;40;0;2;0;0;0;0;0;0;10;5;0;0;0;0;0;0;0;0;0;0;0;67699;38179;0;43;0;0;0;0;0;0;25176;4301;0;0;0;0;0;0;0.140529790535299;0.162210304284113;0;0;0;0;0;0;0;0;0;0;92;58005;48144.15;9860.85;0;0;0
"9224C";"Réseau SEINERGIE";"2024";"C";"92026";"Courbevoie";"COURBEVOIE";56;42;0;0;0;0;0;0;0;0;0;14;0;0;0;0;0;0;0;0;0;0;0;90368;81823;0;0;0;0;0;0;0;0;0;8545;0;0;0;0;0;0;0.212552784709964;0.235396943210177;0;0;0;0;0;0;0;0;0;0;160;82145;59144.4;23000.6;0;0;0
"6730C";"ILOT ZD5 de la ZAC ETOILE";"2024";"C";"67482";"Strasbourg";"STRASBOURG";0.47;0.27;0;0;0;0;0;0;0;0;0;0.2;0;0;0;0;0;0;0;0;0;0;0;451;108;0;0;0;0;0;0;0;0;0;343;0;0;0;0;0;0;0.102751540041068;0.0896139630390144;0;0;0;0;0;0;0;0;0;0;6;487;487;0;0;0;0
"3321C";"Réseau Portes du PYLA";"2024";"C";"33529";"La Teste-de-Buch";"LA TESTE DE BUCH";2.2;1.4;0;0;0;0;0;0;0;0;0;0;0;0;0.8;0;0;0;0;0;0;0;0;3616;1780;0;0;0;0;0;0;0;0;0;0;0;0;1836;0;0;0;0.113493184454756;0.129672940835267;0;0;0;0;0;0;0;0;0;0;17;3448;3448;0;0;0;0
"8802C";"Quartier Kellerman";"2024";"C";"88413";"Saint-Dié-des-Vosges";"ST DIE DES VOSGES";30.48;24.48;0;0;0;0;6;0;0;0;0;0;0;0;0;0;0;0;0;0;0;0;0;29371;17520;0;0;0;0;11851;0;0;0;0;0;0;0;0;0;0;0;0.130695377370182;0.174036357608715;37;74;0;0;0;0;0;0;0;0;63;24207;8714.52;9682.8;0;0;5810
"5501C";"Côte Sainte Catherine";"2024";"C";"55029";"Bar-le-Duc";"BAR LE DUC";21.6;18;0;0;0;0;3.6;0;0;0;0;0;0;0;0;0;0;0;0;0;0;0;0;22270;11751;0;0;0;0;10519;0;0;0;0;0;0;0;0;0;0;0;0.131899963442657;0.159151279506998;0;0;0;0;0;0;0;0;0;0;29;19148;8425.12;10722.88;0;0;0
"8401C";"Le Triennal";"2024";"C";"84007";"Avignon";"AVIGNON";9;9;0;0;0;0;0;0;0;0;0;0;0;0;0;0;0;0;0;0;0;0;0;8973.86;8973.86;0;0;0;0;0;0;0;0;0;0;0;0;0;0;0;0;0.206235912629255;0.237734884124309;46;93;0;0;0;0;0;0;0;0;10;8607;8607;0;0;0;0
"6711C";"Réseau de la COMMUNAUTÉ DE COMMUNES SAUER-PECHELBR";"2024";"C";"67303";"Morsbronn-les-Bains";"MORSBRONN LES BAINS";4.5;3;0;0;0;0;1.5;0;0;0;0;0;0;0;0;0;0;0;0;0;0;0;0;4933;2815;0;0;0;0;2118;0;0;0;0;0;0;0;0;0;0;0;0.156742615067552;0.187530341195329;0;0;0;0;0;0;0;0;0;0;"secret";"secret";"secret";"secret";"secret";"secret";"secret"
"6901C";"Vénissieux énergies";"2024";"C";"69259";"Vénissieux";"VENISSIEUX";116.77;40.6;0;48.8;0;0;27.37;0;0;0;0;0;0;0;0;0;0;0;0;0;0;0;0;139356;70774;0;196;0;0;68386;0;0;0;0;0;0;0;0;0;0;0;0.113613647558749;0.140581658718392;14;31;0;0;0;0;0;0;0;0;213;138591;105329.16;33261.84;0;0;0
"9235C";"Réseau de CLICHY";"2024";"C";"92024";"Clichy";"CLICHY";147.01;140;0;0;0;0;7.01;0;0;0;0;0;0;0;0;0;0;0;0;0;0;0;0;80443.49;67044.17;0;0;0;0;13399.32;0;0;0;0;0;0;0;0;0;0;0;0.195874883658879;0.225880353054897;0;0;0;0;0;0;0;0;0;0;214;133768.8939;82535.4075363;27155.0854617;2274.0711963;0;21804
"6726C";"Réseau de Chaleur Quartier du Lac";"2024";"C";"67267";"Lingolsheim";"LINGOLSHEIM";2.4;2.4;0;0;0;0;0;0;0;0;0;0;0;0;0;0;0;0;0;0;0;0;0;1652.76;1652.76;0;0;0;0;0;0;0;0;0;0;0;0;0;0;0;0;0.247150727650728;0.27767422037422;0;0;0;0;0;0;0;0;0;0;27;1443;1443;0;0;0;0
"2607C";"Réseau du CH de Valence";"2024";"C";"16392";"Valence";"VALENCE";19;19;0;0;0;0;0;0;0;0;0;0;0;0;0;0;0;0;0;0;0;0;0;5225;5225;0;0;0;0;0;0;0;0;0;0;0;0;0;0;0;0;0.132060199347632;0.181650071958864;37;100;0;0;0;0;0;0;0;0;24;10646;0;10646;0;0;0
"8606C";"Réseau de Chaleur Ozon Sud";"2024";"C";"86066";"Châtellerault";"CHATELLERAULT";7.76;7.76;0;0;0;0;0;0;0;0;0;0;0;0;0;0;0;0;0;0;0;0;0;7770.24;7770.24;0;0;0;0;0;0;0;0;0;0;0;0;0;0;0;0;0.32948241304775;0.368841501277265;0;0;0;0;0;0;0;0;0;0;14;5089;3511.41;1577.59;0;0;0
"1208C";"Réseau d'ESPALION";"2024";"C";"12096";"Espalion";"ESPALION";2.02;1.32;0;0;0;0;0.7;0;0;0;0;0;0;0;0;0;0;0;0;0;0;0;0;3678;1839;0;0;0;0;1839;0;0;0;0;0;0;0;0;0;0;0;0.143435534591195;0.172626310272537;0;0;0;0;0;0;0;0;0;0;4;2862;0;2862;0;0;0
"1204C";"Réseau de Cantagrelh";"2024";"C";"12176";"Onet-le-Château";"ONET LE CHATEAU";4.15;2.9;0;0;0;0;1.25;0;0;0;0;0;0;0;0;0;0;0;0;0;0;0;0;3359.1498;1707.9498;0;0;0;0;1651.2;0;0;0;0;0;0;0;0;0;0;0;0.119152529862175;0.143584347320061;0;0;0;0;0;0;0;0;0;0;31;3265;3265;0;0;0;0
"9303C";"Zup de Bobigny - Genyo";"2024";"C";"93008";"Bobigny";"BOBIGNY";152.05;92.75;0;0;0;0;0;0;0;0;43.4;15.9;0;0;0;0;0;0;0;0;0;0;0;139753;60778;0;0;0;0;0;0;0;0;31202;47773;0;0;0;0;0;0;0.12171163178246;0.126202365285563;29;67;0;0;0;0;0;0;0;0;154;127756;95817;31939;0;0;0
"7001C";"Zup des Capucins";"2024";"C";"70279";"Gray";"GRAY";8.2;5;0;0;0;0;3.2;0;0;0;0;0;0;0;0;0;0;0;0;0;0;0;0;8215;4294;0;0;0;0;3921;0;0;0;0;0;0;0;0;0;0;0;0.130834778352678;0.159992210879597;0;0;0;0;0;0;0;0;0;0;23;7151;3933.05;3217.95;0;0;0
"7619C";"ZAC Luciline chaud";"2024";"C";"76540";"Rouen";"ROUEN";6.08;5.24;0;0;0;0;0;0;0;0;0;0.84;0;0;0;0;0;0;0;0;0;0;0;3871;1536;0;0;0;0;0;0;0;0;0;2335;0;0;0;0;0;0;0.125378214184798;0.126038683243854;0;0;0;0;0;0;0;0;0;0;13;3539;2831.2;707.8;0;0;0
"0202C";"Zup de Presles";"2024";"C";"02722";"Soissons";"SOISSONS";33.8;18.5;0;10;0;0;5.3;0;0;0;0;0;0;0;0;0;0;0;0;0;0;0;0;38313;20694;0;0;0;0;17619;0;0;0;0;0;0;0;0;0;0;0;0.123581025655531;0.149695131954855;0;0;0;0;0;0;0;0;0;0;66;35353;0;0;0;0;35353
"5616C";"Réseau CH Centre Bretagne – Polyclinique KERIO";"2024";"C";"56151";"Noyal-Pontivy";"NOYAL PONTIVY";5.4;3.9;0;0;0;0;1.5;0;0;0;0;0;0;0;0;0;0;0;0;0;0;0;0;3396;1863;0;0;0;0;1533;0;0;0;0;0;0;0;0;0;0;0;0.132670494699647;0.158915553592462;0;0;0;0;0;0;0;0;0;0;2;3396;0;0;0;0;3396
"1320C";"RCB COUDOUX";"2024";"C";"13118";"Coudoux";"COUDOUX";0.81;0.46;0;0;0;0;0.35;0;0;0;0;0;0;0;0;0;0;0;0;0;0;0;0;976.44;537.84;0;0;0;0;438.6;0;0;0;0;0;0;0;0;0;0;0;0.155862595419847;0.185024427480916;0;0;0;0;0;0;0;0;0;0;6;786;0;0;0;0;786
"2503C";"Champvalon";"2024";"C";"25057";"Bethoncourt";"BETHONCOURT";7.65;6.65;0;0;0;0;1;0;0;0;0;0;0;0;0;0;0;0;0;0;0;0;0;9161;5292;0;0;0;0;3869;0;0;0;0;0;0;0;0;0;0;0;0.104626700680272;0.132810714285714;0;0;0;0;0;0;0;0;0;0;20;5292;4392.36;899.64;0;0;0
"1102C";"CEF - MCO";"2024";"C";"11069";"Carcassonne";"CARCASSONNE";9.15;7.75;0;0;0;0;1.4;0;0;0;0;0;0;0;0;0;0;0;0;0;0;0;0;5416.35;3187.35;0;0;0;0;2229;0;0;0;0;0;0;0;0;0;0;0;0.135739125557394;0.159723981265951;0;0;0;0;0;0;0;0;0;0;2;5348.55;0;5348.55;0;0;0
"4005C";"Réseau de chaleur Peyrouat";"2024";"C";"40192";"Mont-de-Marsan";"MONT DE MARSAN";3.29;2.53;0;0;0;0;0;0;0;0;0;0.76;0;0;0;0;0;0;0;0;0;0;0;3275.01;1232.01;0;0;0;0;0;0;0;0;0;2043;0;0;0;0;0;0;0.272145833333333;0.24750085978836;0;0;0;0;0;0;0;0;0;0;173;1512;952.56;559.44;0;0;0
"3302C";"Grand Parc Energies";"2024";"C";"33063";"Bordeaux";"BORDEAUX";36;36;0;0;0;0;0;0;0;0;0;0;0;0;0;0;0;0;0;0;0;0;0;19221;19221;0;0;0;0;0;0;0;0;0;0;0;0;0;0;0;0;0.247615671226782;0.271410653790452;40;0;0;0;0;0;0;0;0;0;48;17982;17982;0;0;0;0
"9404C";"Réseau de Fontenay sous Bois";"2024";"C";"94033";"Fontenay-sous-Bois";"FONTENAY SOUS BOIS";117;100;0;0;0;0;17;0;0;0;0;0;0;0;0;0;0;0;0;0;0;0;0;113853;84564;0;0;0;0;29289;0;0;0;0;0;0;0;0;0;0;0;0.16656237740495;0.202766343652128;54;73;0;0;0;0;0;0;0;0;108;95844;69966.12;25877.88;0;0;0
"3108C";"En Turet";"2024";"C";"31004";"Ayguesvives";"AYGUESVIVES";1.45;0.89;0;0;0;0;0.56;0;0;0;0;0;0;0;0;0;0;0;0;0;0;0;0;1049;788;0;0;0;0;261;0;0;0;0;0;0;0;0;0;0;0;0.180894300426136;0.21031646188447;0;0;0;0;0;0;0;0;0;0;43;844.8;347.38176;497.41824;0;0;0
"4407C";"Réseau de Saint-Jean-de-Boiseau";"2024";"C";"44166";"Saint-Jean-de-Boiseau";"ST JEAN DE BOISEAU";1.5;1;0;0;0;0;0.5;0;0;0;0;0;0;0;0;0;0;0;0;0;0;0;0;1910.72;1466.1;0;0;0;0;444.62;0;0;0;0;0;0;0;0;0;0;0;0.442311258278146;0.502680794701987;0;0;0;0;0;0;0;0;0;0;120;755;755;0;0;0;0
"9510C";"Réseaux chaud ADP Roissy";"2024";"C";"95527";"Roissy-en-France";"ROISSY EN FRANCE";157;139;0;0;0;0;14;0;0;0;0;4;0;0;0;0;0;0;0;0;0;0;0;183497.47;140372.19;0;0;0;0;42568.28;0;0;0;0;557;0;0;0;0;0;0;0.184927009761244;0.212096486413247;0;0;0;0;0;0;0;0;0;0;400;173441;0;147424.85;26016.15;0;0
"7413C";"Réseau de Clarafond La Presle";"2024";"C";"74077";"Clarafond-Arcine";"CLARAFOND ARCINE";6;0;0;3;0;0;3;0;0;0;0;0;0;0;0;0;0;0;0;0;0;0;0;543.6745;0;0;417.8995;0;0;125.775;0;0;0;0;0;0;0;0;0;0;0;0.364578420659113;0.446961551734054;0;0;0;0;0;0;0;0;0;0;11;347.74;239.24512;108.49488;0;0;0
"9520C";"Reseau de Vemars";"2024";"C";"95641";"Vémars";"VEMARS";21.4;21.4;0;0;0;0;0;0;0;0;0;0;0;0;0;0;0;0;0;0;0;0;0;5767;5767;0;0;0;0;0;0;0;0;0;0;0;0;0;0;0;0;0.286607655502392;0.321365550239234;0;0;0;0;0;0;0;0;0;0;11;5016;0;5016;0;0;0
"3714C";"ILOT OUEST";"2024";"C";"37261";"Tours";"TOURS";14.8;14.8;0;0;0;0;0;0;0;0;0;0;0;0;0;0;0;0;0;0;0;0;0;7812.91;7812.91;0;0;0;0;0;0;0;0;0;0;0;0;0;0;0;0;0.157930919296516;0.196390975916309;32;44;0;0;0;0;0;0;0;0;4;10466;10466;0;0;0;0
"1611C";"15 boulevard Jean Moulin";"2024";"C";"16015";"Angoulême";"ANGOULEME";0.64;0.44;0;0;0;0;0.2;0;0;0;0;0;0;0;0;0;0;0;0;0;0;0;0;822.86;685.26;0;0;0;0;137.6;0;0;0;0;0;0;0;0;0;0;0;0.313427710843373;0.355240562248996;0;0;0;0;0;0;0;0;0;0;5;498;0;498;0;0;0
"3111C";"CAMUS";"2024";"C";"31113";"Castanet-Tolosan";"CASTANET TOLOSAN";1.9;1.5;0;0;0;0;0.4;0;0;0;0;0;0;0;0;0;0;0;0;0;0;0;0;2252;1927;0;0;0;0;325;0;0;0;0;0;0;0;0;0;0;0;0.199835767414083;0.227470432705359;0;0;0;0;0;0;0;0;0;0;21;1841.9;1727.33382;114.56618;0;0;0
"7603C";"Resocéane";"2024";"C";"76351";"Le Havre";"LE HAVRE";103.33;53.33;0;0;0;0;0;0;0;0;0;0;0;0;50;0;0;0;0;0;0;0;0;109711;94343.36;0;0;0;0;0;0;0;0;0;0;0;0;15367.64;0;0;0;0.211541411374097;0.233901209437915;48;55;0;0;0;0;0;0;0;0;189;85194.1;54524.224;17890.761;0;0;12779
"7613C";"La Côte Brulée";"2024";"C";"76351";"Le Havre";"LE HAVRE";13.37;12.2;0;0;0;0;0;0;0;0;0;0;0;0;0;1.17;0;0;0;0;0;0;0;581.0378;577.8378;0;0;0;0;0;0;0;0;0;0;0;0;0;3.2;0;0;0.236109805143282;0.265081368048434;0;0;0;0;0;0;0;0;0;0;7;14360.377;13355.15061;1005.22639;0;0;0
"1317C";"Aix-en-Provence";"2024";"C";"13001";"Aix-en-Provence";"AIX EN PROVENCE";99.903;78.403;0;0;0;0;16;0;0;0;0;0;0;0;0;5.5;0;0;0;0;0;0;0;105336;82132;0;0;0;0;12225;0;0;0;0;0;0;0;0;10979;0;0;0.222213408507313;0.252148219269845;0;0;0;0;0;0;0;0;0;0;155;89570;62699;26871;0;0;0
"3507C";"Réseau de RENNES NORD & EST";"2024";"C";"35238";"Rennes";"RENNES";118.7;112;0;0;0;0;6.7;0;0;0;0;0;0;0;0;0;0;0;0;0;0;0;0;225125;203615;0;0;0;0;21510;0;0;0;0;0;0;0;0;0;0;0;0.209656345182701;0.237753755717163;0;0;0;0;0;0;0;0;0;0;375;201586;141110.2;60475.8;0;0;0
"5713C";"Réseau de chauffage urbain de Creutzwald";"2024";"C";"57160";"Creutzwald";"CREUTZWALD";24.82;24.82;0;0;0;0;0;0;0;0;0;0;0;0;0;0;0;0;0;0;0;0;0;19445;17671;0;0;0;0;0;0;0;0;0;0;1774;0;0;0;0;0;0.178600035236082;0.257435372620562;55;61;0;0;0;0;0;0;0;0;64;14190;0;5676;8514;0;0
"4409C";"Saint Julien de Concelles - Chaufferie Bois";"2024";"C";"44169";"Saint-Julien-de-Concelles";"ST JULIEN DE CONCELLES";2.3;1.6;0;0;0;0;0.7;0;0;0;0;0;0;0;0;0;0;0;0;0;0;0;0;1425.3;1350;0;0;0;0;75.3;0;0;0;0;0;0;0;0;0;0;0;0.180751088534107;0.204859143686502;0;0;0;0;0;0;0;0;0;0;10;1378;0;0;0;0;1378
"9310C";"Réseau chaud ADP le Bourget";"2024";"C";"93013";"Le Bourget";"LE BOURGET";11.23;11;0;0;0;0;0;0;0;0;0;0.23;0;0;0;0;0;0;0;0;0;0;0;8503;8107;0;0;0;0;0;0;0;0;0;396;0;0;0;0;0;0;0.27229733822123;0.303620959515461;0;0;0;0;0;0;0;0;0;0;21;6274;0;6274;0;0;0
"5928C";"VILLENEUVE D'ASCQ (59) - RESEAU LA RESIDENCE";"2024";"C";"59009";"Villeneuve-d'Ascq";"VILLENEUVE D ASCQ";19.22;18.08;0;1;0;0;0;0;0;0;0;0.14;0;0;0;0;0;0;0;0;0;0;0;16170.5499;16035.73;0;7.0399;0;0;0;0;0;0;0;127.78;0;0;0;0;0;0;0.201834467491866;0.246895005086559;65;65;0;0;0;0;0;0;0;0;15;14550.435;14550.435;0;0;0;0
"9201C";"Réseau de Meudon";"2024";"C";"92048";"Meudon";"MEUDON";87;87;0;0;0;0;0;0;0;0;0;0;0;0;0;0;0;0;0;0;0;0;0;78520;78520;0;0;0;0;0;0;0;0;0;0;0;0;0;0;0;0;0.249778253879285;0.284033625484807;27;27;0;0;0;0;0;0;0;0;69;67796;64406.2;3389.8;0;0;0
"5502C";"Zup Anthouard";"2024";"C";"09328";"Verdun";"VERDUN";25.5;11.9;0;9.6;0;0;0;0;0;0;0;0;0;0;0;4;0;0;0;0;0;0;0;13344;8630;0;0;0;0;0;0;0;0;0;0;0;0;0;4714;0;0;0.245522776754312;0.275871562552336;0;0;0;0;0;0;0;0;0;0;23;11942;2149.56;9792.44;0;0;0
"9515C";"Réseau de Pontoise";"2024";"C";"95500";"Pontoise";"PONTOISE";25.5;25.5;0;0;0;0;0;0;0;0;0;0;0;0;0;0;0;0;0;0;0;0;0;22438.98;22438.98;0;0;0;0;0;0;0;0;0;0;0;0;0;0;0;0;0.204452945736507;0.245455154713146;50;50;0;0;0;0;0;0;0;0;7;21323.36;0;0;0;0;21323
"0602C";"Réseau Nice Est";"2024";"C";"06088";"Nice";"NICE";24;24;0;0;0;0;0;0;0;0;0;0;0;0;0;0;0;0;0;0;0;0;0;19853;19853;0;0;0;0;0;0;0;0;0;0;0;0;0;0;0;0;0.206205314136126;0.232334664921466;0;0;0;0;0;0;0;0;0;0;31;19100;15280;3820;0;0;0
"9312C";"Réseau d'Aulnay-sous-bois - Le Gros Saule";"2024";"C";"93005";"Aulnay-sous-Bois";"AULNAY SOUS BOIS";23.3;23.3;0;0;0;0;0;0;0;0;0;0;0;0;0;0;0;0;0;0;0;0;0;44761.58;44761.58;0;0;0;0;0;0;0;0;0;0;0;0;0;0;0;0;0.186688344226754;0.23584644283242;60;60;0;0;0;0;0;0;0;0;38;43150.25905;40129.7409165;3020.5181335;0;0;0
"6709C";"Le Ried";"2024";"C";"67447";"Schiltigheim";"SCHILTIGHEIM";21.4;21.4;0;0;0;0;0;0;0;0;0;0;0;0;0;0;0;0;0;0;0;0;0;18918;18918;0;0;0;0;0;0;0;0;0;0;0;0;0;0;0;0;0.227778482222505;0.292179287342271;67;67;0;0;0;0;0;0;0;0;49;15694;12398.26;3295.74;0;0;0
"7609C";"SODINEUF";"2024";"C";"76217";"Dieppe";"DIEPPE";18.67;16.38;0;0;0;0;0;0;0;0;0;0;0;0;0;2.29;0;0;0;0;0;0;0;11278.4326;7538.2326;0;0;0;0;0;0;0;0;0;0;0;0;0;3740.2;0;0;0.222562405583041;0.250447151548051;0;0;0;0;0;0;0;0;0;0;34;11159.939;10043.9451;1115.9939;0;0;0
"9317C";"Garonor";"2024";"C";"93005";"Aulnay-sous-Bois";"AULNAY SOUS BOIS";17.7;16.7;0;1;0;0;0;0;0;0;0;0;0;0;0;0;0;0;0;0;0;0;0;3940;3520;0;420;0;0;0;0;0;0;0;0;0;0;0;0;0;0;0.48169374665954;0.521465146983596;50;56;0;0;0;0;0;0;0;0;34;1871;0;0;1871;0;0
"5925C";"LYS LEZ LANNOY (59) - RESEAU LONGCHAMP";"2024";"C";"59367";"Lys-lez-Lannoy";"LYS LEZ LANNOY";16.71;16.71;0;0;0;0;0;0;0;0;0;0;0;0;0;0;0;0;0;0;0;0;0;16026.81;16026.81;0;0;0;0;0;0;0;0;0;0;0;0;0;0;0;0;0.200041736387327;0.252240908659885;47;47;0;0;0;0;0;0;0;0;36;14582;11957.24;2624.76;0;0;0
"7204C";"Bellevue";"2024";"C";"72095";"Coulaines";"COULAINES";16.17;16.17;0;0;0;0;0;0;0;0;0;0;0;0;0;0;0;0;0;0;0;0;0;14678.86;14678.86;0;0;0;0;0;0;0;0;0;0;0;0;0;0;0;0;0.260391607555591;0.287991070506808;43;43;0;0;0;0;0;0;0;0;18;12547;0;12547;0;0;0
"4204C";"HLM Beaulieu Montchovet IV";"2024";"C";"42218";"Saint-Étienne";"ST ETIENNE";16;15;0;1;0;0;0;0;0;0;0;0;0;0;0;0;0;0;0;0;0;0;0;21890.8;21873;0;17.8;0;0;0;0;0;0;0;0;0;0;0;0;0;0;0.240081721839834;0.270286517383578;4;4;0;0;0;0;0;0;0;0;31;18306;13729.5;4576.5;0;0;0
"6303C";"HLM Saint Jacques";"2024";"C";"63113";"Clermont-Ferrand";"CLERMONT FERRAND";15.6;5.1;0;10.5;0;0;0;0;0;0;0;0;0;0;0;0;0;0;0;0;0;0;0;10804;10691;0;113;0;0;0;0;0;0;0;0;0;0;0;0;0;0;0.265555636959145;0.247863936964597;34;34;0;0;0;0;0;0;0;0;9;11602;11021.9;580.1;0;0;0
"4202C";"Quartier la Cotonne";"2024";"C";"42218";"Saint-Étienne";"ST ETIENNE";15.5;15.5;0;0;0;0;0;0;0;0;0;0;0;0;0;0;0;0;0;0;0;0;0;13427;13427;0;0;0;0;0;0;0;0;0;0;0;0;0;0;0;0;0.238480349344978;0.268073362445415;0;0;0;0;0;0;0;0;0;0;20;11450;11450;0;0;0;0
"6201C";"Zup du Quartier République - Avion";"2024";"C";"62065";"Avion";"AVION";14.54;14.54;0;0;0;0;0;0;0;0;0;0;0;0;0;0;0;0;0;0;0;0;0;9254.2512;9254.2512;0;0;0;0;0;0;0;0;0;0;0;0;0;0;0;0;0.20446353569664;0.257960595417738;69;69;0;0;0;0;0;0;0;0;18;8096;6557.76;1538.24;0;0;0
"7409C";"ECHM Flaine";"2024";"C";"74014";"Arâches-la-Frasse";"ARACHES LA FRASSE";13.7;13.69;0;0.01;0;0;0;0;0;0;0;0;0;0;0;0;0;0;0;0;0;0;0;13747.16;13708;0;39.16;0;0;0;0;0;0;0;0;0;0;0;0;0;0;0.237791154687763;0.275408239827143;50;50;0;0;0;0;0;0;0;0;34;11882;5941;5941;0;0;0
"9127C";"Réseau chaud de l'école polytechnique";"2024";"C";"91477";"Palaiseau";"PALAISEAU";13.5;13.5;0;0;0;0;0;0;0;0;0;0;0;0;0;0;0;0;0;0;0;0;0;15250;15250;0;0;0;0;0;0;0;0;0;0;0;0;0;0;0;0;0.209592;0.2360848;0;0;0;0;0;0;0;0;0;0;30;15250;0;0;0;0;15250
"7901C";"Le Clou Bouchet";"2024";"C";"79191";"Niort";"NIORT";12.94;12.94;0;0;0;0;0;0;0;0;0;0;0;0;0;0;0;0;0;0;0;0;0;10831;10831;0;0;0;0;0;0;0;0;0;0;0;0;0;0;0;0;0.276922297297297;0.308666059255128;49;49;0;0;0;0;0;0;0;0;33;8436;5483.4;2952.6;0;0;0
"4203C";"Quartier de La Métare";"2024";"C";"42218";"Saint-Étienne";"ST ETIENNE";12.7;12.7;0;0;0;0;0;0;0;0;0;0;0;0;0;0;0;0;0;0;0;0;0;13307;13307;0;0;0;0;0;0;0;0;0;0;0;0;0;0;0;0;0.221878328029186;0.249689660793293;0;0;0;0;0;0;0;0;0;0;10;12883;12883;0;0;0;0
"7407C";"Quartier de la Rénovation";"2024";"C";"74281";"Thonon-les-Bains";"THONON LES BAINS";12.5;12.5;0;0;0;0;0;0;0;0;0;0;0;0;0;0;0;0;0;0;0;0;0;10323;10323;0;0;0;0;0;0;0;0;0;0;0;0;0;0;0;0;0.230761176718684;0.259525790805567;0;0;0;0;0;0;0;0;0;0;32;9484;8535.6;948.4;0;0;0
"6803C";"Porte de Bâle";"2024";"C";"68224";"Mulhouse";"MULHOUSE";12;12;0;0;0;0;0;0;0;0;0;0;0;0;0;0;0;0;0;0;0;0;0;15483.96;15483.96;0;0;0;0;0;0;0;0;0;0;0;0;0;0;0;0;0.207464823529412;0.233729341176471;0;0;0;0;0;0;0;0;0;0;35;17000;11900;5100;0;0;0
"5919C";"Réseau du Parc St Maur";"2024";"C";"59350";"Lille";"LILLE";8.55;8.55;0;0;0;0;0;0;0;0;0;0;0;0;0;0;0;0;0;0;0;0;0;5823;5823;0;0;0;0;0;0;0;0;0;0;0;0;0;0;0;0;0.240581832388803;0.238650512784742;41;41;0;0;0;0;0;0;0;0;4;5823;5823;0;0;0;0
"2604C";"Réseau de Pracomptal";"2024";"C";"26198";"Montélimar";"MONTELIMAR";8.3;8.3;0;0;0;0;0;0;0;0;0;0;0;0;0;0;0;0;0;0;0;0;0;5952;5952;0;0;0;0;0;0;0;0;0;0;0;0;0;0;0;0;0.2439589923843;0.269868225951929;60;60;0;0;0;0;0;0;0;0;12;5121;4608.9;512.1;0;0;0
"9511C";"Zup de l'Epine Guyon";"2024";"C";"54209";"Franconville";"FRANCONVILLE";7.9;7.9;0;0;0;0;0;0;0;0;0;0;0;0;0;0;0;0;0;0;0;0;0;9086;9086;0;0;0;0;0;0;0;0;0;0;0;0;0;0;0;0;0.217932032132547;0.255042220804389;67;67;0;0;0;0;0;0;0;0;14;7967;7409.31;557.69;0;0;0
"6307C";"Réseau de Royat";"2024";"C";"63308";"Royat";"ROYAT";7;6;0;1;0;0;0;0;0;0;0;0;0;0;0;0;0;0;0;0;0;0;0;7543;7538;0;5;0;0;0;0;0;0;0;0;0;0;0;0;0;0;0.239584821428571;0.269318340163934;0;0;0;0;0;0;0;0;0;0;7;6832;1024.8;5807.2;0;0;0
"6914C";"Plateau de Montmein";"2024";"C";"69149";"Oullins";"OULLINS";7;7;0;0;0;0;0;0;0;0;0;0;0;0;0;0;0;0;0;0;0;0;0;6459;6459;0;0;0;0;0;0;0;0;0;0;0;0;0;0;0;0;0.31101812731944;0.323623270671146;80;80;0;0;0;0;0;0;0;0;3;7006;7006;0;0;0;0
"3305C";"Laseris";"2024";"C";"33029";"Le Barp";"LE BARP";6.9;6;0;0;0;0;0;0;0;0;0;0.9;0;0;0;0;0;0;0;0;0;0;0;7239;1387;0;0;0;0;0;0;0;0;0;5852;0;0;0;0;0;0;0.220225087273881;0.136133275150746;0;0;0;0;0;0;0;0;0;0;11;6302;0;0;6302;0;0
"9521C";"Les chenes";"2024";"C";"95219";"Ermont";"ERMONT";6;6;0;0;0;0;0;0;0;0;0;0;0;0;0;0;0;0;0;0;0;0;0;5188.05;5188.05;0;0;0;0;0;0;0;0;0;0;0;0;0;0;0;0;0.232165520628684;0.261080844793713;0;0;0;0;0;0;0;0;0;0;35;5090;5090;0;0;0;0
"7475C";"Réseau d'Annemasse Le Livron";"2024";"C";"74012";"Annemasse";"ANNEMASSE";5.9;5.9;0;0;0;0;0;0;0;0;0;0;0;0;0;0;0;0;0;0;0;0;0;6380;6380;0;0;0;0;0;0;0;0;0;0;0;0;0;0;0;0;0.200245811805229;0.232687145980795;66;66;0;0;0;0;0;0;0;0;16;6387;6387;0;0;0;0
"8101C";"Reseau de Carmaux";"2024";"C";"81060";"Carmaux";"CARMAUX";5.2;5.2;0;0;0;0;0;0;0;0;0;0;0;0;0;0;0;0;0;0;0;0;0;6663;6663;0;0;0;0;0;0;0;0;0;0;0;0;0;0;0;0;0.183951119800924;0.251905460111551;67;67;0;0;0;0;0;0;0;0;22;5626;0;0;0;0;5626
"6732C";"Réseau de chaleur Cogénération Sarre-Union";"2024";"C";"67434";"Sarre-Union";"SARRE UNION";2.52;2.52;0;0;0;0;0;0;0;0;0;0;0;0;0;0;0;0;0;0;0;0;0;10038;10038;0;0;0;0;0;0;0;0;0;0;0;0;0;0;0;0;0.184147838214784;0.224582621608073;100;100;0;0;0;0;0;0;0;0;3;10038;0;0;10038;0;0
"2510C";"chaufferie du lycée E Faure";"2024";"C";"25411";"Morteau";"MORTEAU";2.5;2.5;0;0;0;0;0;0;0;0;0;0;0;0;0;0;0;0;0;0;0;0;0;3336.39;3336.39;0;0;0;0;0;0;0;0;0;0;0;0;0;0;0;0;0.266090861344538;0.298646953781513;0;0;0;0;0;0;0;0;0;0;8;2856;0;2856;0;0;0
"5902C";"Les Canonniers";"2024";"C";"59606";"Valenciennes";"VALENCIENNES";1.96;1.96;0;0;0;0;0;0;0;0;0;0;0;0;0;0;0;0;0;0;0;0;0;1543;1543;0;0;0;0;0;0;0;0;0;0;0;0;0;0;0;0;0.251213428357089;0.282172918229557;0;0;0;0;0;0;0;0;0;0;8;1333;759.81;573.19;0;0;0
"6705C";"Réseau de Hochfelden";"2024";"C";"67482";"Strasbourg";"STRASBOURG";1.83;1.28;0;0;0;0;0;0;0;0;0;0.55;0;0;0;0;0;0;0;0;0;0;0;420.3981;420.3981;0;0;0;0;0;0;0;0;0;0;0;0;0;0;0;0;0.0598109587757651;0.0702296958151156;0;0;0;0;0;0;0;0;0;0;6;1601;1601;0;0;0;0
"7007C";"Chaufferie de SCEY/SAONE";"2024";"C";"70482";"Scey-sur-Saône-et-Saint-Albin";"SCEY SUR SAONE ET ST ALBIN";1.55;0;0;1;0;0;0.55;0;0;0;0;0;0;0;0;0;0;0;0;0;0;0;0;1412;0;0;1412;0;0;0;0;0;0;0;0;0;0;0;0;0;0;0.461319018404908;0.55758282208589;0;0;0;0;0;0;0;0;0;0;11;978;19.56;958.44;0;0;0
"3334C";"NEWTON";"2024";"C";"33039";"Bègles";"BEGLES";1.5;1;0;0;0;0;0;0;0;0;0;0.5;0;0;0;0;0;0;0;0;0;0;0;362.7;42.7;0;0;0;0;0;0;0;0;0;320;0;0;0;0;0;0;0.128032258064516;0.0681483870967742;0;0;0;0;0;0;0;0;0;0;4;496;0;496;0;0;0
"1906C";"ENGIE Solutions Agence Atlantique Limousin,";"2024";"C";"19081";"Eyrein";"EYREIN";1;1;0;0;0;0;0;0;0;0;0;0;0;0;0;0;0;0;0;0;0;0;0;333;333;0;0;0;0;0;0;0;0;0;0;0;0;0;0;0;0;0.253018018018018;0.284171171171171;0;0;0;0;0;0;0;0;0;0;2;299.7;299.7;0;0;0;0
"7312C";"Yenne";"2024";"C";"73330";"Yenne";"YENNE";0.96;0;0.96;0;0;0;0;0;0;0;0;0;0;0;0;0;0;0;0;0;0;0;0;915.6576;0;915.6576;0;0;0;0;0;0;0;0;0;0;0;0;0;0;0;0.50406221139409;0.571438454347149;0;0;0;0;0;0;0;0;0;0;11;705.98;81.117102;624.862898;0;0;0
"2606C";"Saint Jean en Royans (arret en 2024)";"2024";"C";"26307";"Saint-Jean-en-Royans";"ST JEAN EN ROYANS";0.9;0.9;0;0;0;0;0;0;0;0;0;0;0;0;0;0;0;0;0;0;0;0;0;136.89;136.89;0;0;0;0;0;0;0;0;0;0;0;0;0;0;0;0;0.342642857142857;0.383414285714286;0;0;0;0;0;0;0;0;0;0;"secret";"secret";"secret";"secret";"secret";"secret";"secret"
"1605C";"Réseau ""Champ de manœuvre""";"2024";"C";"16374";"Soyaux";"SOYAUX";2.75;2.75;0;0;0;0;0;0;0;0;0;0;0;0;0;0;0;0;0;0;0;0;0;12035;12035;0;0;0;0;0;0;0;0;0;0;0;0;0;0;0;0;0.196217358408993;0.225240014860081;34;34;0;0;0;0;0;0;0;0;57;13878;13184.1;693.9;0;0;0
"7419C";"Réseau Serres Municipales du STOC";"2024";"C";"74281";"Thonon-les-Bains";"THONON LES BAINS";0;0;0;0;0;0;0;0;0;0;0;0;0;0;0;0;0;0;0;0;0;0;0;0;0;0;0;0;0;0;0;0;0;0;0;0;0;0;0;0;0;0;0;0;0;0;0;0;0;0;0;0;0;"secret";"secret";"secret";"secret";"secret";"secret";"secret"
"3519C";"Réseau REVERTEC - LACTALIS - KERVALIS";"2024";"C";"35360";"Vitré";"VITRE";6.88;0;0;0;0;0;0;6.88;0;0;0;0;0;0;0;0;0;0;0;0;0;0;0;44896;0;0;0;0;0;0;44896;0;0;0;0;0;0;0;0;0;0;0;0.004;0;0;0;0;0;0;0;0;0;0;1;37974;0;0;37974;0;0
"4701C";"SOGAD";"2024";"C";"38296";"Le Passage";"LE PASSAGE";6;0;0;0;0;0;0;6;0;0;0;0;0;0;0;0;0;0;0;0;0;0;0;21805;0;0;0;0;0;0;21805;0;0;0;0;0;0;0;0;0;0;0;0.004;0;0;0;0;0;0;0;0;0;0;1;21805;0;0;21805;0;0
"4914C";"Réseau POINCLOUX";"2024";"C";"49248";"Ombrée d'Anjou";"OMBREE D ANJOU";6;0;0;0;0;0;6;0;0;0;0;0;0;0;0;0;0;0;0;0;0;0;0;1290;0;0;0;0;0;1290;0;0;0;0;0;0;0;0;0;0;0;0;0.0209565217391304;0;0;0;0;0;0;0;0;0;0;4;1150;0;0;0;1150;0
"6735C";"ALSACEHABITAT-STRASBOURG-MEINAU";"2024";"C";"67482";"Strasbourg";"STRASBOURG";5.5;0;0;0;0;0;5.5;0;0;0;0;0;0;0;0;0;0;0;0;0;0;0;0;8617.2;0;0;0;0;0;8617.2;0;0;0;0;0;0;0;0;0;0;0;0;0.0184412416851441;0;0;0;0;0;0;0;0;0;0;26;9020;8749.4;270.6;0;0;0
"3303C";"Mériadeck";"2024";"C";"33063";"Bordeaux";"BORDEAUX";5.44;0;0;0;0;0;0;0;0;0;5.44;0;0;0;0;0;0;0;0;0;0;0;0;3790;0;0;0;0;0;0;0;0;0;3790;0;0;0;0;0;0;0;0;0.0150014513788099;0;0;0;0;0;0;0;0;0;0;15;3445;0;3445;0;0;0
"3516C";"SAVE";"2024";"C";"35087";"Cornillé";"CORNILLE";5;0;0;0;0;0;0;5;0;0;0;0;0;0;0;0;0;0;0;0;0;0;0;43195;0;0;0;0;0;0;43195;0;0;0;0;0;0;0;0;0;0;0;0.004;0;0;0;0;0;0;0;0;0;0;1;43195;0;0;43195;0;0
"6736C";"SCHWEIGHOUSE - CENPA";"2024";"C";"67458";"Schweighouse-sur-Moder";"SCHWEIGHOUSE SUR MODER";5;0;0;0;0;0;0;5;0;0;0;0;0;0;0;0;0;0;0;0;0;0;0;38826.42;0;0;0;0;0;0;38826.42;0;0;0;0;0;0;0;0;0;0;0;0.004;0;0;0;0;0;0;0;0;0;0;1;37834;0;0;37834;0;0
"2907C";"Réseau de chaleur Landerneau";"2024";"C";"29103";"Landerneau";"LANDERNEAU";1.6;0;0;0;0;0;1.6;0;0;0;0;0;0;0;0;0;0;0;0;0;0;0;0;2043.36;0;0;0;0;0;2043.36;0;0;0;0;0;0;0;0;0;0;0;0;0.0206962162162162;0;0;0;0;0;0;0;0;0;0;6;1850;0;0;0;0;1850
"5602C";"Réseau de chaleur zac centre";"2024";"C";"56083";"Hennebont";"HENNEBONT";1.6;0;0;0;0;0;1.6;0;0;0;0;0;0;0;0;0;0;0;0;0;0;0;0;2285.02;0;0;0;0;0;2285.02;0;0;0;0;0;0;0;0;0;0;0;0;0.0229333187162551;0;0;0;0;0;0;0;0;0;0;7;1824.35;492.5745;1331.7755;0;0;0
"0403C";"complexe sportif forcalquier";"2024";"C";"04088";"Forcalquier";"FORCALQUIER";1.5;0;0;0;0;0;1.5;0;0;0;0;0;0;0;0;0;0;0;0;0;0;0;0;326.8;0;0;0;0;0;326.8;0;0;0;0;0;0;0;0;0;0;0;0;0.0264545454545455;0;0;0;0;0;0;0;0;0;0;4;220;0;0;0;0;220
"0405C";"Réseau communal de Castellane";"2024";"C";"04039";"Castellane";"CASTELLANE";1.39;0;0;0;0;0;1.39;0;0;0;0;0;0;0;0;0;0;0;0;0;0;0;0;1158.076;0;0;0;0;0;1158.076;0;0;0;0;0;0;0;0;0;0;0;0;0.0186125208681135;0;0;0;0;0;0;0;0;0;0;8;1198;0;1198;0;0;0
"5207C";"Réseau de Wassy";"2024";"C";"52550";"Wassy";"WASSY";1.39;0;0;0;0;0;1.39;0;0;0;0;0;0;0;0;0;0;0;0;0;0;0;0;1924.5166;0;0;0;0;0;1924.5166;0;0;0;0;0;0;0;0;0;0;0;0;0.0170483962843854;0;0;0;0;0;0;0;0;0;0;4;2229.51;0;2229.51;0;0;0
"4315C";"Réseau de chaleur de Saugues";"2024";"C";"43234";"Saugues";"SAUGUES";1.2;0;0;0;0;0;1.2;0;0;0;0;0;0;0;0;0;0;0;0;0;0;0;0;1800;0;0;0;0;0;1800;0;0;0;0;0;0;0;0;0;0;0;0;0.02792;0;0;0;0;0;0;0;0;0;0;9;1250;0;0;0;0;1250
"4603C";"Réseau de Gramat";"2024";"C";"46128";"Gramat";"GRAMAT";1.2;0;0;0;0;0;1.2;0;0;0;0;0;0;0;0;0;0;0;0;0;0;0;0;2185.26;0;0;0;0;0;2185.26;0;0;0;0;0;0;0;0;0;0;0;0;0.0191111619396157;0;0;0;0;0;0;0;0;0;0;8;2186;0;2186;0;0;0
"1606C";"Chaufferie bois";"2024";"C";"16225";"Montembœuf";"MONTEMBOEUF";0.5;0;0;0;0;0;0.5;0;0;0;0;0;0;0;0;0;0;0;0;0;0;0;0;817;0;0;0;0;0;817;0;0;0;0;0;0;0;0;0;0;0;0;0.0252017167381974;0;0;0;0;0;0;0;0;0;0;"secret";"secret";"secret";"secret";"secret";"secret";"secret"
"6712C";"Chaufferie";"2024";"C";"67421";"Saales";"SAALES";0.5;0;0;0;0;0;0.5;0;0;0;0;0;0;0;0;0;0;0;0;0;0;0;0;960.62;0;0;0;0;0;960.62;0;0;0;0;0;0;0;0;0;0;0;0;0.0202791479820628;0;0;0;0;0;0;0;0;0;0;19;892;892;0;0;0;0
"7729C";"Coupvray - Zac Trois Ormes";"2024";"C";"77132";"Coupvray";"COUPVRAY";0.5;0;0;0;0;0;0.5;0;0;0;0;0;0;0;0;0;0;0;0;0;0;0;0;692.59;0;0;0;0;0;692.59;0;0;0;0;0;0;0;0;0;0;0;0;0.0194665819604672;0;0;0;0;0;0;0;0;0;0;1;692.59;692.59;0;0;0;0
"4304C";"Chaufferie de la Mairie";"2024";"C";"43087";"Dunières";"DUNIERES";0.49;0;0;0;0;0;0.49;0;0;0;0;0;0;0;0;0;0;0;0;0;0;0;0;522.88;0;0;0;0;0;522.88;0;0;0;0;0;0;0;0;0;0;0;0;0.0176275862068965;0;0;0;0;0;0;0;0;0;0;"secret";"secret";"secret";"secret";"secret";"secret";"secret"
"2108C";"Réseau de la commune de Nuits Saint Georges";"2024";"C";"21464";"Nuits-Saint-Georges";"NUITS ST GEORGES";0.46;0;0;0;0;0;0.46;0;0;0;0;0;0;0;0;0;0;0;0;0;0;0;0;844.7264;0;0;0;0;0;844.7264;0;0;0;0;0;0;0;0;0;0;0;0;0.0284600413761398;0;0;0;0;0;0;0;0;0;0;6;522.04;0;522.04;0;0;0
"0813C";"Réseau de chaleur de Montcornet";"2024";"C";"08297";"Montcornet";"MONTCORNET";0.45;0;0;0;0;0;0.45;0;0;0;0;0;0;0;0;0;0;0;0;0;0;0;0;976.96;0;0;0;0;0;976.96;0;0;0;0;0;0;0;0;0;0;0;0;0.0219878197320341;0;0;0;0;0;0;0;0;0;0;"secret";"secret";"secret";"secret";"secret";"secret";"secret"
"1604C";"Réseau de Champagne-Mouton";"2024";"C";"16076";"Champagne-Mouton";"CHAMPAGNE MOUTON";0.45;0;0;0;0;0;0.45;0;0;0;0;0;0;0;0;0;0;0;0;0;0;0;0;530.62;0;0;0;0;0;530.62;0;0;0;0;0;0;0;0;0;0;0;0;0.024002493765586;0;0;0;0;0;0;0;0;0;0;6;401;0;401;0;0;0
"1904C";"Réseau de Servières le Château";"2024";"C";"19258";"Servières-le-Château";"SERVIERES LE CHATEAU";0.29;0;0;0;0;0;0.29;0;0;0;0;0;0;0;0;0;0;0;0;0;0;0;0;510.84;0;0;0;0;0;510.84;0;0;0;0;0;0;0;0;0;0;0;0;0.0220420560747664;0;0;0;0;0;0;0;0;0;0;3;428;428;0;0;0;0
"0814C";"Réseau de chaleur de Thin le Moutier";"2024";"C";"08449";"Thin-le-Moutier";"THIN LE MOUTIER";0.24;0;0;0;0;0;0.24;0;0;0;0;0;0;0;0;0;0;0;0;0;0;0;0;182.578;0;0;0;0;0;182.578;0;0;0;0;0;0;0;0;0;0;0;0;0.0306271104679209;0;0;0;0;0;0;0;0;0;0;"secret";"secret";"secret";"secret";"secret";"secret";"secret"
"6817C";"réseau communal de Friesen";"2024";"C";"68098";"Friesen";"FRIESEN";0.23;0;0;0;0;0;0.23;0;0;0;0;0;0;0;0;0;0;0;0;0;0;0;0;292.4;0;0;0;0;0;292.4;0;0;0;0;0;0;0;0;0;0;0;0;0.0220408163265306;0;0;0;0;0;0;0;0;0;0;"secret";"secret";"secret";"secret";"secret";"secret";"secret"
"0514C";"Arvieux";"2024";"C";"05007";"Arvieux";"ARVIEUX";0.22;0;0;0;0;0;0.22;0;0;0;0;0;0;0;0;0;0;0;0;0;0;0;0;331.1;0;0;0;0;0;331.1;0;0;0;0;0;0;0;0;0;0;0;0;0.0362903225806452;0;0;0;0;0;0;0;0;0;0;"secret";"secret";"secret";"secret";"secret";"secret";"secret"
"6820C";"Réseau chaufferies bois Freland";"2024";"C";"68097";"Fréland";"FRELAND";0.22;0;0;0;0;0;0.22;0;0;0;0;0;0;0;0;0;0;0;0;0;0;0;0;541.8;0;0;0;0;0;541.8;0;0;0;0;0;0;0;0;0;0;0;0;0.0222;0;0;0;0;0;0;0;0;0;0;8;450;0;0;0;0;450
"0805C";"Réseau de chaleur bois associatif à Clavy Warby";"2024";"C";"08124";"Clavy-Warby";"CLAVY WARBY";0.2;0;0;0;0;0;0.2;0;0;0;0;0;0;0;0;0;0;0;0;0;0;0;0;174;0;0;0;0;0;174;0;0;0;0;0;0;0;0;0;0;0;0;0.0236857142857143;0;0;0;0;0;0;0;0;0;0;"secret";"secret";"secret";"secret";"secret";"secret";"secret"
"4104C";"Réseau Neung sur Beuvron";"2024";"C";"41159";"Neung-sur-Beuvron";"NEUNG SUR BEUVRON";0.2;0;0;0;0;0;0.2;0;0;0;0;0;0;0;0;0;0;0;0;0;0;0;0;387;0;0;0;0;0;387;0;0;0;0;0;0;0;0;0;0;0;0;0.02228125;0;0;0;0;0;0;0;0;0;0;7;320;0;0;0;0;320
"7003C";"Réseau de Breurey les Faverney";"2024";"C";"70095";"Breurey-lès-Faverney";"BREUREY LES FAVERNEY";0.16;0;0;0;0;0;0.16;0;0;0;0;0;0;0;0;0;0;0;0;0;0;0;0;382.7;0;0;0;0;0;382.7;0;0;0;0;0;0;0;0;0;0;0;0;0.0273266129032258;0;0;0;0;0;0;0;0;0;0;8;248;248;0;0;0;0
"6941C";"Rontalon";"2024";"C";"69170";"Rontalon";"RONTALON";0.11;0;0;0.06;0;0;0.05;0;0;0;0;0;0;0;0;0;0;0;0;0;0;0;0;110.854;0;0;0;0;0;110.854;0;0;0;0;0;0;0;0;0;0;0;0;0.020757;0;0;0;0;0;0;0;0;0;0;"secret";"secret";"secret";"secret";"secret";"secret";"secret"
"0709C";"Réseau de chaleur de Beauvene";"2024";"C";"07030";"Beauvène";"BEAUVENE";0.1;0;0;0;0;0;0.1;0;0;0;0;0;0;0;0;0;0;0;0;0;0;0;0;38.528;0;0;0;0;0;38.528;0;0;0;0;0;0;0;0;0;0;0;0;0.0172363636363636;0;0;0;0;0;0;0;0;0;0;"secret";"secret";"secret";"secret";"secret";"secret";"secret"
"0811C";"Réseau de chaleur bois de Villers le Tourneur";"2024";"C";"08479";"Villers-le-Tourneur";"VILLERS LE TOURNEUR";0.1;0;0;0;0;0;0.1;0;0;0;0;0;0;0;0;0;0;0;0;0;0;0;0;114.38;0;0;0;0;0;114.38;0;0;0;0;0;0;0;0;0;0;0;0;0.0279307958477509;0;0;0;0;0;0;0;0;0;0;"secret";"secret";"secret";"secret";"secret";"secret";"secret"
"4222C";"La Terrasse sur Dorlay";"2024";"C";"42308";"La Terrasse-sur-Dorlay";"LA TERRASSE SUR DORLAY";0.1;0;0;0;0;0;0.1;0;0;0;0;0;0;0;0;0;0;0;0;0;0;0;0;175.6;0;0;0;0;0;175.6;0;0;0;0;0;0;0;0;0;0;0;0;0.0227998670212766;0;0;0;0;0;0;0;0;0;0;"secret";"secret";"secret";"secret";"secret";"secret";"secret"
"4244C";"LOIRE FOREZ AGGLOMERATION Rezo";"2024";"C";"42126";"Luriecq";"LURIECQ";0.1;0;0;0;0;0;0.1;0;0;0;0;0;0;0;0;0;0;0;0;0;0;0;0;179.18;0;0;0;0;0;179.18;0;0;0;0;0;0;0;0;0;0;0;0;0.0222124125874126;0;0;0;0;0;0;0;0;0;0;"secret";"secret";"secret";"secret";"secret";"secret";"secret"
"4508C";"Saint Gondon";"2024";"C";"45280";"Saint-Gondon";"ST GONDON";0.1;0;0;0;0;0;0.1;0;0;0;0;0;0;0;0;0;0;0;0;0;0;0;0;101.8068;0;0;0;0;0;101.8068;0;0;0;0;0;0;0;0;0;0;0;0;0.023480253164557;0;0;0;0;0;0;0;0;0;0;"secret";"secret";"secret";"secret";"secret";"secret";"secret"
"5205C";"Réseau de chaleur bois de Marac";"2024";"C";"52307";"Marac";"MARAC";0.1;0;0;0;0;0;0.1;0;0;0;0;0;0;0;0;0;0;0;0;0;0;0;0;72.3;0;0;0;0;0;72.3;0;0;0;0;0;0;0;0;0;0;0;0;0.0194147994467497;0;0;0;0;0;0;0;0;0;0;"secret";"secret";"secret";"secret";"secret";"secret";"secret"
"3908C";"CHAUFFERIE BOIS LES ORCHIDEES";"2024";"C";"39032";"Avignon-lès-Saint-Claude";"AVIGNON LES ST CLAUDE";0.09;0;0;0;0;0;0.09;0;0;0;0;0;0;0;0;0;0;0;0;0;0;0;0;96.32;0;0;0;0;0;96.32;0;0;0;0;0;0;0;0;0;0;0;0;0.0226666666666667;0;0;0;0;0;0;0;0;0;0;10;78;78;0;0;0;0
"3822C";"Forestener Notre Dame de l’Osier";"2024";"C";"38278";"Notre-Dame-de-l'Osier";"NOTRE DAME DE L OSIER";0.75;0;0;0.5;0;0;0.25;0;0;0;0;0;0;0;0;0;0;0;0;0;0;0;0;826.96;0;0;0.5;0;0;826.46;0;0;0;0;0;0;0;0;0;0;0;0.0133163265306122;0.0412261904761905;0;0;0;0;0;0;0;0;0;0;"secret";"secret";"secret";"secret";"secret";"secret";"secret"
"2001C";"Réseau de Corte";"2024";"C";"2B096";"Corte";"CORTE";10.5;0;0;7;0;0;3.5;0;0;0;0;0;0;0;0;0;0;0;0;0;0;0;0;11320;0;0;8;0;0;11312;0;0;0;0;0;0;0;0;0;0;0;0.000300033337037449;0.0248647627514168;0;0;0;0;0;0;0;0;0;0;31;8999;3959.56;5039.44;0;0;0
"7722C";"Réseau de Village Nature";"2024";"C";"77510";"Villeneuve-Saint-Denis";"VILLENEUVE ST DENIS";64;48;0;0;0;0;0;0;0;0;16;0;0;0;0;0;0;0;0;0;0;0;0;66442;75;0;0;0;0;0;0;0;0;66367;0;0;0;0;0;0;0;0.00029368923729974;0.0156847511296727;0;0;0;0;0;0;0;0;0;0;15;58424;11684.8;46739.2;0;0;0
"2107C";"Mairie";"2024";"C";"21060";"Belleneuve";"BELLENEUVE";0.38;0;0;0.23;0;0;0.15;0;0;0;0;0;0;0;0;0;0;0;0;0;0;0;0;194.7534;0;0;0.23;0;0;194.5234;0;0;0;0;0;0;0;0;0;0;0;0.0298159509202454;0.0578188343558282;0;0;0;0;0;0;0;0;0;0;"secret";"secret";"secret";"secret";"secret";"secret";"secret"
"9119C";"Parc d'activités";"2024";"C";"91666";"Villejust";"VILLEJUST";20;0;0;0;0;0;0;0;20;0;0;0;0;0;0;0;0;0;0;0;0;0;0;83959;0;0;0;0;0;0;0;83959;0;0;0;0;0;0;0;0;0;0.000521115434236236;0.004;0;0;0;0;0;0;0;0;0;0;19;76429;64964.65;11464.35;0;0;0
"4802C";"Mende";"2024";"C";"48095";"Mende";"MENDE";32;0;0;0;0;0;0;0;0;0;0;0;0;0;0;32;0;0;0;0;0;0;0;40968;0;0;168;0;0;0;0;0;0;0;0;0;0;0;40800;0;0;0.001602085768228;0.0218174952800503;0;0;0;0;0;0;0;0;0;0;131;33369;12346.53;21022.47;0;0;0
"1507C";"Réseau Chaleur Bois de Murat";"2024";"C";"03191";"Murat";"MURAT";3;0;0;1.5;0;0;1.5;0;0;0;0;0;0;0;0;0;0;0;0;0;0;0;0;3019;0;0;17;0;0;3002;0;0;0;0;0;0;0;0;0;0;0;0.00224320241691843;0.0255094410876133;0;0;0;0;0;0;0;0;0;0;6;2648;370.72;2277.28;0;0;0
"5608C";"Réseau de chaleur de Locmiquelic";"2024";"C";"56118";"Locmiquélic";"LOCMIQUELIC";0.68;0.44;0;0;0;0;0.24;0;0;0;0;0;0;0;0;0;0;0;0;0;0;0;0;340.9865;2.1465;0;0;0;0;338.84;0;0;0;0;0;0;0;0;0;0;0;0.00158741883116883;0.0223876461038961;0;0;0;0;0;0;0;0;0;0;4;308;0;308;0;0;0
"5811C";"Réseau de chaleur de Planchez";"2024";"C";"58210";"Planchez";"PLANCHEZ";0.3;0;0;0.15;0;0;0.15;0;0;0;0;0;0;0;0;0;0;0;0;0;0;0;0;154.23;0;0;1.07;0;0;153.16;0;0;0;0;0;0;0;0;0;0;0;0.0026188166828322;0.0309223246039444;0;0;0;0;0;0;0;0;0;0;"secret";"secret";"secret";"secret";"secret";"secret";"secret"
"6924C";"LES COMBES";"2024";"C";"69269";"Yzeron";"YZERON";0.66;0;0;0.46;0;0;0.2;0;0;0;0;0;0;0;0;0;0;0;0;0;0;0;0;600.833;0;0;4.4144;0;0;596.4186;0;0;0;0;0;0;0;0;0;0;0;0.00217406126722836;0.0212448741050991;0;0;0;0;0;0;0;0;0;0;"secret";"secret";"secret";"secret";"secret";"secret";"secret"
"0705C";"Réseau de chaleur communal de Burzet";"2024";"C";"07045";"Burzet";"BURZET";3.5;0;0;0.3;0;0;3.2;0;0;0;0;0;0;0;0;0;0;0;0;0;0;0;0;1100.7201;0;0;8.0901;0;0;1092.63;0;0;0;0;0;0;0;0;0;0;0;0.0041882252559727;0.037211023890785;0;0;0;0;0;0;0;0;0;0;34;586;293;293;0;0;0
"4308C";"Pradelles";"2024";"C";"59469";"Pradelles";"PRADELLES";1.56;0;0;0.96;0;0;0.6;0;0;0;0;0;0;0;0;0;0;0;0;0;0;0;0;1608.45;0;0;32.93;0;0;1575.52;0;0;0;0;0;0;0;0;0;0;0;0.0060618932038835;0.0257257281553398;0;0;0;0;0;0;0;0;0;0;18;1648;0;0;0;0;1648
"4617C";"Réseau de GOURDON";"2024";"C";"06068";"Gourdon";"GOURDON";7.5;0;0;4.5;0;0;3;0;0;0;0;0;0;0;0;0;0;0;0;0;0;0;0;5607.87;0;0;121.93;0;0;5485.94;0;0;0;0;0;0;0;0;0;0;0;0.00799265341400173;0.0315097234226448;0;0;0;0;0;0;0;0;0;0;143;4628;3980.08;647.92;0;0;0
"8605C";"Réseau Lusignan";"2024";"C";"86139";"Lusignan";"LUSIGNAN";1.37;0;0;0.63;0;0;0.74;0;0;0;0;0;0;0;0;0;0;0;0;0;0;0;0;1592.4726;0;0;35.0126;0;0;1557.46;0;0;0;0;0;0;0;0;0;0;0;0.00779988103892671;0.0306481322377165;0;0;0;0;0;0;0;0;0;0;7;1361.79;0;1361.79;0;0;0
"9408C";"Marché International de Rungis";"2024";"C";"94065";"Rungis";"RUNGIS";75;34.94;0;0.06;0;0;0;0;40;0;0;0;0;0;0;0;0;0;0;0;0;0;0;166520.418;3670.11;0;15.308;0;0;0;0;162835;0;0;0;0;0;0;0;0;0;0.00544037341256261;0.0100275824608806;0;0;0;0;0;0;0;0;0;0;160;41137;0;11106.99;0;0;30030
"3319C";"Bordeaux Begles Energies";"2024";"C";"33063";"Bordeaux";"BORDEAUX";32;18;0;0;0;0;0;0;14;0;0;0;0;0;0;0;0;0;0;0;0;0;0;28834;679;0;0;0;0;0;0;28155;0;0;0;0;0;0;0;0;0;0.00619221967963387;0.0108567505720824;0;0;0;0;0;0;0;0;0;0;63;27531;0;0;0;0;27531
"4803C";"SCABE Saint Chely d'Apcher Bois Energie";"2024";"C";"48140";"Saint-Chély-d'Apcher";"ST CHELY D APCHER";10;0;0;5;0;0;3;0;0;0;0;0;0;0;2;0;0;0;0;0;0;0;0;11727;0;0;277;0;0;9123;0;0;0;0;0;0;0;2327;0;0;0;0.00881825674840305;0.0280761384710488;0;0;0;0;0;0;0;0;0;0;54;9706;2038.26;7667.74;0;0;0
"1503C";"Réseau de chaleur bois du Volzac";"2024";"C";"15187";"Saint-Flour";"ST FLOUR";3;0;0;1.5;0;0;1.5;0;0;0;0;0;0;0;0;0;0;0;0;0;0;0;0;2429;0;0;61;0;0;2368;0;0;0;0;0;0;0;0;0;0;0;0.00839253996447602;0.0317007104795737;0;0;0;0;0;0;0;0;0;0;3;2252;0;2252;0;0;0
"3101C";"Réseau de Toulouse Mirail";"2024";"C";"31555";"Toulouse";"TOULOUSE";115.95;22.95;0;0;0;0;0;0;93;0;0;0;0;0;0;0;0;0;0;0;0;0;0;190370.13;6719.13;0;0;0;0;0;0;183651;0;0;0;0;0;0;0;0;0;0.00990403808727443;0.0149669104673722;0;0;0;0;0;0;0;0;0;0;171;153206.8919;93394.92130224;22751.22344715;0;0;37061
"3604C";"Réseau communal Neuvy Saint Sepulchre";"2024";"C";"36141";"Neuvy-Saint-Sépulchre";"NEUVY ST SEPULCHRE";1.6;0;0;0.8;0;0;0.8;0;0;0;0;0;0;0;0;0;0;0;0;0;0;0;0;838.66;0;0;30.26;0;0;808.4;0;0;0;0;0;0;0;0;0;0;0;0.0135598227474151;0.0383220088626292;0;0;0;0;0;0;0;0;0;0;21;677;27.08;649.92;0;0;0
"8106C";"Réseau de chaleur d'ALBAN";"2024";"C";"81003";"Alban";"ALBAN";0.86;0;0;0.56;0;0;0.3;0;0;0;0;0;0;0;0;0;0;0;0;0;0;0;0;738.374;0;0;27.412;0;0;710.962;0;0;0;0;0;0;0;0;0;0;0;0.0136641472231351;0.038055701610253;0;0;0;0;0;0;0;0;0;0;"secret";"secret";"secret";"secret";"secret";"secret";"secret"
"1704C";"Pont Neuf Mireuil Energie";"2024";"C";"17300";"La Rochelle";"LA ROCHELLE";40;25;0;0;0;0;0;0;15;0;0;0;0;0;0;0;0;0;0;0;0;0;0;35307;1324;0;0;0;0;0;0;33983;0;0;0;0;0;0;0;0;0;0.0140001153212521;0.0195025667215816;0;0;0;0;0;0;0;0;0;0;106;30350;24583.5;5766.5;0;0;0
"7715C";"Réseau de Montereau - ZUP de Surville";"2024";"C";"77305";"Montereau-Fault-Yonne";"MONTEREAU FAULT YONNE";21;10;0;0;0;0;6;0;5;0;0;0;0;0;0;0;0;0;0;0;0;0;0;36230.1;1360.1;0;0;0;0;11796;0;23074;0;0;0;0;0;0;0;0;0;0.0102494081122907;0.02190321213953;0;0;0;0;0;0;0;0;0;0;32;30226.26542;23821.319777502;5779.261948304;0;0;626
"2911C";"Centre-Bourg - Arzano";"2024";"C";"29002";"Arzano";"ARZANO";1.6;1.4;0;0;0;0;0.2;0;0;0;0;0;0;0;0;0;0;0;0;0;0;0;0;677.5378;25.7094;0;0;0;0;651.8284;0;0;0;0;0;0;0;0;0;0;0;0.0101589584345292;0.0323424155159253;0;0;0;0;0;0;0;0;0;0;"secret";"secret";"secret";"secret";"secret";"secret";"secret"
"0512C";"MOLINES EN QUEYRAS";"2024";"C";"05077";"Molines-en-Queyras";"MOLINES EN QUEYRAS";3.5;0;0;0.5;0;0;3;0;0;0;0;0;0;0;0;0;0;0;0;0;0;0;0;319.48;0;0;12.46;0;0;307.02;0;0;0;0;0;0;0;0;0;0;0;0.0138461538461538;0.0376153846153846;0;0;0;0;0;0;0;0;0;0;"secret";"secret";"secret";"secret";"secret";"secret";"secret"
"1801C";"Chancellerie Gibjoncs - Zup de Bourges";"2024";"C";"18033";"Bourges";"BOURGES";53.5;32;0;0;0;0;21.5;0;0;0;0;0;0;0;0;0;0;0;0;0;0;0;0;80853;3892;0;0;0;0;76961;0;0;0;0;0;0;0;0;0;0;0;0.0126031989547243;0.0356511309117293;1;25;0;0;0;0;0;0;0;0;109;68116;38144.96;29971.04;0;0;0
"5103C";"VY'ENERGIE";"2024";"C";"51649";"Vitry-le-François";"VITRY LE FRANCOIS";26.7;15.6;0;1;0;0;10.1;0;0;0;0;0;0;0;0;0;0;0;0;0;0;0;0;25350.56;1297;0;3.56;0;0;24050;0;0;0;0;0;0;0;0;0;0;0;0.0119025330396476;0.0323063968428781;0;0;0;0;0;0;0;0;0;0;55;21792;12857.28;6101.76;0;0;2833
"7009C";"Chaufferie de GY";"2024";"C";"70282";"Gy";"GY";0.67;0;0;0.25;0;0;0.42;0;0;0;0;0;0;0;0;0;0;0;0;0;0;0;0;657;0;0;34;0;0;623;0;0;0;0;0;0;0;0;0;0;0;0.0389891696750903;0.0671425992779783;0;0;0;0;0;0;0;0;0;0;"secret";"secret";"secret";"secret";"secret";"secret";"secret"
"3603C";"Réseau de chaleur Argenton sur Creuse";"2024";"C";"36006";"Argenton-sur-Creuse";"ARGENTON SUR CREUSE";2.73;1.9;0;0;0;0;0.83;0;0;0;0;0;0;0;0;0;0;0;0;0;0;0;0;1913;99;0;0;0;0;1814;0;0;0;0;0;0;0;0;0;0;0;0.012877538071066;0.0356643401015228;0;0;0;0;0;0;0;0;0;0;"secret";"secret";"secret";"secret";"secret";"secret";"secret"
"3809C";"Réseau de Monestier-de-Clermont";"2024";"C";"38242";"Monestier-de-Clermont";"MONESTIER DE CLERMONT";1.13;0;0;0.63;0;0;0.5;0;0;0;0;0;0;0;0;0;0;0;0;0;0;0;0;1084.651;0;0;56.693;0;0;1027.958;0;0;0;0;0;0;0;0;0;0;0;0.0225708661417323;0.0514772965879265;0;0;0;0;0;0;0;0;0;0;11;762;0;762;0;0;0
"2112C";"Réseau de chaleur - Plaine des Sports de Saulieu";"2024";"C";"21584";"Saulieu";"SAULIEU";0.8;0;0;0.5;0;0;0.3;0;0;0;0;0;0;0;0;0;0;0;0;0;0;0;0;1047;0;0;55;0;0;992;0;0;0;0;0;0;0;0;0;0;0;0.0199374217772215;0.0555356695869837;0;0;0;0;0;0;0;0;0;0;"secret";"secret";"secret";"secret";"secret";"secret";"secret"
"8113C";"Réseau de chaleur de Saint-Pierre-de-Trivisy";"2024";"C";"81267";"Saint-Pierre-de-Trivisy";"ST PIERRE DE TRIVISY";1.04;0;0;0.74;0;0;0.3;0;0;0;0;0;0;0;0;0;0;0;0;0;0;0;0;828.366;0;0;43.788;0;0;784.578;0;0;0;0;0;0;0;0;0;0;0;0.023827802690583;0.0538667264573991;0;0;0;0;0;0;0;0;0;0;4;557.5;0;557.5;0;0;0
"3324C";"Réseau de chaleur des Hauts de Garonne";"2024";"C";"33119";"Cenon";"CENON";126;98;0;0.5;0;0;5.5;0;22;0;0;0;0;0;0;0;0;0;0;0;0;0;0;125727;9296;0;22;0;0;8238;0;108171;0;0;0;0;0;0;0;0;0;0.0190614534539997;0.0264192191089662;1;23;0;0;0;0;0;0;0;0;156;109945;0;0;0;0;109945
"8304C";"Berthe";"2024";"C";"83126";"La Seyne-sur-Mer";"LA SEYNE SUR MER";27;9;0;0;0;0;0;18;0;0;0;0;0;0;0;0;0;0;0;0;0;0;0;18263.23;1138.05;0;0;0;0;0;17125.18;0;0;0;0;0;0;0;0;0;0;0.0160201779865274;0.0217394165997157;0;0;0;0;0;0;0;0;0;0;25;16181;11896.2712;4284.7288;0;0;0
"4616C";"Réseau de Lacapelle Marival";"2024";"C";"46143";"Lacapelle-Marival";"LACAPELLE MARIVAL";4.5;0;0;3;0;0;1.5;0;0;0;0;0;0;0;0;0;0;0;0;0;0;0;0;3739.64;0;0;240.3;0;0;3499.34;0;0;0;0;0;0;0;0;0;0;0;0.0300247116968699;0.0618158978583196;0;0;0;0;0;0;0;0;0;0;136;2428;2063.8;364.2;0;0;0
"5612C";"Lanveur - Kerjulaude -  Lorient";"2024";"C";"56121";"Lorient";"LORIENT";2.6;1.5;0;0;0;0;1.1;0;0;0;0;0;0;0;0;0;0;0;0;0;0;0;0;2257.9896;147.5496;0;0;0;0;2110.44;0;0;0;0;0;0;0;0;0;0;0;0.0163306705539359;0.0375846880466472;0;0;0;0;0;0;0;0;0;0;9;2058;0;2058;0;0;0
"0310C";"Réseau de chaleur de Cusset";"2024";"C";"03095";"Cusset";"CUSSET";4.38;2.58;0;0;0;0;1.8;0;0;0;0;0;0;0;0;0;0;0;0;0;0;0;0;6586.45;436.59;0;0;0;0;6149.86;0;0;0;0;0;0;0;0;0;0;0;0.0168294973768827;0.0383680318158741;0;0;0;0;0;0;0;0;0;0;5;5909;1949.97;3959.03;0;0;0
"2302C";"Réseau de Felletin";"2024";"C";"23079";"Felletin";"FELLETIN";10;3.5;0;0;0;0;3.5;0;0;0;0;0;0;0;0;3;0;0;0;0;0;0;0;11292;549;0;0;0;0;10540;0;0;0;0;0;0;0;0;203;0;0;0.0177887492519449;0.0434568521843208;0;0;0;0;0;0;0;0;0;0;21;8355;2506.5;5848.5;0;0;0
"3806C";"Réseau d'Allevard";"2024";"C";"38006";"Allevard";"ALLEVARD";7.2;0;0;0;0;2.5;2.2;0;0;0;0;0;2.5;0;0;0;0;0;0;0;0;0;0;8334;0;0;0;0;559;7775;0;0;0;0;0;0;0;0;0;0;0;0.0214779715878439;0.0525620571839597;0;0;0;0;0;0;0;0;0;0;21;5561;1167.81;4393.19;0;0;0
"7608C";"Château Blanc";"2024";"C";"76575";"Saint-Étienne-du-Rouvray";"ST ETIENNE DU ROUVRAY";23.6;8.1;0;0;0;0;11;0;0;0;0;4.5;0;0;0;0;0;0;0;0;0;0;0;37440;2076;0;0;0;0;33116;0;0;0;0;2248;0;0;0;0;0;0;0.0173874130831027;0.0396852359414028;0;0;0;0;0;0;0;0;0;0;51;29626;0;0;0;0;29626
"8112C";"Réseau de chaleur de LACAUNE";"2024";"C";"81124";"Lacaune";"LACAUNE";1.23;0;0;0.63;0;0;0.6;0;0;0;0;0;0;0;0;0;0;0;0;0;0;0;0;1167.579;0;0;80.367;0;0;1087.212;0;0;0;0;0;0;0;0;0;0;0;0.0223310130060451;0.04584997252244;0;0;0;0;0;0;0;0;0;0;4;1091.8;0;1091.8;0;0;0
"4241C";"Farnay";"2024";"C";"42093";"Farnay";"FARNAY";0.26;0;0;0.15;0;0;0.11;0;0;0;0;0;0;0;0;0;0;0;0;0;0;0;0;356.11;0;0;24.59;0;0;331.52;0;0;0;0;0;0;0;0;0;0;0;0.0247204237786934;0.050051598979792;0;0;0;0;0;0;0;0;0;0;3;305.82;0;305.82;0;0;0
"0106C";"Belena";"2024";"C";"01034";"Belley";"BELLEY";13.55;9;0;0;0;0;4.55;0;0;0;0;0;0;0;0;0;0;0;0;0;0;0;0;14517;1015;0;0;0;0;13502;0;0;0;0;0;0;0;0;0;0;0;0.0193757840311917;0.0439226733344635;0;0;0;0;0;0;0;0;0;0;31;11798;5309.1;6488.9;0;0;0
"7614C";"Chaufferie bois Grammont";"2024";"C";"76540";"Rouen";"ROUEN";18.31;13.51;0;0;0;0;4.8;0;0;0;0;0;0;0;0;0;0;0;0;0;0;0;0;13618.5483;1110.0483;0;0;0;0;12508.5;0;0;0;0;0;0;0;0;0;0;0;0.019379499885031;0.0407208943818502;0;0;0;0;0;0;0;0;0;0;27;13047;9654.78;3392.22;0;0;0
"6203C";"Réseau de chaleur de Lens";"2024";"C";"62498";"Lens";"LENS";34.04;19.51;0;0.5;0;0;0;0;0;0;0;0;0;12;0;2.03;0;0;0;0;0;0;0;60161.1434;4730.1651;0;42.2483;0;0;0;0;0;0;0;0;0;55171.5;0;217.23;0;0;0.0215160035835498;0.0414466495326217;0;0;0;0;0;0;0;0;0;0;57;37314;6716.52;19776.42;0;0;10821
"4250C";"CDC VAL D'AIX ET ISABLE";"2024";"C";"42230";"Saint-Germain-Laval";"ST GERMAIN LAVAL";1.35;0;0;0.95;0;0;0.4;0;0;0;0;0;0;0;0;0;0;0;0;0;0;0;0;775.41;0;0;67.91;0;0;707.5;0;0;0;0;0;0;0;0;0;0;0;0.0354137160536267;0.0648792368511516;0;0;0;0;0;0;0;0;0;0;5;581.8;0;378.17;0;0;204
"7105C";"Réseau de chaleur de Tramayes";"2024";"C";"71545";"Tramayes";"TRAMAYES";1.8;0;0;0.6;0;0;1.2;0;0;0;0;0;0;0;0;0;0;0;0;0;0;0;0;1844.14;0;0;161.98;0;0;1682.16;0;0;0;0;0;0;0;0;0;0;0;0.0375975516449885;0.0685723029839327;0;0;0;0;0;0;0;0;0;0;50;1307;405.17;901.83;0;0;0
"7308C";"Réseau de Beaufort";"2024";"C";"73034";"Beaufort";"BEAUFORT";2.7;0;0;1.8;0;0;0.9;0;0;0;0;0;0;0;0;0;0;0;0;0;0;0;0;2799.07;0;0;248.31;0;0;2550.76;0;0;0;0;0;0;0;0;0;0;0;0.0329671772428884;0.060435010940919;0;0;0;0;0;0;0;0;0;0;19;2285;799.75;1485.25;0;0;0
"9421C";"Réseau d'Alfortville";"2024";"C";"94002";"Alfortville";"ALFORTVILLE";36.61;23.61;0;0;0;0;0;0;0;0;13;0;0;0;0;0;0;0;0;0;0;0;0;44439.96;3981.96;0;0;0;0;0;0;0;0;40458;0;0;0;0;0;0;0;0.0209832735685367;0.036594998264893;0;0;0;0;0;0;0;0;0;0;81;43225;38470.25;4754.75;0;0;0
"2406C";"Réseau de Coulounieix chamiers";"2024";"C";"24138";"Coulounieix-Chamiers";"COULOUNIEIX CHAMIERS";4;2.74;0;0;0;0;1.26;0;0;0;0;0;0;0;0;0;0;0;0;0;0;0;0;4314;434;0;0;0;0;3880;0;0;0;0;0;0;0;0;0;0;0;0.028968417266187;0.0513460746069811;0;0;0;0;0;0;0;0;0;0;11;3753;2777.22;975.78;0;0;0
"5719C";"reseau de Cattenom";"2024";"C";"57124";"Cattenom";"CATTENOM";2.8;0;0;0.8;0;0;2;0;0;0;0;0;0;0;0;0;0;0;0;0;0;0;0;2724;0;0;278;0;0;2446;0;0;0;0;0;0;0;0;0;0;0;0.0466894197952218;0.0823521046643914;0;0;0;0;0;0;0;0;0;0;21;1758;228.54;1529.46;0;0;0
"4903C";"CHU Angers";"2024";"C";"49007";"Angers";"ANGERS";45;11.6;0;16;0;0;17.4;0;0;0;0;0;0;0;0;0;0;0;0;0;0;0;0;33240;3399;0;9;0;0;29832;0;0;0;0;0;0;0;0;0;0;0;0.0230603446560739;0.0433738685462275;1;14;0;0;0;0;0;0;0;0;26;29454;2650.86;7952.58;2650.86;0;16200
"1202C";"Réseau de Cransac";"2024";"C";"12083";"Cransac";"CRANSAC";1.3;0.8;0;0;0;0;0.5;0;0;0;0;0;0;0;0;0;0;0;0;0;0;0;0;737;76;0;0;0;0;661;0;0;0;0;0;0;0;0;0;0;0;0.0872307692307692;0.119567729831144;0;0;0;0;0;0;0;0;0;0;16;533;69.29;463.71;0;0;0
"2901C";"ECO CHALEUR DE BREST";"2024";"C";"29019";"Brest";"BREST";75;40;0;0;0;0;9;0;26;0;0;0;0;0;0;0;0;0;0;0;0;0;0;190960.02;20576.31;0;0;0;0;36162;0;134221.71;0;0;0;0;0;0;0;0;0;0.0254224049862608;0.035320451912822;70;0;0;0;0;0;0;0;0;0;257;159398;68541.14;90856.86;0;0;0
"6501C";"Réseau de Vic-en-Bigorre";"2024";"C";"65460";"Vic-en-Bigorre";"VIC EN BIGORRE";7.6;5;0;0;0;0;2.6;0;0;0;0;0;0;0;0;0;0;0;0;0;0;0;0;9576;1046;0;0;0;0;8530;0;0;0;0;0;0;0;0;0;0;0;0.0320881010129833;0.0585077329148238;0;0;0;0;0;0;0;0;0;0;46;7009;4205.4;2803.6;0;0;0
"6822C";"Réseau de chaleur de la Hardt";"2024";"C";"68278";"Rixheim";"RIXHEIM";35.8;27.8;0;0;0;0;0;0;8;0;0;0;0;0;0;0;0;0;0;0;0;0;0;22311.72;2439.72;0;0;0;0;0;0;19872;0;0;0;0;0;0;0;0;0;0.03043007337641;0.037695739787537;0;0;0;0;0;0;0;0;0;0;38;18262;9131;9131;0;0;0
"2305C";"Réseau de Guéret";"2024";"C";"23096";"Guéret";"GUERET";21.95;11.2;0;0;0;0;6.7;0;0;0;0;0;0;0;0;4.05;0;0;0;0;0;0;0;26535;2925;0;0;0;0;23293;0;0;0;0;0;0;0;0;317;0;0;0.0334479833406401;0.0569868873301184;0;0;0;0;0;0;0;0;0;0;43;22810;8895.9;13914.1;0;0;0
"5607C";"Réseau de Serent";"2024";"C";"56244";"Sérent";"SERENT";0.64;0.32;0;0;0;0;0.32;0;0;0;0;0;0;0;0;0;0;0;0;0;0;0;0;771.59;94.77;0;0;0;0;676.82;0;0;0;0;0;0;0;0;0;0;0;0.0386854838709677;0.0651722222222222;0;0;0;0;0;0;0;0;0;0;6;558;0;0;0;0;558
"4225C";"Neulise";"2024";"C";"42156";"Neulise";"NEULISE";1.41;0;0;0.96;0;0;0.45;0;0;0;0;0;0;0;0;0;0;0;0;0;0;0;0;1435.55;0;0;177.8;0;0;1257.75;0;0;0;0;0;0;0;0;0;0;0;0.0529794761513076;0.0851737540507596;0;0;0;0;0;0;0;0;0;0;15;1009.07;0;1009.07;0;0;0
"7411C";"Quartier du Crozets";"2024";"C";"74264";"Scionzier";"SCIONZIER";7.5;7.5;0;0;0;0;0;0;0;0;0;0;0;0;0;0;0;0;0;0;0;0;0;24;24;0;0;0;0;0;0;0;0;0;0;0;0;0;0;0;0;0.0407373764059629;0.0535919322854713;0;0;0;0;0;0;0;0;0;0;18;3679;3679;0;0;0;0
"8901C";"Zup des Grahuches";"2024";"C";"89387";"Sens";"SENS";41.2;30.2;0;0;0;0;6;0;5;0;0;0;0;0;0;0;0;0;0;0;0;0;0;57197;7166;0;0;0;0;19075;0;30956;0;0;0;0;0;0;0;0;0;0.0335837037037037;0.0481094586276;0;4;0;0;0;0;0;0;0;0;88;45900;13770;32130;0;0;0
"6007C";"VSPU Villers Saint Paul Utilités";"2024";"C";"60684";"Villers-Saint-Paul";"VILLERS ST PAUL";52;36;0;0;0;0;0;0;16;0;0;0;0;0;0;0;0;0;0;0;0;0;0;55002;6919;0;0;0;0;0;0;48083;0;0;0;0;0;0;0;0;0;0.0509250760392024;0.0603902061507266;87;0;0;0;0;0;0;0;0;0;4;44385;0;0;44385;0;0
"5815C";"Réseau de chaleur de Saint Saulge";"2024";"C";"58267";"Saint-Saulge";"ST SAULGE";0.54;0;0;0.34;0;0;0.2;0;0;0;0;0;0;0;0;0;0;0;0;0;0;0;0;441.55;0;0;55.61;0;0;385.94;0;0;0;0;0;0;0;0;0;0;0;0.0443555555555556;0.0714913580246914;0;0;0;0;0;0;0;0;0;0;"secret";"secret";"secret";"secret";"secret";"secret";"secret"
"6801C";"Réseau de Colmar";"2024";"C";"68066";"Colmar";"COLMAR";80.5;52;0;0;0;0;8.5;20;0;0;0;0;0;0;0;0;0;0;0;0;0;0;0;152513.0963;21485.5173;0;0;0;0;22486.979;108540.6;0;0;0;0;0;0;0;0;0;0;0.0348902667179501;0.0450579770600391;0;0;0;0;0;0;0;0;0;0;377;140266.15;63877.20471;70960.645285;5428.300005;0;0
"6311C";"Réseau de chaleur de St-Germain-l'Herm";"2024";"C";"63353";"Saint-Germain-l'Herm";"ST GERMAIN L HERM";1.5;0;0;0.5;0;0;1;0;0;0;0;0;0;0;0;0;0;0;0;0;0;0;0;2831.177;0;0;357.602;0;0;2473.575;0;0;0;0;0;0;0;0;0;0;0;0.0455658879564527;0.0743839998991961;0;0;0;0;0;0;0;0;0;0;50;2380.86;1904.688;476.172;0;0;0
"5302C";"Réseau de Laval - Zup Saint Nicolas";"2024";"C";"53130";"Laval";"LAVAL";60.31;31.21;0;0;0;0;0;0;0;0;0;0;0;0;21;8.1;0;0;0;0;0;0;0;65023.19;8764.89;0;0;0;0;0;0;0;0;0;0;0;0;56001;257.3;0;0;0.0394878787437862;0.0477256023162901;0;0;0;0;0;0;0;0;0;0;76;51894.28339;26652.903949104;12449.438585261;0;0;12792
"6319C";"Réseau d'Issoire - Energ'Iss";"2024";"C";"63178";"Issoire";"ISSOIRE";24.75;15;0;0;0;0;2.75;0;0;0;0;0;0;0;7;0;0;0;0;0;0;0;0;24032;3336;0;0;0;0;12516;0;0;0;0;0;0;0;8180;0;0;0;0.0361008409283097;0.0528263882363995;0;0;0;0;0;0;0;0;0;0;43;21286;5534.36;15751.64;0;0;0
"2402C";"L'Arche au Bois";"2024";"C";"24322";"Périgueux";"PERIGUEUX";5.5;2;0;0;0;0;3.5;0;0;0;0;0;0;0;0;0;0;0;0;0;0;0;0;3448.7;698.6;0;0;0;0;2750.1;0;0;0;0;0;0;0;0;0;0;0;0.0583011150390108;0.0849331373709374;0;0;0;0;0;0;0;0;0;0;32;2568.52;1407.805812;1160.714188;0;0;0
"3827C";"Réseau Grenoble Alpes Chaleur Meylan";"2024";"C";"38229";"Meylan";"MEYLAN";5.8;5.8;0;0;0;0;0;0;0;0;0;0;0;0;0;0;0;0;0;0;0;0;0;1350.08;1350.08;0;0;0;0;0;0;0;0;0;0;0;0;0;0;0;0;0.294694830079433;0.330320616722104;0;0;0;0;0;0;0;0;0;0;11;1043.517;967.340259;76.176741;0;0;0
"5720C";"Réseau de chaleur d’Amnéville";"2024";"C";"57019";"Amnéville";"AMNEVILLE";12.2;9;0;0;0;0;3.2;0;0;0;0;0;0;0;0;0;0;0;0;0;0;0;0;22149;3179;0;0;0;0;18970;0;0;0;0;0;0;0;0;0;0;0;0.032318861265376;0.0554139461254996;0;0;0;0;0;0;0;0;0;0;29;19267;5780.1;13486.9;0;0;0
"0105C";"Réseau de saint-denis-les-bourg";"2024";"C";"01344";"Saint-Denis-lès-Bourg";"ST DENIS LES BOURG";1.6;0.8;0;0;0;0;0.8;0;0;0;0;0;0;0;0;0;0;0;0;0;0;0;0;1581;228;0;0;0;0;1353;0;0;0;0;0;0;0;0;0;0;0;0.0463199492814877;0.0764557058326289;0;0;0;0;0;0;0;0;0;0;13;1183;295.75;887.25;0;0;0
"7812C";"Réseau de Plaisir - Resop";"2024";"C";"78490";"Plaisir";"PLAISIR";51.5;28.5;0;3;0;0;0;0;20;0;0;0;0;0;0;0;0;0;0;0;0;0;0;74205;10602;0;124;0;0;0;0;63479;0;0;0;0;0;0;0;0;0;0.0374629907694253;0.0455411566668774;0;0;0;0;0;0;0;0;0;0;40;63268;46185.64;17082.36;0;0;0
"0612C";"BET Marenda";"2024";"C";"06004";"Antibes";"ANTIBES";2.61;0;0;0;0;0;0;0;0;0;0;1.61;0;1;0;0;0;0;0;0;0;0;0;2602;0;0;0;0;0;0;0;0;0;0;2602;0;0;0;0;0;0;0.0704497607655502;0.0349196172248804;0;0;0;0;0;0;0;0;0;0;10;1045;836;209;0;0;0
"7820C";"Veligeo";"2024";"C";"78640";"Vélizy-Villacoublay";"VELIZY VILLACOUBLAY";12;0;0;0;0;0;0;0;0;0;0;12;0;0;0;0;0;0;0;0;0;0;0;67357;0;0;0;0;0;0;0;0;0;0;67357;0;0;0;0;0;0;0.0285239427349021;0.0165188415336515;0;0;0;0;0;0;0;0;0;0;"secret";"secret";"secret";"secret";"secret";"secret";"secret"
"1909C";"Réseau d'Objat";"2024";"C";"19153";"Objat";"OBJAT";3.6;2.7;0;0;0;0;0.9;0;0;0;0;0;0;0;0;0;0;0;0;0;0;0;0;3245;511;0;0;0;0;2734;0;0;0;0;0;0;0;0;0;0;0;0.0427339400428266;0.0664078158458244;0;0;0;0;0;0;0;0;0;0;11;2802;0;2802;0;0;0
"1405C";"Réseau de Bois I";"2024";"C";"14047";"Bayeux";"BAYEUX";5.55;5.55;0;0;0;0;0;0;0;0;0;0;0;0;0;0;0;0;0;0;0;0;0;74.1000000000004;74.1;0;0;0;0;0;0;0;0;0;0;0;0;0;0;0;0;0.0441910078028984;0.0741129988638242;0;0;0;0;0;0;0;0;0;0;10;4780.09;2485.6468;2294.4432;0;0;0
"1203C";"Réseau Sarrus";"2024";"C";"12202";"Rodez";"RODEZ";3.28;2.32;0;0;0;0;0.96;0;0;0;0;0;0;0;0;0;0;0;0;0;0;0;0;2241.12;362.88;0;0;0;0;1878.24;0;0;0;0;0;0;0;0;0;0;0;0.0402610813443741;0.0624113005358013;0;0;0;0;0;0;0;0;0;0;6;2053;410.6;1642.4;0;0;0
"7905C";"Quartier Les Brizeaux";"2024";"C";"79191";"Niort";"NIORT";1.7;1;0;0;0;0;0.7;0;0;0;0;0;0;0;0;0;0;0;0;0;0;0;0;1686;273;0;0;0;0;1413;0;0;0;0;0;0;0;0;0;0;0;0.0532900485436893;0.0807419902912622;0;0;0;0;0;0;0;0;0;0;50;1236;865.2;370.8;0;0;0
"7011C";"Réseau d'Hericourt - Quartier Maunoury";"2024";"C";"70285";"Héricourt";"HERICOURT";4.3;2.8;0;0;0;0;1.5;0;0;0;0;0;0;0;0;0;0;0;0;0;0;0;0;5282;865;0;0;0;0;4417;0;0;0;0;0;0;0;0;0;0;0;0.0523638728323699;0.0856539306358382;0;0;0;0;0;0;0;0;0;0;46;3460;2422;1038;0;0;0
"7403C";"BOIS ENERGIES ANNEMASSE";"2024";"C";"74012";"Annemasse";"ANNEMASSE";11.5;8;0;0;0;0;3.5;0;0;0;0;0;0;0;0;0;0;0;0;0;0;0;0;18531;3037;0;0;0;0;15494;0;0;0;0;0;0;0;0;0;0;0;0.0446365438216166;0.0684172685041809;0;0;0;0;0;0;0;0;0;0;76;16145;0;0;0;0;16145
"3803C";"Berjalia";"2024";"C";"38053";"Bourgoin-Jallieu";"BOURGOIN JALLIEU";50.3;36;0;2;0;0;0;0;12.3;0;0;0;0;0;0;0;0;0;0;0;0;0;0;51162;9144;0;0;0;0;0;0;42018;0;0;0;0;0;0;0;0;0;0.0484161319361093;0.0576120095097406;82;0;0;0;0;0;0;0;0;0;92;43324;25127.92;16896.36;1299.72;0;0
"6942C";"Colombier Saugnieu";"2024";"C";"69299";"Colombier-Saugnieu";"COLOMBIER SAUGNIEU";0.66;0;0;0.46;0;0;0.2;0;0;0;0;0;0;0;0;0;0;0;0;0;0;0;0;513.0747;0;0;92.3197;0;0;420.755;0;0;0;0;0;0;0;0;0;0;0;0.0572742331288344;0.0857357259713702;0;0;0;0;0;0;0;0;0;0;4;489;0;489;0;0;0
"5003C";"Régie de chauffage du Teilleul";"2024";"C";"50591";"Le Teilleul";"LE TEILLEUL";1.74;0;0;1.2;0;0;0.54;0;0;0;0;0;0;0;0;0;0;0;0;0;0;0;0;1371.47;0;0;248.31;0;0;1123.16;0;0;0;0;0;0;0;0;0;0;0;0.066781914893617;0.0991897163120567;0;0;0;0;0;0;0;0;0;0;11;1128;902.4;225.6;0;0;0
"4239C";"Pélussin - Siège CCPR";"2024";"C";"42168";"Pélussin";"PELUSSIN";0.25;0;0;0.15;0;0;0.1;0;0;0;0;0;0;0;0;0;0;0;0;0;0;0;0;217.36;0;0;39.73;0;0;177.63;0;0;0;0;0;0;0;0;0;0;0;0.0675605381165919;0.100123934977578;0;0;0;0;0;0;0;0;0;0;"secret";"secret";"secret";"secret";"secret";"secret";"secret"
"1323C";"Réseau de chaleur urbain « Terre de Garance »";"2024";"C";"13005";"Aubagne";"AUBAGNE";1.9;0;0;1;0;0;0.9;0;0;0;0;0;0;0;0;0;0;0;0;0;0;0;0;2696.265;0;0;493.2202;0;0;2203.0448;0;0;0;0;0;0;0;0;0;0;0;0.103760315104781;0.15160561973843;0;0;0;0;0;0;0;0;0;0;"secret";"secret";"secret";"secret";"secret";"secret";"secret"
"6101C";"Perseigne";"2024";"C";"61001";"Alençon";"ALENCON";15.5;10;0;0;0;0;5.5;0;0;0;0;0;0;0;0;0;0;0;0;0;0;0;0;18987;3485;0;0;0;0;15502;0;0;0;0;0;0;0;0;0;0;0;0.0426677036692446;0.0656791940454731;0;0;0;0;0;0;0;0;0;0;34;17197;0;0;0;0;17197
"5829C";"Cossaye";"2024";"C";"58087";"Cossaye";"COSSAYE";0.22;0.1;0;0;0;0;0.12;0;0;0;0;0;0;0;0;0;0;0;0;0;0;0;0;92.72;17.02;0;0;0;0;75.7;0;0;0;0;0;0;0;0;0;0;0;0.0468668885191348;0.074158153078203;0;0;0;0;0;0;0;0;0;0;"secret";"secret";"secret";"secret";"secret";"secret";"secret"
"7716C";"Réseau de Marne la Vallée";"2024";"C";"71540";"Torcy";"TORCY";35.4;25.4;0;0;0;0;0;0;0;0;10;0;0;0;0;0;0;0;0;0;0;0;0;53385;9882;0;0;0;0;0;0;0;0;43503;0;0;0;0;0;0;0;0.0495613405083965;0.0679891683068805;0;0;0;0;0;0;0;0;0;0;113;47758;34385.76;13372.24;0;0;0
"5503C";"Ligny en Barrois";"2024";"C";"55291";"Ligny-en-Barrois";"LIGNY EN BARROIS";4.5;3;0;0;0;0;1.5;0;0;0;0;0;0;0;0;0;0;0;0;0;0;0;0;5422.26;1044;0;0;0;0;4378.26;0;0;0;0;0;0;0;0;0;0;0;0.056710513506936;0.0829033584813823;0;0;0;0;0;0;0;0;0;0;10;4109;2218.86;1725.78;0;0;164
"2106C";"Dijon énergies";"2024";"C";"21231";"Dijon";"DIJON";164.2;86;0;21;0;0;32.2;0;25;0;0;0;0;0;0;0;0;0;0;0;0;0;0;326471;63139;0;8;0;0;109972;0;153352;0;0;0;0;0;0;0;0;0;0.042174855321844;0.0600084261389798;54;38;0;0;0;0;0;0;0;0;400;245095;89459.675;111763.32;0;0;43872
"2702C";"LOUVIERS ENERGIE";"2024";"C";"27375";"Louviers";"LOUVIERS";14.79;8.33;0;0;0;0;5.2;0;0;0;0;0;0;0;0;1.26;0;0;0;0;0;0;0;25011.2353;2497.3353;0;0;0;0;20168.9;0;0;0;0;0;0;0;0;2345;0;0;0.0483876701356955;0.0721464835553263;0;0;0;0;0;0;0;0;0;0;60;21690.701;8459.37339;13231.32761;0;0;0
"9326C";"Réseau de chaleur de la ZAC des docks Saint-Ouen";"2024";"C";"93070";"Saint-Ouen-sur-Seine";"ST OUEN SUR SEINE";6;0;0;0;0;0;0;0;6;0;0;0;0;0;0;0;0;0;0;0;0;0;0;26229;0;0;0;0;0;0;0;26229;0;0;0;0;0;0;0;0;0;0.063585350338322;0.0769141859796984;0;0;0;0;0;0;0;0;0;0;81;40252;21736.08;16905.84;1610.08;0;0
"0108C";"Bourg-en-Bresse - La Vinaigrerie";"2024";"C";"01053";"Bourg-en-Bresse";"BOURG EN BRESSE";10.8;7.6;0;0;0;0;3.2;0;0;0;0;0;0;0;0;0;0;0;0;0;0;0;0;20042.6024;3907.764;0;0;0;0;16134.8384;0;0;0;0;0;0;0;0;0;0;0;0.0570674739642766;0.0828943214301792;0;0;0;0;0;0;0;0;0;0;38;14835;4450.5;9197.7;0;0;1187
"8702C";"Zac de Beaubreuil";"2024";"C";"87085";"Limoges";"LIMOGES";29.9;4.6;0;9.3;0;0;0;0;16;0;0;0;0;0;0;0;0;0;0;0;0;0;0;48669;8190;0;1411;0;0;0;0;39068;0;0;0;0;0;0;0;0;0;0.0545357298633324;0.0653949476592033;0;0;0;0;0;0;0;0;0;0;36;41268;21459.36;19808.64;0;0;0
"6928C";"Réseau chauffage Centre Hospitalier Villefranche";"2024";"C";"69092";"Gleizé";"GLEIZE";3.8;2;0;0;0;0;1.8;0;0;0;0;0;0;0;0;0;0;0;0;0;0;0;0;11014;2178;0;0;0;0;8836;0;0;0;0;0;0;0;0;0;0;0;0.0525934146565166;0.0763667247546547;3;15;0;0;0;0;0;0;0;0;"secret";"secret";"secret";"secret";"secret";"secret";"secret"
"3113C";"Réseau écoquartier Maragon Floralies";"2024";"C";"31446";"Ramonville-Saint-Agne";"RAMONVILLE ST AGNE";5.7;4.1;0;0;0;0;1.6;0;0;0;0;0;0;0;0;0;0;0;0;0;0;0;0;4115.59;814.05;0;0;0;0;3301.54;0;0;0;0;0;0;0;0;0;0;0;0.046355625;0.067807125;0;0;0;0;0;0;0;0;0;0;23;4000;4000;0;0;0;0
"3510C";"REVERTEC";"2024";"C";"35360";"Vitré";"VITRE";9.5;5;0;0;0;0;0;2;0;0;0;0;0;0;2.5;0;0;0;0;0;0;0;0;21017.4405;4341.3165;0;0;0;0;0;5549.924;0;0;0;0;0;0;11126.2;0;0;0;0.0494767370299711;0.0587864356380655;0;0;0;0;0;0;0;0;0;0;6;19986.27;0;2906.003658;2334.396336;14745.870006;0
"2401C";"Réseau de chaleur de Saint-Astier";"2024";"C";"24372";"Saint-Astier";"ST ASTIER";5;3.5;0;0;0;0;1.5;0;0;0;0;0;0;0;0;0;0;0;0;0;0;0;0;5163.3193;1076.9193;0;0;0;0;4086.4;0;0;0;0;0;0;0;0;0;0;0;0.0630003813951099;0.0898128387610438;0;0;0;0;0;0;0;0;0;0;9;3893.6;717.59048;3176.00952;0;0;0
"4230C";"Marlhes - Interconnexion";"2024";"C";"42139";"Marlhes";"MARLHES";1.3;0;0;0;0;0.35;0.6;0;0;0;0;0;0.35;0;0;0;0;0;0;0;0;0;0;1067.74;0;0;0;0;222.74;845;0;0;0;0;0;0;0;0;0;0;0;0.0562931849791377;0.0908281889097176;0;0;0;0;0;0;0;0;0;0;6;826.85;0;603.6005;0;0;223
"1902C";"Egletons Bois Energie";"2024";"C";"19073";"Égletons";"EGLETONS";14.7;3;0;7;0;0;3.2;0;1.5;0;0;0;0;0;0;0;0;0;0;0;0;0;0;23370.06;4795;0;80.66;0;0;7973.4;0;10521;0;0;0;0;0;0;0;0;0;0.0623512060301508;0.079821491345617;0;0;0;0;0;0;0;0;0;0;44;17910;2865.6;8417.7;6626.7;0;0
"4501C";"Socos source";"2024";"C";"45234";"Orléans";"ORLEANS";195.94;87.2;0;69.8;0;1;19.4;0;0;0;0;0.54;1;0;0;17;0;0;0;0;0;0;0;130038.71;25370.59;0;157.87;0;1382.25;35165;0;0;0;0;1384;0;0;0;66579;0;0;0.0145242038873701;0.0801398879727863;35;43;0;0;0;0;100;0;0;0;153;103226.6;49548.768;39226.108;10322.66;0;4129
"5817C";"Réseau de chaleur de Brassy";"2024";"C";"80134";"Brassy";"BRASSY";0.4;0;0;0.2;0;0;0.2;0;0;0;0;0;0;0;0;0;0;0;0;0;0;0;0;266.25;0;0;55.89;0;0;210.36;0;0;0;0;0;0;0;0;0;0;0;0.0768970843792238;0.115763323035335;0;0;0;0;0;0;0;0;0;0;"secret";"secret";"secret";"secret";"secret";"secret";"secret"
"9423C";"Réseau d'IVRY CENTRE VILLE (observation pour 2026)";"2024";"C";"94041";"Ivry-sur-Seine";"IVRY SUR SEINE";42.5;42.5;0;0;0;0;0;0;0;0;0;0;0;0;0;0;0;0;0;0;0;0;0;281.880000000005;281.88;0;0;0;0;0;0;0;0;0;0;0;0;0;0;0;0;0.0652474060267867;0.0887021097151928;0;0;0;0;0;0;0;0;0;0;96;65689;8539.57;57149.43;0;0;0
"3512C";"Réseau de Vezin le Coquet";"2024";"C";"35353";"Vezin-le-Coquet";"VEZIN LE COQUET";2.8;1.4;0;0;0;0;1.4;0;0;0;0;0;0;0;0;0;0;0;0;0;0;0;0;5032.28;1062.77;0;0;0;0;3969.51;0;0;0;0;0;0;0;0;0;0;0;0.0575440748850603;0.0859674308190935;0;0;0;0;0;0;0;0;0;0;21;4260.93;2982.651;1278.279;0;0;0
"4215C";"Usson en Forez";"2024";"C";"42318";"Usson-en-Forez";"USSON EN FOREZ";1.6;0;0;0.8;0;0;0.8;0;0;0;0;0;0;0;0;0;0;0;0;0;0;0;0;1859.3;0;0;393;0;0;1466.3;0;0;0;0;0;0;0;0;0;0;0;0.0764136746597537;0.110062125729099;0;0;0;0;0;0;0;0;0;0;24;1543;0;1543;0;0;0
"3326C";"Réseau d'AUBIERS";"2024";"C";"33063";"Bordeaux";"BORDEAUX";12.4;9.4;0;0;0;0;3;0;0;0;0;0;0;0;0;0;0;0;0;0;0;0;0;14751;3492;0;0;0;0;11259;0;0;0;0;0;0;0;0;0;0;0;0.0600182231573232;0.0824930704493009;0;0;0;0;0;0;0;0;0;0;7;14734;14734;0;0;0;0
"0603C";"Ranguin";"2024";"C";"06029";"Cannes";"CANNES";6.3;4.1;0;0;0;0;2.2;0;0;0;0;0;0;0;0;0;0;0;0;0;0;0;0;7874.4955;1867.4955;0;0;0;0;6007;0;0;0;0;0;0;0;0;0;0;0;0.0563483872036031;0.0787463061332627;0;0;0;0;0;0;0;0;0;0;7;7549;7322.53;226.47;0;0;0
"5820C";"Château Chinon EIAT";"2024";"C";"58062";"Château-Chinon (Ville)";"CHATEAU CHINON VILLE";5.57;0;0;3.9;0;0;1.67;0;0;0;0;0;0;0;0;0;0;0;0;0;0;0;0;5010.36;0;0;1189.3;0;0;3821.06;0;0;0;0;0;0;0;0;0;0;0;0.0881314023313317;0.121501766160367;0;0;0;0;0;0;0;0;0;0;9;4586.22;412.7598;4173.4602;0;0;0
"5922C";"Réseau de Denain";"2024";"C";"59172";"Denain";"DENAIN";23.2;15.7;0;0;0;0;0;0;7.5;0;0;0;0;0;0;0;0;0;0;0;0;0;0;14168.2554;3368.2554;0;0;0;0;0;0;10800;0;0;0;0;0;0;0;0;0;0.0587746959237659;0.0690822242668042;0;0;0;0;0;0;0;0;0;0;29;13053.47;1435.8817;11617.5883;0;0;0
"9106C";"OROBIA - Réseau de Brétigny-sur-Orge";"2024";"C";"91103";"Brétigny-sur-Orge";"BRETIGNY SUR ORGE";10;5;0;0;0;0;5;0;0;0;0;0;0;0;0;0;0;0;0;0;0;0;0;13373;3192;0;0;0;0;10181;0;0;0;0;0;0;0;0;0;0;0;0.0598352830672018;0.0833509862522415;0;0;0;0;0;0;0;0;0;0;27;11711;11242.56;468.44;0;0;0
"3114C";"ZAC GUILLAUMET";"2024";"C";"31555";"Toulouse";"TOULOUSE";8;6.6;0;0;0;0;1.4;0;0;0;0;0;0;0;0;0;0;0;0;0;0;0;0;3119;2826;0;0;0;0;293;0;0;0;0;0;0;0;0;0;0;0;0.216378026412326;0.246074137931035;0;0;0;0;0;0;0;0;0;0;9;2726;2726;0;0;0;0
"0808C";"Réseau de chaleur de Rocroi";"2024";"C";"08367";"Rocroi";"ROCROI";2.85;2;0;0;0;0;0.85;0;0;0;0;0;0;0;0;0;0;0;0;0;0;0;0;3361;810;0;0;0;0;2551;0;0;0;0;0;0;0;0;0;0;0;0.0705722757598221;0.100200370644922;0;0;0;0;0;0;0;0;0;0;30;2698;458.66;2239.34;0;0;0
"1003C";"Biomasse de Piney";"2024";"C";"10287";"Piney";"PINEY";2.2;0;0;0;0;0.8;0.6;0;0;0;0;0;0.8;0;0;0;0;0;0;0;0;0;0;916.578;0;0;0;0;233.523;683.055;0;0;0;0;0;0;0;0;0;0;0;0.0841449177276765;0.118068905714648;0;0;0;0;0;0;0;0;0;0;4;709.23;297.8766;411.3534;0;0;0
"4207C";"Roanne énergies";"2024";"C";"42187";"Roanne";"ROANNE";12.7;10.5;0;0;0;0;2.2;0;0;0;0;0;0;0;0;0;0;0;0;0;0;0;0;11421;2924;0;0;0;0;8497;0;0;0;0;0;0;0;0;0;0;0;0.057080058893899;0.0801064323180271;0;0;0;0;0;0;0;0;0;0;27;10867;7063.55;3803.45;0;0;0
"6810C";"Réseau de chaleur Biomasse de l'Aérodrome";"2024";"C";"68278";"Rixheim";"RIXHEIM";9.92;7.3;0;0;0;0;2.62;0;0;0;0;0;0;0;0;0;0;0;0;0;0;0;0;13078;3378;0;0;0;0;9700;0;0;0;0;0;0;0;0;0;0;0;0.0779759736180904;0.105226350502513;0;0;0;0;0;0;0;0;0;0;246;9552;8596.8;955.2;0;0;0
"9121C";"Réseau de chaleur de l'écoquartier Camille Claudel";"2024";"C";"91477";"Palaiseau";"PALAISEAU";13.3;10.3;0;0;0;0;3;0;0;0;0;0;0;0;0;0;0;0;0;0;0;0;0;12189;3149;0;0;0;0;9040;0;0;0;0;0;0;0;0;0;0;0;0.0639259592056789;0.0875363285110971;0;0;0;0;0;0;0;0;0;0;21;11129;8458.04;2670.96;0;0;0
"5403C";"S.E.E.V - Ville de Vandoeuvre";"2024";"C";"54547";"Vandœuvre-lès-Nancy";"VANDOEUVRE LES NANCY";91.9;40;0;20;0;0;8;0;20;0;0;0;0;0;0;3.9;0;0;0;0;0;0;0;174086;28190;0;11;0;0;12516;0;116919;0;0;0;0;0;0;16450;0;0;0.0582204950004401;0.0714056402431246;66;0;0;0;0;0;0;0;0;0;154;163885;111441.8;52443.2;0;0;0
"4905C";"Chemin Vert";"2024";"C";"49328";"Saumur";"SAUMUR";15.8;12.5;0;0;0;0;3.3;0;0;0;0;0;0;0;0;0;0;0;0;0;0;0;0;11972.82;3095.82;0;0;0;0;8877;0;0;0;0;0;0;0;0;0;0;0;0.0704524927565191;0.0954184833649715;0;0;0;0;0;0;0;0;0;0;97;10009;7006.3;3002.7;0;0;0
"2701C";"THERMEVRA";"2024";"C";"27229";"Évreux";"EVREUX";78.8;50;0;0;0;0;0;0;20;0;0;0;0;0;0;8.8;0;0;0;0;0;0;0;111055.8392;6146.5392;0;0;0;0;0;0;82247;0;0;0;0;0;0;22662.3;0;0;0.0617020793190725;0.0723237658801437;0;0;0;0;0;0;0;0;0;0;155;97984;45072.64;30375.04;0;22536.32;0
"3514C";"Reseau Chartres de Bretagne (ZAC portes de Seiche)";"2024";"C";"35066";"Chartres-de-Bretagne";"CHARTRES DE BRETAGNE";1.77;1.02;0;0;0;0;0.75;0;0;0;0;0;0;0;0;0;0;0;0;0;0;0;0;1515.4078;393.9678;0;0;0;0;1121.44;0;0;0;0;0;0;0;0;0;0;0;0.068964886258838;0.093393970181371;0;0;0;0;0;0;0;0;0;0;11;1301.2;1301.2;0;0;0;0
"7724C";"BUSSYCOMORE";"2024";"C";"77058";"Bussy-Saint-Georges";"BUSSY ST GEORGES";23.5;16;0;0;0;0;1.5;6;0;0;0;0;0;0;0;0;0;0;0;0;0;0;0;18625.0899;5014.9449;0;0;0;0;9755.625;3854.52;0;0;0;0;0;0;0;0;0;0;0.0703642358630036;0.0909994639029198;0;0;0;0;0;0;0;0;0;0;22;16234;14610.6;1623.4;0;0;0
"9328C";"Reseau de Noisy Le Grand";"2024";"C";"93051";"Noisy-le-Grand";"NOISY LE GRAND";0;0;0;0;0;0;0;0;0;0;0;0;0;0;0;0;0;0;0;0;0;0;0;0;0;0;0;0;0;0;0;0;0;0;0;0;0;0;0;0;0;0.0723372567702214;0.0859744041164347;0;0;0;0;0;0;0;0;0;0;4;1088;1088;0;0;0;0
"9305C";"Zup des Fauvettes";"2024";"C";"93050";"Neuilly-sur-Marne";"NEUILLY SUR MARNE";55.7;36;0;0;0;0;0;0;0;0;12;7.7;0;0;0;0;0;0;0;0;0;0;0;65735.2278;13553.2278;0;0;0;0;0;0;0;0;31412;20770;0;0;0;0;0;0;0.0587773975847654;0.0666080296330701;0;0;0;0;0;0;0;0;0;0;86;63251;53573.597;8349.132;0;0;1328
"0817C";"Réseau de Chaleur de REVIN";"2024";"C";"08363";"Revin";"REVIN";5;3;0;0;0;0;2;0;0;0;0;0;0;0;0;0;0;0;0;0;0;0;0;2193.82;584.82;0;0;0;0;1609;0;0;0;0;0;0;0;0;0;0;0;0.0755581395348837;0.104574929098128;0;0;0;0;0;0;0;0;0;0;10;1763;88.15;1674.85;0;0;0
"6003C";"Quartier des Obiers";"2024";"C";"60463";"Nogent-sur-Oise";"NOGENT SUR OISE";42.75;35.55;0;0;0;0;0;0;7.2;0;0;0;0;0;0;0;0;0;0;0;0;0;0;51907.6345;13851.2345;0;0;0;0;0;0;38056.4;0;0;0;0;0;0;0;0;0;0.0741246831978574;0.086076025360838;73;0;0;0;0;0;0;0;0;0;87;42566;27667.9;14898.1;0;0;0
"8601C";"Grand Poitiers Chauffage Urbain - POITIERS SAINT B";"2024";"C";"86194";"Poitiers";"POITIERS";76.1;58.9;0;0;0;0;7.7;0;9.5;0;0;0;0;0;0;0;0;0;0;0;0;0;0;123073;33029;0;0;0;0;19304;0;70740;0;0;0;0;0;0;0;0;0;0.0699741067270649;0.09189509580224;12;46;0;0;0;0;0;0;0;0;158;94484;54800.72;39683.28;0;0;0
"6722C";"Colmar Vosges";"2024";"C";"67482";"Strasbourg";"STRASBOURG";6.05;4.85;0;0;0;0;1.2;0;0;0;0;0;0;0;0;0;0;0;0;0;0;0;0;4153.1;1117.6;0;0;0;0;3035.5;0;0;0;0;0;0;0;0;0;0;0;0.108932193454847;0.14479838069594;0;0;0;0;0;0;0;0;0;0;2;2414;2414;0;0;0;0
"1101C";"Zac Saint Jean et & Saint Pierre";"2024";"C";"11262";"Narbonne";"NARBONNE";8.9;6.4;0;0;0;0;2.5;0;0;0;0;0;0;0;0;0;0;0;0;0;0;0;0;11211.44;3178.44;0;0;0;0;5891;0;0;0;0;0;2142;0;0;0;0;0;0.0832541398344066;0.111651057957682;0;0;0;0;0;0;0;0;0;0;36;8696;7043.76;1652.24;0;0;0
"3401C";"RMCF";"2024";"C";"34172";"Montpellier";"MONTPELLIER";143.55;84.3;0;0;0;0;36.9;0;0;0;4.6;1.8;0;0;6.95;0;0;9;0;0;0;0;0;134554.81;35101.05;0;0;0;0;78660.76;0;0;0;4070;5489;0;0;9834;0;0;1400;0.0651188257422851;0.0894682518839657;10;37;0;0;0;0;0;0;0;0;293;116431;45408.09;71022.91;0;0;0
"6207C";"Réseau de Calais";"2024";"C";"62193";"Calais";"CALAIS";60.68;45.68;0;0;0;0;15;0;0;0;0;0;0;0;0;0;0;0;0;0;0;0;0;58016.98;16552.58;0;0;0;0;41464.4;0;0;0;0;0;0;0;0;0;0;0;0.0810863226891772;0.107326048462496;0;1;0;0;0;0;0;0;0;0;85;46167.43892;21698.6962924;10387.673757;0;230.8371946;13850
"2105C";"Réseau des Gresilles";"2024";"C";"21231";"Dijon";"DIJON";13.2;11;0;0;0;0;2.2;0;0;0;0;0;0;0;0;0;0;0;0;0;0;0;0;12247.57;3506.57;0;0;0;0;8741;0;0;0;0;0;0;0;0;0;0;0;0.0821741255672126;0.112178983406828;0;0;0;0;0;0;0;0;0;0;41;9719.8351;9189.13210354;530.70299646;0;0;0
"5101C";"Zup de Laon Neufchatel";"2024";"C";"51454";"Reims";"REIMS";18.3;13.7;0;0;0;0;4.6;0;0;0;0;0;0;0;0;0;0;0;0;0;0;0;0;13447.74;3850.74;0;0;0;0;9597;0;0;0;0;0;0;0;0;0;0;0;0.0690477052664725;0.0920300873809336;0;0;0;0;0;0;0;0;0;0;30;12703;10289.43;889.21;0;0;1524
"4503C";"Quartier Centre Ville et Nord";"2024";"C";"45234";"Orléans";"ORLEANS";81.7;54.5;0;2.2;0;0;25;0;0;0;0;0;0;0;0;0;0;0;0;0;0;0;0;97077.26;26612;0;1292.26;0;0;69173;0;0;0;0;0;0;0;0;0;0;0;0.0177847463543204;0.121885121711216;73;7;0;0;0;0;100;0;0;0;147;74344.85;26020.6975;48324.1525;0;0;0
"7708C";"Réseau du Mee sur Seine";"2024";"C";"77285";"Le Mée-sur-Seine";"LE MEE SUR SEINE";70.1;31.6;0;26.6;0;0;0;0;0;0;11.9;0;0;0;0;0;0;0;0;0;0;0;0;61718.0055;19165.5234;0;108.4821;0;0;0;0;0;0;42444;0;0;0;0;0;0;0;0.071061603387389;0.0895943757748953;0;0;0;0;0;0;0;0;0;0;77;61895.46;55705.914;6189.546;0;0;0
"6001C";"Réseau de Compiègne";"2024";"C";"60159";"Compiègne";"COMPIEGNE";62;45;0;3;0;0;14;0;0;0;0;0;0;0;0;0;0;0;0;0;0;0;0;59898;17708;0;1171;0;0;41019;0;0;0;0;0;0;0;0;0;0;0;0.0913107644892894;0.118235847386944;0;0;0;0;0;0;0;0;0;0;77;49157;0;0;0;0;49157
"7701C";"Réseaux de Meaux";"2024";"C";"77284";"Meaux";"MEAUX";163.44;94.6;0;43.3;0;0;0;0;0;0;21.8;3.74;0;0;0;0;0;0;0;0;0;0;0;150170.9;44466.79;0;313.74;0;0;0;0;0;0;96199;9191.37;0;0;0;0;0;0;0.0808035133776325;0.0980811639161736;0;0;0;0;0;0;0;0;0;0;178;132820.5416;92934.53295752;25368.7234456;0;0;14517
"6704C";"Eco-quartier Brasserie cronenbourg";"2024";"C";"67482";"Strasbourg";"STRASBOURG";2.96;1.3;0;0;0;0;0;0;0;0;0;1.66;0;0;0;0;0;0;0;0;0;0;0;2201.74;1.74;0;0;0;0;0;0;0;0;0;2200;0;0;0;0;0;0;0.0632962443095599;0.0319141350531108;0;0;0;0;0;0;0;0;0;0;21;1977;1977;0;0;0;0
"3414C";"BET EUREKA chaud";"2024";"C";"34057";"Castelnau-le-Lez";"CASTELNAU LE LEZ";7.3;0;0;0;0;0;0;0;0;0;0;3.3;0;0;4;0;0;0;0;0;0;0;0;6712;0;0;0;0;0;0;0;0;0;0;4447;0;0;2265;0;0;0;0.0606760968592664;0.030630064732678;0;0;0;0;0;0;0;0;0;0;16;4171;3461.93;709.07;0;0;0
"0406C";"Réseau communal de Barcelonnette";"2024";"C";"04019";"Barcelonnette";"BARCELONNETTE";5;0;0;0;0;2;1;0;0;0;0;0;2;0;0;0;0;0;0;0;0;0;0;4333;0;0;0;0;1410;2923;0;0;0;0;0;0;0;0;0;0;0;0.111547667342799;0.152995672751859;0;0;0;0;0;0;0;0;0;0;16;2958;1981.86;976.14;0;0;0
"3705C";"Réseau de la ville de Saint Pierre des Corps";"2024";"C";"37233";"Saint-Pierre-des-Corps";"ST PIERRE DES CORPS";30.9;21.4;0;0;0;0;4.5;0;0;0;0;0;0;0;0;5;0;0;0;0;0;0;0;31566.8;6478.2;0;0;0;0;21148.6;0;0;0;0;0;0;0;0;3940;0;0;0.0814863188896661;0.105564839377094;0;0;0;0;0;0;0;0;0;0;50;27163;24446.7;2716.3;0;0;0
"0608C";"BET CAP AZUR chaud";"2024";"C";"33359";"Roquebrune";"ROQUEBRUNE";1.09;0;0;0;0;0;0;0;0;0;0;0.89;0;0.2;0;0;0;0;0;0;0;0;0;1160.7;0;0;0;0;0;0;0;0;0;0;767;0;393.7;0;0;0;0;0.15200260756193;0.0707122555410691;0;0;0;0;0;0;0;0;0;0;"secret";"secret";"secret";"secret";"secret";"secret";"secret"
"9108C";"CEA DIF";"2024";"C";"91115";"Bruyères-le-Châtel";"BRUYERES LE CHATEL";22;16.9;0;0;0;0;0;0;0;0;0;5.1;0;0;0;0;0;0;0;0;0;0;0;20316;3300;0;0;0;0;0;0;0;0;0;17016;0;0;0;0;0;0;0.0689308497383504;0.0597907550461002;0;0;0;0;0;0;0;0;0;0;15;20065;0;16052;4013;0;0
"0606C";"MSE Réseau chaud";"2024";"C";"06088";"Nice";"NICE";8.86;0;0;0;0;0;0;0;0;0;0;8.86;0;0;0;0;0;0;0;0;0;0;0;2913.9;0;0;0;0;0;0;0;0;0;0;2913.9;0;0;0;0;0;0;0.0670522543352601;0.0334284894026975;0;0;0;0;0;0;0;0;0;0;9;2595;1178.13;1416.87;0;0;0
"2603C";"Réseau de Pierrelatte - DES";"2024";"C";"26235";"Pierrelatte";"PIERRELATTE";132.7;74.09;0;8.61;0;0;50;0;0;0;0;0;0;0;0;0;0;0;0;0;0;0;0;137174.78;42135.04;0;3456.04;0;0;91583.7;0;0;0;0;0;0;0;0;0;0;0;0;0.123173995312191;67;0;0;0;0;0;100;0;0;0;25;113623.498;9953.4184248;4249.5188252;21315.7682248;77559.3997348;545
"1607C";"Réseau de chaleur de Châteaubernard";"2024";"C";"16089";"Châteaubernard";"CHATEAUBERNARD";1.16;0.62;0;0;0;0;0.54;0;0;0;0;0;0;0;0;0;0;0;0;0;0;0;0;497.15;166.05;0;0;0;0;331.1;0;0;0;0;0;0;0;0;0;0;0;0.0803025477707006;0.103546709129512;0;0;0;0;0;0;0;0;0;0;8;471;0;471;0;0;0
"8814C";"Vittel";"2024";"C";"88516";"Vittel";"VITTEL";15.65;13.15;0;0;0;0;2.5;0;0;0;0;0;0;0;0;0;0;0;0;0;0;0;0;18472.3;6554.3;0;0;0;0;11918;0;0;0;0;0;0;0;0;0;0;0;0.0963669489716034;0.130699377208531;18;51;0;0;0;0;0;0;0;0;40;14051;2810.2;11240.8;0;0;0
"4406C";"AFUL Rezé-Château";"2024";"C";"44143";"Rezé";"REZE";17.8;12.8;0;0;0;0;5;0;0;0;0;0;0;0;0;0;0;0;0;0;0;0;0;21290;7569;0;0;0;0;13721;0;0;0;0;0;0;0;0;0;0;0;0.0945064601623323;0.120097460107117;0;0;0;0;0;0;0;0;0;0;38;18111;12315.48;5795.52;0;0;0
"9313C";"Réseau de La Courneuve";"2024";"C";"93027";"La Courneuve";"LA COURNEUVE";41.7;28.3;0;0;0;0;0;0;0;0;1.8;11.6;0;0;0;0;0;0;0;0;0;0;0;66670;16897;0;0;0;0;0;0;0;0;4011;45762;0;0;0;0;0;0;0.0783421916990146;0.0785051594348667;0;0;0;0;0;0;0;0;0;0;111;63631;54086.35;9544.65;0;0;0
"9123C";"BET Paris Saclay";"2024";"C";"91534";"Saclay";"SACLAY";130;55;0;0;0;0;0;0;0;0;8;12;0;55;0;0;0;0;0;0;0;0;0;80932;16325;0;0;0;0;0;0;0;0;4192;53079;0;7336;0;0;0;0;0.144715478324729;0.132736430006264;0;0;0;0;0;0;0;0;0;0;48;46297;14352.07;27315.23;4629.7;0;0
"4405C";"Zup de Bellevue Saint Herblain";"2024";"C";"44109";"Nantes";"NANTES";63;49;0;0;0;0;14;0;0;0;0;0;0;0;0;0;0;0;0;0;0;0;0;77019;27644;0;0;0;0;49375;0;0;0;0;0;0;0;0;0;0;0;0.094924586564736;0.119705835893981;21;59;0;0;0;0;0;0;0;0;128;63311;51915.02;5697.99;0;0;5698
"9502C";"Grand Ensemble Sarcelles-Locheres";"2024";"C";"95585";"Sarcelles";"SARCELLES";190;150;0;0;0;0;0;0;40;0;0;0;0;0;0;0;0;0;0;0;0;0;0;189994;68268;0;0;0;0;0;0;121726;0;0;0;0;0;0;0;0;0;0.0886785249417365;0.103622631613721;81;47;0;0;0;0;0;0;0;0;179;161336;127455.44;33880.56;0;0;0
"4505C";"Réseau de Fleury les Aubrais";"2024";"C";"45147";"Fleury-les-Aubrais";"FLEURY LES AUBRAIS";34.7;19.5;0;10.9;0;0;4.3;0;0;0;0;0;0;0;0;0;0;0;0;0;0;0;0;28664.82;10384.22;0;0;0;0;18280.6;0;0;0;0;0;0;0;0;0;0;0;0.092981173335554;0.119139246231563;1;4;0;0;0;0;0;0;0;0;48;24017;21134.96;2161.53;0;0;721
"9410C";"Réseau de Cachan";"2024";"C";"94016";"Cachan";"CACHAN";52;41;0;0;0;0;0;0;0;0;11;0;0;0;0;0;0;0;0;0;0;0;0;52140;18891;0;0;0;0;0;0;0;0;33249;0;0;0;0;0;0;0;0.0845810703873386;0.10458205331112;0;0;0;0;0;0;0;0;0;0;94;48020;40817;7203;0;0;0
"5410C";"S.E.E.V - Plateau de Brabois";"2024";"C";"54547";"Vandœuvre-lès-Nancy";"VANDOEUVRE LES NANCY";46.7;27.5;0;0;0;0;14.8;0;0;0;0;0;0;0;0;4.4;0;0;0;0;0;0;0;68530;11767;0;0;0;0;41949;0;0;0;0;0;0;0;0;14814;0;0;0.00647556385201573;0.107002419800885;0;0;0;0;0;0;0;0;0;0;33;65088;0;65088;0;0;0
"9232C";"RESEAU QUARTIER HOCHE";"2024";"C";"92050";"Nanterre";"NANTERRE";5.08;3.4;0;0;0;0;1.68;0;0;0;0;0;0;0;0;0;0;0;0;0;0;0;0;8066.19;3130.65;0;0;0;0;4935.54;0;0;0;0;0;0;0;0;0;0;0;0.0952822688401924;0.119476549973276;0;0;0;0;0;0;0;0;0;0;12;7484;7484;0;0;0;0
"2516C";"Réseau de AMANCEY LOUE LISON";"2024";"C";"25015";"Amancey";"AMANCEY";1.25;0;0;0.5;0;0;0.75;0;0;0;0;0;0;0;0;0;0;0;0;0;0;0;0;861.02;0;0;336.42;0;0;524.6;0;0;0;0;0;0;0;0;0;0;0;0.142941176470588;0.186635854341737;0;0;0;0;0;0;0;0;0;0;26;714;299.88;414.12;0;0;0
"9125C";"Ris-Orangis Dock et Gare";"2024";"C";"91521";"Ris-Orangis";"RIS ORANGIS";7.79;3.56;0;0;0;0;0.8;0;0;0;0.9;1.69;0;0;0;0;0.84;0;0;0;0;0;0;8286;2458;0;0;0;0;1365;0;0;0;1527;2369;0;0;0;0;567;0;0.119260245901639;0.121893761384335;0;0;0;0;0;0;0;0;0;0;24;6588;6456.24;131.76;0;0;0
"9102C";"Réseau des Ulis";"2024";"C";"91692";"Les Ulis";"LES ULIS";99.9;87.9;0;0;0;0;12;0;0;0;0;0;0;0;0;0;0;0;0;0;0;0;0;74025;54113;0;0;0;0;19912;0;0;0;0;0;0;0;0;0;0;0;0.0829756906734193;0.104221361571613;30;77;0;0;0;0;0;0;0;0;86;122408;97926.4;24481.6;0;0;0
"4403C";"NANTES CHANTRERIE";"2024";"C";"44109";"Nantes";"NANTES";11;8.5;0;0;0;0;2.5;0;0;0;0;0;0;0;0;0;0;0;0;0;0;0;0;12710;4987;0;0;0;0;7723;0;0;0;0;0;0;0;0;0;0;0;0.100917090846346;0.12572910016392;0;0;0;0;0;0;0;0;0;0;17;11591;2318.2;9272.8;0;0;0
"7601C";"Réseau Petite Bouverie";"2024";"C";"76540";"Rouen";"ROUEN";100.41;63.22;0;0;0;0;28.65;0;0;0;0;3.65;0;0;0;4.89;0;0;0;0;0;0;0;155005.61;56230.63;0;0;0;0;91663.61;0;0;0;0;1832.37;0;0;0;5279;0;0;0.0873766917043726;0.116949536302514;10;28;0;0;0;0;0;0;0;0;298;135997.683;92478.42444;43519.25856;0;0;0
"1612C";"Domaine de La Combe";"2024";"C";"16358";"Saint-Yrieix-sur-Charente";"ST YRIEIX SUR CHARENTE";0.42;0.2;0;0;0;0;0.22;0;0;0;0;0;0;0;0;0;0;0;0;0;0;0;0;410.39;164.43;0;0;0;0;245.96;0;0;0;0;0;0;0;0;0;0;0;0.157367647058824;0.193877731092437;0;0;0;0;0;0;0;0;0;0;5;238;0;238;0;0;0
"7107C";"MACON ENERGIES SERVICES";"2024";"C";"71270";"Mâcon";"MACON";165;101;0;46;0;0;18;0;0;0;0;0;0;0;0;0;0;0;0;0;0;0;0;122334;48872;0;807;0;0;72655;0;0;0;0;0;0;0;0;0;0;0;0.0894159555917828;0.129400663082286;26;65;0;0;0;0;0;0;0;0;322;96919;53305.45;43613.55;0;0;0
"4913C";"Réseau les Mauges";"2024";"C";"49099";"Cholet";"CHOLET";15.13;7;0;0;0;0;8.13;0;0;0;0;0;0;0;0;0;0;0;0;0;0;0;0;12703;5161;0;0;0;0;7542;0;0;0;0;0;0;0;0;0;0;0;0.108783873050027;0.134755858795051;0;0;0;0;0;0;0;0;0;0;39;11154;8923.2;2230.8;0;0;0
"6209C";"Réseau de chaleur d'Achicourt";"2024";"C";"62004";"Achicourt";"ACHICOURT";5.18;3.88;0;0;0;0;0.9;0;0;0;0;0.4;0;0;0;0;0;0;0;0;0;0;0;4068.97;1565.31;0;0;0;0;1923.6;0;0;0;0;580.06;0;0;0;0;0;0;0.0948889984289081;0.113549237758576;0;0;0;0;0;0;0;0;0;0;7;3819;2558.73;1260.27;0;0;0
"3317C";"Saige-Formanoir";"2024";"C";"33318";"Pessac";"PESSAC";12.26;7;0;0;0;0;0;0;0;0;0;2;0;0;0;3.26;0;0;0;0;0;0;0;11877.3;2415.3;0;0;0;0;0;0;0;0;0;9062;0;0;0;400;0;0;0.0770070463838059;0.0686457788725786;0;0;0;0;0;0;0;0;0;0;14;11935.2;11935.2;0;0;0;0
"9236C";"Réseau de Bagneux-Chatillon";"2024";"C";"36011";"Bagneux";"BAGNEUX";38;23.5;0;0;0;0;0;0;0;0;8.5;6;0;0;0;0;0;0;0;0;0;0;0;91161;31766;0;0;0;0;0;0;0;0;34650;24745;0;0;0;0;0;0;0.095658170842137;0.105769625418169;5;14;0;0;0;0;0;0;0;0;105;82825;67088.25;15736.75;0;0;0
"4412C";"RC DONGES";"2024";"C";"44052";"Donges";"DONGES";2.19;1.7;0;0;0;0;0.49;0;0;0;0;0;0;0;0;0;0;0;0;0;0;0;0;2142.16;884.16;0;0;0;0;1258;0;0;0;0;0;0;0;0;0;0;0;0.119035058823529;0.148518964705882;0;0;0;0;0;0;0;0;0;0;7;1700;222.7;1477.3;0;0;0
"9302C";"Réseau de Bagnolet";"2024";"C";"93006";"Bagnolet";"BAGNOLET";84;44;0;18;0;0;22;0;0;0;0;0;0;0;0;0;0;0;0;0;0;0;0;129191;53318;0;43;0;0;75830;0;0;0;0;0;0;0;0;0;0;0;0.103088188033955;0.127622166562037;0;0;0;0;0;0;0;0;0;0;173;109911;0;0;0;0;109911
"9514C";"Réseau de Villiers le Bel - Gonesse";"2024";"C";"95680";"Villiers-le-Bel";"VILLIERS LE BEL";45.11;26.9;0;10.01;0;0;0;0;0;0;8.2;0;0;0;0;0;0;0;0;0;0;0;0;60311.36;26002.92;0;118.44;0;0;0;0;0;0;34190;0;0;0;0;0;0;0;0.0919654389070342;0.120296519424385;34;78;0;0;0;0;0;0;0;0;82;53285.61113;47610.693544655;5115.41866848;0;0;559
"6002C";"La Cavée et les hironvalles";"2024";"C";"60175";"Creil";"CREIL";32.56;23.56;0;0;0;0;9;0;0;0;0;0;0;0;0;0;0;0;0;0;0;0;0;65984.285;28583.285;0;0;0;0;37401;0;0;0;0;0;0;0;0;0;0;0;0.104772753990605;0.130574401156054;16;36;0;0;0;0;0;0;0;0;93;59000.332;53100.2988;5900.0332;0;0;0
"5209C";"Réseau de Langres";"2024";"C";"52269";"Langres";"LANGRES";13;8;0;0;0;0;3;0;0;0;0;0;0;0;0;2;0;0;0;0;0;0;0;15658;1946;0;0;0;0;8865;0;0;0;0;0;0;0;0;4847;0;0;0.100294985250737;0.124300237427153;0;0;0;0;0;0;0;0;0;0;27;13899;9451.32;4447.68;0;0;0
"7412C";"Réseau d'Avoriaz";"2024";"C";"74191";"Morzine";"MORZINE";6.79;0;0;1.99;0;0;2;0;0;0;0;0;0;0;0;0;2.8;0;0;0;0;0;0;6754;0;0;274;0;0;3808;0;0;0;0;0;0;0;0;0;2672;0;0.108078231292517;0.0739452003023432;0;0;0;0;0;0;0;0;0;0;13;5292;0;5292;0;0;0
"9205C";"Réseau Gennevilliers";"2024";"C";"92036";"Gennevilliers";"GENNEVILLIERS";76.5;59.5;0;0;0;0;17;0;0;0;0;0;0;0;0;0;0;0;0;0;0;0;0;85348;37301;0;0;0;0;48047;0;0;0;0;0;0;0;0;0;0;0;0.11105145151328;0.136257571547076;14;32;0;0;0;0;0;0;0;0;131;80950;0;0;0;0;80950
"4214C";"Scevia quartier de fonsala";"2024";"C";"42207";"Saint-Chamond";"ST CHAMOND";32.4;22.5;0;0;0;0;9.9;0;0;0;0;0;0;0;0;0;0;0;0;0;0;0;0;53502;23525;0;0;0;0;29977;0;0;0;0;0;0;0;0;0;0;0;0.110974983853606;0.140831326726001;8;17;0;0;0;0;0;0;0;0;75;46450;23225;23225;0;0;0
"3320C";"Réseau de la Clinique Lesparre";"2024";"C";"33240";"Lesparre-Médoc";"LESPARRE MEDOC";2.06;0;0;1.5;0;0;0.56;0;0;0;0;0;0;0;0;0;0;0;0;0;0;0;0;1691;0;0;747;0;0;944;0;0;0;0;0;0;0;0;0;0;0;0.152232200128287;0.196243104554201;0;0;0;0;0;0;0;0;0;0;3;1559;779.5;779.5;0;0;0
"0302C";"Quartier Fontbouillant et Bien-Assis";"2024";"C";"03185";"Montluçon";"MONTLUCON";34;27.2;0;0;0;0;6.8;0;0;0;0;0;0;0;0;0;0;0;0;0;0;0;0;31956;14165;0;0;0;0;17791;0;0;0;0;0;0;0;0;0;0;0;0.0781099302496329;0.1229988365231;23;51;0;0;0;0;0;0;0;0;39;27240;16344;10896;0;0;0
"9222C";"Réseau de Suresnes";"2024";"C";"92073";"Suresnes";"SURESNES";58.64;56;0;0;0;0;0;0;0;0;0;2.64;0;0;0;0;0;0;0;0;0;0;0;54797;45863;0;0;0;0;0;0;0;0;0;8934;0;0;0;0;0;0;0.206696446100527;0.22709057534481;9;20;0;0;0;0;0;0;0;0;98;49917;39933.6;9983.4;0;0;0
"7717C";"Réseau de Chelles";"2024";"C";"77108";"Chelles";"CHELLES";35.94;25.14;0;0;0;0;0;0;0;0;10.8;0;0;0;0;0;0;0;0;0;0;0;0;61329.44;28699.44;0;0;0;0;0;0;0;0;32630;0;0;0;0;0;0;0;0.101910769615492;0.132106265047647;41;87;0;0;0;0;0;0;0;0;88;52222.00583;37641.621802264;14099.9415741;0;0;480
"7816C";"Carrière sous Poissy";"2024";"C";"78123";"Carrières-sous-Poissy";"CARRIERES SOUS POISSY";2.15;1.55;0;0;0;0;0.6;0;0;0;0;0;0;0;0;0;0;0;0;0;0;0;0;4427;4125;0;0;0;0;302;0;0;0;0;0;0;0;0;0;0;0;0.210458463385354;0.238161656662665;0;0;0;0;0;0;0;0;0;0;8;4165;4165;0;0;0;0
"5926C";"SECLIN (59) - RESEAU LA MOUCHONNIERE";"2024";"C";"59560";"Seclin";"SECLIN";4.5;3;0;0;0;0;1.5;0;0;0;0;0;0;0;0;0;0;0;0;0;0;0;0;4205.23;1973;0;0;0;0;2232.23;0;0;0;0;0;0;0;0;0;0;0;0.118815544714792;0.14594844771962;0;0;0;0;0;0;0;0;0;0;10;3970.61;3136.7819;833.8281;0;0;0
"4910C";"Réseau de Chaleur Angers Rive Droite";"2024";"C";"49007";"Angers";"ANGERS";45.3;28.1;0;5;0;0;12.2;0;0;0;0;0;0;0;0;0;0;0;0;0;0;0;0;67194.83;23992.2;0;7567.67;0;0;35634.96;0;0;0;0;0;0;0;0;0;0;0;0.140094952704166;0.172694598888006;0;0;0;0;0;0;0;0;0;0;129;55396;18280.68;34899.48;2215.84;0;0
"4206C";"Réseau de Firminy";"2024";"C";"42095";"Firminy";"FIRMINY";38.6;28;0;0;0;0;6.4;0;0;0;0;0;0;0;0;4.2;0;0;0;0;0;0;0;60462;28572;0;0;0;0;10270;0;0;0;0;0;0;0;0;21620;0;0;0.148336174951709;0.174742786140194;8;16;0;0;0;0;0;0;0;0;135;50734;0;0;0;0;50734
"7821C";"DOMNIS ACHÈRES Plantes d'Hennemont";"2024";"C";"78005";"Achères";"ACHERES";7.5;5;0;0;0;0;2.5;0;0;0;0;0;0;0;0;0;0;0;0;0;0;0;0;10562.7813;5003.3457;0;0;0;0;5559.4356;0;0;0;0;0;0;0;0;0;0;0;0.11694725141098;0.142121390559261;0;0;0;0;0;0;0;0;0;0;9;9745;8770.5;974.5;0;0;0
"0806C";"Ronde couture";"2024";"C";"08105";"Charleville-Mézières";"CHARLEVILLE MEZIERES";21.6;9;0;1;0;0;7.1;0;0;0;0;0;0;0;0;4.5;0;0;0;0;0;0;0;43006.38;3897.72;0;1151.66;0;0;22693;0;0;0;0;0;0;0;0;15264;0;0;0.129551933610101;0.159415504615127;0;0;0;0;0;0;0;0;0;0;64;34029;20077.11;11229.57;0;0;2722
"9242C";"RCU Clamart Plaine Sud";"2024";"C";"92023";"Clamart";"CLAMART";3;1;0;0;0;0;2;0;0;0;0;0;0;0;0;0;0;0;0;0;0;0;0;7217.5;3526.9;0;0;0;0;3690.6;0;0;0;0;0;0;0;0;0;0;0;0.100735594042258;0.12347306408036;0;0;0;0;0;0;0;0;0;0;10;7217.5;7217.5;0;0;0;0
"5917C";"Quartier Tournebride Lomme-Capinghem";"2024";"C";"59350";"Lille";"LILLE";10.47;7.77;0;0;0;0;2.7;0;0;0;0;0;0;0;0;0;0;0;0;0;0;0;0;13712.978;6717.978;0;0;0;0;6995;0;0;0;0;0;0;0;0;0;0;0;0.126924795823758;0.153997277705403;0;0;0;0;0;0;0;0;0;0;26;12056.006;4219.6021;7836.4039;0;0;0
"9501C";"IDEX CROIX ROUGE GEOTHERMIE";"2024";"C";"95607";"Taverny";"TAVERNY";23;23;0;0;0;0;0;0;0;0;0;0;0;0;0;0;0;0;0;0;0;0;0;12237.66;12237.66;0;0;0;0;0;0;0;0;0;0;0;0;0;0;0;0;0.236378225806452;0.26574564516129;0;0;0;0;0;0;0;0;0;0;16;11160;9932.4;1227.6;0;0;0
"6929C";"Réseau du Breuil";"2024";"C";"21171";"Chevigny-Saint-Sauveur";"CHEVIGNY ST SAUVEUR";0.6;0.6;0;0;0;0;0;0;0;0;0;0;0;0;0;0;0;0;0;0;0;0;0;3051;3051;0;0;0;0;0;0;0;0;0;0;0;0;0;0;0;0;0.236929203539823;0.266355752212389;0;0;0;0;0;0;0;0;0;0;2;3051;3051;0;0;0;0
"9225C";"Réseau de La Défense";"2024";"C";"92026";"Courbevoie";"COURBEVOIE";353;194;0;0;0;0;45;0;0;0;0;12;0;102;0;0;0;0;0;0;0;0;0;227589;123695;0;0;0;0;29434;0;0;0;0;45033;0;29427;0;0;0;0;0.150370206454219;0.181498561796542;4;9;0;0;0;0;0;0;0;0;275;207664;84934.576;122314.096;0;0;415
"7723C";"Réseau de Val d'Europe";"2024";"C";"77111";"Chessy";"CHESSY";5.94;5.44;0;0;0;0;0;0;0;0;0.5;0;0;0;0;0;0;0;0;0;0;0;0;12356.74;8197.74;0;0;0;0;0;0;0;0;4159;0;0;0;0;0;0;0;0.168242100275799;0.194044645780353;0;0;0;0;0;0;0;0;0;0;23;11098.67038;9095.36037641;2003.31000359;0;0;0
"9211C";"Réseau de chaleur de Levallois";"2024";"C";"92044";"Levallois-Perret";"LEVALLOIS PERRET";0;0;0;0;0;0;0;0;0;0;0;0;0;0;0;0;0;0;0;0;0;0;0;0;0;0;0;0;0;0;0;0;0;0;0;0;0;0;0;0;0;0.169283891662549;0.198120140793046;0;0;0;0;0;0;0;0;0;0;306;126377;84546.213;41830.787;0;0;0
"2802C";"Les Gauchetières";"2024";"C";"28280";"Nogent-le-Rotrou";"NOGENT LE ROTROU";5.25;5.25;0;0;0;0;0;0;0;0;0;0;0;0;0;0;0;0;0;0;0;0;0;3828.9876;3828.9876;0;0;0;0;0;0;0;0;0;0;0;0;0;0;0;0;0.297436457060726;0.332626021072642;0;1;0;0;0;0;0;0;0;0;37;2783;2588.19;194.81;0;0;0
"2505C";"Champs Montants";"2024";"C";"25031";"Audincourt";"AUDINCOURT";8;8;0;0;0;0;0;0;0;0;0;0;0;0;0;0;0;0;0;0;0;0;0;5899.76;5001.75;0;898.01;0;0;0;0;0;0;0;0;0;0;0;0;0;0;0.246608279668813;0.281719300827967;0;0;0;0;0;0;0;0;0;0;17;5435;4945.85;489.15;0;0;0
"6702C";"Hautepierre";"2024";"C";"67482";"Strasbourg";"STRASBOURG";228;228;0;0;0;0;0;0;0;0;0;0;0;0;0;0;0;0;0;0;0;0;0;140223;140223;0;0;0;0;0;0;0;0;0;0;0;0;0;0;0;0;0.237773078588265;0.268271757557488;40;81;0;0;0;0;0;0;0;0;176;124726;73588.34;51137.66;0;0;0
"9316C";"Reseau de Bondy";"2024";"C";"93010";"Bondy";"BONDY";47.97;30.54;0;12.43;0;0;5;0;0;0;0;0;0;0;0;0;0;0;0;0;0;0;0;35434.96;18732.55;0;33.41;0;0;16669;0;0;0;0;0;0;0;0;0;0;0;0.124380352144427;0.154608907597916;13;25;0;0;0;0;0;0;0;0;33;31938.6;21983.33838;2682.8424;0;0;7272
"9233C";"Réseau de la Zac de la Marine";"2024";"C";"92025";"Colombes";"COLOMBES";12.45;11.12;0;0;0;0;1.33;0;0;0;0;0;0;0;0;0;0;0;0;0;0;0;0;10413;5443;0;0;0;0;4970;0;0;0;0;0;0;0;0;0;0;0;0.117101686972821;0.141854784963032;0;0;0;0;0;0;0;0;0;0;22;9603;9410.94;192.06;0;0;0
"7104C";"Réseau d'Autun";"2024";"C";"71014";"Autun";"AUTUN";35.5;26;0;0;0;0;9.5;0;0;0;0;0;0;0;0;0;0;0;0;0;0;0;0;37952;19087;0;0;0;0;18865;0;0;0;0;0;0;0;0;0;0;0;0.112108877468763;0.152120890959156;32;65;0;0;0;0;0;0;0;0;59;29772;19351.8;7443;0;2977.2;0
"5408C";"Réseau d'Ecrouves";"2024";"C";"54174";"Écrouves";"ECROUVES";16.5;14;0;0;0;0;2.5;0;0;0;0;0;0;0;0;0;0;0;0;0;0;0;0;15923;8828;0;0;0;0;7095;0;0;0;0;0;0;0;0;0;0;0;0.15016011627907;0.179299279069768;0;0;0;0;0;0;0;0;0;0;24;12900;1548;11352;0;0;0
"0802C";"La Citadelle";"2024";"C";"08105";"Charleville-Mézières";"CHARLEVILLE MEZIERES";19.5;12.7;0;0;0;0;0.8;0;0;0;0;0;0;0;4.5;1.5;0;0;0;0;0;0;0;39713.37;20987.37;0;0;0;0;2610;0;0;0;0;0;0;0;11050;5066;0;0;0.163491599906542;0.187620093322061;0;0;0;0;0;0;0;0;0;0;51;34434;11087.748;7919.82;0;0;15426
"6205C";"Le Portel-Outreau";"2024";"C";"62643";"Outreau";"OUTREAU";5.72;5.72;0;0;0;0;0;0;0;0;0;0;0;0;0;0;0;0;0;0;0;0;0;3339.55;3339.55;0;0;0;0;0;0;0;0;0;0;0;0;0;0;0;0;0.172150985452839;0.194191184607255;38;0;0;0;0;0;0;0;0;0;"secret";"secret";"secret";"secret";"secret";"secret";"secret"
"4601C";"Réseau de Nuzéjouls";"2024";"C";"46211";"Nuzéjouls";"NUZEJOULS";0.84;0;0;0.5;0;0;0.34;0;0;0;0;0;0;0;0;0;0;0;0;0;0;0;0;691.49;0;0;435.21;0;0;256.28;0;0;0;0;0;0;0;0;0;0;0;0.405;0.501883435582822;0;0;0;0;0;0;0;0;0;0;48;326;306.44;19.56;0;0;0
"4408C";"Réseau ZAC de la Minais";"2024";"C";"44172";"Sainte-Luce-sur-Loire";"STE LUCE SUR LOIRE";4.1;3.3;0;0;0;0;0.8;0;0;0;0;0;0;0;0;0;0;0;0;0;0;0;0;3050;1954;0;0;0;0;1096;0;0;0;0;0;0;0;0;0;0;0;0.158265734265734;0.18735641025641;0;0;0;0;0;0;0;0;0;0;9;2574;2059.2;514.8;0;0;0
"8704C";"Limoges Centre";"2024";"C";"87085";"Limoges";"LIMOGES";10.4;10.4;0;0;0;0;0;0;0;0;0;0;0;0;0;0;0;0;0;0;0;0;0;5079;5079;0;0;0;0;0;0;0;0;0;0;0;0;0;0;0;0;0.363466729147141;0.406472914714152;0;0;0;0;0;0;0;0;0;0;11;3201;576.18;2624.82;0;0;0
"1608C";"Réseau de chaleur de Basseau";"2024";"C";"16015";"Angoulême";"ANGOULEME";1.73;0.9;0;0;0;0;0.83;0;0;0;0;0;0;0;0;0;0;0;0;0;0;0;0;2108;1475;0;0;0;0;633;0;0;0;0;0;0;0;0;0;0;0;0.193985593220339;0.226331807909605;0;0;0;0;0;0;0;0;0;0;12;1770;1681.5;88.5;0;0;0
"7704C";"Réseau CDC HABITAT anciennement OSICA";"2024";"C";"77350";"Ozoir-la-Ferrière";"OZOIR LA FERRIERE";3.5;2.25;0;0;0;0;1.25;0;0;0;0;0;0;0;0;0;0;0;0;0;0;0;0;6355;4467;0;0;0;0;1888;0;0;0;0;0;0;0;0;0;0;0;0.13378064516129;0.156243178599528;0;0;0;0;0;0;0;0;0;0;25;6355;6355;0;0;0;0
"3713C";"ILOTS EST";"2024";"C";"37261";"Tours";"TOURS";8;8;0;0;0;0;0;0;0;0;0;0;0;0;0;0;0;0;0;0;0;0;0;4705.37;4705.37;0;0;0;0;0;0;0;0;0;0;0;0;0;0;0;0;0.179125313264878;0.21025020331131;4;6;0;0;0;0;0;0;0;0;4;6563;6563;0;0;0;0
"9128C";"Liaison chauffage Orme";"2024";"C";"91534";"Saclay";"SACLAY";46.4;34.4;0;0;0;0;0;0;0;0;0;0;0;0;0;12;0;0;0;0;0;0;0;50058.03;16510.23;0;0;0;0;0;0;0;0;0;0;0;0;0;33547.8;0;0;0.19807035264765;0.223326683175691;0;0;0;0;0;0;0;0;0;0;98;53708;0;21483.2;0;0;32225
"9104C";"Domaine du Bois des Roches";"2024";"C";"91570";"Saint-Michel-sur-Orge";"ST MICHEL SUR ORGE";40.8;40.8;0;0;0;0;0;0;0;0;0;0;0;0;0;0;0;0;0;0;0;0;0;30897;30897;0;0;0;0;0;0;0;0;0;0;0;0;0;0;0;0;0.204014094424069;0.224301754573051;24;24;0;0;0;0;0;0;0;0;27;32665.4;30705.476;1959.924;0;0;0
"1303C";"Réseau de Salon de Provence";"2024";"C";"13103";"Salon-de-Provence";"SALON DE PROVENCE";37.79;29.32;0;8.47;0;0;0;0;0;0;0;0;0;0;0;0;0;0;0;0;0;0;0;28315.28;25125.26;0;3190.02;0;0;0;0;0;0;0;0;0;0;0;0;0;0;0.278743878424492;0.316359066825762;0;0;0;0;0;0;0;0;0;0;27;23964.57412;16307.89268866;2003.438396432;0;0;5653
"9321C";"Aulnay 3000 - Rose des Vents";"2024";"C";"93005";"Aulnay-sous-Bois";"AULNAY SOUS BOIS";33.5;33.5;0;0;0;0;0;0;0;0;0;0;0;0;0;0;0;0;0;0;0;0;0;43353;43353;0;0;0;0;0;0;0;0;0;0;0;0;0;0;0;0;0.201385869301355;0.240845451330046;49;49;0;0;0;0;0;0;0;0;29;41194;39134.3;2059.7;0;0;0
"5905C";"Domaine Universitaire et Scientifique";"2024";"C";"59009";"Villeneuve-d'Ascq";"VILLENEUVE D ASCQ";32.83;28.65;0;0;0;0;0;0;0;0;0;0;0;0;0;4.18;0;0;0;0;0;0;0;26879.591;12140.0046;0;17.5864;0;0;0;0;0;0;0;0;0;0;0;14722;0;0;0.241653522167488;0.271607713868247;0;0;0;0;0;0;0;0;0;0;46;23954;6467.58;17486.42;0;0;0
"7807C";"Zac de la Noe";"2024";"C";"78138";"Chanteloup-les-Vignes";"CHANTELOUP LES VIGNES";11.9;11.9;0;0;0;0;0;0;0;0;0;0;0;0;0;0;0;0;0;0;0;0;0;13223.0926;13223.0926;0;0;0;0;0;0;0;0;0;0;0;0;0;0;0;0;0.426768457419421;0.41884681044672;50;50;0;0;0;0;0;0;0;0;21;9711;7865.91;1845.09;0;0;0
"9209C";"Réseau de Chaville";"2024";"C";"92022";"Chaville";"CHAVILLE";11.74;11.74;0;0;0;0;0;0;0;0;0;0;0;0;0;0;0;0;0;0;0;0;0;12555;12555;0;0;0;0;0;0;0;0;0;0;0;0;0;0;0;0;0.198131289788088;0.248861005221405;58;58;0;0;0;0;0;0;0;0;16;11467;11467;0;0;0;0
"9307C";"Pariferic";"2024";"C";"93001";"Aubervilliers";"AUBERVILLIERS";11.46;11.46;0;0;0;0;0;0;0;0;0;0;0;0;0;0;0;0;0;0;0;0;0;9154;9154;0;0;0;0;0;0;0;0;0;0;0;0;0;0;0;0;0.245239599894192;0.275557995980398;0;0;0;0;0;0;0;0;0;0;5;7334.06;7334.06;0;0;0;0
"8501C";"ZAD Nord-Est";"2024";"C";"85191";"La Roche-sur-Yon";"LA ROCHE SUR YON";11.2;6.2;0;0;0;0;0;0;0;0;0;0;0;0;0;5;0;0;0;0;0;0;0;6135.8;6001.7;0;0;0;0;0;0;0;0;0;0;0;0;0;134.1;0;0;0.205000133641905;0.231000147983963;0;0;0;0;0;0;0;0;0;0;14;6135.8;6135.8;0;0;0;0
"2605C";"Réseau de chaleur du quartier de la Monnaie";"2024";"C";"26281";"Romans-sur-Isère";"ROMANS SUR ISERE";11;11;0;0;0;0;0;0;0;0;0;0;0;0;0;0;0;0;0;0;0;0;0;6038;6038;0;0;0;0;0;0;0;0;0;0;0;0;0;0;0;0;0.164974567650051;0.213858088209185;72;72;0;0;0;0;0;0;0;0;36;5898;4423.5;1474.5;0;0;0
"9120C";"Réseau de Viry Chatillon";"2024";"C";"91687";"Viry-Châtillon";"VIRY CHATILLON";10.4;10.4;0;0;0;0;0;0;0;0;0;0;0;0;0;0;0;0;0;0;0;0;0;10514;10514;0;0;0;0;0;0;0;0;0;0;0;0;0;0;0;0;0.209659486329743;0.248100937596582;69;69;0;0;0;0;0;0;0;0;80;9656;9656;0;0;0;0
"7707C";"Centrale de la Butte Monceau";"2024";"C";"77014";"Avon";"AVON";10.05;10.05;0;0;0;0;0;0;0;0;0;0;0;0;0;0;0;0;0;0;0;0;0;16177;16177;0;0;0;0;0;0;0;0;0;0;0;0;0;0;0;0;0.227944452050106;0.25640678348963;0;0;0;0;0;0;0;0;0;0;23;14609;13586.37;1022.63;0;0;0
"2705C";"Zup Les Valmeux";"2024";"C";"07336";"Vernon";"VERNON";9.73;7.77;0;0;0;0;0;0;0;0;0;0;0;0;0;1.96;0;0;0;0;0;0;0;13202.72;9599;0;0;0;0;0;0;0;0;0;0;0;0;0;3603.72;0;0;0.219740280019766;0.247322163729204;0;0;0;0;0;0;0;0;0;0;16;12142;9227.92;2914.08;0;0;0
"7801C";"Les Nouveaux Horizons";"2024";"C";"78208";"Élancourt";"ELANCOURT";9.28;9.28;0;0;0;0;0;0;0;0;0;0;0;0;0;0;0;0;0;0;0;0;0;10466;10466;0;0;0;0;0;0;0;0;0;0;0;0;0;0;0;0;0.19496121516876;0.21988388216248;0;0;0;0;0;0;0;0;0;0;4;10192;10192;0;0;0;0
"5927C";"RONCHIN (59) - RESEAU CDS COMTESSE DE SEGUR";"2024";"C";"59507";"Ronchin";"RONCHIN";5.15;5.15;0;0;0;0;0;0;0;0;0;0;0;0;0;0;0;0;0;0;0;0;0;5968.6804;5968.6804;0;0;0;0;0;0;0;0;0;0;0;0;0;0;0;0;0.228788960502106;0.253896386384148;62;62;0;0;0;0;0;0;0;0;16;5684.86;4547.888;1136.972;0;0;0
"7476C";"Réseau d'Annemasse Perrier";"2024";"C";"74012";"Annemasse";"ANNEMASSE";5;5;0;0;0;0;0;0;0;0;0;0;0;0;0;0;0;0;0;0;0;0;0;13439;13439;0;0;0;0;0;0;0;0;0;0;0;0;0;0;0;0;0.186434641445511;0.233014710365247;59;59;0;0;0;0;0;0;0;0;22;10626;10626;0;0;0;0
"8608C";"Réseau de BEL AIR";"2024";"C";"86194";"Poitiers";"POITIERS";5;5;0;0;0;0;0;0;0;0;0;0;0;0;0;0;0;0;0;0;0;0;0;3571.6;3571.6;0;0;0;0;0;0;0;0;0;0;0;0;0;0;0;0;0.245572857142857;0.259078056405346;31;31;0;0;0;0;0;0;0;0;17;3500;3500;0;0;0;0
"8607C";"Réseau de Civaux";"2024";"C";"86077";"Civaux";"CIVAUX";4.3;0;0;2.5;0;0;0;0;0;0;0;1.8;0;0;0;0;0;0;0;0;0;0;0;1361;0;0;71;0;0;0;0;0;0;0;1290;0;0;0;0;0;0;0.151109785202864;0.0798842482100239;0;0;0;0;0;0;0;0;0;0;3;1676;201.12;1474.88;0;0;0
"8703C";"Réseau de Bellac";"2024";"C";"87011";"Bellac";"BELLAC";4.2;4.2;0;0;0;0;0;0;0;0;0;0;0;0;0;0;0;0;0;0;0;0;0;3925.26;3925.26;0;0;0;0;0;0;0;0;0;0;0;0;0;0;0;0;0.284017471410419;0.318497395171538;0;0;0;0;0;0;0;0;0;0;19;3148;2833.2;314.8;0;0;0
"5716C";"Réseau Cité Belle-Roche";"2024";"C";"57144";"Cocheren";"COCHEREN";4;4;0;0;0;0;0;0;0;0;0;0;0;0;0;0;0;0;0;0;0;0;0;2797.74;2797.74;0;0;0;0;0;0;0;0;0;0;0;0;0;0;0;0;0.281526329740237;0.315738911468457;0;0;0;0;0;0;0;0;0;0;8;2263.6;2263.6;0;0;0;0
"5717C";"Réseau Cité Pasteur";"2024";"C";"57598";"Rouhling";"ROUHLING";4;4;0;0;0;0;0;0;0;0;0;0;0;0;0;0;0;0;0;0;0;0;0;3881.763;3881.763;0;0;0;0;0;0;0;0;0;0;0;0;0;0;0;0;0.277433118920615;0.311206429243803;0;0;0;0;0;0;0;0;0;0;15;3187;3187;0;0;0;0
"1803C";"Clos du Roy / Tunnel Chateau";"2024";"C";"18279";"Vierzon";"VIERZON";2.85;2.85;0;0;0;0;0;0;0;0;0;0;0;0;0;0;0;0;0;0;0;0;0;4094;4094;0;0;0;0;0;0;0;0;0;0;0;0;0;0;0;0;0.461547323277137;0.520585016234928;78;78;0;0;0;0;0;0;0;0;21;3381;2366.7;1014.3;0;0;0
"7314C";"La Bauche";"2024";"C";"73033";"La Bauche";"LA BAUCHE";169.32;0;0;0;0;0;169.32;0;0;0;0;0;0;0;0;0;0;0;0;0;0;0;0;710.0934;0;0;0;0;0;710.0934;0;0;0;0;0;0;0;0;0;0;0;0;0.0409894551845343;0;0;0;0;0;0;0;0;0;0;12;290.19;290.19;0;0;0;0
"5617C";"Réseau LACTALIS - AKIOLIS";"2024";"C";"56178";"Pontivy";"PONTIVY";7.5;0;0;0;0;0;0;7.5;0;0;0;0;0;0;0;0;0;0;0;0;0;0;0;45812;0;0;0;0;0;0;45812;0;0;0;0;0;0;0;0;0;0;0;0.004;0;0;0;0;0;0;0;0;0;0;1;41200;0;0;41200;0;0
"3411C";"MUSE";"2024";"C";"34172";"Montpellier";"MONTPELLIER";7.49;0;0;0;0;0;0;0;0;0;0;0;0;0;7.49;0;0;0;0;0;0;0;0;3502;0;0;0;0;0;0;0;0;0;0;0;0;0;3502;0;0;0;0;0.004;0;0;0;0;0;0;0;0;0;0;6;3501.9;0;3081.672;420.228;0;0
"1908C";"SERRES DE ROSIERS D'EGLETONS";"2024";"C";"19176";"Rosiers-d'Égletons";"ROSIERS D EGLETONS";7;0;0;0;0;0;0;7;0;0;0;0;0;0;0;0;0;0;0;0;0;0;0;30576;0;0;0;0;0;0;30576;0;0;0;0;0;0;0;0;0;0;0;0.004;0;0;0;0;0;0;0;0;0;0;1;30576;0;0;0;30576;0
"3823C";"Osiris";"2024";"C";"38425";"Saint-Maurice-l'Exil";"ST MAURICE L EXIL";125;25;0;0;0;0;25;25;25;0;0;0;0;0;25;0;0;0;0;0;0;0;0;909800;208200;0;0;0;0;167900;198000;311000;0;0;0;0;0;24700;0;0;0;0.044031804180418;0.0561899164337263;1;6;0;0;0;0;0;0;0;0;6;909000;0;0;909000;0;0
"3115C";"ECONOTRE";"2024";"C";"31066";"Bessières";"BESSIERES";60;0;0;0;0;0;0;60;0;0;0;0;0;0;0;0;0;0;0;0;0;0;0;33424;0;0;0;0;0;0;33424;0;0;0;0;0;0;0;0;0;0;0;0.004;0;0;0;0;0;0;0;0;0;0;1;33424;0;0;0;33424;0
"4510C";"Réseau d'eau chaude Malteries Pithiviers";"2024";"C";"45252";"Pithiviers";"PITHIVIERS";21;0;0;0;0;0;0;21;0;0;0;0;0;0;0;0;0;0;0;0;0;0;0;41292.8;0;0;0;0;0;0;41292.8;0;0;0;0;0;0;0;0;0;0;0;0.004;52;0;0;0;0;0;0;52;0;0;1;21358;0;0;21358;0;0
"5304C";"VAPEUR COSYNERGIE 53";"2024";"C";"53181";"Pontmain";"PONTMAIN";14.4;0;0;0;0;0;0;14.4;0;0;0;0;0;0;0;0;0;0;0;0;0;0;0;109682.68;0;0;0;0;0;0;109682.68;0;0;0;0;0;0;0;0;0;0;0;0.004;0;0;0;0;0;0;0;0;0;0;1;99566;0;0;99566;0;0
"1708C";"Réseau de chaleur UVE Echillais";"2024";"C";"17146";"Échillais";"ECHILLAIS";12;0;0;0;0;0;0;12;0;0;0;0;0;0;0;0;0;0;0;0;0;0;0;15868.72;0;0;0;0;0;0;15868.72;0;0;0;0;0;0;0;0;0;0;0;0.004;0;0;0;0;0;0;0;0;0;0;"secret";"secret";"secret";"secret";"secret";"secret";"secret"
"9519C";"Placo";"2024";"C";"95018";"Argenteuil";"ARGENTEUIL";3.5;0;0;0;0;0;0;3.5;0;0;0;0;0;0;0;0;0;0;0;0;0;0;0;7736.56;0;0;0;0;0;0;7736.56;0;0;0;0;0;0;0;0;0;0;0;0.004;0;0;0;0;0;0;0;0;0;0;1;7105;0;0;7105;0;0
"2209C";"CIDER'BOIS ENERGIE";"2024";"C";"22136";"Loudéac";"LOUDEAC";3;0;0;0;0;0;3;0;0;0;0;0;0;0;0;0;0;0;0;0;0;0;0;9366;0;0;0;0;0;9366;0;0;0;0;0;0;0;0;0;0;0;0;0.0198416892768668;0;0;0;0;0;0;0;0;0;0;29;8477;0;0;0;0;8477
"5409C";"Réseau chaufferie bois - Barbonville";"2024";"C";"54045";"Barbonville";"BARBONVILLE";3;0;0;0;0;0;3;0;0;0;0;0;0;0;0;0;0;0;0;0;0;0;0;124.7;0;0;0;0;0;124.7;0;0;0;0;0;0;0;0;0;0;0;0;0.022125;0;0;0;0;0;0;0;0;0;0;"secret";"secret";"secret";"secret";"secret";"secret";"secret"
"2404C";"Chaufferie bois Douville";"2024";"C";"24155";"Douville";"DOUVILLE";1.1;0;0;0;0;0;1.1;0;0;0;0;0;0;0;0;0;0;0;0;0;0;0;0;287.24;0;0;0;0;0;287.24;0;0;0;0;0;0;0;0;0;0;0;0;0.0194519572953737;0;0;0;0;0;0;0;0;0;0;"secret";"secret";"secret";"secret";"secret";"secret";"secret"
"7813C";"Réseau de la Boissière";"2024";"C";"78077";"La Boissière-École";"LA BOISSIERE ECOLE";0.58;0;0;0;0;0;0.58;0;0;0;0;0;0;0;0;0;0;0;0;0;0;0;0;602;0;0;0;0;0;602;0;0;0;0;0;0;0;0;0;0;0;0;0.0216699029126214;0;0;0;0;0;0;0;0;0;0;"secret";"secret";"secret";"secret";"secret";"secret";"secret"
"1506C";"Réseau de l'OP HLM Du Cantal";"2024";"C";"15012";"Arpajon-sur-Cère";"ARPAJON SUR CERE";0.56;0;0;0;0;0;0.56;0;0;0;0;0;0;0;0;0;0;0;0;0;0;0;0;1350.2;0;0;0;0;0;1350.2;0;0;0;0;0;0;0;0;0;0;0;0;0.0192998500749625;0;0;0;0;0;0;0;0;0;0;5;1334;1334;0;0;0;0
"0704C";"Réseau de chaleur de Banne";"2024";"C";"07024";"Banne";"BANNE";0.4;0;0;0;0;0;0.4;0;0;0;0;0;0;0;0;0;0;0;0;0;0;0;0;141.9;0;0;0;0;0;141.9;0;0;0;0;0;0;0;0;0;0;0;0;0.0221779661016949;0;0;0;0;0;0;0;0;0;0;"secret";"secret";"secret";"secret";"secret";"secret";"secret"
"4227C";"Saint Christo en Jarez";"2024";"C";"42208";"Saint-Christo-en-Jarez";"ST CHRISTO EN JAREZ";0.4;0;0;0;0;0;0.4;0;0;0;0;0;0;0;0;0;0;0;0;0;0;0;0;405.83;0;0;0;0;0;405.83;0;0;0;0;0;0;0;0;0;0;0;0;0.0182999039006481;0;0;0;0;0;0;0;0;0;0;"secret";"secret";"secret";"secret";"secret";"secret";"secret"
"7109C";"RESEAU DE CHALEUR DES BATIMENTS COMMUNAUX";"2024";"C";"71416";"Saint-Gengoux-de-Scissé";"ST GENGOUX DE SCISSE";0.15;0;0;0;0;0;0.15;0;0;0;0;0;0;0;0;0;0;0;0;0;0;0;0;265.74;0;0;0;0;0;265.74;0;0;0;0;0;0;0;0;0;0;0;0;0.024085;0;0;0;0;0;0;0;0;0;0;"secret";"secret";"secret";"secret";"secret";"secret";"secret"
"5007C";"Réseau de Buais-Les-Monts";"2024";"C";"50090";"Buais-Les-Monts";"BUAIS LES MONTS";0.07;0;0;0;0;0;0.07;0;0;0;0;0;0;0;0;0;0;0;0;0;0;0;0;79;0;0;0;0;0;79;0;0;0;0;0;0;0;0;0;0;0;0;0.0207916666666667;0;0;0;0;0;0;0;0;0;0;12;72;57.6;14.4;0;0;0
"3709C";"Réseau DBT";"2024";"C";"37261";"Tours";"TOURS";36;0;0;18;0;0;18;0;0;0;0;0;0;0;0;0;0;0;0;0;0;0;0;98789.5;0;0;5.5;0;0;98784;0;0;0;0;0;0;0;0;0;0;0;0;0.0182929788697862;100;0;0;0;0;0;100;0;0;0;"secret";"secret";"secret";"secret";"secret";"secret";"secret"
"1504C";"Réseau de Riom-Es-Montagnes";"2024";"C";"15162";"Riom-ès-Montagnes";"RIOM ES MONTAGNES";3.6;0;0;2.5;0;0;1.1;0;0;0;0;0;0;0;0;0;0;0;0;0;0;0;0;4632;0;0;69;0;0;4563;0;0;0;0;0;0;0;0;0;0;0;0.00560502594919421;0.030941546025676;0;0;0;0;0;0;0;0;0;0;22;3661;183.05;3477.95;0;0;0
"6604C";"Réseau de chaleur de Perpignan";"2024";"C";"66136";"Perpignan";"PERPIGNAN";22.95;14.95;0;0;0;0;0;0;8;0;0;0;0;0;0;0;0;0;0;0;0;0;0;31455.05;571.05;0;0;0;0;0;0;30884;0;0;0;0;0;0;0;0;0;0.00511431997798136;0.00966317382927692;0;0;0;0;0;0;0;0;0;0;8;25433;0;25433;0;0;0
"0305C";"Réseau du Mayet-de-Montagne";"2024";"C";"03165";"Le Mayet-de-Montagne";"LE MAYET DE MONTAGNE";2.4;0;0;1.6;0;0;0.8;0;0;0;0;0;0;0;0;0;0;0;0;0;0;0;0;2084;0;0;40;0;0;2044;0;0;0;0;0;0;0;0;0;0;0;0.0246375;0.054356875;0;0;0;0;0;0;0;0;0;0;19;1600;96;1504;0;0;0
"4247C";"Réseau de Saint Héand";"2024";"C";"42234";"Saint-Héand";"ST HEAND";0.95;0.4;0;0;0;0;0.55;0;0;0;0;0;0;0;0;0;0;0;0;0;0;0;0;1396.33;35.82;0;0;0;0;1360.51;0;0;0;0;0;0;0;0;0;0;0;0.00583243462682352;0.0276281614318116;0;0;0;0;0;0;0;0;0;0;9;1133.11;650.40514;482.70486;0;0;0
"6932C";"Réseau chaleur bois de Thizy-les-Bourgs";"2024";"C";"69248";"Thizy-les-Bourgs";"THIZY LES BOURGS";3.8;2.5;0;0;0;0;1.3;0;0;0;0;0;0;0;0;0;0;0;0;0;0;0;0;3969.7757;188.1063;0;0;0;0;3781.6694;0;0;0;0;0;0;0;0;0;0;0;0.0132201280468991;0.0362768771983956;0;0;0;0;0;0;0;0;0;0;12;3241;0;3241;0;0;0
"4303C";"Réseau du Puy en Velay VERT VEINE";"2024";"C";"43157";"Le Puy-en-Velay";"LE PUY EN VELAY";13.7;8;0;0;0;0;5.7;0;0;0;0;0;0;0;0;0;0;0;0;0;0;0;0;20340.7619;968.8491;0;0;0;0;19371.9128;0;0;0;0;0;0;0;0;0;0;0;0.0111197367227653;0.0310682511841177;0;0;0;0;0;0;0;0;0;0;51;19846;10915.3;8930.7;0;0;0
"9414C";"BONNEUIL-RESEAU CHALEUR";"2024";"C";"94011";"Bonneuil-sur-Marne";"BONNEUIL SUR MARNE";24;14;0;0;0;0;0;0;0;0;10;0;0;0;0;0;0;0;0;0;0;0;0;38226;2153;0;0;0;0;0;0;0;0;36073;0;0;0;0;0;0;0;0.0143751309419326;0.0301307324254693;0;0;0;0;0;0;0;0;0;0;61;35321;28256.8;7064.2;0;0;0
"1207C";"Réseau de Saint Affrique";"2024";"C";"12208";"Saint-Affrique";"ST AFFRIQUE";8;5;0;0;0;0;3;0;0;0;0;0;0;0;0;0;0;0;0;0;0;0;0;11965;757;0;0;0;0;11208;0;0;0;0;0;0;0;0;0;0;0;0.0171362229102167;0.0394604295665635;0;0;0;0;0;0;0;0;0;0;38;10336;3617.6;6718.4;0;0;0
"5710C";"Côte de la Justice";"2024";"C";"57606";"Saint-Avold";"ST AVOLD";2.14;1.15;0;0;0;0;0.99;0;0;0;0;0;0;0;0;0;0;0;0;0;0;0;0;2107.4;152.67;0;0;0;0;1954.73;0;0;0;0;0;0;0;0;0;0;0;0.0258266424021838;0.049166677585684;0;0;0;0;0;0;0;0;0;0;6;1648.5;708.855;453.3375;0;0;486
"5109C";"DSP SAINTE MENEHOULD";"2024";"C";"51454";"Reims";"REIMS";2.7;1.3;0;0;0;0;1.4;0;0;0;0;0;0;0;0;0;0;0;0;0;0;0;0;5820;552;0;0;0;0;5268;0;0;0;0;0;0;0;0;0;0;0;0.0283397597977244;0.054390792246102;0;0;0;0;0;0;0;0;0;0;13;4746;332.22;4366.32;0;47.46;0
"6721C";"Réseau de Villé-Bassemberg";"2024";"C";"67507";"Villé";"VILLE";2.34;0;0;1.8;0;0;0.54;0;0;0;0;0;0;0;0;0;0;0;0;0;0;0;0;1028.5643;0;0;97.7843;0;0;930.78;0;0;0;0;0;0;0;0;0;0;0;0.0218598430418923;0.0439054493202166;0;0;0;0;0;0;0;0;0;0;"secret";"secret";"secret";"secret";"secret";"secret";"secret"
"4507C";"Réseau de Amilly";"2024";"C";"45004";"Amilly";"AMILLY";10.03;4.53;0;0;0;0;0;0;5.5;0;0;0;0;0;0;0;0;0;0;0;0;0;0;12428.92;1227.92;0;0;0;0;0;0;11201;0;0;0;0;0;0;0;0;0;0.019718092173913;0.0259037787141216;1;5;0;0;0;0;0;0;0;0;12;11500;5750;0;5750;0;0
"2908C";"Plaine des sports";"2024";"C";"29046";"Douarnenez";"DOUARNENEZ";1.2;0.8;0;0;0;0;0.4;0;0;0;0;0;0;0;0;0;0;0;0;0;0;0;0;1852.59;206.55;0;0;0;0;1646.04;0;0;0;0;0;0;0;0;0;0;0;0.0308104125736739;0.0544115913555992;0;0;0;0;0;0;0;0;0;0;"secret";"secret";"secret";"secret";"secret";"secret";"secret"
"8821C";"Chaufferie Bois de Saulxures sur Moselotte";"2024";"C";"88447";"Saulxures-sur-Moselotte";"SAULXURES SUR MOSELOTTE";4.51;0;0;2.31;0;0;2.2;0;0;0;0;0;0;0;0;0;0;0;0;0;0;0;0;5177.1047;0;0;592.9091;0;0;4584.1956;0;0;0;0;0;0;0;0;0;0;0;0.0542498363800326;0.0899997225246636;0;0;0;0;0;0;0;0;0;0;30;3315.61;133.619083;3105.400326;76.590591;0;0
"7408C";"Quartier Les Ewues";"2024";"C";"74081";"Cluses";"CLUSES";23.5;16.5;0;0;0;0;0;0;7;0;0;0;0;0;0;0;0;0;0;0;0;0;0;34578;4161;0;0;0;0;0;0;30417;0;0;0;0;0;0;0;0;0;0.0349632082943336;0.0427153574771402;0;0;0;0;0;0;0;0;0;0;80;27778;20555.72;7222.28;0;0;0
"7615C";"Réseau de Maromme";"2024";"C";"76410";"Maromme";"MAROMME";26.9;17.2;0;0;0;0;9.7;0;0;0;0;0;0;0;0;0;0;0;0;0;0;0;0;43812;5913;0;0;0;0;37899;0;0;0;0;0;0;0;0;0;0;0;0.0400819485483477;0.0634203475290737;0;0;0;0;0;0;0;0;0;0;352;36889;28035.64;8853.36;0;0;0
"8801C";"Plateau de la Justice";"2024";"C";"88160";"Épinal";"EPINAL";90.89;62.29;0;0;0;0;28.6;0;0;0;0;0;0;0;0;0;0;0;0;0;0;0;0;99499;13645;0;0;0;0;85854;0;0;0;0;0;0;0;0;0;0;0;0;0.059391280429898;65;9;0;0;0;0;74;0;0;0;174;78693;26755.62;51937.38;0;0;0
"5012C";"Réseau de juvigny les vallees";"2024";"C";"50260";"Juvigny les Vallées";"JUVIGNY LES VALLEES";0.88;0;0;0;0;0.38;0.12;0;0;0;0;0;0.38;0;0;0;0;0;0;0;0;0;0;368;0;0;0;0;51;317;0;0;0;0;0;0;0;0;0;0;0;0.0375764331210191;0.0630528662420382;0;0;0;0;0;0;0;0;0;0;"secret";"secret";"secret";"secret";"secret";"secret";"secret"
"5009C";"Réseau de Lessay";"2024";"C";"50267";"Lessay";"LESSAY";0.21;0.15;0;0;0;0;0.06;0;0;0;0;0;0;0;0;0;0;0;0;0;0;0;0;223;33;0;0;0;0;190;0;0;0;0;0;0;0;0;0;0;0;0.037925;0.0623894444444445;0;0;0;0;0;0;0;0;0;0;"secret";"secret";"secret";"secret";"secret";"secret";"secret"
"5924C";"RCU WORMHOUT";"2024";"C";"59663";"Wormhout";"WORMHOUT";2.34;1.64;0;0;0;0;0.7;0;0;0;0;0;0;0;0;0;0;0;0;0;0;0;0;1694;262;0;0;0;0;1432;0;0;0;0;0;0;0;0;0;0;0;0.04485;0.071250162601626;0;0;0;0;0;0;0;0;0;0;3;1230;0;1230;0;0;0
"5711C";"Huchet";"2024";"C";"57606";"Saint-Avold";"ST AVOLD";1.4;1.15;0;0;0;0;0.25;0;0;0;0;0;0;0;0;0;0;0;0;0;0;0;0;766.67;119.06;0;0;0;0;647.61;0;0;0;0;0;0;0;0;0;0;0;0.0358216866513142;0.0580661346250562;0;0;0;0;0;0;0;0;0;0;1;755.58;755.58;0;0;0;0
"5708C";"Réseau de Holweg-Forbach-Behren";"2024";"C";"57058";"Behren-lès-Forbach";"BEHREN LES FORBACH";62;34;0;0;0;0;28;0;0;0;0;0;0;0;0;0;0;0;0;0;0;0;0;70036;11676;0;0;0;0;58360;0;0;0;0;0;0;0;0;0;0;0;0;0.068989985160704;83;0;0;0;0;0;100;0;0;0;159;55281;20359.9923;30542.7525;0;0;4378
"5712C";"Stiring Wendel";"2024";"C";"57660";"Stiring-Wendel";"STIRING WENDEL";0;0;0;0;0;0;0;0;0;0;0;0;0;0;0;0;0;0;0;0;0;0;0;0;0;0;0;0;0;0;0;0;0;0;0;0;0;0;0;0;0;0;0.004;0;0;0;0;0;0;0;0;0;0;15;4424;1061.76;3362.24;0;0;0
"3606C";"Centre Départemental Gériatrique de l'Indre (CDGI)";"2024";"C";"36044";"Châteauroux";"CHATEAUROUX";5.9;4.6;0;0;0;0;1.3;0;0;0;0;0;0;0;0;0;0;0;0;0;0;0;0;4549.3862;779;0;0;0;0;3770.3862;0;0;0;0;0;0;0;0;0;0;0;0.0464670286016949;0.0705475397245763;0;0;0;0;0;0;0;0;0;0;2;3776;0;3776;0;0;0
"5305C";"RCU d'EVRON";"2024";"C";"53097";"Évron";"EVRON";4.1;1.8;0;0;0;0;2.3;0;0;0;0;0;0;0;0;0;0;0;0;0;0;0;0;11514;2003;0;0;0;0;9511;0;0;0;0;0;0;0;0;0;0;0;0.0478620146904512;0.0724371575142824;0;0;0;0;0;0;0;0;0;0;25;8577;3516.57;5060.43;0;0;0
"6402C";"EGURRETIK";"2024";"C";"64102";"Bayonne";"BAYONNE";13.3;8;0;0;0;0;5.3;0;0;0;0;0;0;0;0;0;0;0;0;0;0;0;0;15785;2787;0;0;0;0;12998;0;0;0;0;0;0;0;0;0;0;0;0.0466288130362788;0.0708334678609062;0;0;0;0;0;0;0;0;0;0;40;13286;9300.2;3985.8;0;0;0
"5702C";"Réseau de la Ville de Yutz";"2024";"C";"57757";"Yutz";"YUTZ";7.1;4.6;0;0;0;0;2.5;0;0;0;0;0;0;0;0;0;0;0;0;0;0;0;0;8029;1422;0;0;0;0;6607;0;0;0;0;0;0;0;0;0;0;0;0.0444602211641837;0.0683100445400092;0;0;0;0;0;0;0;0;0;0;16;6511;4557.7;1953.3;0;0;0
"4246C";"Réseau d'Unieux";"2024";"C";"42316";"Unieux";"UNIEUX";5.2;3.2;0;0;0;0;2;0;0;0;0;0;0;0;0;0;0;0;0;0;0;0;0;4384.8;783;0;0;0;0;3601.8;0;0;0;0;0;0;0;0;0;0;0;0.0582513173365849;0.0873830509950791;0;0;0;0;0;0;0;0;0;0;13;2755.56;1939.91424;815.64576;0;0;0
"5920C";"Réseau ARSYEL";"2024";"C";"59271";"Grande-Synthe";"GRANDE SYNTHE";8;0;0;0;0;0;0;0;0;0;0;0;0;0;8;0;0;0;0;0;0;0;0;12362;0;0;0;0;0;0;0;0;0;0;0;0;0;12362;0;0;0;0.0680903218638886;0.0845673753522439;0;0;0;0;0;0;0;0;0;0;61;19644;5696.76;12965.04;982.2;0;0
"5106C";"Croix Rouge";"2024";"C";"51454";"Reims";"REIMS";142.4;94.4;0;0;0;0;32;0;16;0;0;0;0;0;0;0;0;0;0;0;0;0;0;158451.3295;31604.8797;0;0;0;0;64352.4498;0;62494;0;0;0;0;0;0;0;0;0;0.0519572821066155;0.068554055321391;39;0;0;0;0;0;0;0;0;0;77;138554;80361.32;58192.68;0;0;0
"6317C";"Réseau de chaleur Saint-Jacques";"2024";"C";"63113";"Clermont-Ferrand";"CLERMONT FERRAND";55.7;42;0;0;0;0;0;0;13.7;0;0;0;0;0;0;0;0;0;0;0;0;0;0;51516;10338;0;0;0;0;0;0;41178;0;0;0;0;0;0;0;0;0;0.0562397506044026;0.066275236035119;0;0;0;0;0;0;0;0;0;0;122;39295;23184.05;16110.95;0;0;0
"7307C";"Réseau de Saint Etienne de Cuines";"2024";"C";"73231";"Saint-Étienne-de-Cuines";"ST ETIENNE DE CUINES";1.4;0.8;0;0;0;0;0.6;0;0;0;0;0;0;0;0;0;0;0;0;0;0;0;0;1568;320;0;0;0;0;1248;0;0;0;0;0;0;0;0;0;0;0;0.057958933107536;0.0870019475021169;0;0;0;0;0;0;0;0;0;0;14;1181;543.26;578.69;59.05;0;0
"5915C";"Réseau de chaleur de Douchy";"2024";"C";"59179";"Douchy-les-Mines";"DOUCHY LES MINES";22.5;17.5;0;0;0;0;0;0;5;0;0;0;0;0;0;0;0;0;0;0;0;0;0;20916;9031;0;0;0;0;0;0;11885;0;0;0;0;0;0;0;0;0;0.0948768752286864;0.126089423980413;24;55;0;0;0;0;0;0;0;0;18;16398;13118.4;3279.6;0;0;0
"5010C";"Réseau de Tessy-Bocage";"2024";"C";"50592";"Tessy-Bocage";"TESSY BOCAGE";0.42;0.27;0;0;0;0;0.15;0;0;0;0;0;0;0;0;0;0;0;0;0;0;0;0;548;143;0;0;0;0;405;0;0;0;0;0;0;0;0;0;0;0;0.0602371663244353;0.0834347022587269;0;0;0;0;0;0;0;0;0;0;5;487;0;487;0;0;0
"0301C";"SDC Moulins CHAMPINS";"2024";"C";"02530";"Moulins";"MOULINS";12.2;3.2;0;0;0;0;9;0;0;0;0;0;0;0;0;0;0;0;0;0;0;0;0;53769.06;14234;0;0;0;0;39535.06;0;0;0;0;0;0;0;0;0;0;0;0.0447169478543065;0.0772251551834328;21;80;0;0;0;0;0;0;0;0;39;23177;6721.33;4171.86;0;0;12284
"0309C";"SDC Moulins Ville";"2024";"C";"02530";"Moulins";"MOULINS";0;0;0;0;0;0;0;0;0;0;0;0;0;0;0;0;0;0;0;0;0;0;0;0;0;0;0;0;0;0;0;0;0;0;0;0;0;0;0;0;0;0.0504707422887703;0.0911618277296617;0;0;0;0;0;0;0;0;0;0;39;23424;7261.44;16162.56;0;0;0
"6725C";"Réseau de Chaleur ECO2WACKEN";"2024";"C";"67482";"Strasbourg";"STRASBOURG";36.7;30;0;0;0;0;6.7;0;0;0;0;0;0;0;0;0;0;0;0;0;0;0;0;31431.77;12487.77;0;0;0;0;18944;0;0;0;0;0;0;0;0;0;0;0;0.0701329022454085;0.0911521912002583;0;0;0;0;0;0;0;0;0;0;47;42930;9015.3;20606.4;0;0;13308
"5701C";"Réseau de Metz";"2024";"C";"57463";"Metz";"METZ";373.78;261;26.78;0;0;0;56;30;0;0;0;0;0;0;0;0;0;0;0;0;0;0;0;549689;144971;4884;0;0;0;192778;207056;0;0;0;0;0;0;0;0;0;0;0.03998562460859;0.0975288973410821;46;44;0;0;0;0;93;3;0;0;892;427940;171176;124102.6;132661.4;0;0
"3335C";"MERIGNAC CENTRE ENERGIES";"2024";"C";"16216";"Mérignac";"MERIGNAC";7.7;4;0;0;0;0;3.7;0;0;0;0;0;0;0;0;0;0;0;0;0;0;0;0;13879;3850;0;0;0;0;10029;0;0;0;0;0;0;0;0;0;0;0;0.0820758238063214;0.106177000672495;0;0;0;0;0;0;0;0;0;0;11;11896;6066.96;5829.04;0;0;0
"6906C";"Réseau de Vaulx en Velin";"2024";"C";"69256";"Vaulx-en-Velin";"VAULX EN VELIN";71.6;45;0;1;0;0;21;0;0;0;0;4.6;0;0;0;0;0;0;0;0;0;0;0;95801;26427;0;830;0;0;65999;0;0;0;0;2128;0;0;0;0;417;0;0.0718723189116313;0.0947475732320137;0;0;0;0;0;0;0;0;0;0;153;81590;51401.7;29372.4;815.9;0;0
"5601C";"Réseau de Lanester";"2024";"C";"56098";"Lanester";"LANESTER";4.2;2.8;0;0;0;0;1.4;0;0;0;0;0;0;0;0;0;0;0;0;0;0;0;0;5164.3;1636.06;0;0;0;0;3528.24;0;0;0;0;0;0;0;0;0;0;0;0.0950527796027986;0.125576285743193;0;0;0;0;0;0;0;0;0;0;17;3904.065;3904.065;0;0;0;0
"4102C";"Zac des Paradis";"2024";"C";"41295";"Vineuil";"VINEUIL";3.4;2.2;0;0;0;0;1.2;0;0;0;0;0;0;0;0;0;0;0;0;0;0;0;0;2066.01;665.01;0;0;0;0;1401;0;0;0;0;0;0;0;0;0;0;0;0.176543706293706;0.226444405594406;0;0;0;0;0;0;0;0;0;0;115;858;849.42;0;0;0;9
"7617C";"RCU de Neufchatel-en-Bray";"2024";"C";"76462";"Neufchâtel-en-Bray";"NEUFCHATEL EN BRAY";10;7.2;0;0;0;0;2.8;0;0;0;0;0;0;0;0;0;0;0;0;0;0;0;0;12058;4278;0;0;0;0;7780;0;0;0;0;0;0;0;0;0;0;0;0.0998825722273998;0.127690525007766;0;0;0;0;0;0;0;0;0;0;30;9657;2414.25;7242.75;0;0;0
"4907C";"Réseau d'Orgemont";"2024";"C";"49007";"Angers";"ANGERS";33.5;20;0;0;0;0;0;0;0;0;0;0;0;0;0;13.5;0;0;0;0;0;0;0;50380;18630;0;0;0;0;0;0;0;0;0;0;0;0;0;31750;0;0;0.0730737762287818;0.107168666540078;27;73;0;0;0;0;0;0;0;0;60;43448.358;36931.1043;3041.38506;1737.93432;0;1738
"3410C";"Eco-Quartier Le Mas de Rochet";"2024";"C";"34057";"Castelnau-le-Lez";"CASTELNAU LE LEZ";1.7;1.3;0;0;0;0;0.4;0;0;0;0;0;0;0;0;0;0;0;0;0;0;0;0;2304;929;0;0;0;0;1375;0;0;0;0;0;0;0;0;0;0;0;0.0963381502890173;0.122681213872832;0;0;0;0;0;0;0;0;0;0;9;2076;1038;1038;0;0;0
"5306C";"Réseau de chaleur - Mayenne";"2024";"C";"53147";"Mayenne";"MAYENNE";11;7.5;0;0;0;0;3.5;0;0;0;0;0;0;0;0;0;0;0;0;0;0;0;0;9826.62;3970.62;0;0;0;0;5856;0;0;0;0;0;0;0;0;0;0;0;0.103896496266513;0.130351361286617;0;0;0;0;0;0;0;0;0;0;7;8705;0;8705;0;0;0
"5703C";"Réseau de Chaleur de Farébersviller";"2024";"C";"57207";"Farébersviller";"FAREBERSVILLER";21.4;17;0;0;0;0;4.4;0;0;0;0;0;0;0;0;0;0;0;0;0;0;0;0;20044;8352;0;0;0;0;11692;0;0;0;0;0;0;0;0;0;0;0;0.0736987582827552;0.114868256236286;35;85;0;0;0;0;0;0;0;0;18;17959;15265.15;2693.85;0;0;0
"6802C";"L'Illberg";"2024";"C";"68056";"Brunstatt-Didenheim";"BRUNSTATT DIDENHEIM";65;53;0;0;0;0;12;0;0;0;0;0;0;0;0;0;0;0;0;0;0;0;0;110029;46440;0;0;0;0;63589;0;0;0;0;0;0;0;0;0;0;0;0.0839698136037952;0.112098000689241;40;94;0;0;0;0;0;0;0;0;72;101032.1;38392.198;62639.902;0;0;0
"1411C";"RCU de Val-ès-Dunes";"2024";"C";"14020";"Argences";"ARGENCES";3;2;0;0;0;0;1;0;0;0;0;0;0;0;0;0;0;0;0;0;0;0;0;3006.6;1269.3;0;0;0;0;1737.3;0;0;0;0;0;0;0;0;0;0;0;0.101019391031422;0.127027205166132;0;0;0;0;0;0;0;0;0;0;7;2771.9;0;2771.9;0;0;0
"9412C";"Réseau de maisons-alfort";"2024";"C";"94046";"Maisons-Alfort";"MAISONS ALFORT";84.5;38.6;0;14.2;0;0;0;0;0;0;22.5;4;0;0;0;5.2;0;0;0;0;0;0;0;132499;42528;0;4026;0;0;0;0;0;0;69181;8936;0;0;0;7828;0;0;0.100923362770311;0.12184530781978;15;46;0;0;0;0;0;0;0;0;185;123654;112525.14;9892.32;1236.54;0;0
"9327C";"OPH DE DRANCY";"2024";"C";"93029";"Drancy";"DRANCY";3.2;2.3;0;0;0;0;0.9;0;0;0;0;0;0;0;0;0;0;0;0;0;0;0;0;3683.5;1660.5;0;0;0;0;2023;0;0;0;0;0;0;0;0;0;0;0;0.0999273447820344;0.122825627476882;0;0;0;0;0;0;0;0;0;0;14;3785;3406.5;378.5;0;0;0
"4902C";"RESEAU DES DEUX CROIX (NOZAY-UPJM)";"2024";"C";"49007";"Angers";"ANGERS";17.3;14.1;0;0;0;0;3.2;0;0;0;0;0;0;0;0;0;0;0;0;0;0;0;0;23332.84;10542.84;0;0;0;0;12790;0;0;0;0;0;0;0;0;0;0;0;0.138827050210252;0.167805591235123;2;5;0;0;0;0;0;0;0;0;16;19976;17379.12;0;2596.88;0;0
"7602C";"Zac du Mont Gaillard";"2024";"C";"76351";"Le Havre";"LE HAVRE";105;90;0;0;0;0;12;0;0;0;0;0;0;0;0;3;0;0;0;0;0;0;0;83602;42665;0;0;0;0;34198;0;0;0;0;0;0;0;0;6739;0;0;0.133005588683955;0.17156349896204;26;49;0;0;0;0;0;0;0;0;124;72110;57688;14422;0;0;0
"3711C";"CFA Joué Les Tours";"2024";"C";"37122";"Joué-lès-Tours";"JOUE LES TOURS";1.6;0.8;0;0;0;0;0.8;0;0;0;0;0;0;0;0;0;0;0;0;0;0;0;0;1393.4;674.49;0;0;0;0;718.91;0;0;0;0;0;0;0;0;0;0;0;0.119600502512563;0.144380423546303;0;0;0;0;0;0;0;0;0;0;2;1393;0;1393;0;0;0
"3704C";"Quartier Chateaubriand";"2024";"C";"37261";"Tours";"TOURS";29.7;28.7;0;1;0;0;0;0;0;0;0;0;0;0;0;0;0;0;0;0;0;0;0;27750.8;27750.8;0;0;0;0;0;0;0;0;0;0;0;0;0;0;0;0;0.209391696646537;0.265906443977803;48;100;0;0;0;0;0;0;0;0;11;23349;21014.1;2334.9;0;0;0
"9202C";"Les Fosses Jean Nord";"2024";"C";"92025";"Colombes";"COLOMBES";16.05;16.05;0;0;0;0;0;0;0;0;0;0;0;0;0;0;0;0;0;0;0;0;0;15082.2;15082.2;0;0;0;0;0;0;0;0;0;0;0;0;0;0;0;0;0.24052299936988;0.270335223692502;0;0;0;0;0;0;0;0;0;0;18;14283;10283.76;3999.24;0;0;0
"5705C";"Wenheck";"2024";"C";"57606";"Saint-Avold";"ST AVOLD";7.48;7.48;0;0;0;0;0;0;0;0;0;0;0;0;0;0;0;0;0;0;0;0;0;4613.04;4613.04;0;0;0;0;0;0;0;0;0;0;0;0;0;0;0;0;0.241499362912798;0.358685550871799;71;71;0;0;0;0;0;0;0;0;16;4010.44;3088.0388;0;0;0;922
"5004C";"Centre Hospitalier de L'estran";"2024";"C";"50410";"Pontorson";"PONTORSON";2.5;2.5;0;0;0;0;0;0;0;0;0;0;0;0;0;0;0;0;0;0;0;0;0;3240;3240;0;0;0;0;0;0;0;0;0;0;0;0;0;0;0;0;0.246;0.2764;0;0;0;0;0;0;0;0;0;0;1;3000;0;0;0;0;3000
"3425C";"Prado Concorde";"2024";"C";"34057";"Castelnau-le-Lez";"CASTELNAU LE LEZ";2.43;1.37;0;0;0;0;0;0;0;0;0;1.06;0;0;0;0;0;0;0;0;0;0;0;2415;538;0;0;0;0;0;0;0;0;0;1877;0;0;0;0;0;0;0.249010050251256;0.153638637632607;0;0;0;0;0;0;0;0;0;0;6;1791;1791;0;0;0;0
"5722C";"Polestar";"2024";"C";"57606";"Saint-Avold";"ST AVOLD";1.2;1.2;0;0;0;0;0;0;0;0;0;0;0;0;0;0;0;0;0;0;0;0;0;2363.17;2363.17;0;0;0;0;0;0;0;0;0;0;0;0;0;0;0;0;0.205217594023231;0.225185478683064;46;46;0;0;0;0;0;0;0;0;3;2200.52;0;2200.52;0;0;0
"4916C";"LES PLAINES - TRELAZE";"2024";"C";"49353";"Trélazé";"TRELAZE";1;1;0;0;0;0;0;0;0;0;0;0;0;0;0;0;0;0;0;0;0;0;0;3135.72;3135.72;0;0;0;0;0;0;0;0;0;0;0;0;0;0;0;0;0.219729268292683;0.255116551553528;9;9;0;0;0;0;0;0;0;0;4;3075;2798.25;0;0;0;277
"6813C";"Réseau de chaleur de Feldbach";"2024";"C";"68087";"Feldbach";"FELDBACH";0.4;0;0.14;0.26;0;0;0;0;0;0;0;0;0;0;0;0;0;0;0;0;0;0;0;99.82;0;66;33.82;0;0;0;0;0;0;0;0;0;0;0;0;0;0;0.320625;0.371741071428571;0;0;0;0;0;0;0;0;0;0;12;112;89.6;22.4;0;0;0
"4305C";"Réseau d'allegre";"2024";"C";"43003";"Allègre";"ALLEGRE";1.4;0;0;0;0;0;1.4;0;0;0;0;0;0;0;0;0;0;0;0;0;0;0;0;3870;0;0;0;0;0;3870;0;0;0;0;0;0;0;0;0;0;0;0;0.0284769874476987;0;0;0;0;0;0;0;0;0;0;85;2390;1625.2;764.8;0;0;0
"0306C";"Réseau - Bellenaves";"2024";"C";"03022";"Bellenaves";"BELLENAVES";1.2;0;0;0;0;0;1.2;0;0;0;0;0;0;0;0;0;0;0;0;0;0;0;0;1288.28;0;0;0;0;0;1288.28;0;0;0;0;0;0;0;0;0;0;0;0;0.018820395738204;0;0;0;0;0;0;0;0;0;0;"secret";"secret";"secret";"secret";"secret";"secret";"secret"
"5415C";"Réseau des jardinets";"2024";"C";"54013";"Amenoncourt";"AMENONCOURT";0.5;0;0;0;0;0;0;0;0;0;0;0;0;0;0;0.5;0;0;0;0;0;0;0;1580;0;0;0;0;0;0;0;0;0;0;0;0;0;0;1580;0;0;0;0.138773694390716;0;0;0;0;0;0;0;0;0;0;38;517;496.32;20.68;0;0;0
"0703C";"Chaufferie bois";"2024";"C";"07329";"Valgorge";"VALGORGE";0.2;0;0;0;0;0;0.2;0;0;0;0;0;0;0;0;0;0;0;0;0;0;0;0;589.1;0;0;0;0;0;589.1;0;0;0;0;0;0;0;0;0;0;0;0;0.0224391435789125;0;0;0;0;0;0;0;0;0;0;"secret";"secret";"secret";"secret";"secret";"secret";"secret"
"4245C";"Réseau de La Valla en Gier";"2024";"C";"42322";"La Valla-en-Gier";"LA VALLA EN GIER";0.1;0;0;0;0;0;0.1;0;0;0;0;0;0;0;0;0;0;0;0;0;0;0;0;261;0;0;0;0;0;261;0;0;0;0;0;0;0;0;0;0;0;0;0.0183;0;0;0;0;0;0;0;0;0;0;"secret";"secret";"secret";"secret";"secret";"secret";"secret"
"5005C";"Réseau communal La Lucerne d'Outremer";"2024";"C";"50281";"La Lucerne-d'Outremer";"LA LUCERNE D OUTREMER";0.1;0;0;0;0;0;0.1;0;0;0;0;0;0;0;0;0;0;0;0;0;0;0;0;36.6016;0;0;0;0;0;36.6016;0;0;0;0;0;0;0;0;0;0;0;0;0.0207660606060606;0;0;0;0;0;0;0;0;0;0;"secret";"secret";"secret";"secret";"secret";"secret";"secret"
"8817C";"Réseau de Hurbache";"2024";"C";"88245";"Hurbache";"HURBACHE";0.1;0;0;0;0;0;0.1;0;0;0;0;0;0;0;0;0;0;0;0;0;0;0;0;99.588;0;0;0;0;0;99.588;0;0;0;0;0;0;0;0;0;0;0;0;0.0183371428571429;0;0;0;0;0;0;0;0;0;0;"secret";"secret";"secret";"secret";"secret";"secret";"secret"
"0510C";"Réseau de chaleur d'Orcières";"2024";"C";"05096";"Orcières";"ORCIERES";0.09;0;0;0;0;0;0.09;0;0;0;0;0;0;0;0;0;0;0;0;0;0;0;0;223.6;0;0;0;0;0;223.6;0;0;0;0;0;0;0;0;0;0;0;0;0.024609756097561;0;0;0;0;0;0;0;0;0;0;"secret";"secret";"secret";"secret";"secret";"secret";"secret"
"0804C";"Réseau de chaleur bois de Machault";"2024";"C";"08264";"Machault";"MACHAULT";0.36;0;0;0.01;0;0;0.35;0;0;0;0;0;0;0;0;0;0;0;0;0;0;0;0;352.3777;0;0;13.3055;0;0;339.0722;0;0;0;0;0;0;0;0;0;0;0;0.0189507042253521;0.0508042723004695;0;0;0;0;0;0;0;0;0;0;13;213;50.694;162.306;0;0;0
"3901C";"Réseau de Dole";"2024";"C";"39198";"Dole";"DOLE";38.1;20.6;0;0;0;0;17.5;0;0;0;0;0;0;0;0;0;0;0;0;0;0;0;0;53432;2091;0;0;0;0;51341;0;0;0;0;0;0;0;0;0;0;0;0.0108856687197536;0.0328711102802404;1;24;0;0;0;0;0;0;0;0;100;45460;16365.6;29094.4;0;0;0
"6105C";"RECBIA";"2024";"C";"61214";"L'Aigle";"L AIGLE";21.5;12;0;0;0;0;5.5;0;0;0;0;0;0;0;0;4;0;0;0;0;0;0;0;21553.27;1244.97;0;0;0;0;20081;0;0;0;0;0;0;0;0;227.3;0;0;0.0185573853417266;0.0420381182553957;0;0;0;0;0;0;0;0;0;0;52;17792;6938.88;10853.12;0;0;0
"5011C";"Réseau de Saint germain sur ay";"2024";"C";"50481";"Saint-Germain-sur-Ay";"ST GERMAIN SUR AY";0.35;0;0;0;0;0.13;0.09;0;0;0;0;0;0.13;0;0;0;0;0;0;0;0;0;0;138;0;0;0;0;12;126;0;0;0;0;0;0;0;0;0;0;0;0.0217016129032258;0.0452854838709677;0;0;0;0;0;0;0;0;0;0;"secret";"secret";"secret";"secret";"secret";"secret";"secret"
"5213C";"RESEAU DE FAYL BILLOT";"2024";"C";"52197";"Fayl-Billot";"FAYL BILLOT";1.85;1.15;0;0;0;0;0.7;0;0;0;0;0;0;0;0;0;0;0;0;0;0;0;0;1607.72;140.13;0;0;0;0;1467.59;0;0;0;0;0;0;0;0;0;0;0;0.0240531273549359;0.0473522230595328;0;0;0;0;0;0;0;0;0;0;2;1327;0;0;0;0;1327
"4101C";"Quartier Bégon et Chevalier";"2024";"C";"41018";"Blois";"BLOIS";39.5;27.7;0;0;0;0;4.8;0;7;0;0;0;0;0;0;0;0;0;0;0;0;0;0;48491;4253;0;0;0;0;8517;0;35721;0;0;0;0;0;0;0;0;0;0.0224117035290855;0.031899137950958;0;0;0;0;0;0;0;0;0;0;96;43269;28124.85;15144.15;0;0;0
"5008C";"Réseau de Hambye";"2024";"C";"50228";"Hambye";"HAMBYE";0.21;0;0;0;0;0.08;0.05;0;0;0;0;0;0.08;0;0;0;0;0;0;0;0;0;0;181;0;0;0;0;19;162;0;0;0;0;0;0;0;0;0;0;0;0.0268333333333333;0.0510604938271605;0;0;0;0;0;0;0;0;0;0;"secret";"secret";"secret";"secret";"secret";"secret";"secret"
"5013C";"Coutances";"2024";"C";"50147";"Coutances";"COUTANCES";2.45;1.8;0;0;0;0;0.65;0;0;0;0;0;0;0;0;0;0;0;0;0;0;0;0;2092;225;0;0;0;0;1867;0;0;0;0;0;0;0;0;0;0;0;0.0241254019292605;0.0460135048231511;0;0;0;0;0;0;0;0;0;0;6;1866;1119.6;746.4;0;0;0
"3902C";"La Marjorie";"2024";"C";"39300";"Lons-le-Saunier";"LONS LE SAUNIER";47;36;0;0;0;0;5;0;6;0;0;0;0;0;0;0;0;0;0;0;0;0;0;41003;5178;0;0;0;0;12321;0;23504;0;0;0;0;0;0;0;0;0;0.035514034066094;0.0491979123598777;0;0;0;0;0;0;0;0;0;0;88;34345;17172.5;17172.5;0;0;0
"2403C";"chaufferie bois de Cadouin";"2024";"C";"24068";"Le Buisson-de-Cadouin";"LE BUISSON DE CADOUIN";1.25;0;0;0.55;0;0;0.7;0;0;0;0;0;0;0;0;0;0;0;0;0;0;0;0;1287.78;0;0;179.78;0;0;1108;0;0;0;0;0;0;0;0;0;0;0;0.0797368421052632;0.132431286549708;0;0;0;0;0;0;0;0;0;0;8;684;0;684;0;0;0
"5417C";"L'ENERGIE LUNEVILLE";"2024";"C";"54329";"Lunéville";"LUNEVILLE";21.6;12.4;0;0;0;0;9.2;0;0;0;0;0;0;0;0;0;0;0;0;0;0;0;0;15818;2225;0;0;0;0;13593;0;0;0;0;0;0;0;0;0;0;0;0.040730708602312;0.0672961492268428;0;0;0;0;0;0;0;0;0;0;48;13322;1865.08;8526.08;0;0;2931
"5204C";"Réseau de chaleur du sud de la ville de Chaumont";"2024";"C";"18060";"Chaumont";"CHAUMONT";43.59;29.3;0;0;0;0;2.8;0;10;0;0;0;0;0;0;1.49;0;0;0;0;0;0;0;62385.75;9861.75;0;0;0;0;13525;0;38999;0;0;0;0;0;0;0;0;0;0.04285172644029;0.0550461560473102;0;0;0;0;0;0;0;0;0;0;112;52420;23589;28831;0;0;0
"6308C";"Croix-de-Neyrat / Champratel / Les Vergnes";"2024";"C";"63113";"Clermont-Ferrand";"CLERMONT FERRAND";43;30;0;0;0;0;12;0;0;0;0;0;0;0;1;0;0;0;0;0;0;0;0;71682.37;11608.11;0;0;0;0;58601.26;0;0;0;0;0;0;0;1473;0;0;0;0.040668607244482;0.0626580989002538;0;0;0;0;0;0;0;0;0;0;114;56583;27952.002;13749.669;7525.539;0;7356
"7727C";"Champs sur Marne";"2024";"C";"77083";"Champs-sur-Marne";"CHAMPS SUR MARNE";40.5;19.5;0;0;0;0;0;0;0;0;12;9;0;0;0;0;0;0;0;0;0;0;0;79017;11711;0;0;0;0;0;0;0;0;64811;2495;0;0;0;0;0;0;0.0432905478421449;0.0566955297175296;0;0;0;0;0;0;0;0;0;0;100;73105;0;0;0;0;73105
"7726C";"RCU Lizy-sur-Ourcq";"2024";"C";"77257";"Lizy-sur-Ourcq";"LIZY SUR OURCQ";3.5;2.5;0;0;0;0;1;0;0;0;0;0;0;0;0;0;0;0;0;0;0;0;0;2716.96;643;0;0;0;0;2073.96;0;0;0;0;0;0;0;0;0;0;0;0.0503181818181818;0.0718387559808613;0;0;0;0;0;0;0;0;0;0;7;2717;2390.96;326.04;0;0;0
"4401C";"Réseau de Nantes";"2024";"C";"44109";"Nantes";"NANTES";228;160;0;0;0;0;38;0;0;0;0;0;0;0;30;0;0;0;0;0;0;0;0;317947;75390;0;0;0;0;65080;0;0;0;0;0;0;0;177477;0;0;0;0.0503523517082294;0.0709756645621099;13;54;0;0;0;0;0;0;0;0;476;265743;114269.49;151473.51;0;0;0
"8502C";"Réseau les Herbiers";"2024";"C";"85109";"Les Herbiers";"LES HERBIERS";1.8;0.8;0;0;0;0;1;0;0;0;0;0;0;0;0;0;0;0;0;0;0;0;0;2534.6951;604.0251;0;0;0;0;1930.67;0;0;0;0;0;0;0;0;0;0;0;0.0777808842983617;0.110578006738804;0;0;0;0;0;0;0;0;0;0;10;1768.86;176.886;0;0;0;1592
"1001C";"Zup de la Chapelle Saint-Luc";"2024";"C";"10265";"Les Noës-près-Troyes";"LES NOES PRES TROYES";34.83;25.83;0;0;0;0;0;0;9;0;0;0;0;0;0;0;0;0;0;0;0;0;0;32149;8312;0;0;0;0;0;0;23837;0;0;0;0;0;0;0;0;0;0.0501007263513513;0.0638710006568486;2;8;0;0;0;0;0;0;0;0;19;29600;26048;3552;0;0;0
"3605C";"Réseau de chaleur d'Issoudun";"2024";"C";"36088";"Issoudun";"ISSOUDUN";8.3;5.65;0;0;0;0;2.65;0;0;0;0;0;0;0;0;0;0;0;0;0;0;0;0;6705;1783.6;0;0;0;0;4921.4;0;0;0;0;0;0;0;0;0;0;0;0.0578521692961165;0.0812638197815534;0;0;0;0;0;0;0;0;0;0;9;6592;0;0;0;0;6592
"8807C";"Chauffage urbain Fraize";"2024";"C";"88181";"Fraize";"FRAIZE";0.98;0.48;0;0;0;0;0.5;0;0;0;0;0;0;0;0;0;0;0;0;0;0;0;0;1852.91;494.91;0;0;0;0;1358;0;0;0;0;0;0;0;0;0;0;0;0.0882077464788732;0.120116040688576;0;0;0;0;0;0;0;0;0;0;13;1278;0;1278;0;0;0
"5709C";"Carrière";"2024";"C";"57606";"Saint-Avold";"ST AVOLD";1.58;1.25;0;0;0;0;0.33;0;0;0;0;0;0;0;0;0;0;0;0;0;0;0;0;1392.4;374.95;0;0;0;0;1017.45;0;0;0;0;0;0;0;0;0;0;0;0.0845478947741839;0.111042427730172;0;0;0;0;0;0;0;0;0;0;8;1268.51;773.7911;0;0;0;495
"7301C";"Bissy et Croix Rouge";"2024";"C";"73065";"Chambéry";"CHAMBERY";204;159;0;0;0;0;23;0;22;0;0;0;0;0;0;0;0;0;0;0;0;0;0;229859;70526;0;0;0;0;51544;0;107789;0;0;0;0;0;0;0;0;0;0.0882523663916181;0.10669572890987;4;14;0;0;0;0;0;0;0;0;859;177908;86285.38;64224.788;27397.832;0;0
"1002C";"Les Chartreux";"2024";"C";"10387";"Troyes";"TROYES";40;32;0;0;0;0;0;0;0;0;0;0;0;0;8;0;0;0;0;0;0;0;0;47600;13699;0;0;0;0;0;0;0;0;0;0;0;0;33901;0;0;0;0.0674056928370347;0.0786394745073506;0;0;0;0;0;0;0;0;0;0;52;41561;26183.43;13299.52;2078.05;0;0
"1410C";"RCU de Vire";"2024";"C";"71584";"Viré";"VIRE";8.8;6.4;0;0;0;0;2.4;0;0;0;0;0;0;0;0;0;0;0;0;0;0;0;0;7368.8;2294.9;0;0;0;0;5073.9;0;0;0;0;0;0;0;0;0;0;0;0.0828396305144652;0.110950577627962;0;0;0;0;0;0;0;0;0;0;12;6111.2;3465.0504;2646.1496;0;0;0
"3710C";"Résidence Febvotte 1 et 2";"2024";"C";"37261";"Tours";"TOURS";3.5;3.5;0;0;0;0;0;0;0;0;0;0;0;0;0;0;0;0;0;0;0;0;0;2383.42;2383.42;0;0;0;0;0;0;0;0;0;0;0;0;0;0;0;0;0.227702266051196;0.256138606798154;0;0;0;0;0;0;0;0;0;0;2;2383;2383;0;0;0;0
"3701C";"RCU JOUE LES TOURS";"2024";"C";"37122";"Joué-lès-Tours";"JOUE LES TOURS";59.81;47.01;0;1;0;0;9.5;0;0;0;0;2.3;0;0;0;0;0;0;0;0;0;0;0;73586.95;23406.84;0;113.41;0;0;47287.7;0;0;0;0;2779;0;0;0;0;0;0;0.0865126388137589;0.11042766889857;1;3;0;0;0;0;0;0;0;0;77;62854;53425.9;8799.56;0;0;629
"7002C";"Réseau de Saulnot";"2024";"C";"70477";"Saulnot";"SAULNOT";1.39;0;0;0.2;0;0;1.19;0;0;0;0;0;0;0;0;0;0;0;0;0;0;0;0;381.9781;0;0;149.7781;0;0;232.2;0;0;0;0;0;0;0;0;0;0;0;0.165230181818182;0.215039854545455;0;0;0;0;0;0;0;0;0;0;24;275;159.5;115.5;0;0;0
"8611C";"Réseau de Chaleur Parc du FUTUROSCOPE";"2024";"C";"86062";"Chasseneuil-du-Poitou";"CHASSENEUIL DU POITOU";5.05;1.8;0;0;0;0;2.55;0;0;0;0;0.7;0;0;0;0;0;0;0;0;0;0;0;13112;5055;0;0;0;0;2704;0;0;0;0;5353;0;0;0;0;0;0;0.160465070164735;0.13502708331489;18;0;0;0;0;0;0;0;0;0;5;13112;0;1311.2;11800.8;0;0
"1412C";"Réseau de chaleur - chaufferie bois";"2024";"C";"14076";"Blainville-sur-Orne";"BLAINVILLE SUR ORNE";1.1;0.78;0;0;0;0;0.32;0;0;0;0;0;0;0;0;0;0;0;0;0;0;0;0;1246.76;512.406;0;0;0;0;734.354;0;0;0;0;0;0;0;0;0;0;0;0.110462521294719;0.136823092939618;0;0;0;0;0;0;0;0;0;0;7;1056.6;1056.6;0;0;0;0
"1201C";"Réseau de Decazeville";"2024";"C";"12089";"Decazeville";"DECAZEVILLE";11.74;4.86;0;0;0;0;2.88;0;0;0;0;0;0;0;0;4;0;0;0;0;0;0;0;8933;4104;0;0;0;0;4700;0;0;0;0;0;0;0;0;129;0;0;0.130672674677348;0.160209212283044;0;0;0;0;0;0;0;0;0;0;8;6741;3977.19;2763.81;0;0;0
"3708C";"Réseau de chauffage urbain de la Riche - Quartier";"2024";"C";"37195";"La Riche";"LA RICHE";3.5;3.5;0;0;0;0;0;0;0;0;0;0;0;0;0;0;0;0;0;0;0;0;0;5091.75;5091.75;0;0;0;0;0;0;0;0;0;0;0;0;0;0;0;0;0.237985797918473;0.267525737207285;0;0;0;0;0;0;0;0;0;0;17;4612;4058.56;0;276.72;0;277
"3102C";"Éco-quartier Balma Vidailhan";"2024";"C";"31044";"Balma";"BALMA";5.62;4.5;0;0;0;0;1.12;0;0;0;0;0;0;0;0;0;0;0;0;0;0;0;0;9840;4900;0;0;0;0;4804;0;0;0;0;0;136;0;0;0;0;0;0.153280820872749;0.185093637473299;0;0;0;0;0;0;0;0;0;0;34;6554;6095.22;458.78;0;0;0
"9234C";"Réseau du Fort d'Issy";"2024";"C";"92040";"Issy-les-Moulineaux";"ISSY LES MOULINEAUX";10.4;4.02;0;0;0;0;0;0;0;0;2.33;4.05;0;0;0;0;0;0;0;0;0;0;0;15995;6234;0;0;0;0;0;0;0;0;2475;7286;0;0;0;0;0;0;0.23661478284327;0.189406546173905;0;0;0;0;0;0;0;0;0;0;19;11121;7562.28;3558.72;0;0;0
"2502C";"Réseau de Montbéliard";"2024";"C";"25388";"Montbéliard";"MONTBELIARD";45;20;0;10;0;0;0;0;10;0;0;0;0;0;0;5;0;0;0;0;0;0;0;53143;20448;0;38;0;0;0;0;15601;0;0;0;0;0;0;17056;0;0;0.181230369745661;0.204703919392783;0;0;0;0;0;0;0;0;0;0;59;45058;30639.44;14418.56;0;0;0
"3505C";"Campus Scientifique de Beaulieu";"2024";"C";"35238";"Rennes";"RENNES";52.5;52.5;0;0;0;0;0;0;0;0;0;0;0;0;0;0;0;0;0;0;0;0;0;21275;21275;0;0;0;0;0;0;0;0;0;0;0;0;0;0;0;0;0.204410483015379;0.236738141479511;70;70;0;0;0;0;0;0;0;0;41;20548;0;20548;0;0;0
"9226C";"Résidence Villeneuve";"2024";"C";"92078";"Villeneuve-la-Garenne";"VILLENEUVE LA GARENNE";26.8;26.8;0;0;0;0;0;0;0;0;0;0;0;0;0;0;0;0;0;0;0;0;0;3966;3966;0;0;0;0;0;0;0;0;0;0;0;0;0;0;0;0;0.291603813559322;0.326897881355932;0;0;0;0;0;0;0;0;0;0;22;3540;3186;354;0;0;0
"9522C";"Réseau de Garges-les-Gonesse";"2024";"C";"95268";"Garges-lès-Gonesse";"GARGES LES GONESSE";10.5;10.5;0;0;0;0;0;0;0;0;0;0;0;0;0;0;0;0;0;0;0;0;0;24560.53;24560.53;0;0;0;0;0;0;0;0;0;0;0;0;0;0;0;0;0.272114864595002;0.305317435429588;0;0;0;0;0;0;0;0;0;0;25;20558.75407;20009.835336331;548.918733669;0;0;0
"2910C";"RESEAU CMBO";"2024";"C";"29232";"Quimper";"QUIMPER";4.8;4.8;0;0;0;0;0;0;0;0;0;0;0;0;0;0;0;0;0;0;0;0;0;2909;2909;0;0;0;0;0;0;0;0;0;0;0;0;0;0;0;0;0;0.177973225945831;34;34;0;0;0;0;0;0;0;0;4;2727;0;0;0;0;2727
"9429C";"Maison Alfort";"2024";"C";"94002";"Alfortville";"ALFORTVILLE";4.5;4.5;0;0;0;0;0;0;0;0;0;0;0;0;0;0;0;0;0;0;0;0;0;9250;9250;0;0;0;0;0;0;0;0;0;0;0;0;0;0;0;0;0.214540487592512;0.241564344797562;0;0;0;0;0;0;0;0;0;0;4;9188;7350.4;1837.6;0;0;0
"8305C";"Chaudière bois";"2024";"C";"83042";"Cogolin";"COGOLIN";73.2;0;0;0;0;0;73.2;0;0;0;0;0;0;0;0;0;0;0;0;0;0;0;0;62.952;0;0;0;0;0;62.952;0;0;0;0;0;0;0;0;0;0;0;0;0.0170356164383562;0;0;0;0;0;0;0;0;0;0;"secret";"secret";"secret";"secret";"secret";"secret";"secret"
"6714C";"Réseau MARS";"2024";"C";"67180";"Haguenau";"HAGUENAU";8;0;0;0;0;0;0;8;0;0;0;0;0;0;0;0;0;0;0;0;0;0;0;42589.78;0;0;0;0;0;0;42589.78;0;0;0;0;0;0;0;0;0;0;0;0.004;0;0;0;0;0;0;0;0;0;0;2;41501;0;0;41501;0;0
"0606F";"MSE Réseau froid";"2024";"F";"06088";"Nice";"NICE";12;0;0;0;0;0;0;0;0;0;0;0;0;0;0;0;0;0;0;0;0;12;0;1703;0;0;0;0;0;0;0;0;0;0;0;0;0;0;0;0;0;0.0102860186418109;0.0204576298268975;0;0;0;0;0;0;0;0;0;0;5;1502;0;1502;0;0;0
"0608F";"BET CAP AZUR froid";"2024";"F";"33359";"Roquebrune";"ROQUEBRUNE";0.66;0;0;0;0;0;0;0;0;0;0;0;0;0;0;0;0;0;0.2;0;0;0.46;0;536;0;0;0;0;0;0;0;0;0;0;0;0;0;0;0;0;0;0.013;0.025;0;0;0;0;0;0;0;0;0;0;2;262;0;262;0;0;0
"3102F";"Réseau de Toulouse Mirail";"2024";"F";"31555";"Toulouse";"TOULOUSE";2.345;0;0;0;0;0;0;0;0;0;0;0;0;0;0;0;0;0;0;0;2.345;0;0;961.3;0;0;0;0;0;0;0;0;0;0;0;0;0;0;0;0;0;0;0.0245983798484691;0;0;0;0;0;0;0;0;0;0;"secret";"secret";"secret";"secret";"secret";"secret";"secret"
"3112F";"Toulouse energie durable (TED) froid";"2024";"F";"31555";"Toulouse";"TOULOUSE";1.56;0;0;0;0;0;0;0;0;0;0;0;0;0;0;0;0;0;0;1.56;0;0;0;613;0;0;0;0;0;0;0;0;0;0;0;0;0;0;0;0;0;0.0333442088091354;0.0573507340946166;0;0;0;0;0;0;0;0;0;0;5;613;0;613;0;0;0
"3301F";"LASERIS";"2024";"F";"33029";"Le Barp";"LE BARP";6.9;0;0;0;0;0;0;0;0;0;0;0;0;0;0;0;0;0;0;6;0;0.9;0;12381;0;0;0;0;0;0;0;0;0;0;0;0;0;0;0;0;0;0.0166468236339405;0.0306349178143048;0;0;0;0;0;0;0;0;0;0;11;11255;0;0;11255;0;0
"3302F";"BASSINS A FLOT - Froid";"2024";"F";"33063";"Bordeaux";"BORDEAUX";10;0;0;0;0;0;0;0;0;0;0;0;0;0;0;0;0;0;0;0;0;10;0;5185;0;0;0;0;0;0;0;0;0;0;0;0;0;0;0;0;0;0.0116297010607522;0.0226075216972035;0;0;0;0;0;0;0;0;0;0;29;5185;0;5185;0;0;0
"3401F";"Polygone Antigone";"2024";"F";"34172";"Montpellier";"MONTPELLIER";20.8;0;0;0;0;0;0;0;0;0;0;0;0;0;0;0;0;0;0;19.4;1.4;0;0;17570;0;0;0;0;0;0;0;0;0;0;0;0;0;0;0;0;0;0.0836082446630529;0.102466787124406;0;0;0;0;0;0;0;0;0;0;57;14943;14943;0;0;0;0
"3411F";"MUSE";"2024";"F";"34172";"Montpellier";"MONTPELLIER";15.78;0;0;0;0;0;0;0;0;0;0;0;0;0;0;0;0;0;0;15.78;0;0;0;14025;0;0;0;0;0;0;0;0;0;0;0;0;0;0;0;0;0;0.0157490196078431;0.029198431372549;0;0;0;0;0;0;0;0;0;0;6;14025;0;701.25;13323.75;0;0
"3412F";"BET BOIRARGUES froid";"2024";"F";"34129";"Lattes";"LATTES";4;0;0;0;0;0;0;0;0;0;0;0;0;0;0;0;0;0;0;0;0;4;0;29;0;0;0;0;0;0;0;0;0;0;0;0;0;0;0;0;0;0.00827586206896552;0.0172413793103448;0;0;0;0;0;0;0;0;0;0;"secret";"secret";"secret";"secret";"secret";"secret";"secret"
"3414F";"BET EUREKA froid";"2024";"F";"34057";"Castelnau-le-Lez";"CASTELNAU LE LEZ";1.7;0;0;0;0;0;0;0;0;0;0;0;0;0;0;0;0;0;0;0;0;1.7;0;1837;0;0;0;0;0;0;0;0;0;0;0;0;0;0;0;0;0;0.0135114503816794;0.025618320610687;0;0;0;0;0;0;0;0;0;0;11;1048;104.8;943.2;0;0;0
"3427F";"NOUVEAU SAINT ROCH";"2024";"F";"34172";"Montpellier";"MONTPELLIER";0.8;0;0;0;0;0;0;0;0;0;0;0;0;0;0;0;0;0;0;0.8;0;0;0;1104;0;0;0;0;0;0;0;0;0;0;0;0;0;0;0;0;0;0.0105072463768116;0.0208115942028986;0;0;0;0;0;0;0;0;0;0;8;1104;0;1104;0;0;0
"4213F";"Réseaux de Froid VIACONFORT";"2024";"F";"42218";"Saint-Étienne";"ST ETIENNE";5;0;0;0;0;0;0;0;0;0;0;0;0;0;0;0;0;0;0;5;0;0;0;2263;0;0;0;0;0;0;0;0;0;0;0;0;0;0;0;0;0;0.024198250728863;0.0427172011661808;0;0;0;0;0;0;0;0;0;0;9;2058;0;2058;0;0;0
"5714F";"Réseau  Zac Amphithéâtre";"2024";"F";"57463";"Metz";"METZ";6.5;0;0;0;0;0;0;0;0;0;0;0;0;0;0;0;0;0;0;6.5;0;0;0;6623.11;0;0;0;0;0;0;0;0;0;0;0;0;0;0;0;0;0;0.00812641497608394;0.0170022639617343;0;0;0;0;0;0;0;0;0;0;21;6541.63;0;6541.63;0;0;0
"7477F";"Annecy - ZAC des Trésums";"2024";"F";"74010";"Annecy";"ANNECY";2.79;0;0;0;0;0;0;0;0;0;0;0;0;0;0;0;0;0;0;0;0;2.09;0.7;2285.14;0;0;0;0;0;0;0;0;0;0;0;0;0;0;0;0;0;0.0526677248677249;0.0882683597883598;0;0;0;0;0;0;0;0;0;0;2;378;378;0;0;0;0
"7619F";"ZAC Luciline froid";"2024";"F";"76540";"Rouen";"ROUEN";0.72;0;0;0;0;0;0;0;0;0;0;0;0;0;0;0;0;0;0;0;0;0.72;0;1590;0;0;0;0;0;0;0;0;0;0;0;0;0;0;0;0;0;0.248888888888889;0.402222222222222;0;0;0;0;0;0;0;0;0;0;3;54;0;0;0;0;0
"8307F";"BET reseau thalasso thermie la SEYNE";"2024";"F";"04205";"Seyne";"SEYNE";4.86;0;0;0;0;0;0;0;0;0;0;0;0;0;0;0;0;0;0;0;0;4.86;0;1795;0;0;0;0;0;0;0;0;0;0;0;0;0;0;0;0;0;0.0148978619153675;0.027836579064588;0;0;0;0;0;0;0;0;0;0;"secret";"secret";"secret";"secret";"secret";"secret";"secret"
"9101F";"BET Paris Saclay";"2024";"F";"91534";"Saclay";"SACLAY";37.47;0;0;0;0;0;0;0;0;0;0;0;0;0;0;0;0;0;23.2;0;0;14.27;0;21625;0;0;0;0;0;0;0;0;0;0;0;0;0;0;0;0;0;0.031;0.0538951184449028;0;0;0;0;0;0;0;0;0;0;24;15999;0;15999;0;0;0
"9127F";"Réseau froid de l'école polytechnique";"2024";"F";"91477";"Palaiseau";"PALAISEAU";4.39;0;0;0;0;0;0;0;0;0;0;0;0;0;0;0;0;0;0;4.39;0;0;0;7844;0;0;0;0;0;0;0;0;0;0;0;0;0;0;0;0;0;0.00527281998980112;0.0211422743498215;0;0;0;0;0;0;0;0;0;0;16;7844;0;0;0;0;7844
"9219F";"Réseau froid Seguin Rives de Seine";"2024";"F";"92012";"Boulogne-Billancourt";"BOULOGNE BILLANCOURT";30;0;0;0;0;0;0;0;0;0;0;0;0;0;0;0;0;0;0;7;0;23;0;10841;0;0;0;0;0;0;0;0;0;0;0;0;0;0;0;0;0;0.063787714987715;0.0237063390663391;0;0;0;0;0;0;0;0;0;0;20;10175;0;8648.75;1526.25;0;0
"9225F";"Réseau de La Défense";"2024";"F";"92026";"Courbevoie";"COURBEVOIE";105;0;0;0;0;0;0;0;0;0;0;0;0;0;0;0;0;0;0;97;0;8;0;70476;0;0;0;0;0;0;0;0;0;0;0;0;0;0;0;0;0;0.0129646746011649;0.0279382122056217;0;0;0;0;0;0;0;0;0;0;131;63184;0;63184;0;0;0
"9231F";"Réseau Suc - Société Urbaine de Climatisation";"2024";"F";"92026";"Courbevoie";"COURBEVOIE";88.5;0;0;0;0;0;0;0;0;0;0;0;0;0;0;0;0;0;0;88.5;0;0;0;47066;0;0;0;0;0;0;0;0;0;0;0;0;0;0;0;0;0;0.00231249734415502;0.0189210045468066;0;0;0;0;0;0;0;0;0;0;45;68989;0;68989;0;0;0
"9234F";"Cristalia";"2024";"F";"92044";"Levallois-Perret";"LEVALLOIS PERRET";13;0;0;0;0;0;0;0;0;0;0;0;0;0;0;0;0;0;0;13;0;0;0;8535;0;0;0;0;0;0;0;0;0;0;0;0;0;0;0;0;0;0.0162064378824155;0.0271636073423783;0;0;0;0;0;0;0;0;0;0;39;7518;0;7518;0;0;0
"9235F";"Réseau de froid de Suresnes - ICEIS";"2024";"F";"92073";"Suresnes";"SURESNES";14.99;0;0;0;0;0;0;0;0;0;0;0;0;0;0;0;0;0;0;14.99;0;0;0;6978;0;0;0;0;0;0;0;0;0;0;0;0;0;0;0;0;0;0.000131842934938378;0.0319369446832903;0;0;0;0;0;0;0;0;0;0;11;6978;0;6978;0;0;0
"9240F";"Réseau SEINERGIE Froid";"2024";"F";"92026";"Courbevoie";"COURBEVOIE";0;0;0;0;0;0;0;0;0;0;0;0;0;0;0;0;0;0;0;0;0;0;0;15501;0;0;0;0;0;0;0;0;0;0;0;0;0;0;0;0;0;0.009;0.0229210045468066;0;0;0;0;0;0;0;0;0;0;19;15501;0;15501;0;0;0
"9242F";"Réseau ENEBIO Froid";"2024";"F";"92062";"Puteaux";"PUTEAUX";0;0;0;0;0;0;0;0;0;0;0;0;0;0;0;0;0;0;0;0;0;0;0;6422;0;0;0;0;0;0;0;0;0;0;0;0;0;0;0;0;0;0.009;0.0229210045468066;0;0;0;0;0;0;0;0;0;0;13;6422;0;6422;0;0;0
"9245F";"RFU du quartier Issy Cœur de Ville";"2024";"F";"92040";"Issy-les-Moulineaux";"ISSY LES MOULINEAUX";4.44;0;0;0;0;0;0;0;0;0;0;0;0;0;0;0;0;0;0;0;0;4.44;0;5157.5;0;0;0;0;0;0;0;0;0;0;0;0;0;0;0;0;0;0.0347715053763441;0.0573978494623656;0;0;0;0;0;0;0;0;0;0;18;2976;2976;0;0;0;0
"9310F";"Réseau froid ADP Le Bourget";"2024";"F";"93013";"Le Bourget";"LE BOURGET";0.69;0;0;0;0;0;0;0;0;0;0;0;0;0;0;0;0;0;0;0.52;0;0.17;0;576;0;0;0;0;0;0;0;0;0;0;0;0;0;0;0;0;0;0.29023746701847;0.0382796833773087;0;0;0;0;0;0;0;0;0;0;5;379;0;379;0;0;0
"9322F";"Stade Energies SAS";"2024";"F";"11339";"Saint-Denis";"ST DENIS";35;0;0;0;0;0;0;0;0;0;0;0;0;0;0;0;0;0;0;35;0;0;0;14505;0;0;0;0;0;0;0;0;0;0;0;0;0;0;0;0;0;0.0154691348809435;0.0166643278345898;0;0;0;0;0;0;0;0;0;0;22;13397;0;13397;0;0;0
"9510F";"Réseau froid ADP Roissy";"2024";"F";"95527";"Roissy-en-France";"ROISSY EN FRANCE";79;0;0;0;0;0;0;0;0;0;0;0;0;0;0;0;0;0;0;75;0;4;0;113259;0;0;0;0;0;0;0;0;0;0;0;0;0;0;0;0;0;0.0000865153644509563;0.0191367600594046;0;0;0;0;0;0;0;0;0;0;115;100329;0;80263.2;20065.8;0;0
